<doc:document xmlns:doc="http://www.elsevier.com/xml/document/schema" xmlns:dp="http://www.elsevier.com/xml/common/doc-properties/schema" xmlns:cps="http://www.elsevier.com/xml/common/consyn-properties/schema" xmlns:rdf="http://www.w3.org/1999/02/22-rdf-syntax-ns#" xmlns:dct="http://purl.org/dc/terms/" xmlns:prism="http://prismstandard.org/namespaces/basic/2.0/" xmlns:oa="http://vtw.elsevier.com/data/ns/properties/OpenAccess-1/" xmlns:bam="http://vtw.elsevier.com/data/voc/ns/bam-vtw-1/" xmlns:cp="http://vtw.elsevier.com/data/ns/properties/Copyright-1/" xmlns:cja="http://www.elsevier.com/xml/cja/schema" xmlns:ja="http://www.elsevier.com/xml/ja/schema" xmlns:bk="http://www.elsevier.com/xml/bk/schema" xmlns:ce="http://www.elsevier.com/xml/common/schema" xmlns:mml="http://www.w3.org/1998/Math/MathML" xmlns:cals="http://www.elsevier.com/xml/common/cals/schema" xmlns:tb="http://www.elsevier.com/xml/common/table/schema" xmlns:sa="http://www.elsevier.com/xml/common/struct-aff/schema" xmlns:sb="http://www.elsevier.com/xml/common/struct-bib/schema" xmlns:xlink="http://www.w3.org/1999/xlink"><rdf:RDF><rdf:Description rdf:about="http://dx.doi.org/10.1016/j.dib.2021.107754"><dct:format>application/xml</dct:format><dct:title>Dataset of above and below ground traits assessed in Durum wheat cultivars grown under Mediterranean environments differing in water and temperature conditions</dct:title><dct:creator>Fatima Zahra Rezzouk</dct:creator><dct:creator>Adrian Gracia-Romero</dct:creator><dct:creator>Shawn C. Kefauver</dct:creator><dct:creator>Maria Teresa Nieto-Taladriz</dct:creator><dct:creator>Maria Dolores Serret</dct:creator><dct:creator>Jos&#233; Luis Araus</dct:creator><dct:subject><rdf:Bag><rdf:li>Stable isotopes</rdf:li><rdf:li>Root traits</rdf:li><rdf:li>Leaf pigments</rdf:li><rdf:li>Canopy temperature</rdf:li></rdf:Bag></dct:subject><dct:description>Data in Brief 40 (2022). doi:10.1016/j.dib.2021.107754</dct:description><prism:aggregationType>journal</prism:aggregationType><prism:publicationName>Data in Brief</prism:publicationName><prism:copyright>&#169; 2022 The Authors. Published by Elsevier Inc.</prism:copyright><dct:publisher>Elsevier Inc.</dct:publisher><prism:issn>2352-3409</prism:issn><prism:volume>40</prism:volume><prism:coverDisplayDate>February 2022</prism:coverDisplayDate><prism:doi>10.1016/j.dib.2021.107754</prism:doi><prism:url>http://dx.doi.org/10.1016/j.dib.2021.107754</prism:url><dct:identifier>doi:10.1016/j.dib.2021.107754</dct:identifier><bam:articleNumber>107754</bam:articleNumber><oa:openAccessInformation><oa:openAccessStatus xmlns:xsi="http://www.w3.org/2001/XMLSchema-instance">http://vtw.elsevier.com/data/voc/oa/OpenAccessStatus#Full</oa:openAccessStatus><oa:openAccessEffective xmlns:xsi="http://www.w3.org/2001/XMLSchema-instance">2021-12-22T17:15:25Z</oa:openAccessEffective><oa:sponsor xmlns:xsi="http://www.w3.org/2001/XMLSchema-instance"><oa:sponsorName>Spain: LE Tracking</oa:sponsorName><oa:sponsorType>http://vtw.elsevier.com/data/voc/oa/SponsorType#ElsevierWaived</oa:sponsorType></oa:sponsor><oa:userLicense xmlns:xsi="http://www.w3.org/2001/XMLSchema-instance">http://creativecommons.org/licenses/by-nc-nd/4.0/</oa:userLicense></oa:openAccessInformation><cp:licenseLine xmlns:xsi="http://www.w3.org/2001/XMLSchema-instance">This is an open access article under the CC BY-NC-ND license.</cp:licenseLine></rdf:Description></rdf:RDF><dp:document-properties><dp:aggregation-type>Journals</dp:aggregation-type><dp:version-number>S300.1</dp:version-number></dp:document-properties><ja:article docsubtype="dat" version="5.6" xml:lang="en"><ja:item-info><ja:jid>DIB</ja:jid><ja:aid>107754</ja:aid><ce:article-number>107754</ce:article-number><ce:pii>S2352-3409(21)01029-5</ce:pii><ce:doi>10.1016/j.dib.2021.107754</ce:doi><ce:copyright type="unknown" year="2021"/></ja:item-info><ja:head><ce:dochead id="dchd0001"><ce:textfn id="dhtxt0001">Data Article</ce:textfn></ce:dochead><ce:title id="tte0002">Dataset of above and below ground traits assessed in Durum wheat cultivars grown under Mediterranean environments differing in water and temperature conditions</ce:title><ce:author-group id="aut0001"><ce:author id="au0001" author-id="S2352340921010295-d2a4483e0d41a27b2f7ea62746933d9c" orcid="0000-0002-1850-718X"><ce:given-name>Fatima Zahra</ce:given-name><ce:surname>Rezzouk</ce:surname><ce:cross-ref refid="aff0001"><ce:sup loc="post">a</ce:sup></ce:cross-ref><ce:cross-ref refid="aff0002"><ce:sup loc="post">b</ce:sup></ce:cross-ref></ce:author><ce:author id="au0002" author-id="S2352340921010295-2379414fb359c24b704c4a2d4cec865f"><ce:given-name>Adrian</ce:given-name><ce:surname>Gracia-Romero</ce:surname><ce:cross-ref refid="aff0001"><ce:sup loc="post">a</ce:sup></ce:cross-ref><ce:cross-ref refid="aff0002"><ce:sup loc="post">b</ce:sup></ce:cross-ref><ce:e-address id="ea1" type="social-media" xlink:href="https://twitter.com/AGraciaRomero">@AGraciaRomero</ce:e-address></ce:author><ce:author id="au0003" author-id="S2352340921010295-e984964ed3363b6b8f878c268276edcf" orcid="0000-0002-1687-1965"><ce:given-name>Shawn C.</ce:given-name><ce:surname>Kefauver</ce:surname><ce:cross-ref refid="aff0001"><ce:sup loc="post">a</ce:sup></ce:cross-ref><ce:cross-ref refid="aff0002"><ce:sup loc="post">b</ce:sup></ce:cross-ref><ce:e-address id="ea2" type="social-media" xlink:href="https://twitter.com/doctorxkefauver">@doctorxkefauver</ce:e-address></ce:author><ce:author id="au0004" author-id="S2352340921010295-b2d5edcf9a46f487d979878d0290a1c0"><ce:given-name>Maria Teresa</ce:given-name><ce:surname>Nieto-Taladriz</ce:surname><ce:cross-ref refid="aff0003"><ce:sup loc="post">c</ce:sup></ce:cross-ref></ce:author><ce:author id="au0005" author-id="S2352340921010295-e2ecd90f4192715c33e9934500020dff" orcid="0000-0003-4025-3929"><ce:given-name>Maria Dolores</ce:given-name><ce:surname>Serret</ce:surname><ce:cross-ref refid="aff0001"><ce:sup loc="post">a</ce:sup></ce:cross-ref><ce:cross-ref refid="aff0002"><ce:sup loc="post">b</ce:sup></ce:cross-ref></ce:author><ce:author id="au0006" author-id="S2352340921010295-3ddc1e657f0488c2af52fecb9ad3dbbe"><ce:given-name>Jos&#233; Luis</ce:given-name><ce:surname>Araus</ce:surname><ce:cross-ref refid="aff0001"><ce:sup loc="post">a</ce:sup></ce:cross-ref><ce:cross-ref refid="aff0002"><ce:sup loc="post">b</ce:sup></ce:cross-ref><ce:cross-ref refid="cor0001"><ce:sup loc="post">&#x204e;</ce:sup></ce:cross-ref><ce:e-address id="ead0001" type="email" xlink:href="mailto:jaraus@ub.edu">jaraus@ub.edu</ce:e-address></ce:author><ce:affiliation id="aff0001" affiliation-id="S2352340921010295-ff364b817a2e6008b26d849b4c7d9742"><ce:label>a</ce:label><ce:textfn id="cetextfn0001">Integrative Crop Ecophysiology Group, Plant Physiology Section, Faculty of Biology, University of Barcelona, 08028 Barcelona, Spain</ce:textfn><sa:affiliation><sa:organization>Integrative Crop Ecophysiology Group</sa:organization><sa:organization>Plant Physiology Section</sa:organization><sa:organization>Faculty of Biology</sa:organization><sa:organization>University of Barcelona</sa:organization><sa:city>Barcelona</sa:city><sa:postal-code>08028</sa:postal-code><sa:country>Spain</sa:country></sa:affiliation><ce:source-text id="staff0001">aIntegrative Crop Ecophysiology Group, Plant Physiology Section, Faculty of Biology, University of Barcelona, 08028 Barcelona, Spain</ce:source-text></ce:affiliation><ce:affiliation id="aff0002" affiliation-id="S2352340921010295-f10738f0537f31b1438c64bbbbff9aab"><ce:label>b</ce:label><ce:textfn id="cetextfn0002">AGROTECNIO (Center for Research in Agrotechnology), Av. Rovira Roure 191, 25198 Lleida, Spain</ce:textfn><sa:affiliation><sa:organization>AGROTECNIO (Center for Research in Agrotechnology)</sa:organization><sa:address-line>Av. Rovira Roure 191</sa:address-line><sa:city>Lleida</sa:city><sa:postal-code>25198</sa:postal-code><sa:country>Spain</sa:country></sa:affiliation><ce:source-text id="staff0002">bAGROTECNIO (Center for Research in Agrotechnology), Av. Rovira Roure 191, 25198 Lleida, Spain</ce:source-text></ce:affiliation><ce:affiliation id="aff0003" affiliation-id="S2352340921010295-66217c3203a557a87af8ab8fc7fba5f6"><ce:label>c</ce:label><ce:textfn id="cetextfn0003">Instituto Nacional de Investigaci&#243;n y Tecnolog&#237;a Agraria y Alimentaria (INIA), Ctra. de La Coru&#241;a Km. 7,5, 28040 Madrid, Spain</ce:textfn><sa:affiliation><sa:organization>Instituto Nacional de Investigaci&#243;n y Tecnolog&#237;a Agraria y Alimentaria (INIA)</sa:organization><sa:address-line>Ctra. de La Coru&#241;a Km. 7,5</sa:address-line><sa:city>Madrid</sa:city><sa:postal-code>28040</sa:postal-code><sa:country>Spain</sa:country></sa:affiliation><ce:source-text id="staff0003">cInstituto Nacional de Investigaci&#243;n y Tecnolog&#237;a Agraria y Alimentaria (INIA), Ctra. de La Coru&#241;a Km. 7,5, 28040 Madrid, Spain</ce:source-text></ce:affiliation><ce:correspondence id="cor0001"><ce:label>&#x204e;</ce:label><ce:text id="cetext0001">Corresponding author.</ce:text></ce:correspondence></ce:author-group><ce:date-received day="29" month="10" year="2021"/><ce:date-revised day="21" month="12" year="2021"/><ce:date-accepted day="22" month="12" year="2021"/><ce:abstract id="abs0001" view="all" class="author"><ce:section-title id="cesectitle0001">Abstract</ce:section-title><ce:abstract-sec id="abss0001" view="all"><ce:simple-para id="spara001" view="all">Ideotypic characteristics of durum wheat associated with higher yield under different water and temperature regimes were studied under Mediterranean conditions. The focus of this paper is to provide raw and supplemental data from the research article entitled &#x201c;Durum wheat ideotypes in Mediterranean environments differing in water and temperature conditions&#x201d; [1], which aims to define specific durum wheat ideotypes according to their responses to different agronomic conditions. In this context, six modern (i.e. post green revolution) genotypes with contrasting yield performance (i.e. high vs low yield) were grown during two consecutive years under different treatments: (i) winter planting under support-irrigation conditions, (ii) winter planting under rainfed conditions, (iii) late planting under support-irrigation. Trials were conducted at the INIA station of Colmenar de Oreja (Madrid). Different traits were assessed to inform about water status (canopy temperature at anthesis and stable carbon isotope composition (&#x03b4;<ce:sup loc="post">13</ce:sup>C) of the flag leaf and mature grains), root performance (root traits and the oxygen isotope composition (&#x03b4;<ce:sup loc="post">18</ce:sup>O) in the stem base water), phenology (days from sowing to heading), nitrogen status/photosynthetic capacity (nitrogen content and stable isotope composition (&#x03b4;<ce:sup loc="post">15</ce:sup>N) of the flag leaf and mature grain together with the pigment contents and the nitrogen balance index (NBI) of the flag leaf), crop growth (plant height (PH) and the normalized difference vegetation index (NDVI) at anthesis), grain yield and agronomic yield components. For most of the parameters assessed, data analysis demonstrated significant differences among genotypes within each treatment. The level of significance was determined using the Tukey-b test on independent samples, and ideotypes were modelled from the results of principle component analysis. The present data shed light on traits that help to define specific ideotype characteristics that confer genotypic adaptation to a wide range of agronomic conditions produced by variations in planting date, water conditions and season.</ce:simple-para></ce:abstract-sec></ce:abstract><ce:keywords id="keys0001" view="all" class="keyword"><ce:section-title id="cesectitle0002">Keywords</ce:section-title><ce:keyword id="key0001"><ce:text id="cetext0002">Stable isotopes</ce:text></ce:keyword><ce:keyword id="key0001a"><ce:text id="cetext0002a">Root traits</ce:text></ce:keyword><ce:keyword id="key0002"><ce:text id="cetext0003">Leaf pigments</ce:text></ce:keyword><ce:keyword id="key0003"><ce:text id="cetext0004">Canopy temperature</ce:text></ce:keyword></ce:keywords><ce:keywords id="keys0002" class="abr" view="all"><ce:section-title id="cesectitle9903">Abbreviations</ce:section-title><ce:keyword id="pc_BpBoIn3fZm"><ce:text>CT</ce:text><ce:keyword id="pc_9xdNdkvy3U"><ce:text>canopy temperature</ce:text></ce:keyword></ce:keyword><ce:keyword id="pc_GmtZkih11c"><ce:text>DTH</ce:text><ce:keyword id="pc_jbrLCrmsNh"><ce:text>days to heading</ce:text></ce:keyword></ce:keyword><ce:keyword id="pc_yqypV64ZVO"><ce:text>HI</ce:text><ce:keyword id="pc_kmu0TFKnPP"><ce:text>harvest index</ce:text></ce:keyword></ce:keyword><ce:keyword id="pc_tqJv8AZBJv"><ce:text>ILP</ce:text><ce:keyword id="pc_Dov9ccrujK"><ce:text>irrigated late planting</ce:text></ce:keyword></ce:keyword><ce:keyword id="pc_WehR5CZOe1"><ce:text>INP</ce:text><ce:keyword id="pc_jkb1GZT6TP"><ce:text>irrigated normal planting</ce:text></ce:keyword></ce:keyword><ce:keyword id="pc_aPlCzOzvfD"><ce:text>GN</ce:text><ce:keyword id="pc_uBlqkmoITW"><ce:text>grain number</ce:text></ce:keyword></ce:keyword><ce:keyword id="pc_rJ0t7bWjNu"><ce:text>GNY</ce:text><ce:keyword id="pc_a3GJ7yWlZf"><ce:text>total grain nitrogen yield</ce:text></ce:keyword></ce:keyword><ce:keyword id="pc_9stgNQ7Lv0"><ce:text>GY</ce:text><ce:keyword id="pc_NdfSDM5tHh"><ce:text>grain yield</ce:text></ce:keyword></ce:keyword><ce:keyword id="pc_VTFj39t1hj"><ce:text>NBI</ce:text><ce:keyword id="pc_vRv97Ux7SQ"><ce:text>nitrogen balance index</ce:text></ce:keyword></ce:keyword><ce:keyword id="pc_mfEzzJp6CH"><ce:text>NDVI</ce:text><ce:keyword id="pc_9ljs0ZHMMo"><ce:text>normalized difference vegetation index</ce:text></ce:keyword></ce:keyword><ce:keyword id="pc_zsik1tQ5XE"><ce:text>PCA</ce:text><ce:keyword id="pc_BiDquSH4Jw"><ce:text>principle component analysis</ce:text></ce:keyword></ce:keyword><ce:keyword id="pc_WilJNjGjTi"><ce:text>PH</ce:text><ce:keyword id="pc_PRGX3DrlIn"><ce:text>plant height</ce:text></ce:keyword></ce:keyword><ce:keyword id="pc_oKDDw0z4AS"><ce:text>RA</ce:text><ce:keyword id="pc_XmCYXxaW8W"><ce:text>root angle</ce:text></ce:keyword></ce:keyword><ce:keyword id="pc_zoSaklnlm5"><ce:text>RNP</ce:text><ce:keyword id="pc_QtG66DeG3Z"><ce:text>rainfed normal planting</ce:text></ce:keyword></ce:keyword><ce:keyword id="pc_VIDVLVsBuf"><ce:text>SRL</ce:text><ce:keyword id="pc_KorP5oijBa"><ce:text>Specific root length</ce:text></ce:keyword></ce:keyword><ce:keyword id="pc_5stLI6lmtj"><ce:text>TGW</ce:text><ce:keyword id="pc_eLyTLpmn2f"><ce:text>thousand grain weight</ce:text></ce:keyword></ce:keyword><ce:keyword id="pc_OOHZcJRWEo"><ce:text>&#x03b4;<ce:sup loc="post">13</ce:sup>C</ce:text><ce:keyword id="pc_Ykqmz50CFR"><ce:text>carbon isotope composition</ce:text></ce:keyword></ce:keyword><ce:keyword id="pc_CnkEAvvpoq"><ce:text>&#x03b4;<ce:sup loc="post">15</ce:sup>N</ce:text><ce:keyword id="pc_2zSoriYYDi"><ce:text>nitrogen isotope composition</ce:text></ce:keyword></ce:keyword><ce:keyword id="pc_mMhKG4HS9a"><ce:text>&#x03b4;<ce:sup loc="post">18</ce:sup>O</ce:text><ce:keyword id="pc_4rs1MaEFVH"><ce:text>oxygen isotope composition</ce:text></ce:keyword></ce:keyword></ce:keywords></ja:head></ja:article></doc:document>
