<doc:document xmlns:doc="http://www.elsevier.com/xml/document/schema" xmlns:dp="http://www.elsevier.com/xml/common/doc-properties/schema" xmlns:cps="http://www.elsevier.com/xml/common/consyn-properties/schema" xmlns:rdf="http://www.w3.org/1999/02/22-rdf-syntax-ns#" xmlns:dct="http://purl.org/dc/terms/" xmlns:prism="http://prismstandard.org/namespaces/basic/2.0/" xmlns:oa="http://vtw.elsevier.com/data/ns/properties/OpenAccess-1/" xmlns:bam="http://vtw.elsevier.com/data/voc/ns/bam-vtw-1/" xmlns:cp="http://vtw.elsevier.com/data/ns/properties/Copyright-1/" xmlns:cja="http://www.elsevier.com/xml/cja/schema" xmlns:ja="http://www.elsevier.com/xml/ja/schema" xmlns:bk="http://www.elsevier.com/xml/bk/schema" xmlns:ce="http://www.elsevier.com/xml/common/schema" xmlns:mml="http://www.w3.org/1998/Math/MathML" xmlns:cals="http://www.elsevier.com/xml/common/cals/schema" xmlns:tb="http://www.elsevier.com/xml/common/table/schema" xmlns:sa="http://www.elsevier.com/xml/common/struct-aff/schema" xmlns:sb="http://www.elsevier.com/xml/common/struct-bib/schema" xmlns:xlink="http://www.w3.org/1999/xlink"><rdf:RDF><rdf:Description rdf:about="http://dx.doi.org/10.1016/j.dib.2022.107792"><dct:format>application/xml</dct:format><dct:title>Survey data of social, emotional, and behavioral skills among seven independent samples</dct:title><dct:creator>Madison N. Sewell</dct:creator><dct:creator>Christopher J. Soto</dct:creator><dct:creator>Christopher M. Napolitano</dct:creator><dct:creator>Hee J. Yoon</dct:creator><dct:creator>Brent W. Roberts</dct:creator><dct:subject><rdf:Bag><rdf:li>Noncognitive skills</rdf:li><rdf:li>Personality traits</rdf:li><rdf:li>Psychological assessment</rdf:li><rdf:li>Social and emotional learning</rdf:li><rdf:li>Socioemotional skills</rdf:li></rdf:Bag></dct:subject><dct:description>Data in Brief 40 (2022). doi:10.1016/j.dib.2022.107792</dct:description><prism:aggregationType>journal</prism:aggregationType><prism:publicationName>Data in Brief</prism:publicationName><prism:copyright>&#169; 2022 The Authors. Published by Elsevier Inc.</prism:copyright><dct:publisher>Elsevier Inc.</dct:publisher><prism:issn>2352-3409</prism:issn><prism:volume>40</prism:volume><prism:coverDisplayDate>February 2022</prism:coverDisplayDate><prism:doi>10.1016/j.dib.2022.107792</prism:doi><prism:url>http://dx.doi.org/10.1016/j.dib.2022.107792</prism:url><dct:identifier>doi:10.1016/j.dib.2022.107792</dct:identifier><bam:articleNumber>107792</bam:articleNumber><oa:openAccessInformation><oa:openAccessStatus xmlns:xsi="http://www.w3.org/2001/XMLSchema-instance">http://vtw.elsevier.com/data/voc/oa/OpenAccessStatus#Full</oa:openAccessStatus><oa:openAccessEffective xmlns:xsi="http://www.w3.org/2001/XMLSchema-instance">2022-01-04T10:50:08Z</oa:openAccessEffective><oa:sponsor xmlns:xsi="http://www.w3.org/2001/XMLSchema-instance"><oa:sponsorType>http://vtw.elsevier.com/data/voc/oa/SponsorType#Author</oa:sponsorType></oa:sponsor><oa:userLicense xmlns:xsi="http://www.w3.org/2001/XMLSchema-instance">http://creativecommons.org/licenses/by-nc-nd/4.0/</oa:userLicense></oa:openAccessInformation><cp:licenseLine xmlns:xsi="http://www.w3.org/2001/XMLSchema-instance">This is an open access article under the CC BY-NC-ND license.</cp:licenseLine></rdf:Description></rdf:RDF><dp:document-properties><dp:aggregation-type>Journals</dp:aggregation-type><dp:version-number>S300.1</dp:version-number></dp:document-properties><ja:article docsubtype="dat" version="5.6" xml:lang="en"><ja:item-info><ja:jid>DIB</ja:jid><ja:aid>107792</ja:aid><ce:article-number>107792</ce:article-number><ce:pii>S2352-3409(22)00004-X</ce:pii><ce:doi>10.1016/j.dib.2022.107792</ce:doi><ce:copyright type="unknown" year="2022"/></ja:item-info><ja:head><ce:dochead id="dchd0001"><ce:textfn id="dhtxt0001">Data Article</ce:textfn></ce:dochead><ce:title id="tte0002">Survey data of social, emotional, and behavioral skills among seven independent samples</ce:title><ce:author-group id="aut0001"><ce:author id="au0001" author-id="S235234092200004X-8048ef8059b34783c0b6125a2eaae5a4"><ce:given-name>Madison N.</ce:given-name><ce:surname>Sewell</ce:surname><ce:contributor-role role="http://credit.niso.org/contributor-roles/formal-analysis">Formal analysis</ce:contributor-role><ce:contributor-role role="http://credit.niso.org/contributor-roles/writing-original-draft">Writing &#x2013; original draft</ce:contributor-role><ce:cross-ref refid="aff0001"><ce:sup loc="post">a</ce:sup></ce:cross-ref><ce:cross-ref refid="cor0001"><ce:sup loc="post">&#x204e;</ce:sup></ce:cross-ref><ce:e-address id="ead0001" type="email" xlink:href="mailto:msewell2@illinois.edu">msewell2@illinois.edu</ce:e-address><ce:e-address id="ea3a" type="social-media" xlink:href="https://twitter.com/madisonswell">@madisonswell</ce:e-address></ce:author><ce:author id="au0002" author-id="S235234092200004X-aa6c59c5f4ef6bc6223bd468cbd382b0"><ce:given-name>Christopher J.</ce:given-name><ce:surname>Soto</ce:surname><ce:contributor-role role="http://credit.niso.org/contributor-roles/conceptualization">Conceptualization</ce:contributor-role><ce:contributor-role role="http://credit.niso.org/contributor-roles/methodology">Methodology</ce:contributor-role><ce:contributor-role role="http://credit.niso.org/contributor-roles/formal-analysis">Formal analysis</ce:contributor-role><ce:contributor-role role="http://credit.niso.org/contributor-roles/data-curation">Data curation</ce:contributor-role><ce:contributor-role role="http://credit.niso.org/contributor-roles/writing-review-editing">Writing &#x2013; review &amp; editing</ce:contributor-role><ce:cross-ref refid="aff0002"><ce:sup loc="post">b</ce:sup></ce:cross-ref><ce:e-address id="ea3" type="social-media" xlink:href="https://twitter.com/cjsotomatic">@cjsotomatic</ce:e-address></ce:author><ce:author id="au0003" author-id="S235234092200004X-b090275338d992dbf5c88299d7185dc1"><ce:given-name>Christopher M.</ce:given-name><ce:surname>Napolitano</ce:surname><ce:contributor-role role="http://credit.niso.org/contributor-roles/conceptualization">Conceptualization</ce:contributor-role><ce:contributor-role role="http://credit.niso.org/contributor-roles/methodology">Methodology</ce:contributor-role><ce:contributor-role role="http://credit.niso.org/contributor-roles/formal-analysis">Formal analysis</ce:contributor-role><ce:contributor-role role="http://credit.niso.org/contributor-roles/writing-review-editing">Writing &#x2013; review &amp; editing</ce:contributor-role><ce:cross-ref refid="aff0001"><ce:sup loc="post">a</ce:sup></ce:cross-ref><ce:cross-ref refid="aff0003"><ce:sup loc="post">c</ce:sup></ce:cross-ref><ce:e-address id="ea3ab" type="social-media" xlink:href="https://twitter.com/cmnapolitano">@cmnapolitano</ce:e-address></ce:author><ce:author id="au0004" author-id="S235234092200004X-3ea2e5f5adf08131692590f76b46fa84"><ce:given-name>Hee J.</ce:given-name><ce:surname>Yoon</ce:surname><ce:contributor-role role="http://credit.niso.org/contributor-roles/data-curation">Data curation</ce:contributor-role><ce:contributor-role role="http://credit.niso.org/contributor-roles/writing-review-editing">Writing &#x2013; review &amp; editing</ce:contributor-role><ce:cross-ref refid="aff0004"><ce:sup loc="post">d</ce:sup></ce:cross-ref><ce:e-address id="ea3b" type="social-media" xlink:href="https://twitter.com/yoonx343">@yoonx343</ce:e-address></ce:author><ce:author id="au0005" author-id="S235234092200004X-b7f687cd934d70d6f4843d1503f39a1b"><ce:given-name>Brent W.</ce:given-name><ce:surname>Roberts</ce:surname><ce:contributor-role role="http://credit.niso.org/contributor-roles/conceptualization">Conceptualization</ce:contributor-role><ce:contributor-role role="http://credit.niso.org/contributor-roles/methodology">Methodology</ce:contributor-role><ce:contributor-role role="http://credit.niso.org/contributor-roles/writing-review-editing">Writing &#x2013; review &amp; editing</ce:contributor-role><ce:cross-ref refid="aff0004"><ce:sup loc="post">d</ce:sup></ce:cross-ref><ce:cross-ref refid="aff0005"><ce:sup loc="post">e</ce:sup></ce:cross-ref><ce:e-address id="ea3c" type="social-media" xlink:href="https://twitter.com/BrentWRoberts">@BrentWRoberts</ce:e-address></ce:author><ce:affiliation id="aff0001" affiliation-id="S235234092200004X-124d90e1fd8595280eb93fca080de5a6"><ce:label>a</ce:label><ce:textfn id="cetextfn0001">Department of Educational Psychology, College of Education, University of Illinois at Urbana-Champaign, 1310 S. Sixth St., Champaign, IL 61820-6925901, United States</ce:textfn><sa:affiliation><sa:organization>Department of Educational Psychology</sa:organization><sa:organization>College of Education</sa:organization><sa:organization>University of Illinois at Urbana-Champaign</sa:organization><sa:address-line>1310 S. Sixth St.</sa:address-line><sa:city>Champaign</sa:city><sa:state>IL</sa:state><sa:postal-code>61820-6925901</sa:postal-code><sa:country>United States</sa:country></sa:affiliation><ce:source-text id="staff0001">aDepartment of Educational Psychology, College of Education, University of Illinois at Urbana-Champaign, 1310 S. Sixth St., Champaign, IL 61820-6925901, United States</ce:source-text></ce:affiliation><ce:affiliation id="aff0002" affiliation-id="S235234092200004X-f6927a3bc8eca88733fd3b12b0b0b9d9"><ce:label>b</ce:label><ce:textfn id="cetextfn0002">Department of Psychology, Colby College, United States</ce:textfn><sa:affiliation><sa:organization>Department of Psychology</sa:organization><sa:organization>Colby College</sa:organization><sa:country>United States</sa:country></sa:affiliation><ce:source-text id="staff0002">bDepartment of Psychology, Colby College, United States</ce:source-text></ce:affiliation><ce:affiliation id="aff0003" affiliation-id="S235234092200004X-904713715c0c29de5e7266382b11bf6b"><ce:label>c</ce:label><ce:textfn id="cetextfn0003">Department of Psychology, University of Zurich, Switzerland</ce:textfn><sa:affiliation><sa:organization>Department of Psychology</sa:organization><sa:organization>University of Zurich</sa:organization><sa:country>United States</sa:country></sa:affiliation><ce:source-text id="staff0003">cDepartment of Psychology, University of Zurich, United States</ce:source-text></ce:affiliation><ce:affiliation id="aff0004" affiliation-id="S235234092200004X-6f7e9216fcef555c39cd68dfccea2826"><ce:label>d</ce:label><ce:textfn id="cetextfn0004">Department of Psychology, University of Illinois at Urbana-Champaign, United States</ce:textfn><sa:affiliation><sa:organization>Department of Psychology</sa:organization><sa:organization>University of Illinois at Urbana-Champaign</sa:organization><sa:country>United States</sa:country></sa:affiliation><ce:source-text id="staff0004">dDepartment of Psychology, University of Illinois at Urbana-Champaign, United States</ce:source-text></ce:affiliation><ce:affiliation id="aff0005" affiliation-id="S235234092200004X-1734192e7f3094db7e469439d6e210c1"><ce:label>e</ce:label><ce:textfn id="cetextfn0005">Hector Research Institute of Education Sciences and Psychology, T&#252;bingen University, Germany</ce:textfn><sa:affiliation><sa:organization>Hector Research Institute of Education Sciences and Psychology</sa:organization><sa:organization>T&#252;bingen University</sa:organization><sa:country>United States</sa:country></sa:affiliation><ce:source-text id="staff0005">eHector Research Institute of Education Sciences and Psychology, T&#252;bingen University, United States</ce:source-text></ce:affiliation><ce:correspondence id="cor0001"><ce:label>&#x204e;</ce:label><ce:text id="cetext0001">Corresponding author.</ce:text></ce:correspondence></ce:author-group><ce:date-received day="1" month="12" year="2021"/><ce:date-accepted day="3" month="1" year="2022"/><ce:abstract id="abs0001" view="all" class="author"><ce:section-title id="cesectitle0001">Abstract</ce:section-title><ce:abstract-sec id="abss0001" view="all"><ce:simple-para id="spara009" view="all">The data presented in this article&#x2014; originally reported by Soto and colleagues (Soto et&#160;al., in press)&#x2014; assess social, emotional, and behavioral (SEB) skills, indexed by the Behavioral, Emotional, and Social Skills Inventory (BESSI), across seven independent samples (<ce:italic>N</ce:italic>&#160;=&#160;6,309). Four of the datasets (<ce:italic>N</ce:italic>&#160;=&#160;5000) were collected using an online survey housed on PersonalityLab.org. In two of these internet datasets, participants provided their responses to sociodemographic items, subsets of BESSI items (45 &#x2013; 102 items), and the Big Five Inventory-2 (BFI-2, 60 items). In the other two internet datasets, participants answered the same sociodemographic items and the full BESSI questionnaire (192 - 200 items). The fifth dataset was collected via an online survey sponsored by the Character Lab Research Network and included responses from 499 high school students. The High School Student Sample completed sociodemographic items, the full BESSI (192 items), and measures of academic engagement, occupational interests, peer acceptance, friendship quality, romantic relationship satisfaction, family relationship satisfaction, volunteerism, physical exercise, and life satisfaction (96 total items). The sixth dataset was collected using the Qualtrics Online Sample service, and 488 adult respondents completed an extended, observer-report version of the BESSI (284 items), sociodemographic items, and information regarding their relationship with the person whom they were reporting on (7 items). The seventh data set consisted of college students (<ce:italic>N</ce:italic>&#160;=&#160;322) from Colby College. The College Student Sample completed a survey on Qualtrics that included sociodemographic items, the full BESSI (192 items), the BFI-2 (60 items), and four other SEB skill inventories (116 items). All datasets, questionnaires, and scoring forms are hosted on OSF. The data can be used to (1) understand the structure and organization of SEB skills, (2) model the relationship between SEB skills and conceptually adjacent constructs such as personality traits and character strengths, and (3) explore the associations between SEB skills and consequential outcomes.</ce:simple-para></ce:abstract-sec></ce:abstract><ce:keywords id="keys0001" view="all" class="keyword"><ce:section-title id="cesectitle0002">Keywords</ce:section-title><ce:keyword id="key0001"><ce:text id="cetext0002">Noncognitive skills</ce:text></ce:keyword><ce:keyword id="key0002"><ce:text id="cetext0003">Personality traits</ce:text></ce:keyword><ce:keyword id="key0003"><ce:text id="cetext0004">Psychological assessment</ce:text></ce:keyword><ce:keyword id="key0004"><ce:text id="cetext0005">Social and emotional learning</ce:text></ce:keyword><ce:keyword id="key0005"><ce:text id="cetext0006">Socioemotional skills</ce:text></ce:keyword></ce:keywords></ja:head></ja:article></doc:document>
