<doc:document xmlns:doc="http://www.elsevier.com/xml/document/schema" xmlns:dp="http://www.elsevier.com/xml/common/doc-properties/schema" xmlns:cps="http://www.elsevier.com/xml/common/consyn-properties/schema" xmlns:rdf="http://www.w3.org/1999/02/22-rdf-syntax-ns#" xmlns:dct="http://purl.org/dc/terms/" xmlns:prism="http://prismstandard.org/namespaces/basic/2.0/" xmlns:oa="http://vtw.elsevier.com/data/ns/properties/OpenAccess-1/" xmlns:bam="http://vtw.elsevier.com/data/voc/ns/bam-vtw-1/" xmlns:cp="http://vtw.elsevier.com/data/ns/properties/Copyright-1/" xmlns:cja="http://www.elsevier.com/xml/cja/schema" xmlns:ja="http://www.elsevier.com/xml/ja/schema" xmlns:bk="http://www.elsevier.com/xml/bk/schema" xmlns:ce="http://www.elsevier.com/xml/common/schema" xmlns:mml="http://www.w3.org/1998/Math/MathML" xmlns:cals="http://www.elsevier.com/xml/common/cals/schema" xmlns:tb="http://www.elsevier.com/xml/common/table/schema" xmlns:sa="http://www.elsevier.com/xml/common/struct-aff/schema" xmlns:sb="http://www.elsevier.com/xml/common/struct-bib/schema" xmlns:xlink="http://www.w3.org/1999/xlink"><rdf:RDF><rdf:Description rdf:about="http://dx.doi.org/10.1016/j.dib.2021.107494"><dct:format>application/xml</dct:format><dct:title>Datasets for calcium dynamics comparison between the whole-cell and a &#x03b2;-escin based perforated patch configuration in brain slices from adult mice</dct:title><dct:creator>Simon Hess</dct:creator><dct:creator>Christophe Pouzat</dct:creator><dct:creator>Peter Kloppenburg</dct:creator><dct:subject><rdf:Bag><rdf:li>Calcium imaging</rdf:li><rdf:li>Added buffer approach</rdf:li><rdf:li>Perforated patch clamp</rdf:li><rdf:li>Dopamine neuron</rdf:li><rdf:li>Substantia nigra</rdf:li><rdf:li>Beta-escin</rdf:li><rdf:li>Calcium dynamics</rdf:li></rdf:Bag></dct:subject><dct:description>Data in Brief 39 (2021). doi:10.1016/j.dib.2021.107494</dct:description><prism:aggregationType>journal</prism:aggregationType><prism:publicationName>Data in Brief</prism:publicationName><prism:copyright>&#169; 2021 The Author(s). Published by Elsevier Inc.</prism:copyright><dct:publisher>Elsevier Inc.</dct:publisher><prism:issn>2352-3409</prism:issn><prism:volume>39</prism:volume><prism:coverDisplayDate>December 2021</prism:coverDisplayDate><prism:doi>10.1016/j.dib.2021.107494</prism:doi><prism:url>http://dx.doi.org/10.1016/j.dib.2021.107494</prism:url><dct:identifier>doi:10.1016/j.dib.2021.107494</dct:identifier><bam:articleNumber>107494</bam:articleNumber><oa:openAccessInformation><oa:openAccessStatus xmlns:xsi="http://www.w3.org/2001/XMLSchema-instance">http://vtw.elsevier.com/data/voc/oa/OpenAccessStatus#Full</oa:openAccessStatus><oa:openAccessEffective xmlns:xsi="http://www.w3.org/2001/XMLSchema-instance">2021-10-16T19:44:10Z</oa:openAccessEffective><oa:sponsor xmlns:xsi="http://www.w3.org/2001/XMLSchema-instance"><oa:sponsorType>http://vtw.elsevier.com/data/voc/oa/SponsorType#Author</oa:sponsorType></oa:sponsor><oa:userLicense xmlns:xsi="http://www.w3.org/2001/XMLSchema-instance">http://creativecommons.org/licenses/by/4.0/</oa:userLicense></oa:openAccessInformation><cp:licenseLine xmlns:xsi="http://www.w3.org/2001/XMLSchema-instance">This is an open access article under the CC BY license.</cp:licenseLine></rdf:Description></rdf:RDF><dp:document-properties><dp:aggregation-type>Journals</dp:aggregation-type><dp:version-number>S300.1</dp:version-number></dp:document-properties><ja:article docsubtype="dat" version="5.6" xml:lang="en"><ja:item-info><ja:jid>DIB</ja:jid><ja:aid>107494</ja:aid><ce:article-number>107494</ce:article-number><ce:pii>S2352-3409(21)00775-7</ce:pii><ce:doi>10.1016/j.dib.2021.107494</ce:doi><ce:copyright type="unknown" year="2021"/></ja:item-info><ja:head><ce:dochead id="dchd0001"><ce:textfn id="dhtxt0001">Data Article</ce:textfn></ce:dochead><ce:title id="tte0002">Datasets for calcium dynamics comparison between the whole-cell and a &#x03b2;-escin based perforated patch configuration in brain slices from adult mice</ce:title><ce:author-group id="aut0001"><ce:author id="au0001" author-id="S2352340921007757-f0ca2abd7c8c83c68e8132ede8230e08"><ce:given-name>Simon</ce:given-name><ce:surname>Hess</ce:surname><ce:contributor-role role="http://credit.niso.org/contributor-roles/conceptualization">Conceptualization</ce:contributor-role><ce:contributor-role role="http://credit.niso.org/contributor-roles/investigation">Investigation</ce:contributor-role><ce:contributor-role role="http://credit.niso.org/contributor-roles/methodology">Methodology</ce:contributor-role><ce:contributor-role role="http://credit.niso.org/contributor-roles/visualization">Visualization</ce:contributor-role><ce:contributor-role role="http://credit.niso.org/contributor-roles/writing-review-editing">Writing &#x2013; review &amp; editing</ce:contributor-role><ce:cross-ref refid="aff0001"><ce:sup loc="post">a</ce:sup></ce:cross-ref></ce:author><ce:author id="au0002" author-id="S2352340921007757-9cfa18f8f54abcc2b46f720ab99e5516" orcid="0000-0002-2844-8099"><ce:given-name>Christophe</ce:given-name><ce:surname>Pouzat</ce:surname><ce:contributor-role role="http://credit.niso.org/contributor-roles/conceptualization">Conceptualization</ce:contributor-role><ce:contributor-role role="http://credit.niso.org/contributor-roles/methodology">Methodology</ce:contributor-role><ce:contributor-role role="http://credit.niso.org/contributor-roles/software">Software</ce:contributor-role><ce:contributor-role role="http://credit.niso.org/contributor-roles/formal-analysis">Formal analysis</ce:contributor-role><ce:contributor-role role="http://credit.niso.org/contributor-roles/data-curation">Data curation</ce:contributor-role><ce:contributor-role role="http://credit.niso.org/contributor-roles/writing-review-editing">Writing &#x2013; review &amp; editing</ce:contributor-role><ce:cross-ref refid="aff0002"><ce:sup loc="post">b</ce:sup></ce:cross-ref></ce:author><ce:author id="au0003" author-id="S2352340921007757-c2d40adae9d3b43b57ce6ed3b1f5a7f3" orcid="0000-0002-4554-404X"><ce:given-name>Peter</ce:given-name><ce:surname>Kloppenburg</ce:surname><ce:contributor-role role="http://credit.niso.org/contributor-roles/conceptualization">Conceptualization</ce:contributor-role><ce:contributor-role role="http://credit.niso.org/contributor-roles/resources">Resources</ce:contributor-role><ce:contributor-role role="http://credit.niso.org/contributor-roles/funding-acquisition">Funding acquisition</ce:contributor-role><ce:contributor-role role="http://credit.niso.org/contributor-roles/writing-original-draft">Writing &#x2013; original draft</ce:contributor-role><ce:cross-ref refid="aff0001"><ce:sup loc="post">a</ce:sup></ce:cross-ref><ce:cross-ref refid="cor0001"><ce:sup loc="post">&#x204e;</ce:sup></ce:cross-ref><ce:e-address id="ead0001" type="email" xlink:href="mailto:peter.kloppenburg@uni-koeln.de">peter.kloppenburg@uni-koeln.de</ce:e-address></ce:author><ce:affiliation id="aff0001" affiliation-id="S2352340921007757-0c1264295d5fd844a95fe7c15dec004d"><ce:label>a</ce:label><ce:textfn id="cetextfn0001">Biocenter, and Cologne Excellence Cluster in Aging Associated Diseases (CECAD), Institute for Zoology, University of Cologne, Cologne, Germany</ce:textfn><sa:affiliation><sa:organization>Biocenter, and Cologne Excellence Cluster in Aging Associated Diseases (CECAD)</sa:organization><sa:organization>Institute for Zoology</sa:organization><sa:organization>University of Cologne</sa:organization><sa:city>Cologne</sa:city><sa:country>Germany</sa:country></sa:affiliation><ce:source-text id="staff0001">aBiocenter, and Cologne Excellence Cluster in Aging Associated Diseases (CECAD), Institute for Zoology, University of Cologne, Cologne, Germany</ce:source-text></ce:affiliation><ce:affiliation id="aff0002" affiliation-id="S2352340921007757-8c5e273f20fbf72884eea1fd5ed2b4ec"><ce:label>b</ce:label><ce:textfn id="cetextfn0002">IRMA, Strasbourg University and CNRS UMR 7501, Strasbourg, France</ce:textfn><sa:affiliation><sa:organization>IRMA</sa:organization><sa:organization>Strasbourg University and CNRS UMR 7501</sa:organization><sa:city>Strasbourg</sa:city><sa:country>France</sa:country></sa:affiliation><ce:source-text id="staff0002">bIRMA, Strasbourg University and CNRS UMR 7501, Strasbourg, France</ce:source-text></ce:affiliation><ce:correspondence id="cor0001"><ce:label>&#x204e;</ce:label><ce:text id="cetext0001">Corresponding author.</ce:text></ce:correspondence></ce:author-group><ce:date-received day="2" month="6" year="2021"/><ce:date-revised day="8" month="10" year="2021"/><ce:date-accepted day="15" month="10" year="2021"/><ce:abstract id="abs0001" view="all" class="author"><ce:section-title id="cesectitle0001">Abstract</ce:section-title><ce:abstract-sec id="abss0001" view="all"><ce:simple-para id="spara001" view="all">Multiple processes shape calcium signals in neurons. The spatial and temporal dynamics of these signals are determined by various cellular parameters, including the calcium influx, calcium buffering, and calcium extrusion. The different Ca<ce:sup loc="post">2+</ce:sup> handling properties can be estimated using the &#x2018;added buffer approach&#x2019; [1], which is based on a single compartment model of Ca<ce:sup loc="post">2+</ce:sup> buffering. To use this approach, the cell has to be loaded with a Ca<ce:sup loc="post">2+</ce:sup> sensitive dye (e.g., fura-2) via the patch pipette, which is usually done in the whole-cell patch clamp configuration. However, determining Ca<ce:sup loc="post">2+</ce:sup> handling properties can be complex and frequently unsuccessful due to the wash-out of intracellular components (e.g., mobile Ca<ce:sup loc="post">2+</ce:sup> buffers) during whole-cell patch clamp recordings. We present two Ca<ce:sup loc="post">2+</ce:sup> imaging datasets from adult substantia nigra dopamine neurons where the 'added buffer approach' was either combined with the 'conventional' whole-cell configuration or with a &#x03b2;-escin based perforated patch clamp configuration. These data can be used to compare the two methods or to draw comparisons with the Ca<ce:sup loc="post">2+</ce:sup> handling properties of other neuron types. Further details and an in-depth analysis of the new combination of the &#x2018;added buffer approach&#x2019; with the &#x03b2;-escin based perforated patch clamp configuration can be found in our companion manuscripts &#x201c;Analysis of neuronal Ca<ce:sup loc="post">2+</ce:sup> handling properties by combining perforated patch clamp recordings and the added buffer approach&#x201d; [2] and &#x201c;A Simple Method for Getting Standard Error on the Ratiometric Calcium Estimator&#x201d; [3].</ce:simple-para></ce:abstract-sec></ce:abstract><ce:keywords id="keys0001" view="all" class="keyword"><ce:section-title id="cesectitle0002">Keywords</ce:section-title><ce:keyword id="key0001"><ce:text id="cetext0002">Calcium imaging</ce:text></ce:keyword><ce:keyword id="key0002"><ce:text id="cetext0003">Added buffer approach</ce:text></ce:keyword><ce:keyword id="key0003"><ce:text id="cetext0004">Perforated patch clamp</ce:text></ce:keyword><ce:keyword id="key0004"><ce:text id="cetext0005">Dopamine neuron</ce:text></ce:keyword><ce:keyword id="key0005"><ce:text id="cetext0006">Substantia nigra</ce:text></ce:keyword><ce:keyword id="key0006"><ce:text id="cetext0007">Beta-escin</ce:text></ce:keyword><ce:keyword id="key0007"><ce:text id="cetext0008">Calcium dynamics</ce:text></ce:keyword></ce:keywords></ja:head></ja:article></doc:document>
