<doc:document xmlns:doc="http://www.elsevier.com/xml/document/schema" xmlns:dp="http://www.elsevier.com/xml/common/doc-properties/schema" xmlns:cps="http://www.elsevier.com/xml/common/consyn-properties/schema" xmlns:rdf="http://www.w3.org/1999/02/22-rdf-syntax-ns#" xmlns:dct="http://purl.org/dc/terms/" xmlns:prism="http://prismstandard.org/namespaces/basic/2.0/" xmlns:oa="http://vtw.elsevier.com/data/ns/properties/OpenAccess-1/" xmlns:bam="http://vtw.elsevier.com/data/voc/ns/bam-vtw-1/" xmlns:cp="http://vtw.elsevier.com/data/ns/properties/Copyright-1/" xmlns:cja="http://www.elsevier.com/xml/cja/schema" xmlns:ja="http://www.elsevier.com/xml/ja/schema" xmlns:bk="http://www.elsevier.com/xml/bk/schema" xmlns:ce="http://www.elsevier.com/xml/common/schema" xmlns:mml="http://www.w3.org/1998/Math/MathML" xmlns:cals="http://www.elsevier.com/xml/common/cals/schema" xmlns:tb="http://www.elsevier.com/xml/common/table/schema" xmlns:sa="http://www.elsevier.com/xml/common/struct-aff/schema" xmlns:sb="http://www.elsevier.com/xml/common/struct-bib/schema" xmlns:xlink="http://www.w3.org/1999/xlink"><rdf:RDF><rdf:Description rdf:about="http://dx.doi.org/10.1016/j.dib.2021.107619"><dct:format>application/xml</dct:format><dct:title>High-resolution MRI data of the brain of C57BL/6J and BTBR mice in three anatomical views</dct:title><dct:creator>Yulia A. Ryabushkina</dct:creator><dct:creator>Oleg B. Shevelev</dct:creator><dct:creator>Polina E. Kisaretova</dct:creator><dct:creator>Nikita G. Sozonov</dct:creator><dct:creator>Kseniya A. Ayriyants</dct:creator><dct:creator>Natalya P. Bondar</dct:creator><dct:creator>Vasiliy V. Reshetnikov</dct:creator><dct:subject><rdf:Bag><rdf:li>BTBR</rdf:li><rdf:li>C57BL/6J</rdf:li><rdf:li>Early-life stress</rdf:li><rdf:li>MRI</rdf:li><rdf:li>Brain anatomy</rdf:li><rdf:li>Strain-specific</rdf:li><rdf:li>Sex-specific</rdf:li></rdf:Bag></dct:subject><dct:description>Data in Brief 39 (2021). doi:10.1016/j.dib.2021.107619</dct:description><prism:aggregationType>journal</prism:aggregationType><prism:publicationName>Data in Brief</prism:publicationName><prism:copyright>&#169; 2021 The Author(s). Published by Elsevier Inc.</prism:copyright><dct:publisher>Elsevier Inc.</dct:publisher><prism:issn>2352-3409</prism:issn><prism:volume>39</prism:volume><prism:coverDisplayDate>December 2021</prism:coverDisplayDate><prism:doi>10.1016/j.dib.2021.107619</prism:doi><prism:url>http://dx.doi.org/10.1016/j.dib.2021.107619</prism:url><dct:identifier>doi:10.1016/j.dib.2021.107619</dct:identifier><bam:articleNumber>107619</bam:articleNumber><oa:openAccessInformation><oa:openAccessStatus xmlns:xsi="http://www.w3.org/2001/XMLSchema-instance">http://vtw.elsevier.com/data/voc/oa/OpenAccessStatus#Full</oa:openAccessStatus><oa:openAccessEffective xmlns:xsi="http://www.w3.org/2001/XMLSchema-instance">2021-11-18T19:44:00Z</oa:openAccessEffective><oa:sponsor xmlns:xsi="http://www.w3.org/2001/XMLSchema-instance"><oa:sponsorType>http://vtw.elsevier.com/data/voc/oa/SponsorType#Author</oa:sponsorType></oa:sponsor><oa:userLicense xmlns:xsi="http://www.w3.org/2001/XMLSchema-instance">http://creativecommons.org/licenses/by/4.0/</oa:userLicense></oa:openAccessInformation><cp:licenseLine xmlns:xsi="http://www.w3.org/2001/XMLSchema-instance">This is an open access article under the CC BY license.</cp:licenseLine></rdf:Description></rdf:RDF><dp:document-properties><dp:aggregation-type>Journals</dp:aggregation-type><dp:version-number>S300.1</dp:version-number></dp:document-properties><ja:article docsubtype="dat" version="5.6" xml:lang="en"><ja:item-info><ja:jid>DIB</ja:jid><ja:aid>107619</ja:aid><ce:article-number>107619</ce:article-number><ce:pii>S2352-3409(21)00894-5</ce:pii><ce:doi>10.1016/j.dib.2021.107619</ce:doi><ce:document-thread><ce:refers-to-document id="ref0001"><ce:pii>S0166-4328(21)00377-6</ce:pii><ce:doi>10.1016/j.bbr.2021.113489</ce:doi></ce:refers-to-document></ce:document-thread><ce:copyright type="unknown" year="2021"/></ja:item-info><ja:head><ce:dochead id="dchd0001"><ce:textfn id="dhtxt0001">Data Article</ce:textfn></ce:dochead><ce:title id="tte0002">High-resolution MRI data of the brain of C57BL/6J and BTBR mice in three anatomical views</ce:title><ce:author-group id="aut0001"><ce:author id="au0001" author-id="S2352340921008945-6dcf355746560bed950ad5a85c2ee321"><ce:given-name>Yulia A.</ce:given-name><ce:surname>Ryabushkina</ce:surname><ce:contributor-role role="http://credit.niso.org/contributor-roles/conceptualization">Conceptualization</ce:contributor-role><ce:contributor-role role="http://credit.niso.org/contributor-roles/methodology">Methodology</ce:contributor-role><ce:contributor-role role="http://credit.niso.org/contributor-roles/writing-original-draft">Writing &#x2013; original draft</ce:contributor-role><ce:cross-ref refid="aff0001"><ce:sup loc="post">a</ce:sup></ce:cross-ref></ce:author><ce:author id="au0002" author-id="S2352340921008945-bd8cb9c21db5e223a24b09b1783c0047" orcid="0000-0003-3200-958X"><ce:given-name>Oleg B.</ce:given-name><ce:surname>Shevelev</ce:surname><ce:contributor-role role="http://credit.niso.org/contributor-roles/investigation">Investigation</ce:contributor-role><ce:contributor-role role="http://credit.niso.org/contributor-roles/data-curation">Data curation</ce:contributor-role><ce:cross-ref refid="aff0001"><ce:sup loc="post">a</ce:sup></ce:cross-ref></ce:author><ce:author id="au0003" author-id="S2352340921008945-0c966f01e73bccfd2b04521d3c2f7eae"><ce:given-name>Polina E.</ce:given-name><ce:surname>Kisaretova</ce:surname><ce:contributor-role role="http://credit.niso.org/contributor-roles/investigation">Investigation</ce:contributor-role><ce:contributor-role role="http://credit.niso.org/contributor-roles/data-curation">Data curation</ce:contributor-role><ce:cross-ref refid="aff0001"><ce:sup loc="post">a</ce:sup></ce:cross-ref><ce:cross-ref refid="aff0002"><ce:sup loc="post">b</ce:sup></ce:cross-ref></ce:author><ce:author id="au0004" author-id="S2352340921008945-5b5384f1ce808d29be16f9fec78d7179" orcid="0000-0002-4251-2130"><ce:given-name>Nikita G.</ce:given-name><ce:surname>Sozonov</ce:surname><ce:contributor-role role="http://credit.niso.org/contributor-roles/investigation">Investigation</ce:contributor-role><ce:contributor-role role="http://credit.niso.org/contributor-roles/data-curation">Data curation</ce:contributor-role><ce:cross-ref refid="aff0001"><ce:sup loc="post">a</ce:sup></ce:cross-ref><ce:cross-ref refid="aff0002"><ce:sup loc="post">b</ce:sup></ce:cross-ref></ce:author><ce:author id="au0005" author-id="S2352340921008945-4d93feced90f791d40273e24819af098"><ce:given-name>Kseniya A.</ce:given-name><ce:surname>Ayriyants</ce:surname><ce:contributor-role role="http://credit.niso.org/contributor-roles/investigation">Investigation</ce:contributor-role><ce:contributor-role role="http://credit.niso.org/contributor-roles/data-curation">Data curation</ce:contributor-role><ce:cross-ref refid="aff0001"><ce:sup loc="post">a</ce:sup></ce:cross-ref></ce:author><ce:author id="au0006" author-id="S2352340921008945-c36faaffcb4693e511376ab444148a5a" orcid="0000-0002-5602-5149"><ce:given-name>Natalya P.</ce:given-name><ce:surname>Bondar</ce:surname><ce:contributor-role role="http://credit.niso.org/contributor-roles/supervision">Supervision</ce:contributor-role><ce:contributor-role role="http://credit.niso.org/contributor-roles/writing-review-editing">Writing &#x2013; review &amp; editing</ce:contributor-role><ce:cross-ref refid="aff0001"><ce:sup loc="post">a</ce:sup></ce:cross-ref><ce:cross-ref refid="aff0002"><ce:sup loc="post">b</ce:sup></ce:cross-ref></ce:author><ce:author id="au0007" author-id="S2352340921008945-9c5e5797debff60ad0d5abceb7c2f024" orcid="0000-0002-2932-0804"><ce:given-name>Vasiliy V.</ce:given-name><ce:surname>Reshetnikov</ce:surname><ce:contributor-role role="http://credit.niso.org/contributor-roles/conceptualization">Conceptualization</ce:contributor-role><ce:contributor-role role="http://credit.niso.org/contributor-roles/methodology">Methodology</ce:contributor-role><ce:contributor-role role="http://credit.niso.org/contributor-roles/writing-original-draft">Writing &#x2013; original draft</ce:contributor-role><ce:cross-ref refid="aff0001"><ce:sup loc="post">a</ce:sup></ce:cross-ref><ce:cross-ref refid="aff0003"><ce:sup loc="post">c</ce:sup></ce:cross-ref><ce:cross-ref refid="cor0001"><ce:sup loc="post">&#x204e;</ce:sup></ce:cross-ref><ce:e-address id="ead0001" type="email" xlink:href="mailto:vasiliyreshetnikov@bionet.nsc.ru">vasiliyreshetnikov@bionet.nsc.ru</ce:e-address><ce:e-address id="ea1" type="social-media" xlink:href="https://twitter.com/VasiliyReshetn2">@VasiliyReshetn2</ce:e-address></ce:author><ce:affiliation id="aff0001" affiliation-id="S2352340921008945-e956b35707e7733fb792b05e48d34d0b"><ce:label>a</ce:label><ce:textfn id="cetextfn0001">Institute of Cytology and Genetics, Siberian Branch of Russian Academy of Sciences (SB RAS), Prospekt Lavrentyeva 10, Novosibirsk 630090, Russia</ce:textfn><sa:affiliation><sa:organization>Institute of Cytology and Genetics</sa:organization><sa:organization>Siberian Branch of Russian Academy of Sciences (SB RAS)</sa:organization><sa:address-line>Prospekt Lavrentyeva 10</sa:address-line><sa:city>Novosibirsk</sa:city><sa:postal-code>630090</sa:postal-code><sa:country>Russia</sa:country></sa:affiliation><ce:source-text id="staff0001">aInstitute of Cytology and Genetics, Siberian Branch of Russian Academy of Sciences (SB RAS), Prospekt Lavrentyeva 10, Novosibirsk 630090, Russia</ce:source-text></ce:affiliation><ce:affiliation id="aff0002" affiliation-id="S2352340921008945-ffa79c9e0fa3f4a0447450c876ac6c91"><ce:label>b</ce:label><ce:textfn id="cetextfn0002">Novosibirsk State University, Pirogova Street 2, Novosibirsk 630090, Russia</ce:textfn><sa:affiliation><sa:organization>Novosibirsk State University</sa:organization><sa:address-line>Pirogova Street 2</sa:address-line><sa:city>Novosibirsk</sa:city><sa:postal-code>630090</sa:postal-code><sa:country>Russia</sa:country></sa:affiliation><ce:source-text id="staff0002">bNovosibirsk State University, Pirogova Street 2, Novosibirsk 630090, Russia</ce:source-text></ce:affiliation><ce:affiliation id="aff0003" affiliation-id="S2352340921008945-fa17cdff26b2eab96e5193752e58c61f"><ce:label>c</ce:label><ce:textfn id="cetextfn0003">Sirius University of Science and Technology, 1 Olympic Avenue, Sochi 354340, Russia</ce:textfn><sa:affiliation><sa:organization>Sirius University of Science and Technology</sa:organization><sa:address-line>1 Olympic Avenue</sa:address-line><sa:city>Sochi</sa:city><sa:postal-code>354340</sa:postal-code><sa:country>Russia</sa:country></sa:affiliation><ce:source-text id="staff0003">cSirius University of Science and Technology, 1 Olympic Avenue, Sochi 354340, Russia</ce:source-text></ce:affiliation><ce:correspondence id="cor0001"><ce:label>&#x204e;</ce:label><ce:text id="cetext0001">Corresponding author at: Institute of Cytology and Genetics, Siberian Branch of Russian Academy of Sciences (SB RAS), Prospekt Lavrentyeva 10, Novosibirsk 630090, Russia.</ce:text><sa:affiliation><sa:organization>Institute of Cytology and Genetics</sa:organization><sa:organization>Siberian Branch of Russian Academy of Sciences (SB RAS)</sa:organization><sa:address-line>Prospekt Lavrentyeva 10</sa:address-line><sa:city>Novosibirsk</sa:city><sa:postal-code>630090</sa:postal-code><sa:country>Russia</sa:country></sa:affiliation></ce:correspondence></ce:author-group><ce:date-received day="23" month="8" year="2021"/><ce:date-revised day="13" month="11" year="2021"/><ce:date-accepted day="17" month="11" year="2021"/><ce:abstract id="abs0001" view="all" class="author"><ce:section-title id="cesectitle0001">Abstract</ce:section-title><ce:abstract-sec id="abss0001" view="all"><ce:simple-para id="spara006" view="all">The research on strain-, sex-, and stress-specific differences in structural and functional connectivity of the brain is important for elucidating various behavioral features and etiologies of psychiatric disorders. Socially impaired BTBR mice are considered a model of autism spectrum disorders. Here we present high-resolution magnetic resonance imaging data from the brain of 89 adolescent mice (C57BL/6J and BTBR) in axial, sagittal, and coronal views. The study [1] includes both females and males differed in early-life experience (normally reared or subjected to prolonged maternal separation: 3 h daily from postnatal day 2 to 15). The MRI data were obtained on a horizontal tomograph Biospec 117/16 instrument with a magnetic field strength of 11.7 T. Thus, multislice Turbo RARE T<ce:inf loc="post">2</ce:inf>-weighted images of the brain were captured in eight groups of mice. Altogether, these data allow to evaluate strain-, sex-, and stress-specific alterations in the volumes of various brain structures and to better understand the relation between brain structural differences and behavioral abnormalities.</ce:simple-para></ce:abstract-sec></ce:abstract><ce:keywords id="keys0001" view="all" class="keyword"><ce:section-title id="cesectitle0002">Keywords</ce:section-title><ce:keyword id="key0001"><ce:text id="cetext0002">BTBR</ce:text></ce:keyword><ce:keyword id="key0002"><ce:text id="cetext0002a">C57BL/6J</ce:text></ce:keyword><ce:keyword id="key0003"><ce:text id="cetext0002b">Early-life stress</ce:text></ce:keyword><ce:keyword id="key0004"><ce:text id="cetext0002c">MRI</ce:text></ce:keyword><ce:keyword id="key0005"><ce:text id="cetext0002d">Brain anatomy</ce:text></ce:keyword><ce:keyword id="key0006"><ce:text id="cetext0002e">Strain-specific</ce:text></ce:keyword><ce:keyword id="key0007"><ce:text id="cetext0002f">Sex-specific</ce:text></ce:keyword></ce:keywords></ja:head></ja:article></doc:document>
