<doc:document xmlns:doc="http://www.elsevier.com/xml/document/schema" xmlns:dp="http://www.elsevier.com/xml/common/doc-properties/schema" xmlns:cps="http://www.elsevier.com/xml/common/consyn-properties/schema" xmlns:rdf="http://www.w3.org/1999/02/22-rdf-syntax-ns#" xmlns:dct="http://purl.org/dc/terms/" xmlns:prism="http://prismstandard.org/namespaces/basic/2.0/" xmlns:oa="http://vtw.elsevier.com/data/ns/properties/OpenAccess-1/" xmlns:bam="http://vtw.elsevier.com/data/voc/ns/bam-vtw-1/" xmlns:cp="http://vtw.elsevier.com/data/ns/properties/Copyright-1/" xmlns:cja="http://www.elsevier.com/xml/cja/schema" xmlns:ja="http://www.elsevier.com/xml/ja/schema" xmlns:bk="http://www.elsevier.com/xml/bk/schema" xmlns:ce="http://www.elsevier.com/xml/common/schema" xmlns:mml="http://www.w3.org/1998/Math/MathML" xmlns:cals="http://www.elsevier.com/xml/common/cals/schema" xmlns:tb="http://www.elsevier.com/xml/common/table/schema" xmlns:sa="http://www.elsevier.com/xml/common/struct-aff/schema" xmlns:sb="http://www.elsevier.com/xml/common/struct-bib/schema" xmlns:xlink="http://www.w3.org/1999/xlink"><rdf:RDF><rdf:Description rdf:about="http://dx.doi.org/10.1016/j.dib.2022.107858"><dct:format>application/xml</dct:format><dct:title>Conditional correlation network data from the financial sector</dct:title><dct:creator>Paul Borochin</dct:creator><dct:creator>Stephen Rush</dct:creator><dct:subject><rdf:Bag><rdf:li>Systemic risk</rdf:li><rdf:li>Network analysis</rdf:li><rdf:li>Informed trading</rdf:li></rdf:Bag></dct:subject><dct:description>Data in Brief 41 (2022). doi:10.1016/j.dib.2022.107858</dct:description><prism:aggregationType>journal</prism:aggregationType><prism:publicationName>Data in Brief</prism:publicationName><prism:copyright>&#169; 2022 The Authors. Published by Elsevier Inc.</prism:copyright><dct:publisher>Elsevier Inc.</dct:publisher><prism:issn>2352-3409</prism:issn><prism:volume>41</prism:volume><prism:coverDisplayDate>April 2022</prism:coverDisplayDate><prism:doi>10.1016/j.dib.2022.107858</prism:doi><prism:url>http://dx.doi.org/10.1016/j.dib.2022.107858</prism:url><dct:identifier>doi:10.1016/j.dib.2022.107858</dct:identifier><bam:articleNumber>107858</bam:articleNumber><oa:openAccessInformation><oa:openAccessStatus xmlns:xsi="http://www.w3.org/2001/XMLSchema-instance">http://vtw.elsevier.com/data/voc/oa/OpenAccessStatus#Full</oa:openAccessStatus><oa:openAccessEffective xmlns:xsi="http://www.w3.org/2001/XMLSchema-instance">2022-01-19T15:40:51Z</oa:openAccessEffective><oa:sponsor xmlns:xsi="http://www.w3.org/2001/XMLSchema-instance"><oa:sponsorType>http://vtw.elsevier.com/data/voc/oa/SponsorType#Author</oa:sponsorType></oa:sponsor><oa:userLicense xmlns:xsi="http://www.w3.org/2001/XMLSchema-instance">http://creativecommons.org/licenses/by/4.0/</oa:userLicense></oa:openAccessInformation><cp:licenseLine xmlns:xsi="http://www.w3.org/2001/XMLSchema-instance">This is an open access article under the CC BY license.</cp:licenseLine></rdf:Description></rdf:RDF><dp:document-properties><dp:aggregation-type>Journals</dp:aggregation-type><dp:version-number>S250.1</dp:version-number></dp:document-properties><ja:article docsubtype="dat" xml:lang="en" version="5.6"><ja:item-info><ja:jid>DIB</ja:jid><ja:aid>107858</ja:aid><ce:article-number>107858</ce:article-number><ce:pii>S2352-3409(22)00070-1</ce:pii><ce:doi>10.1016/j.dib.2022.107858</ce:doi><ce:document-thread><ce:refers-to-document id="ref0002"><ce:pii>S0378-4266(21)00278-8</ce:pii><ce:doi>10.1016/j.jbankfin.2021.106327</ce:doi></ce:refers-to-document></ce:document-thread><ce:copyright type="other" year="2022">The Authors</ce:copyright></ja:item-info><ja:head><ce:dochead id="dh1"><ce:textfn id="textfn0001">Data Article</ce:textfn></ce:dochead><ce:title id="ct0001">Conditional correlation network data from the financial sector</ce:title><ce:short-title id="stitle0010">Conditional correlation network data from the financial sector</ce:short-title><ce:author-group id="aut0001"><ce:author id="au0001" author-id="S2352340922000701-dd60632c749122262f7710684f30bd11"><ce:given-name>Paul</ce:given-name><ce:surname>Borochin</ce:surname><ce:contributor-role role="http://credit.niso.org/contributor-roles/supervision">Supervision</ce:contributor-role><ce:contributor-role role="http://credit.niso.org/contributor-roles/project-administration">Project administration</ce:contributor-role><ce:contributor-role role="http://credit.niso.org/contributor-roles/resources">Resources</ce:contributor-role><ce:cross-ref refid="aff0001"><ce:sup loc="post">a</ce:sup></ce:cross-ref></ce:author><ce:author id="au0002" author-id="S2352340922000701-db357f6d18cdc56953ea5ffd487022bc" orcid="0000-0001-6583-0345"><ce:given-name>Stephen</ce:given-name><ce:surname>Rush</ce:surname><ce:contributor-role role="http://credit.niso.org/contributor-roles/conceptualization">Conceptualization</ce:contributor-role><ce:contributor-role role="http://credit.niso.org/contributor-roles/methodology">Methodology</ce:contributor-role><ce:contributor-role role="http://credit.niso.org/contributor-roles/software">Software</ce:contributor-role><ce:contributor-role role="http://credit.niso.org/contributor-roles/formal-analysis">Formal analysis</ce:contributor-role><ce:contributor-role role="http://credit.niso.org/contributor-roles/resources">Resources</ce:contributor-role><ce:contributor-role role="http://credit.niso.org/contributor-roles/data-curation">Data curation</ce:contributor-role><ce:contributor-role role="http://credit.niso.org/contributor-roles/writing-original-draft">Writing &#x2013; original draft</ce:contributor-role><ce:cross-ref refid="cor0001"><ce:sup loc="post">&#x204e;</ce:sup></ce:cross-ref><ce:cross-ref refid="aff0002"><ce:sup loc="post">b</ce:sup></ce:cross-ref><ce:e-address type="email" xlink:href="mailto:srrush@bgsu.edu" id="ead0001">srrush@bgsu.edu</ce:e-address><ce:e-address id="ea3" type="social-media" xlink:href="https://twitter.com/Phreakonomist">@Phreakonomist</ce:e-address></ce:author><ce:affiliation id="aff0001" affiliation-id="S2352340922000701-6db1eebfad6ca91713f6e322c9c7cc8a"><ce:label>a</ce:label><ce:textfn id="textfn0002">University of Miami, Coral Gables, FL 33146, USA</ce:textfn><sa:affiliation><sa:organization>University of Miami</sa:organization><sa:city>Coral Gables</sa:city><sa:state>FL</sa:state><sa:postal-code>33146</sa:postal-code><sa:country>USA</sa:country></sa:affiliation><ce:source-text id="st0001">University of Miami, Coral Gables, FL 33146, USA</ce:source-text></ce:affiliation><ce:affiliation id="aff0002" affiliation-id="S2352340922000701-07aff0092698d7f4a4d2c005c9ab78a5"><ce:label>b</ce:label><ce:textfn id="textfn0003">Bowling Green State University, Bowling Green, OH 43403, USA</ce:textfn><sa:affiliation><sa:organization>Bowling Green State University</sa:organization><sa:city>Bowling Green</sa:city><sa:state>OH</sa:state><sa:postal-code>43403</sa:postal-code><sa:country>USA</sa:country></sa:affiliation><ce:source-text id="st0002">Bowling Green State University, Bowling Green, OH 43403, USA</ce:source-text></ce:affiliation><ce:correspondence id="cor0001"><ce:label>&#x204e;</ce:label><ce:text id="cor1">Corresponding author.</ce:text></ce:correspondence></ce:author-group><ce:date-received day="8" month="11" year="2021"/><ce:date-revised day="16" month="1" year="2022"/><ce:date-accepted day="18" month="1" year="2022"/><ce:abstract id="abs0001" class="author" view="all"><ce:section-title id="sctt0001">Abstract</ce:section-title><ce:abstract-sec id="abssec0001" view="all"><ce:simple-para id="sp0001" view="all">This data set contains rolling conditional correlation networks estimated from stock returns and the volume synchronized probability of informed trading. Only the largest 104 financial firms are included for the period of 1996 through 2012. The data was used to analyze banking sector systemic risk in Borochin and Rush (2022)[1].</ce:simple-para></ce:abstract-sec></ce:abstract><ce:keywords id="keys0001" class="keyword" view="all"><ce:section-title id="sctt0002">Keywords</ce:section-title><ce:keyword id="key0002"><ce:text id="txt0001">Systemic risk</ce:text></ce:keyword><ce:keyword id="key0003"><ce:text id="txt0002">Network analysis</ce:text></ce:keyword><ce:keyword id="key0004"><ce:text id="txt0003">Informed trading</ce:text></ce:keyword></ce:keywords></ja:head></ja:article></doc:document>
