<doc:document xmlns:doc="http://www.elsevier.com/xml/document/schema" xmlns:dp="http://www.elsevier.com/xml/common/doc-properties/schema" xmlns:cps="http://www.elsevier.com/xml/common/consyn-properties/schema" xmlns:rdf="http://www.w3.org/1999/02/22-rdf-syntax-ns#" xmlns:dct="http://purl.org/dc/terms/" xmlns:prism="http://prismstandard.org/namespaces/basic/2.0/" xmlns:oa="http://vtw.elsevier.com/data/ns/properties/OpenAccess-1/" xmlns:bam="http://vtw.elsevier.com/data/voc/ns/bam-vtw-1/" xmlns:cp="http://vtw.elsevier.com/data/ns/properties/Copyright-1/" xmlns:cja="http://www.elsevier.com/xml/cja/schema" xmlns:ja="http://www.elsevier.com/xml/ja/schema" xmlns:bk="http://www.elsevier.com/xml/bk/schema" xmlns:ce="http://www.elsevier.com/xml/common/schema" xmlns:mml="http://www.w3.org/1998/Math/MathML" xmlns:cals="http://www.elsevier.com/xml/common/cals/schema" xmlns:tb="http://www.elsevier.com/xml/common/table/schema" xmlns:sa="http://www.elsevier.com/xml/common/struct-aff/schema" xmlns:sb="http://www.elsevier.com/xml/common/struct-bib/schema" xmlns:xlink="http://www.w3.org/1999/xlink"><rdf:RDF><rdf:Description rdf:about="http://dx.doi.org/10.1016/j.dib.2021.107595"><dct:format>application/xml</dct:format><dct:title>Replication dataset: the effect of compassion, biological sex, and gender identity threat on jerky choice</dct:title><dct:creator>Attila Pohlmann</dct:creator><dct:subject><rdf:Bag><rdf:li>Carnism</rdf:li><rdf:li>Gender identity threat</rdf:li><rdf:li>Masculinity</rdf:li><rdf:li>Psychic cost</rdf:li><rdf:li>Ethical consumption</rdf:li><rdf:li>Meat paradox</rdf:li><rdf:li>Moral self-concept</rdf:li><rdf:li>Compassion</rdf:li><rdf:li>Plant-based diet</rdf:li><rdf:li>Vegetarianism</rdf:li><rdf:li>Veganism</rdf:li><rdf:li>Meat attitudes</rdf:li></rdf:Bag></dct:subject><dct:description>Data in Brief 39 (2021). doi:10.1016/j.dib.2021.107595</dct:description><prism:aggregationType>journal</prism:aggregationType><prism:publicationName>Data in Brief</prism:publicationName><prism:copyright>&#169; 2021 The Author. Published by Elsevier Inc.</prism:copyright><dct:publisher>Elsevier Inc.</dct:publisher><prism:issn>2352-3409</prism:issn><prism:volume>39</prism:volume><prism:coverDisplayDate>December 2021</prism:coverDisplayDate><prism:doi>10.1016/j.dib.2021.107595</prism:doi><prism:url>http://dx.doi.org/10.1016/j.dib.2021.107595</prism:url><dct:identifier>doi:10.1016/j.dib.2021.107595</dct:identifier><bam:articleNumber>107595</bam:articleNumber><oa:openAccessInformation><oa:openAccessStatus xmlns:xsi="http://www.w3.org/2001/XMLSchema-instance">http://vtw.elsevier.com/data/voc/oa/OpenAccessStatus#Full</oa:openAccessStatus><oa:openAccessEffective xmlns:xsi="http://www.w3.org/2001/XMLSchema-instance">2021-11-16T15:55:15Z</oa:openAccessEffective><oa:sponsor xmlns:xsi="http://www.w3.org/2001/XMLSchema-instance"><oa:sponsorType>http://vtw.elsevier.com/data/voc/oa/SponsorType#Author</oa:sponsorType></oa:sponsor><oa:userLicense xmlns:xsi="http://www.w3.org/2001/XMLSchema-instance">http://creativecommons.org/licenses/by/4.0/</oa:userLicense></oa:openAccessInformation><cp:licenseLine xmlns:xsi="http://www.w3.org/2001/XMLSchema-instance">This is an open access article under the CC BY license.</cp:licenseLine></rdf:Description></rdf:RDF><dp:document-properties><dp:aggregation-type>Journals</dp:aggregation-type><dp:version-number>S300.1</dp:version-number></dp:document-properties><ja:article docsubtype="dat" version="5.6" xml:lang="en"><ja:item-info><ja:jid>DIB</ja:jid><ja:aid>107595</ja:aid><ce:article-number>107595</ce:article-number><ce:pii>S2352-3409(21)00870-2</ce:pii><ce:doi>10.1016/j.dib.2021.107595</ce:doi><ce:copyright type="other" year="2021">The Author</ce:copyright></ja:item-info><ja:head><ce:dochead id="dchd0001"><ce:textfn id="dhtxt0001">Data Article</ce:textfn></ce:dochead><ce:title id="tte0002">Replication dataset: the effect of compassion, biological sex, and gender identity threat on jerky choice</ce:title><ce:author-group id="aut0001"><ce:author id="au0001" author-id="S2352340921008702-ca1d3fa0830c8eadd924a0dbb25a5922" orcid="0000-0002-2416-2376"><ce:given-name>Attila</ce:given-name><ce:surname>Pohlmann</ce:surname><ce:e-address id="ead0001" type="email" xlink:href="mailto:apohlmann@usfq.edu.ec">apohlmann@usfq.edu.ec</ce:e-address><ce:e-address id="ea3" type="social-media" xlink:href="https://twitter.com/attilapohlmann">@attilapohlmann</ce:e-address></ce:author><ce:affiliation id="aff0001" affiliation-id="S2352340921008702-6dcdb643c27fa126ea1c7debb35a9f1d"><ce:textfn id="cetextfn0001">Universidad San Francisco de Quito USFQ, Ecuador</ce:textfn><sa:affiliation><sa:organization>Universidad San Francisco de Quito USFQ</sa:organization><sa:country>Ecuador</sa:country></sa:affiliation><ce:source-text id="staff0001">Universidad San Francisco de Quito USFQ, Ecuador</ce:source-text></ce:affiliation></ce:author-group><ce:date-received day="9" month="10" year="2021"/><ce:date-revised day="8" month="11" year="2021"/><ce:date-accepted day="15" month="11" year="2021"/><ce:abstract id="abs0001" view="all" class="author"><ce:section-title id="cesectitle0001">Abstract</ce:section-title><ce:abstract-sec id="abss0001" view="all"><ce:simple-para id="spara002" view="all">When it comes to food choices, high levels of trait compassion should decrease a person's likelihood to choose meat compared to a plant-based alternative [1&#x2013;4]. Because meat advertising often threatens masculinity, for men, this effect is expected to be moderated by gender identity threat. The data provided with this article were collected online from 1,350 participants to conduct a replication of study 1 in &#x201c;The taste of compassion: Influencing meat attitudes with interhuman and interspecies moral appeals&#x201d; [5]. The original study reports that men with high trait compassion [6] are significantly less likely to choose a vegetarian jerky&#x2013;and more likely to choose a meat jerky instead&#x2013;if masculinity is threatened. The replication is successful if the age range of participants between the two studies is matched. The size and direction of the effect tested in the replication study is comparable to that in the original study. This outcome suggests that the formation and the processing of meat attitudes depend on life stage, and it points to additional avenues for research in the fields of nutrition, social psychology, marketing, and consumer behavior. Additional variables in the dataset (e.g., items of the composite trait compassion variable, meat avoidance intent, social identity based on diet, and dietary pattern adherence [7&#x2013;11]) may be used to develop and/or test hypotheses relating to meat attitudes and food-related choice behaviors. A print-out of the survey instrument, the dataset including scale items, and a script to perform the analysis are provided.</ce:simple-para></ce:abstract-sec></ce:abstract><ce:keywords id="keys0001" view="all" class="keyword"><ce:section-title id="cesectitle0002">Keywords</ce:section-title><ce:keyword id="key0001"><ce:text id="cetext0001">Carnism</ce:text></ce:keyword><ce:keyword id="key0002"><ce:text id="cetext0002">Gender identity threat</ce:text></ce:keyword><ce:keyword id="key0003"><ce:text id="cetext0003">Masculinity</ce:text></ce:keyword><ce:keyword id="pc_Yn6KODcqwU"><ce:text>Psychic cost</ce:text></ce:keyword><ce:keyword id="key0005"><ce:text id="cetext0005">Ethical consumption</ce:text></ce:keyword><ce:keyword id="key0006"><ce:text id="cetext0006">Meat paradox</ce:text></ce:keyword><ce:keyword id="key0007"><ce:text id="cetext0007">Moral self-concept</ce:text></ce:keyword><ce:keyword id="key0008"><ce:text id="cetext0008">Compassion</ce:text></ce:keyword><ce:keyword id="key0009"><ce:text id="cetext0009">Plant-based diet</ce:text></ce:keyword><ce:keyword id="key0010"><ce:text id="cetext0010">Vegetarianism</ce:text></ce:keyword><ce:keyword id="key0011"><ce:text id="cetext0011">Veganism</ce:text></ce:keyword><ce:keyword id="key0012"><ce:text id="cetext0012">Meat attitudes</ce:text></ce:keyword></ce:keywords></ja:head></ja:article></doc:document>
