<doc:document xmlns:doc="http://www.elsevier.com/xml/document/schema" xmlns:dp="http://www.elsevier.com/xml/common/doc-properties/schema" xmlns:cps="http://www.elsevier.com/xml/common/consyn-properties/schema" xmlns:rdf="http://www.w3.org/1999/02/22-rdf-syntax-ns#" xmlns:dct="http://purl.org/dc/terms/" xmlns:prism="http://prismstandard.org/namespaces/basic/2.0/" xmlns:oa="http://vtw.elsevier.com/data/ns/properties/OpenAccess-1/" xmlns:bam="http://vtw.elsevier.com/data/voc/ns/bam-vtw-1/" xmlns:cp="http://vtw.elsevier.com/data/ns/properties/Copyright-1/" xmlns:cja="http://www.elsevier.com/xml/cja/schema" xmlns:ja="http://www.elsevier.com/xml/ja/schema" xmlns:bk="http://www.elsevier.com/xml/bk/schema" xmlns:ce="http://www.elsevier.com/xml/common/schema" xmlns:mml="http://www.w3.org/1998/Math/MathML" xmlns:cals="http://www.elsevier.com/xml/common/cals/schema" xmlns:tb="http://www.elsevier.com/xml/common/table/schema" xmlns:sa="http://www.elsevier.com/xml/common/struct-aff/schema" xmlns:sb="http://www.elsevier.com/xml/common/struct-bib/schema" xmlns:xlink="http://www.w3.org/1999/xlink"><rdf:RDF><rdf:Description rdf:about="http://dx.doi.org/10.1016/j.dib.2021.107560"><dct:format>application/xml</dct:format><dct:title>Looking at crime-communities and physical spaces: A curated dataset</dct:title><dct:creator>Vanessa Azevedo</dct:creator><dct:creator>Rui Leandro Maia</dct:creator><dct:creator>Maria Jo&#227;o Guerreiro</dct:creator><dct:creator>Gisela Oliveira</dct:creator><dct:creator>Ana Sani</dct:creator><dct:creator>S&#243;nia Caridade</dct:creator><dct:creator>Maria Alzira Pimenta Dinis</dct:creator><dct:creator>Rui Estrada</dct:creator><dct:creator>Daniela Paulo</dct:creator><dct:creator>Mariana Magalh&#227;es</dct:creator><dct:creator>Laura M. Nunes</dct:creator><dct:subject><rdf:Bag><rdf:li>Criminality</rdf:li><rdf:li>Insecurity</rdf:li><rdf:li>Diagnosis of local security</rdf:li><rdf:li>Diagnosis of school environment</rdf:li><rdf:li>School climate</rdf:li><rdf:li>Crime Prevention through Environmental Design</rdf:li><rdf:li>Historic Centre of Porto</rdf:li></rdf:Bag></dct:subject><dct:description>Data in Brief 39 (2021). doi:10.1016/j.dib.2021.107560</dct:description><prism:aggregationType>journal</prism:aggregationType><prism:publicationName>Data in Brief</prism:publicationName><prism:copyright>&#169; 2021 The Author(s). Published by Elsevier Inc.</prism:copyright><dct:publisher>Elsevier Inc.</dct:publisher><prism:issn>2352-3409</prism:issn><prism:volume>39</prism:volume><prism:coverDisplayDate>December 2021</prism:coverDisplayDate><prism:doi>10.1016/j.dib.2021.107560</prism:doi><prism:url>http://dx.doi.org/10.1016/j.dib.2021.107560</prism:url><dct:identifier>doi:10.1016/j.dib.2021.107560</dct:identifier><bam:articleNumber>107560</bam:articleNumber><oa:openAccessInformation><oa:openAccessStatus xmlns:xsi="http://www.w3.org/2001/XMLSchema-instance">http://vtw.elsevier.com/data/voc/oa/OpenAccessStatus#Full</oa:openAccessStatus><oa:openAccessEffective xmlns:xsi="http://www.w3.org/2001/XMLSchema-instance">2021-11-05T11:42:52Z</oa:openAccessEffective><oa:sponsor xmlns:xsi="http://www.w3.org/2001/XMLSchema-instance"><oa:sponsorName>Portugal Institutes</oa:sponsorName><oa:sponsorType>http://vtw.elsevier.com/data/voc/oa/SponsorType#FundingBody</oa:sponsorType></oa:sponsor><oa:userLicense xmlns:xsi="http://www.w3.org/2001/XMLSchema-instance">http://creativecommons.org/licenses/by-nc-nd/4.0/</oa:userLicense></oa:openAccessInformation><cp:licenseLine xmlns:xsi="http://www.w3.org/2001/XMLSchema-instance">This is an open access article under the CC BY-NC-ND license.</cp:licenseLine></rdf:Description></rdf:RDF><dp:document-properties><dp:aggregation-type>Journals</dp:aggregation-type><dp:version-number>S300.1</dp:version-number></dp:document-properties><ja:article docsubtype="dat" version="5.6" xml:lang="en"><ja:item-info><ja:jid>DIB</ja:jid><ja:aid>107560</ja:aid><ce:article-number>107560</ce:article-number><ce:pii>S2352-3409(21)00836-2</ce:pii><ce:doi>10.1016/j.dib.2021.107560</ce:doi><ce:copyright type="other" year="2021">The Author(s)</ce:copyright></ja:item-info><ja:head><ce:dochead id="dchd0001"><ce:textfn id="dhtxt0001">Data Article</ce:textfn></ce:dochead><ce:title id="tte0002">Looking at crime-communities and physical spaces: A curated dataset</ce:title><ce:author-group id="aut0001"><ce:author id="au0001" author-id="S2352340921008362-436abc7e5c38034d763faa6157685a9f" orcid="0000-0003-4850-258X"><ce:given-name>Vanessa</ce:given-name><ce:surname>Azevedo</ce:surname><ce:contributor-role role="http://credit.niso.org/contributor-roles/conceptualization">Conceptualization</ce:contributor-role><ce:contributor-role role="http://credit.niso.org/contributor-roles/methodology">Methodology</ce:contributor-role><ce:contributor-role role="http://credit.niso.org/contributor-roles/data-curation">Data curation</ce:contributor-role><ce:contributor-role role="http://credit.niso.org/contributor-roles/writing-review-editing">Writing &#x2013; review &amp; editing</ce:contributor-role><ce:contributor-role role="http://credit.niso.org/contributor-roles/writing-original-draft">Writing &#x2013; original draft</ce:contributor-role><ce:cross-ref refid="aff0001"><ce:sup loc="post">a</ce:sup></ce:cross-ref><ce:cross-ref refid="cor0001"><ce:sup loc="post">&#x204e;</ce:sup></ce:cross-ref><ce:e-address id="ead0001" type="email" xlink:href="mailto:vazevedo@ufp.edu.pt">vazevedo@ufp.edu.pt</ce:e-address></ce:author><ce:author id="au0002" author-id="S2352340921008362-fa55d2041203ad319ebf6e13e22e90e2"><ce:given-name>Rui Leandro</ce:given-name><ce:surname>Maia</ce:surname><ce:contributor-role role="http://credit.niso.org/contributor-roles/conceptualization">Conceptualization</ce:contributor-role><ce:contributor-role role="http://credit.niso.org/contributor-roles/methodology">Methodology</ce:contributor-role><ce:contributor-role role="http://credit.niso.org/contributor-roles/data-curation">Data curation</ce:contributor-role><ce:contributor-role role="http://credit.niso.org/contributor-roles/writing-review-editing">Writing &#x2013; review &amp; editing</ce:contributor-role><ce:contributor-role role="http://credit.niso.org/contributor-roles/writing-original-draft">Writing &#x2013; original draft</ce:contributor-role><ce:cross-ref refid="aff0001"><ce:sup loc="post">a</ce:sup></ce:cross-ref></ce:author><ce:author id="au0003" author-id="S2352340921008362-4761ae752cad9ab129d1207768d68dce" orcid="0000-0001-6774-9348"><ce:given-name>Maria Jo&#227;o</ce:given-name><ce:surname>Guerreiro</ce:surname><ce:contributor-role role="http://credit.niso.org/contributor-roles/conceptualization">Conceptualization</ce:contributor-role><ce:contributor-role role="http://credit.niso.org/contributor-roles/methodology">Methodology</ce:contributor-role><ce:contributor-role role="http://credit.niso.org/contributor-roles/data-curation">Data curation</ce:contributor-role><ce:contributor-role role="http://credit.niso.org/contributor-roles/writing-review-editing">Writing &#x2013; review &amp; editing</ce:contributor-role><ce:cross-ref refid="aff0001"><ce:sup loc="post">a</ce:sup></ce:cross-ref><ce:cross-ref refid="aff0002"><ce:sup loc="post">b</ce:sup></ce:cross-ref></ce:author><ce:author id="au0004" author-id="S2352340921008362-916dba25ec21c81a93fbbfc6baf3bf85" orcid="0000-0003-1803-6098"><ce:given-name>Gisela</ce:given-name><ce:surname>Oliveira</ce:surname><ce:contributor-role role="http://credit.niso.org/contributor-roles/conceptualization">Conceptualization</ce:contributor-role><ce:contributor-role role="http://credit.niso.org/contributor-roles/methodology">Methodology</ce:contributor-role><ce:contributor-role role="http://credit.niso.org/contributor-roles/data-curation">Data curation</ce:contributor-role><ce:contributor-role role="http://credit.niso.org/contributor-roles/writing-review-editing">Writing &#x2013; review &amp; editing</ce:contributor-role><ce:cross-ref refid="aff0002"><ce:sup loc="post">b</ce:sup></ce:cross-ref></ce:author><ce:author id="au0005" author-id="S2352340921008362-923fcd680c521f029b8755e0c32dd29f" orcid="0000-0003-1776-2442"><ce:given-name>Ana</ce:given-name><ce:surname>Sani</ce:surname><ce:contributor-role role="http://credit.niso.org/contributor-roles/conceptualization">Conceptualization</ce:contributor-role><ce:contributor-role role="http://credit.niso.org/contributor-roles/methodology">Methodology</ce:contributor-role><ce:contributor-role role="http://credit.niso.org/contributor-roles/writing-review-editing">Writing &#x2013; review &amp; editing</ce:contributor-role><ce:contributor-role role="http://credit.niso.org/contributor-roles/writing-original-draft">Writing &#x2013; original draft</ce:contributor-role><ce:cross-ref refid="aff0001"><ce:sup loc="post">a</ce:sup></ce:cross-ref><ce:cross-ref refid="aff0003"><ce:sup loc="post">c</ce:sup></ce:cross-ref></ce:author><ce:author id="au0006" author-id="S2352340921008362-bec9d283894442d160f752eb41a1445d" orcid="0000-0003-0387-7900"><ce:given-name>S&#243;nia</ce:given-name><ce:surname>Caridade</ce:surname><ce:contributor-role role="http://credit.niso.org/contributor-roles/writing-review-editing">Writing &#x2013; review &amp; editing</ce:contributor-role><ce:contributor-role role="http://credit.niso.org/contributor-roles/writing-original-draft">Writing &#x2013; original draft</ce:contributor-role><ce:cross-ref refid="aff0001"><ce:sup loc="post">a</ce:sup></ce:cross-ref><ce:cross-ref refid="aff0004"><ce:sup loc="post">d</ce:sup></ce:cross-ref></ce:author><ce:author id="au0007" author-id="S2352340921008362-be72c91e179109ec3bc48a46889a7174" orcid="0000-0002-2198-6740"><ce:given-name>Maria Alzira Pimenta</ce:given-name><ce:surname>Dinis</ce:surname><ce:contributor-role role="http://credit.niso.org/contributor-roles/writing-review-editing">Writing &#x2013; review &amp; editing</ce:contributor-role><ce:contributor-role role="http://credit.niso.org/contributor-roles/writing-original-draft">Writing &#x2013; original draft</ce:contributor-role><ce:cross-ref refid="aff0001"><ce:sup loc="post">a</ce:sup></ce:cross-ref><ce:cross-ref refid="aff0002"><ce:sup loc="post">b</ce:sup></ce:cross-ref></ce:author><ce:author id="au0008" author-id="S2352340921008362-ac1e03ba666a61a072cf53d38de3d5ec" orcid="0000-0002-8076-6692"><ce:given-name>Rui</ce:given-name><ce:surname>Estrada</ce:surname><ce:contributor-role role="http://credit.niso.org/contributor-roles/writing-review-editing">Writing &#x2013; review &amp; editing</ce:contributor-role><ce:contributor-role role="http://credit.niso.org/contributor-roles/writing-original-draft">Writing &#x2013; original draft</ce:contributor-role><ce:cross-ref refid="aff0001"><ce:sup loc="post">a</ce:sup></ce:cross-ref></ce:author><ce:author id="au0009" author-id="S2352340921008362-5f7c685b87e9a356b33933124adc4308" orcid="0000-0001-8576-3362"><ce:given-name>Daniela</ce:given-name><ce:surname>Paulo</ce:surname><ce:contributor-role role="http://credit.niso.org/contributor-roles/methodology">Methodology</ce:contributor-role><ce:contributor-role role="http://credit.niso.org/contributor-roles/data-curation">Data curation</ce:contributor-role><ce:contributor-role role="http://credit.niso.org/contributor-roles/writing-review-editing">Writing &#x2013; review &amp; editing</ce:contributor-role><ce:cross-ref refid="aff0001"><ce:sup loc="post">a</ce:sup></ce:cross-ref></ce:author><ce:author id="au0010" author-id="S2352340921008362-e3da48a28e67e8d05108bc5a61caeb18" orcid="0000-0003-1392-4176"><ce:given-name>Mariana</ce:given-name><ce:surname>Magalh&#227;es</ce:surname><ce:contributor-role role="http://credit.niso.org/contributor-roles/writing-review-editing">Writing &#x2013; review &amp; editing</ce:contributor-role><ce:cross-ref refid="aff0001"><ce:sup loc="post">a</ce:sup></ce:cross-ref></ce:author><ce:author id="au0011" author-id="S2352340921008362-e01e577a6c904c91da674057f56f9ed5"><ce:given-name>Laura M.</ce:given-name><ce:surname>Nunes</ce:surname><ce:contributor-role role="http://credit.niso.org/contributor-roles/conceptualization">Conceptualization</ce:contributor-role><ce:contributor-role role="http://credit.niso.org/contributor-roles/methodology">Methodology</ce:contributor-role><ce:contributor-role role="http://credit.niso.org/contributor-roles/writing-original-draft">Writing &#x2013; original draft</ce:contributor-role><ce:cross-ref refid="aff0001"><ce:sup loc="post">a</ce:sup></ce:cross-ref><ce:cross-ref refid="aff0005"><ce:sup loc="post">e</ce:sup></ce:cross-ref><ce:cross-ref refid="cor0001"><ce:sup loc="post">&#x204e;</ce:sup></ce:cross-ref><ce:e-address id="ead0002" type="email" xlink:href="mailto:lnunes@ufp.edu.pt">lnunes@ufp.edu.pt</ce:e-address></ce:author><ce:affiliation id="aff0001" affiliation-id="S2352340921008362-9376b15db24b5c5c7b6ac9a4064ed604"><ce:label>a</ce:label><ce:textfn id="cetextfn0001">Permanent Observatory of Violence and Crime (OPVC) at UFP, University Fernando Pessoa (UFP), Porto, Portugal</ce:textfn><sa:affiliation><sa:organization>Permanent Observatory of Violence and Crime (OPVC) at UFP, University Fernando Pessoa (UFP)</sa:organization><sa:city>Porto</sa:city><sa:country>Portugal</sa:country></sa:affiliation><ce:source-text id="staff0001">aPermanent Observatory of Violence and Crime (OPVC) at UFP, University Fernando Pessoa (UFP), Porto, Portugal</ce:source-text></ce:affiliation><ce:affiliation id="aff0002" affiliation-id="S2352340921008362-c1d8e6abd3001f51a2e52dcaff822002"><ce:label>b</ce:label><ce:textfn id="cetextfn0002">UFP Energy, Environment and Health Research Unit (FP-ENAS), University Fernando Pessoa (UFP), Pra&#231;a 9 de Abril 349, Porto 4249-004, Portugal</ce:textfn><sa:affiliation><sa:organization>UFP Energy</sa:organization><sa:organization>Environment and Health Research Unit (FP-ENAS)</sa:organization><sa:organization>University Fernando Pessoa (UFP)</sa:organization><sa:address-line>Pra&#231;a 9 de Abril 349</sa:address-line><sa:city>Porto</sa:city><sa:postal-code>4249-004</sa:postal-code><sa:country>Portugal</sa:country></sa:affiliation><ce:source-text id="staff0002">bUFP Energy, Environment and Health Research Unit (FP-ENAS), University Fernando Pessoa (UFP), Pra&#231;a 9 de Abril 349, Porto 4249-004, Portugal</ce:source-text></ce:affiliation><ce:affiliation id="aff0003" affiliation-id="S2352340921008362-c9f80cd766beb6b30ef953f2e248d422"><ce:label>c</ce:label><ce:textfn id="cetextfn0003">Research Center on Child Studies (CIEC), University of Minho (UM), Braga, Portugal</ce:textfn><sa:affiliation><sa:organization>Research Center on Child Studies (CIEC)</sa:organization><sa:organization>University of Minho (UM)</sa:organization><sa:city>Braga</sa:city><sa:country>Portugal</sa:country></sa:affiliation><ce:source-text id="staff0003">cResearch Center on Child Studies (CIEC), University of Minho (UM), Braga, Portugal</ce:source-text></ce:affiliation><ce:affiliation id="aff0004" affiliation-id="S2352340921008362-c3728dc6142e02a311294e66c90e4ecb"><ce:label>d</ce:label><ce:textfn id="cetextfn0004">Interdisciplinary Center for Gender Studies (CIEG) of the Higher Institute of Social and Political Sciences of the University of Lisbon (ISCSP-UL), Lisboa, Portugal</ce:textfn><sa:affiliation><sa:organization>Interdisciplinary Center for Gender Studies (CIEG) of the Higher Institute of Social and Political Sciences of the University of Lisbon (ISCSP-UL)</sa:organization><sa:city>Lisboa</sa:city><sa:country>Portugal</sa:country></sa:affiliation><ce:source-text id="staff0004">dInterdisciplinary Center for Gender Studies (CIEG) of the Higher Institute of Social and Political Sciences of the University of Lisbon (ISCSP-UL), Lisboa, Portugal</ce:source-text></ce:affiliation><ce:affiliation id="aff0005" affiliation-id="S2352340921008362-35d3a73c0ee04a92254a8b1a113af324"><ce:label>e</ce:label><ce:textfn id="cetextfn0005">Research Centre for Justice and Governance (JusGov), University of Minho (UM), Braga, Portugal</ce:textfn><sa:affiliation><sa:organization>Research Centre for Justice and Governance (JusGov)</sa:organization><sa:organization>University of Minho (UM)</sa:organization><sa:city>Braga</sa:city><sa:country>Portugal</sa:country></sa:affiliation><ce:source-text id="staff0005">eResearch Centre for Justice and Governance (JusGov), University of Minho (UM), Braga, Portugal</ce:source-text></ce:affiliation><ce:correspondence id="cor0001"><ce:label>&#x204e;</ce:label><ce:text id="cetext0001">Corresponding authors at: Permanent Observatory of Violence and Crime (OPVC) at UFP, University Fernando Pessoa (UFP), Porto, Portugal.</ce:text><sa:affiliation><sa:organization>Permanent Observatory of Violence and Crime (OPVC) at UFP, University Fernando Pessoa (UFP)</sa:organization><sa:city>Porto</sa:city><sa:country>Portugal</sa:country></sa:affiliation></ce:correspondence></ce:author-group><ce:date-received day="20" month="8" year="2021"/><ce:date-revised day="3" month="11" year="2021"/><ce:date-accepted day="5" month="11" year="2021"/><ce:abstract id="abs0001" view="all" class="author"><ce:section-title id="cesectitle0001">Abstract</ce:section-title><ce:abstract-sec id="abss0001" view="all"><ce:simple-para id="spara002" view="all">This article describes a curated dataset entitled &#x201c;Looking at Crime: Communities and Physical Spaces&#x201d;, which comprises data from different sources, namely Diagnosis of Local Security (DLS), Diagnosis of School Environment (DSE) and observation of physical spaces. The main topic covered was crime and related variables at the Historic Centre of Porto (HCP), a well-known urban area located in the North of Portugal. It is currently attended by inhabitants, workers, students and tourists. This dataset includes i) data from two different self-reports: i.1) demographics, perception of (in)security, victimization, social control and community cohesion obtained through an inquiry applied to the adult community; and i.2) data from school climate and students behavioural problems, which may be seen as risk factors for juvenile delinquency, collected through a web-survey applied to school personnel; and ii) data from observation of physical spaces, attending to the Crime Prevention through Environmental Design (CPTED) principles. The dataset allows descriptive and inferential statistical analyses, being useful for students, academics, stakeholders, police forces and policy-makers, to better understand crime and its related variables, forecast criminal incidents, and further develop associated preventive and intervention programmes.</ce:simple-para></ce:abstract-sec></ce:abstract><ce:keywords id="keys0001" view="all" class="keyword"><ce:section-title id="cesectitle0002">Keywords</ce:section-title><ce:keyword id="key0001"><ce:text id="cetext0002">Criminality</ce:text></ce:keyword><ce:keyword id="key0002"><ce:text id="cetext0003">Insecurity</ce:text></ce:keyword><ce:keyword id="key0003"><ce:text id="cetext0004">Diagnosis of local security</ce:text></ce:keyword><ce:keyword id="key0004"><ce:text id="cetext0005">Diagnosis of school environment</ce:text></ce:keyword><ce:keyword id="key0005"><ce:text id="cetext0006">School climate</ce:text></ce:keyword><ce:keyword id="key0006"><ce:text id="cetext0007">Crime Prevention through Environmental Design</ce:text></ce:keyword><ce:keyword id="key0007"><ce:text id="cetext0008">Historic Centre of Porto</ce:text></ce:keyword></ce:keywords></ja:head></ja:article></doc:document>
