<doc:document xmlns:doc="http://www.elsevier.com/xml/document/schema" xmlns:dp="http://www.elsevier.com/xml/common/doc-properties/schema" xmlns:cps="http://www.elsevier.com/xml/common/consyn-properties/schema" xmlns:rdf="http://www.w3.org/1999/02/22-rdf-syntax-ns#" xmlns:dct="http://purl.org/dc/terms/" xmlns:prism="http://prismstandard.org/namespaces/basic/2.0/" xmlns:oa="http://vtw.elsevier.com/data/ns/properties/OpenAccess-1/" xmlns:bam="http://vtw.elsevier.com/data/voc/ns/bam-vtw-1/" xmlns:cp="http://vtw.elsevier.com/data/ns/properties/Copyright-1/" xmlns:cja="http://www.elsevier.com/xml/cja/schema" xmlns:ja="http://www.elsevier.com/xml/ja/schema" xmlns:bk="http://www.elsevier.com/xml/bk/schema" xmlns:ce="http://www.elsevier.com/xml/common/schema" xmlns:mml="http://www.w3.org/1998/Math/MathML" xmlns:cals="http://www.elsevier.com/xml/common/cals/schema" xmlns:tb="http://www.elsevier.com/xml/common/table/schema" xmlns:sa="http://www.elsevier.com/xml/common/struct-aff/schema" xmlns:sb="http://www.elsevier.com/xml/common/struct-bib/schema" xmlns:xlink="http://www.w3.org/1999/xlink"><rdf:RDF><rdf:Description rdf:about="http://dx.doi.org/10.1016/j.dib.2021.107635"><dct:format>application/xml</dct:format><dct:title>Human electrocortical, electromyographical, ocular, and kinematic data during perturbed walking and standing</dct:title><dct:creator>Steven M. Peterson</dct:creator><dct:creator>Daniel P. Ferris</dct:creator><dct:subject><rdf:Bag><rdf:li>Mobile brain/body imaging</rdf:li><rdf:li>Electroencephalography</rdf:li><rdf:li>Electromyography</rdf:li><rdf:li>Electrooculography</rdf:li><rdf:li>Motion capture</rdf:li><rdf:li>Independent component analysis</rdf:li></rdf:Bag></dct:subject><dct:description>Data in Brief 39 (2021). doi:10.1016/j.dib.2021.107635</dct:description><prism:aggregationType>journal</prism:aggregationType><prism:publicationName>Data in Brief</prism:publicationName><prism:copyright>&#169; 2021 The Author(s). Published by Elsevier Inc.</prism:copyright><dct:publisher>Elsevier Inc.</dct:publisher><prism:issn>2352-3409</prism:issn><prism:volume>39</prism:volume><prism:coverDisplayDate>December 2021</prism:coverDisplayDate><prism:doi>10.1016/j.dib.2021.107635</prism:doi><prism:url>http://dx.doi.org/10.1016/j.dib.2021.107635</prism:url><dct:identifier>doi:10.1016/j.dib.2021.107635</dct:identifier><bam:articleNumber>107635</bam:articleNumber><oa:openAccessInformation><oa:openAccessStatus xmlns:xsi="http://www.w3.org/2001/XMLSchema-instance">http://vtw.elsevier.com/data/voc/oa/OpenAccessStatus#Full</oa:openAccessStatus><oa:openAccessEffective xmlns:xsi="http://www.w3.org/2001/XMLSchema-instance">2021-11-23T09:10:23Z</oa:openAccessEffective><oa:sponsor xmlns:xsi="http://www.w3.org/2001/XMLSchema-instance"><oa:sponsorType>http://vtw.elsevier.com/data/voc/oa/SponsorType#Author</oa:sponsorType></oa:sponsor><oa:userLicense xmlns:xsi="http://www.w3.org/2001/XMLSchema-instance">http://creativecommons.org/licenses/by/4.0/</oa:userLicense></oa:openAccessInformation><cp:licenseLine xmlns:xsi="http://www.w3.org/2001/XMLSchema-instance">This is an open access article under the CC BY license.</cp:licenseLine></rdf:Description></rdf:RDF><dp:document-properties><dp:aggregation-type>Journals</dp:aggregation-type><dp:version-number>S300.1</dp:version-number></dp:document-properties><ja:article docsubtype="dat" xml:lang="en" version="5.6"><ja:item-info><ja:jid>DIB</ja:jid><ja:aid>107635</ja:aid><ce:article-number>107635</ce:article-number><ce:pii>S2352-3409(21)00910-0</ce:pii><ce:doi>10.1016/j.dib.2021.107635</ce:doi><ce:copyright type="other" year="2021">The Author(s)</ce:copyright></ja:item-info><ja:head><ce:dochead id="dh1"><ce:textfn id="textfn0001">Data Article</ce:textfn></ce:dochead><ce:title id="ct0001">Human electrocortical, electromyographical, ocular, and kinematic data during perturbed walking and standing</ce:title><ce:short-title id="stitle0010">Human electrocortical, electromyographical, ocular, and kinematic data during perturbed walking and standing</ce:short-title><ce:author-group id="aut0001"><ce:author id="au0001" author-id="S2352340921009100-5f490c4905402c4db3aa740264078105" orcid="0000-0003-0782-5788"><ce:given-name>Steven M.</ce:given-name><ce:surname>Peterson</ce:surname><ce:contributor-role role="http://credit.niso.org/contributor-roles/conceptualization">Conceptualization</ce:contributor-role><ce:contributor-role role="http://credit.niso.org/contributor-roles/methodology">Methodology</ce:contributor-role><ce:contributor-role role="http://credit.niso.org/contributor-roles/software">Software</ce:contributor-role><ce:contributor-role role="http://credit.niso.org/contributor-roles/validation">Validation</ce:contributor-role><ce:contributor-role role="http://credit.niso.org/contributor-roles/data-curation">Data curation</ce:contributor-role><ce:contributor-role role="http://credit.niso.org/contributor-roles/visualization">Visualization</ce:contributor-role><ce:contributor-role role="http://credit.niso.org/contributor-roles/writing-original-draft">Writing &#x2013; original draft</ce:contributor-role><ce:contributor-role role="http://credit.niso.org/contributor-roles/writing-review-editing">Writing &#x2013; review &amp; editing</ce:contributor-role><ce:cross-ref refid="cor0001"><ce:sup loc="post">&#x204e;</ce:sup></ce:cross-ref><ce:cross-ref refid="aff0001"><ce:sup loc="post">a</ce:sup></ce:cross-ref><ce:e-address type="email" xlink:href="mailto:stepeter@umich.edu" id="ead0001">stepeter@umich.edu</ce:e-address><ce:e-address id="ea3" type="social-media" xlink:href="https://twitter.com/stevenmpeterson">@stevenmpeterson</ce:e-address></ce:author><ce:author id="au0002" author-id="S2352340921009100-02b44305bd88c9cfa7d3756ebfa8b301" orcid="0000-0001-6373-6021"><ce:given-name>Daniel P.</ce:given-name><ce:surname>Ferris</ce:surname><ce:contributor-role role="http://credit.niso.org/contributor-roles/conceptualization">Conceptualization</ce:contributor-role><ce:contributor-role role="http://credit.niso.org/contributor-roles/writing-review-editing">Writing &#x2013; review &amp; editing</ce:contributor-role><ce:cross-ref refid="aff0002"><ce:sup loc="post">b</ce:sup></ce:cross-ref><ce:e-address id="ea3a" type="social-media" xlink:href="https://twitter.com/Ferris_vball">@Ferris_vball</ce:e-address></ce:author><ce:affiliation id="aff0001" affiliation-id="S2352340921009100-00875a2c91d36298eeffbfc2dd2b1222"><ce:label>a</ce:label><ce:textfn id="textfn0002">Department of Biology, University of Washington, Seattle 98195, USA</ce:textfn><sa:affiliation><sa:organization>Department of Biology</sa:organization><sa:organization>University of Washington</sa:organization><sa:city>Seattle</sa:city><sa:postal-code>98195</sa:postal-code><sa:country>USA</sa:country></sa:affiliation><ce:source-text id="st0001">Department of Biology, University of Washington, Seattle 98195, USA</ce:source-text></ce:affiliation><ce:affiliation id="aff0002" affiliation-id="S2352340921009100-8aa079f25f3d1aafe15f0d3e37d6190b"><ce:label>b</ce:label><ce:textfn id="textfn0003">Department of Biomedical Engineering, University of Florida, J. Crayton Pruitt Family, Gainesville 32611, USA</ce:textfn><sa:affiliation><sa:organization>Department of Biomedical Engineering</sa:organization><sa:organization>University of Florida, J. Crayton Pruitt Family</sa:organization><sa:city>Gainesville</sa:city><sa:postal-code>32611</sa:postal-code><sa:country>USA</sa:country></sa:affiliation><ce:source-text id="st0002">Department of Biomedical Engineering, University of Florida, J. Crayton Pruitt Family, Gainesville 32611, USA</ce:source-text></ce:affiliation><ce:correspondence id="cor0001"><ce:label>&#x204e;</ce:label><ce:text id="cor1">Corresponding author.</ce:text></ce:correspondence></ce:author-group><ce:date-received day="11" month="10" year="2021"/><ce:date-revised day="15" month="11" year="2021"/><ce:date-accepted day="22" month="11" year="2021"/><ce:abstract id="abs0001" class="author" view="all"><ce:section-title id="sctt0001">Abstract</ce:section-title><ce:abstract-sec id="abssec0001" view="all"><ce:simple-para id="sp0001" view="all">Active balance control is critical for performing many of our everyday activities. Our nervous systems rely on multiple sensory inputs to inform cortical processing, leading to coordinated muscle actions that maintain balance. However, such cortical processing can be challenging to record during mobile balance tasks due to limitations in noninvasive neuroimaging and motion artifact contamination. Here, we present a synchronized, multi-modal dataset from 30 healthy, young human participants during standing and walking while undergoing brief sensorimotor perturbations. Our dataset includes 20 total hours of high-density electroencephalography (EEG) recorded from 128 scalp electrodes, along with surface electromyography (EMG) from 10 neck and leg electrodes, electrooculography (EOG) recorded from 3 electrodes, and 3D body position from 2 sensors. In addition, we include <mml:math altimg="si1.svg"><mml:mo>&#x223c;</mml:mo></mml:math>18000 total balance perturbation events across participants. To facilitate data reuse, we share this dataset in the Brain Imaging Data Structure (BIDS) data standard and publicly release code that replicates our previous event-related findings.</ce:simple-para></ce:abstract-sec></ce:abstract><ce:keywords id="keys0001" class="keyword" view="all"><ce:section-title id="sctt0002">Keywords</ce:section-title><ce:keyword id="key0002"><ce:text id="txt0001">Mobile brain/body imaging</ce:text></ce:keyword><ce:keyword id="key0003"><ce:text id="txt0002">Electroencephalography</ce:text></ce:keyword><ce:keyword id="key0004"><ce:text id="txt0003">Electromyography</ce:text></ce:keyword><ce:keyword id="key0005"><ce:text id="txt0004">Electrooculography</ce:text></ce:keyword><ce:keyword id="key0006"><ce:text id="txt0005">Motion capture</ce:text></ce:keyword><ce:keyword id="key0007"><ce:text id="txt0006">Independent component analysis</ce:text></ce:keyword></ce:keywords></ja:head></ja:article></doc:document>
