<doc:document xmlns:doc="http://www.elsevier.com/xml/document/schema" xmlns:dp="http://www.elsevier.com/xml/common/doc-properties/schema" xmlns:cps="http://www.elsevier.com/xml/common/consyn-properties/schema" xmlns:rdf="http://www.w3.org/1999/02/22-rdf-syntax-ns#" xmlns:dct="http://purl.org/dc/terms/" xmlns:prism="http://prismstandard.org/namespaces/basic/2.0/" xmlns:oa="http://vtw.elsevier.com/data/ns/properties/OpenAccess-1/" xmlns:bam="http://vtw.elsevier.com/data/voc/ns/bam-vtw-1/" xmlns:cp="http://vtw.elsevier.com/data/ns/properties/Copyright-1/" xmlns:cja="http://www.elsevier.com/xml/cja/schema" xmlns:ja="http://www.elsevier.com/xml/ja/schema" xmlns:bk="http://www.elsevier.com/xml/bk/schema" xmlns:ce="http://www.elsevier.com/xml/common/schema" xmlns:mml="http://www.w3.org/1998/Math/MathML" xmlns:cals="http://www.elsevier.com/xml/common/cals/schema" xmlns:tb="http://www.elsevier.com/xml/common/table/schema" xmlns:sa="http://www.elsevier.com/xml/common/struct-aff/schema" xmlns:sb="http://www.elsevier.com/xml/common/struct-bib/schema" xmlns:xlink="http://www.w3.org/1999/xlink"><rdf:RDF><rdf:Description rdf:about="http://dx.doi.org/10.1016/j.phyplu.2022.100230"><dct:format>application/xml</dct:format><dct:title>The effects of ethanolic extract of the leaves of Erythroxylum mucronatum (Benth.) (Erythroxylaceae) on strength and muscle performance of resistance trained rats</dct:title><dct:creator>Elizabete Silva-Filha</dct:creator><dct:creator>Nathanielly L. Silva</dct:creator><dct:creator>Fabr&#237;cio N. Macedo</dct:creator><dct:creator>Luiz &#205;caro C. Santos</dct:creator><dct:creator>Andreza S. Santos</dct:creator><dct:creator>M&#225;rcio R.V. Santos</dct:creator><dct:creator>Marcelo C. Duarte</dct:creator><dct:creator>C&#237;cero F.S. Arag&#227;o</dct:creator><dct:creator>Fernando H.A. Nogueira</dct:creator><dct:creator>Adley A.N. de Lima</dct:creator><dct:creator>Gokhan Zengin</dct:creator><dct:creator>Henrique Douglas Melo Coutinho</dct:creator><dct:creator>Dulce M.S. Mascarenhas Lima</dct:creator><dct:creator>Jullyana S.S. Quintans</dct:creator><dct:creator>Lucindo J. Quintans-J&#250;nior</dct:creator><dct:subject><rdf:Bag><rdf:li>Resistance Training</rdf:li><rdf:li>Physical Conditioning</rdf:li><rdf:li>Antioxidant</rdf:li><rdf:li>Enzyme Inhibitory</rdf:li><rdf:li>Dietary Supplements</rdf:li></rdf:Bag></dct:subject><dct:description>Phytomedicine Plus, Journal Pre-proof. doi:10.1016/j.phyplu.2022.100230</dct:description><prism:aggregationType>journal</prism:aggregationType><prism:publicationName>Phytomedicine Plus</prism:publicationName><prism:copyright>&#169; 2022 The Author(s). Published by Elsevier B.V.</prism:copyright><dct:publisher>Elsevier B.V.</dct:publisher><prism:issn>2667-0313</prism:issn><prism:doi>10.1016/j.phyplu.2022.100230</prism:doi><prism:url>http://dx.doi.org/10.1016/j.phyplu.2022.100230</prism:url><dct:identifier>doi:10.1016/j.phyplu.2022.100230</dct:identifier><bam:articleNumber>100230</bam:articleNumber><oa:openAccessInformation><oa:openAccessStatus xmlns:xsi="http://www.w3.org/2001/XMLSchema-instance">http://vtw.elsevier.com/data/voc/oa/OpenAccessStatus#Full</oa:openAccessStatus><oa:openAccessEffective xmlns:xsi="http://www.w3.org/2001/XMLSchema-instance">2022-01-26T06:40:09Z</oa:openAccessEffective><oa:sponsor xmlns:xsi="http://www.w3.org/2001/XMLSchema-instance"><oa:sponsorType>http://vtw.elsevier.com/data/voc/oa/SponsorType#Author</oa:sponsorType></oa:sponsor><oa:userLicense xmlns:xsi="http://www.w3.org/2001/XMLSchema-instance">http://creativecommons.org/licenses/by-nc-nd/4.0/</oa:userLicense></oa:openAccessInformation><cp:licenseLine xmlns:xsi="http://www.w3.org/2001/XMLSchema-instance">This is an open access article under the CC BY-NC-ND license.</cp:licenseLine></rdf:Description></rdf:RDF><dp:document-properties><dp:aggregation-type>Journals</dp:aggregation-type><dp:version-number>S5.1</dp:version-number></dp:document-properties><ja:article docsubtype="fla" version="5.6" xml:lang="en"><ja:item-info><ja:jid>PHYPLU</ja:jid><ja:aid>100230</ja:aid><ce:article-number>100230</ce:article-number><ce:pii>S2667-0313(22)00016-1</ce:pii><ce:doi>10.1016/j.phyplu.2022.100230</ce:doi><ce:copyright type="unknown" year="2022"/></ja:item-info><ja:head><ce:title id="tte0002">The effects of ethanolic extract of the leaves of <ce:italic>Erythroxylum mucronatum</ce:italic> (Benth.) (Erythroxylaceae) on strength and muscle performance of resistance trained rats</ce:title><ce:author-group id="aut0001"><ce:author id="au0001" author-id="S2667031322000161-44063e445f30b0613289ede560516791"><ce:given-name>Elizabete</ce:given-name><ce:surname>Silva-Filha</ce:surname><ce:cross-ref refid="aff0001"><ce:sup loc="post">a</ce:sup></ce:cross-ref></ce:author><ce:author id="au0002" author-id="S2667031322000161-af20a9d9616ae47109a12f579df29542"><ce:given-name>Nathanielly L.</ce:given-name><ce:surname>Silva</ce:surname><ce:cross-ref refid="aff0001"><ce:sup loc="post">a</ce:sup></ce:cross-ref></ce:author><ce:author id="au0003" author-id="S2667031322000161-43c83ecdb3b1f28999d33b6e6c4785d8"><ce:given-name>Fabr&#237;cio N.</ce:given-name><ce:surname>Macedo</ce:surname><ce:cross-ref refid="aff0001"><ce:sup loc="post">a</ce:sup></ce:cross-ref><ce:cross-ref refid="aff0004"><ce:sup loc="post">d</ce:sup></ce:cross-ref></ce:author><ce:author id="au0004" author-id="S2667031322000161-1b5c49d6b5f58ff5cfdea9f4496164cc"><ce:given-name>Luiz &#205;caro C.</ce:given-name><ce:surname>Santos</ce:surname><ce:cross-ref refid="aff0002"><ce:sup loc="post">b</ce:sup></ce:cross-ref></ce:author><ce:author id="au0005" author-id="S2667031322000161-e9c36ddf64b7300b8aaa4ebcda60f405"><ce:given-name>Andreza S.</ce:given-name><ce:surname>Santos</ce:surname><ce:cross-ref refid="aff0002"><ce:sup loc="post">b</ce:sup></ce:cross-ref></ce:author><ce:author id="au0006" author-id="S2667031322000161-bdf218f27d342a31aac43f3508bd0006"><ce:given-name>M&#225;rcio R.V.</ce:given-name><ce:surname>Santos</ce:surname><ce:cross-ref refid="aff0001"><ce:sup loc="post">a</ce:sup></ce:cross-ref></ce:author><ce:author id="au0007" author-id="S2667031322000161-350578e5048ac5837d6a4882c06f156c"><ce:given-name>Marcelo C.</ce:given-name><ce:surname>Duarte</ce:surname><ce:cross-ref refid="aff0003"><ce:sup loc="post">c</ce:sup></ce:cross-ref></ce:author><ce:author id="au0008" author-id="S2667031322000161-3833596555d909efe3f25b2fe31e9bc2"><ce:given-name>C&#237;cero F.S.</ce:given-name><ce:surname>Arag&#227;o</ce:surname><ce:cross-ref refid="aff0005"><ce:sup loc="post">e</ce:sup></ce:cross-ref></ce:author><ce:author id="au0009" author-id="S2667031322000161-3e42c10fd15965274be9fef2a3f6d8ae"><ce:given-name>Fernando H.A.</ce:given-name><ce:surname>Nogueira</ce:surname><ce:cross-ref refid="aff0005"><ce:sup loc="post">e</ce:sup></ce:cross-ref></ce:author><ce:author id="au0010" author-id="S2667031322000161-f2bbf3c3087c9963ae668b9a3cdbc784"><ce:given-name>Adley A.N.</ce:given-name><ce:surname>de Lima</ce:surname><ce:cross-ref refid="aff0005"><ce:sup loc="post">e</ce:sup></ce:cross-ref></ce:author><ce:author id="au0011" author-id="S2667031322000161-7e8015231d62bd56aa6099cc638940fc"><ce:given-name>Gokhan</ce:given-name><ce:surname>Zengin</ce:surname><ce:cross-ref refid="aff0006"><ce:sup loc="post">f</ce:sup></ce:cross-ref></ce:author><ce:author id="au0012" author-id="S2667031322000161-e46487a1d5d9c236ac1030d0f7ad47ee"><ce:given-name>Henrique Douglas Melo</ce:given-name><ce:surname>Coutinho</ce:surname><ce:cross-ref refid="aff0007"><ce:sup loc="post">g</ce:sup></ce:cross-ref><ce:cross-ref refid="cor0001"><ce:sup loc="post">&#x204e;</ce:sup></ce:cross-ref><ce:e-address id="ead0001" type="email" xlink:href="mailto:hdmcoutinho@gmail.com">hdmcoutinho@gmail.com</ce:e-address></ce:author><ce:author id="au0013" author-id="S2667031322000161-8d0a9fa0dce5a242bd861eaef4c7b0c1"><ce:given-name>Dulce M.S. Mascarenhas</ce:given-name><ce:surname>Lima</ce:surname><ce:cross-ref refid="aff0003"><ce:sup loc="post">c</ce:sup></ce:cross-ref></ce:author><ce:author id="au0014" author-id="S2667031322000161-60645b30a6fbc367186ebe19db3f2868"><ce:given-name>Jullyana S.S.</ce:given-name><ce:surname>Quintans</ce:surname><ce:cross-ref refid="aff0001"><ce:sup loc="post">a</ce:sup></ce:cross-ref></ce:author><ce:author id="au0015" author-id="S2667031322000161-117648352e941566db4eed13b2f3a65d"><ce:given-name>Lucindo J.</ce:given-name><ce:surname>Quintans-J&#250;nior</ce:surname><ce:cross-ref refid="aff0001"><ce:sup loc="post">a</ce:sup></ce:cross-ref><ce:cross-ref refid="cor0001"><ce:sup loc="post">&#x204e;</ce:sup></ce:cross-ref><ce:e-address id="ead0002" type="email" xlink:href="mailto:lucindo@academico.ufs.br">lucindo@academico.ufs.br</ce:e-address></ce:author><ce:affiliation id="aff0001" affiliation-id="S2667031322000161-d29590284467abc7d4d96da4a69fecdd"><ce:label>a</ce:label><ce:textfn id="cetextfn0001">Department of Physiology, Laboratory of Neuroscience and Pharmacological Assays (LANEF). Federal University of Sergipe, S&#227;o Crist&#243;v&#227;o, Sergipe, Brazil</ce:textfn><sa:affiliation><sa:organization>Department of Physiology</sa:organization><sa:organization>Laboratory of Neuroscience and Pharmacological Assays (LANEF). Federal University of Sergipe</sa:organization><sa:city>S&#227;o Crist&#243;v&#227;o</sa:city><sa:state>Sergipe</sa:state><sa:country>Brazil</sa:country></sa:affiliation><ce:source-text id="staff0001">aDepartment of Physiology, Laboratory of Neuroscience and Pharmacological Assays (LANEF). Federal University of Sergipe, S&#227;o Crist&#243;v&#227;o, Sergipe, Brazil</ce:source-text></ce:affiliation><ce:affiliation id="aff0002" affiliation-id="S2667031322000161-8418e041ae0c1766fcbcd4a85d269807"><ce:label>b</ce:label><ce:textfn id="cetextfn0002">Department of Nutrition, Federal University of Sergipe, S&#227;o Crist&#243;v&#227;o, Sergipe, Brazil</ce:textfn><sa:affiliation><sa:organization>Department of Nutrition</sa:organization><sa:organization>Federal University of Sergipe</sa:organization><sa:city>S&#227;o Crist&#243;v&#227;o</sa:city><sa:state>Sergipe</sa:state><sa:country>Brazil</sa:country></sa:affiliation><ce:source-text id="staff0002">bDepartment of Nutrition, Federal University of Sergipe, S&#227;o Crist&#243;v&#227;o, Sergipe, Brazil</ce:source-text></ce:affiliation><ce:affiliation id="aff0003" affiliation-id="S2667031322000161-ce4e0c9459f897bcd83f9f3bf9b39e8e"><ce:label>c</ce:label><ce:textfn id="cetextfn0003">Department of Pharmacy, Federal University of Sergipe, S&#227;o Crist&#243;v&#227;o, Sergipe, Brazil</ce:textfn><sa:affiliation><sa:organization>Department of Pharmacy</sa:organization><sa:organization>Federal University of Sergipe</sa:organization><sa:city>S&#227;o Crist&#243;v&#227;o</sa:city><sa:state>Sergipe</sa:state><sa:country>Brazil</sa:country></sa:affiliation><ce:source-text id="staff0003">cDepartment of Pharmacy, Federal University of Sergipe, S&#227;o Crist&#243;v&#227;o, Sergipe, Brazil</ce:source-text></ce:affiliation><ce:affiliation id="aff0004" affiliation-id="S2667031322000161-b68a659f3c660f99451678eed83eb86b"><ce:label>d</ce:label><ce:textfn id="cetextfn0004">Department of Physical Education, Est&#225;cio University, Aracaju, Sergipe, Brazil</ce:textfn><sa:affiliation><sa:organization>Department of Physical Education</sa:organization><sa:organization>Est&#225;cio University</sa:organization><sa:city>Aracaju</sa:city><sa:state>Sergipe</sa:state><sa:country>Brazil</sa:country></sa:affiliation><ce:source-text id="staff0004">dDepartment of Physical Education, Est&#225;cio University, Aracaju, Sergipe, Brazil</ce:source-text></ce:affiliation><ce:affiliation id="aff0005" affiliation-id="S2667031322000161-e4bae35e3dd5eb1728ade0ceb1fbded1"><ce:label>e</ce:label><ce:textfn id="cetextfn0005">Department of Pharmacy, Federal University of Rio Grande do Norte, Natal, Rio Grande do Norte, Brazil</ce:textfn><sa:affiliation><sa:organization>Department of Pharmacy</sa:organization><sa:organization>Federal University of Rio Grande do Norte</sa:organization><sa:city>Natal</sa:city><sa:state>Rio Grande do Norte</sa:state><sa:country>Brazil</sa:country></sa:affiliation><ce:source-text id="staff0005">eDepartment of Pharmacy, Federal University of Rio Grande do Norte, Natal, Rio Grande do Norte, Brazil</ce:source-text></ce:affiliation><ce:affiliation id="aff0006" affiliation-id="S2667031322000161-0ebad99b7ae9d9819b4b595b5f5e2b6f"><ce:label>f</ce:label><ce:textfn id="cetextfn0006">Department of Biology, Science Faculty, Selcuk University, Konya, Turkey</ce:textfn><sa:affiliation><sa:organization>Department of Biology</sa:organization><sa:organization>Science Faculty, Selcuk University</sa:organization><sa:city>Konya</sa:city><sa:country>Turkey</sa:country></sa:affiliation><ce:source-text id="staff0006">fDepartment of Biology, Science Faculty, Selcuk University, Konya, Turkey</ce:source-text></ce:affiliation><ce:affiliation id="aff0007" affiliation-id="S2667031322000161-3a688e6181c0f559a855b8cf1c88b3b0"><ce:label>g</ce:label><ce:textfn id="cetextfn0007">Department of Biological Chemistry, Regional University of Cariri, Crato, Cear&#225;, Brazil</ce:textfn><sa:affiliation><sa:organization>Department of Biological Chemistry</sa:organization><sa:organization>Regional University of Cariri</sa:organization><sa:city>Crato</sa:city><sa:state>Cear&#225;</sa:state><sa:country>Brazil</sa:country></sa:affiliation><ce:source-text id="staff0007">gDepartment of Biological Chemistry, Regional University of Cariri, Crato, Cear&#225;, Brazil</ce:source-text></ce:affiliation><ce:correspondence id="cor0001"><ce:label>&#x204e;</ce:label><ce:text id="cetext0001">Corresponding authors. Rua Coronel Ant&#244;nio Lu&#237;z, 1161 - Pimenta, Crato - CE, 63105-010, Telephone: (88) 3102-1204</ce:text><sa:affiliation><sa:address-line>Rua Coronel Ant&#244;nio Lu&#237;z, 1161 - Pimenta</sa:address-line><sa:city>Crato</sa:city><sa:state>CE</sa:state><sa:postal-code>63105-010</sa:postal-code></sa:affiliation></ce:correspondence></ce:author-group><ce:abstract id="abs0001" view="all" class="author"><ce:section-title id="cesectitle0001">Abstract</ce:section-title><ce:abstract-sec id="abss0001" role="background" view="all"><ce:section-title id="cesectitle0002">Background</ce:section-title><ce:simple-para id="spara016" view="all">The Erythroxylaceae family is known worldwide for its species that contain compounds with a marked positive effect on physical performance, such as ephedrine and coca. <ce:italic>E. mucronatum</ce:italic> is a species of this family found in several parts of South America, mainly in the northern and northeastern regions of Brazil, used by natives to improve strength and physical performance.</ce:simple-para></ce:abstract-sec><ce:abstract-sec id="abss0002" view="all"><ce:section-title id="cesectitle0003">Purpose</ce:section-title><ce:simple-para id="spara017" view="all">We set out to investigate, for the first time, in a series of experiments whether the ethanolic extract of <ce:italic>E. mucronatum</ce:italic> (EEM) had any effect on performance and strength of rats undergoing resistance training.</ce:simple-para></ce:abstract-sec><ce:abstract-sec id="abss0003" role="materials-methods" view="all"><ce:section-title id="cesectitle0004">Methods</ce:section-title><ce:simple-para id="spara018" view="all">We promoted a supplementation with EEM and searched it increased strength, muscular endurance and reduced body fat in the rodents.</ce:simple-para></ce:abstract-sec><ce:abstract-sec id="abss0004" role="results" view="all"><ce:section-title id="cesectitle0005">Results</ce:section-title><ce:simple-para id="spara019" view="all">we registered a significant reduction in lipid peroxidation and an increase in superoxide dismutase in the exercised muscles. EEM supplementation did not alter the effect of exercise on blood pressure and heart rate. Additionally, we noticed a significant reduction in two markers of muscle damage, CK and LDH, but no alterations were observed in the levels of ALT and AST.</ce:simple-para></ce:abstract-sec><ce:abstract-sec id="abss0005" role="conclusion" view="all"><ce:section-title id="cesectitle0006">Conclusions</ce:section-title><ce:simple-para id="spara020" view="all">The results showed that EEM was able to improve the physical performance of the rats without any remarkable adverse effects on hemodynamic variables, so it should be further investigated to examine whether it also has potential as an effective dietary supplement in humans to improve performance in resistance exercise cycles.</ce:simple-para></ce:abstract-sec></ce:abstract><ce:abstract id="abs0002" class="graphical" view="all"><ce:section-title id="cesectitle0007">Graphical Abstract</ce:section-title><ce:abstract-sec id="abss0007" view="all"><ce:simple-para id="spara021" view="all"> [Display omitted] </ce:simple-para></ce:abstract-sec></ce:abstract><ce:keywords id="keys0001" view="all" class="keyword"><ce:section-title id="cesectitle0008">Keywords</ce:section-title><ce:keyword id="key0001"><ce:text id="cetext0002">Resistance Training</ce:text></ce:keyword><ce:keyword id="key0002"><ce:text id="cetext0003">Physical Conditioning</ce:text></ce:keyword><ce:keyword id="key0003"><ce:text id="cetext0004">Antioxidant</ce:text></ce:keyword><ce:keyword id="key0004"><ce:text id="cetext0005">Enzyme Inhibitory</ce:text></ce:keyword><ce:keyword id="key0005"><ce:text id="cetext0006">Dietary Supplements</ce:text></ce:keyword></ce:keywords></ja:head></ja:article></doc:document>
