<doc:document xmlns:doc="http://www.elsevier.com/xml/document/schema" xmlns:dp="http://www.elsevier.com/xml/common/doc-properties/schema" xmlns:cps="http://www.elsevier.com/xml/common/consyn-properties/schema" xmlns:rdf="http://www.w3.org/1999/02/22-rdf-syntax-ns#" xmlns:dct="http://purl.org/dc/terms/" xmlns:prism="http://prismstandard.org/namespaces/basic/2.0/" xmlns:oa="http://vtw.elsevier.com/data/ns/properties/OpenAccess-1/" xmlns:bam="http://vtw.elsevier.com/data/voc/ns/bam-vtw-1/" xmlns:cp="http://vtw.elsevier.com/data/ns/properties/Copyright-1/" xmlns:cja="http://www.elsevier.com/xml/cja/schema" xmlns:ja="http://www.elsevier.com/xml/ja/schema" xmlns:bk="http://www.elsevier.com/xml/bk/schema" xmlns:ce="http://www.elsevier.com/xml/common/schema" xmlns:mml="http://www.w3.org/1998/Math/MathML" xmlns:cals="http://www.elsevier.com/xml/common/cals/schema" xmlns:tb="http://www.elsevier.com/xml/common/table/schema" xmlns:sa="http://www.elsevier.com/xml/common/struct-aff/schema" xmlns:sb="http://www.elsevier.com/xml/common/struct-bib/schema" xmlns:xlink="http://www.w3.org/1999/xlink"><rdf:RDF><rdf:Description rdf:about="http://dx.doi.org/10.1016/j.dib.2022.107797"><dct:format>application/xml</dct:format><dct:title>3D Dataset of binary images: A collection of synthetically created digital rock images of complex media</dct:title><dct:creator>Javier E. Santos</dct:creator><dct:creator>Michael J. Pyrcz</dct:creator><dct:creator>Ma&#x0161;a Prodanovi&#x0107;</dct:creator><dct:subject><rdf:Bag><rdf:li>Sphere-packs</rdf:li><rdf:li>Fractures media</rdf:li><rdf:li>Catalyst layers</rdf:li><rdf:li>Shales</rdf:li><rdf:li>Vuggs</rdf:li></rdf:Bag></dct:subject><dct:description>Data in Brief 40 (2022). doi:10.1016/j.dib.2022.107797</dct:description><prism:aggregationType>journal</prism:aggregationType><prism:publicationName>Data in Brief</prism:publicationName><prism:copyright>&#169; 2022 The Author(s). Published by Elsevier Inc.</prism:copyright><dct:publisher>Elsevier Inc.</dct:publisher><prism:issn>2352-3409</prism:issn><prism:volume>40</prism:volume><prism:coverDisplayDate>February 2022</prism:coverDisplayDate><prism:doi>10.1016/j.dib.2022.107797</prism:doi><prism:url>http://dx.doi.org/10.1016/j.dib.2022.107797</prism:url><dct:identifier>doi:10.1016/j.dib.2022.107797</dct:identifier><bam:articleNumber>107797</bam:articleNumber><oa:openAccessInformation><oa:openAccessStatus xmlns:xsi="http://www.w3.org/2001/XMLSchema-instance">http://vtw.elsevier.com/data/voc/oa/OpenAccessStatus#Full</oa:openAccessStatus><oa:openAccessEffective xmlns:xsi="http://www.w3.org/2001/XMLSchema-instance">2022-01-04T12:28:09Z</oa:openAccessEffective><oa:sponsor xmlns:xsi="http://www.w3.org/2001/XMLSchema-instance"><oa:sponsorType>http://vtw.elsevier.com/data/voc/oa/SponsorType#Author</oa:sponsorType></oa:sponsor><oa:userLicense xmlns:xsi="http://www.w3.org/2001/XMLSchema-instance">http://creativecommons.org/licenses/by/4.0/</oa:userLicense></oa:openAccessInformation><cp:licenseLine xmlns:xsi="http://www.w3.org/2001/XMLSchema-instance">This is an open access article under the CC BY license.</cp:licenseLine></rdf:Description></rdf:RDF><dp:document-properties><dp:aggregation-type>Journals</dp:aggregation-type><dp:version-number>S300.1</dp:version-number></dp:document-properties><ja:article docsubtype="dat" xml:lang="en" version="5.6"><ja:item-info><ja:jid>DIB</ja:jid><ja:aid>107797</ja:aid><ce:article-number>107797</ce:article-number><ce:pii>S2352-3409(22)00009-9</ce:pii><ce:doi>10.1016/j.dib.2022.107797</ce:doi><ce:copyright type="other" year="2022">The Author(s)</ce:copyright></ja:item-info><ja:head><ce:dochead id="dh1"><ce:textfn id="textfn0001">Data Article</ce:textfn></ce:dochead><ce:title id="ct0001">3D Dataset of binary images: A collection of synthetically created digital rock images of complex media</ce:title><ce:short-title id="stitle0010">3D Dataset of binary images: A collection of synthetically created digital rock images of complex media</ce:short-title><ce:author-group id="aut0001"><ce:author id="au0001" author-id="S2352340922000099-f0e032625389e8880f32d11a7b1b9129" orcid="0000-0002-2404-3975"><ce:given-name>Javier E.</ce:given-name><ce:surname>Santos</ce:surname><ce:cross-ref refid="cor0001"><ce:sup loc="post">&#x204e;</ce:sup></ce:cross-ref><ce:e-address type="email" xlink:href="mailto:jesantos@utexas.edu" id="ead0001">jesantos@utexas.edu</ce:e-address><ce:e-address id="ea3b" type="social-media" xlink:href="https://twitter.com/javier_e_santos">@javier_e_santos</ce:e-address></ce:author><ce:author id="au0002" author-id="S2352340922000099-49122a7d45f541451b9dea6063dacef6"><ce:given-name>Michael J.</ce:given-name><ce:surname>Pyrcz</ce:surname><ce:e-address id="ea3a" type="social-media" xlink:href="https://twitter.com/geostatsguy">@geostatsguy</ce:e-address></ce:author><ce:author id="au0003" author-id="S2352340922000099-d5035af6c573a2efeb534552cf54a602" orcid="0000-0002-1335-1374"><ce:given-name>Ma&#x0161;a</ce:given-name><ce:surname>Prodanovi&#x0107;</ce:surname><ce:e-address id="ea3" type="social-media" xlink:href="https://twitter.com/rocksportal">@rocksportal</ce:e-address></ce:author><ce:affiliation id="aff0001" affiliation-id="S2352340922000099-02150ac83bf7b6a508c4c7b77692c4f7"><ce:textfn id="textfn0002">Hildebrand Department of Petroleum and Geosystems Engineering, The University of Texas at Austin, Austin, TX, USA</ce:textfn><sa:affiliation><sa:organization>Hildebrand Department of Petroleum and Geosystems Engineering</sa:organization><sa:organization>The University of Texas at Austin</sa:organization><sa:city>Austin</sa:city><sa:state>TX</sa:state><sa:country>USA</sa:country></sa:affiliation><ce:source-text id="st0001">Hildebrand Department of Petroleum and Geosystems Engineering, The University of Texas at Austin, Austin, TX, USA</ce:source-text></ce:affiliation><ce:correspondence id="cor0001"><ce:label>&#x204e;</ce:label><ce:text id="cor1">Corresponding author.</ce:text></ce:correspondence></ce:author-group><ce:date-received day="27" month="9" year="2021"/><ce:date-revised day="22" month="12" year="2021"/><ce:date-accepted day="3" month="1" year="2022"/><ce:abstract id="abs0001" class="author" view="all"><ce:section-title id="sctt0001">Abstract</ce:section-title><ce:abstract-sec id="abssec0001" view="all"><ce:simple-para id="sp0001" view="all">Digital rock images are computational representations that capture the geometrical complexity of systems present ubiquitously in nature. In recent years, their use has become widespread due to the increasing availability of repositories, and open-source physics simulators and analysis tools. Here, we present a dataset of 3D binary geometries in a standardized format that represent a wide variety of geological and engineering systems. Our data is freely available at [1].</ce:simple-para></ce:abstract-sec></ce:abstract><ce:keywords id="keys0001" class="keyword" view="all"><ce:section-title id="sctt0002">Keywords</ce:section-title><ce:keyword id="key0002"><ce:text id="txt0001">Sphere-packs</ce:text></ce:keyword><ce:keyword id="key0003"><ce:text id="txt0002">Fractures media</ce:text></ce:keyword><ce:keyword id="key0004"><ce:text id="txt0003">Catalyst layers</ce:text></ce:keyword><ce:keyword id="key0005"><ce:text id="txt0004">Shales</ce:text></ce:keyword><ce:keyword id="key0006"><ce:text id="txt0005">Vuggs</ce:text></ce:keyword></ce:keywords></ja:head></ja:article></doc:document>
