<doc:document xmlns:doc="http://www.elsevier.com/xml/document/schema" xmlns:dp="http://www.elsevier.com/xml/common/doc-properties/schema" xmlns:cps="http://www.elsevier.com/xml/common/consyn-properties/schema" xmlns:rdf="http://www.w3.org/1999/02/22-rdf-syntax-ns#" xmlns:dct="http://purl.org/dc/terms/" xmlns:prism="http://prismstandard.org/namespaces/basic/2.0/" xmlns:oa="http://vtw.elsevier.com/data/ns/properties/OpenAccess-1/" xmlns:bam="http://vtw.elsevier.com/data/voc/ns/bam-vtw-1/" xmlns:cp="http://vtw.elsevier.com/data/ns/properties/Copyright-1/" xmlns:cja="http://www.elsevier.com/xml/cja/schema" xmlns:ja="http://www.elsevier.com/xml/ja/schema" xmlns:bk="http://www.elsevier.com/xml/bk/schema" xmlns:ce="http://www.elsevier.com/xml/common/schema" xmlns:mml="http://www.w3.org/1998/Math/MathML" xmlns:cals="http://www.elsevier.com/xml/common/cals/schema" xmlns:tb="http://www.elsevier.com/xml/common/table/schema" xmlns:sa="http://www.elsevier.com/xml/common/struct-aff/schema" xmlns:sb="http://www.elsevier.com/xml/common/struct-bib/schema" xmlns:xlink="http://www.w3.org/1999/xlink"><rdf:RDF><rdf:Description rdf:about="http://dx.doi.org/10.1016/j.dib.2022.107856"><dct:format>application/xml</dct:format><dct:title>Data related to the microstructural identification and analyzing the mechanical properties of maraging stainless steel 13Cr10Ni1.7Mo2Al0.4Mn0.4Si (commercially known as CX) processed by laser powder bed fusion method</dct:title><dct:creator>Shahriar Afkhami</dct:creator><dct:creator>Vahid Javaheri</dct:creator><dct:creator>Edris Dabiri</dct:creator><dct:creator>Heidi Piili</dct:creator><dct:creator>Timo Bj&#246;rk</dct:creator><dct:subject><rdf:Bag><rdf:li>Additive manufacturing</rdf:li><rdf:li>CX</rdf:li><rdf:li>Scanning electron microscopy</rdf:li><rdf:li>Electron backscatter diffraction</rdf:li><rdf:li>Quasi-static tensile test</rdf:li><rdf:li>Digital image correlation</rdf:li></rdf:Bag></dct:subject><dct:description>Data in Brief 41 (2022). doi:10.1016/j.dib.2022.107856</dct:description><prism:aggregationType>journal</prism:aggregationType><prism:publicationName>Data in Brief</prism:publicationName><prism:copyright>&#169; 2022 The Author(s). Published by Elsevier Inc.</prism:copyright><dct:publisher>Elsevier Inc.</dct:publisher><prism:issn>2352-3409</prism:issn><prism:volume>41</prism:volume><prism:coverDisplayDate>April 2022</prism:coverDisplayDate><prism:doi>10.1016/j.dib.2022.107856</prism:doi><prism:url>http://dx.doi.org/10.1016/j.dib.2022.107856</prism:url><dct:identifier>doi:10.1016/j.dib.2022.107856</dct:identifier><bam:articleNumber>107856</bam:articleNumber><oa:openAccessInformation><oa:openAccessStatus xmlns:xsi="http://www.w3.org/2001/XMLSchema-instance">http://vtw.elsevier.com/data/voc/oa/OpenAccessStatus#Full</oa:openAccessStatus><oa:openAccessEffective xmlns:xsi="http://www.w3.org/2001/XMLSchema-instance">2022-01-19T15:40:01Z</oa:openAccessEffective><oa:sponsor xmlns:xsi="http://www.w3.org/2001/XMLSchema-instance"><oa:sponsorType>http://vtw.elsevier.com/data/voc/oa/SponsorType#Author</oa:sponsorType></oa:sponsor><oa:userLicense xmlns:xsi="http://www.w3.org/2001/XMLSchema-instance">http://creativecommons.org/licenses/by/4.0/</oa:userLicense></oa:openAccessInformation><cp:licenseLine xmlns:xsi="http://www.w3.org/2001/XMLSchema-instance">This is an open access article under the CC BY license.</cp:licenseLine></rdf:Description></rdf:RDF><dp:document-properties><dp:aggregation-type>Journals</dp:aggregation-type><dp:version-number>S250.1</dp:version-number></dp:document-properties><ja:article docsubtype="dat" version="5.6" xml:lang="en"><ja:item-info><ja:jid>DIB</ja:jid><ja:aid>107856</ja:aid><ce:article-number>107856</ce:article-number><ce:pii>S2352-3409(22)00068-3</ce:pii><ce:doi>10.1016/j.dib.2022.107856</ce:doi><ce:document-thread><ce:refers-to-document id="ref0001"><ce:pii>S0921-5093(21)01666-X</ce:pii><ce:doi>10.1016/j.msea.2021.142402</ce:doi></ce:refers-to-document></ce:document-thread><ce:copyright type="other" year="2022">The Author(s)</ce:copyright></ja:item-info><ja:head><ce:dochead id="dchd0001"><ce:textfn id="dhtxt0001">Data Article</ce:textfn></ce:dochead><ce:title id="tte0002">Data related to the microstructural identification and analyzing the mechanical properties of maraging stainless steel 13Cr10Ni1.7Mo2Al0.4Mn0.4Si (commercially known as CX) processed by laser powder bed fusion method</ce:title><ce:author-group id="aut0001"><ce:author id="au0001" author-id="S2352340922000683-0823a2cb19232ddbb5430c7290d64c0c" orcid="0000-0002-3162-3214"><ce:given-name>Shahriar</ce:given-name><ce:surname>Afkhami</ce:surname><ce:cross-ref refid="aff0001"><ce:sup loc="post">a</ce:sup></ce:cross-ref><ce:cross-ref refid="cor0001"><ce:sup loc="post">&#x204e;</ce:sup></ce:cross-ref><ce:e-address id="ead0001" type="email" xlink:href="mailto:Shahriar.Afkhami@lut.fi">Shahriar.Afkhami@lut.fi</ce:e-address></ce:author><ce:author id="au0002" author-id="S2352340922000683-183a619df150c540aae195c61726ce95"><ce:given-name>Vahid</ce:given-name><ce:surname>Javaheri</ce:surname><ce:cross-ref refid="aff0002"><ce:sup loc="post">b</ce:sup></ce:cross-ref></ce:author><ce:author id="au0003" author-id="S2352340922000683-bd07bc568befc61ffe301f9d78587480"><ce:given-name>Edris</ce:given-name><ce:surname>Dabiri</ce:surname><ce:cross-ref refid="aff0001"><ce:sup loc="post">a</ce:sup></ce:cross-ref></ce:author><ce:author id="au0004" author-id="S2352340922000683-0c63c2c3d4c5e38aff32a1c03abc5f80"><ce:given-name>Heidi</ce:given-name><ce:surname>Piili</ce:surname><ce:cross-ref refid="aff0003"><ce:sup loc="post">c</ce:sup></ce:cross-ref><ce:cross-ref refid="aff0004"><ce:sup loc="post">d</ce:sup></ce:cross-ref></ce:author><ce:author id="au0005" author-id="S2352340922000683-63a8c687e75dc827fa39a194f3bd79c6"><ce:given-name>Timo</ce:given-name><ce:surname>Bj&#246;rk</ce:surname><ce:cross-ref refid="aff0001"><ce:sup loc="post">a</ce:sup></ce:cross-ref></ce:author><ce:affiliation id="aff0001" affiliation-id="S2352340922000683-ad1de9c431726a890634a5e178ec4f73"><ce:label>a</ce:label><ce:textfn id="cetextfn0001">Laboratory of Steel Structures, LUT University, Lappeenranta, 53850, Finland</ce:textfn><sa:affiliation><sa:organization>Laboratory of Steel Structures</sa:organization><sa:organization>LUT University</sa:organization><sa:city>Lappeenranta</sa:city><sa:postal-code>53850</sa:postal-code><sa:country>Finland</sa:country></sa:affiliation><ce:source-text id="staff0001">aLaboratory of Steel Structures, LUT University, Lappeenranta, 53850, Finland</ce:source-text></ce:affiliation><ce:affiliation id="aff0002" affiliation-id="S2352340922000683-2049008c2fdc18e5935fd3fe72bbc171"><ce:label>b</ce:label><ce:textfn id="cetextfn0002">Materials and Mechanical Engineering, University of Oulu, 90014, Finland</ce:textfn><sa:affiliation><sa:organization>Materials and Mechanical Engineering</sa:organization><sa:organization>University of Oulu</sa:organization><sa:postal-code>90014</sa:postal-code><sa:country>Finland</sa:country></sa:affiliation><ce:source-text id="staff0002">bMaterials and Mechanical Engineering, University of Oulu, 90014, Finland</ce:source-text></ce:affiliation><ce:affiliation id="aff0003" affiliation-id="S2352340922000683-a34e4aabbf15b5731e6dd34494cb1b5b"><ce:label>c</ce:label><ce:textfn id="cetextfn0003">Laboratory of Laser Materials Processing and Additive Manufacturing, LUT University, Lappeenranta, 53850, Finland</ce:textfn><sa:affiliation><sa:organization>Laboratory of Laser Materials Processing and Additive Manufacturing</sa:organization><sa:organization>LUT University</sa:organization><sa:city>Lappeenranta</sa:city><sa:postal-code>53850</sa:postal-code><sa:country>Finland</sa:country></sa:affiliation><ce:source-text id="staff0003">cLaboratory of Laser Materials Processing and Additive Manufacturing, LUT University, Lappeenranta, 53850, Finland</ce:source-text></ce:affiliation><ce:affiliation id="aff0004" affiliation-id="S2352340922000683-0027ebc36b0707fa61497da9ecf35f47"><ce:label>d</ce:label><ce:textfn id="cetextfn0003a">Department of Mechanical and Materials Engineering, University of Turku, Turku, 20520, Finland</ce:textfn><sa:affiliation><sa:organization>Department of Mechanical and Materials Engineering</sa:organization><sa:organization>University of Turku</sa:organization><sa:city>Turku</sa:city><sa:postal-code>20520</sa:postal-code><sa:country>Finland</sa:country></sa:affiliation><ce:source-text id="srctPC_affSG9RwdZB3Z">Department of Mechanical and Materials Engineering, University of Turku, Turku, 20520, Finland</ce:source-text></ce:affiliation><ce:correspondence id="cor0001"><ce:label>&#x204e;</ce:label><ce:text id="cetext0001">Corresponding author.</ce:text></ce:correspondence></ce:author-group><ce:date-received day="15" month="12" year="2021"/><ce:date-accepted day="18" month="1" year="2022"/><ce:abstract id="abs0001" view="all" class="author"><ce:section-title id="cesectitle0001">Abstract</ce:section-title><ce:abstract-sec id="abss0001" view="all"><ce:simple-para id="spara015" view="all">The data available in this article presents the microstructural information achieved via scanning electron microscopy and electron backscatter diffraction to evaluate the microstructure of maraging stainless steel 13Cr10Ni1.7Mo2Al0.4Mn0.4Si, in its as-built and heat-treated conditions, fabricated by laser powder bed fusion. In addition, the statistical analysis of the defects is included to indicate the quality of the additively manufactured metal. Furthermore, true stress-logarithmic strain diagrams of the material with different types of post-processing are available, indicating the strain hardening behavior of the material. These diagrams were achieved via quasi-static tensile tests performed in conjunction with the digital image correlation technique. Finally, the sample designs, additive manufacturing parameters, and the heat treatment procedure carried out on the material are also available in this paper to guide future research and ensure the repeatability of the data in this data article and its linked research paper. The research paper investigates the effects of processing and post-processing parameters on the microstructure, surface quality, residual stress, and mechanical properties of 13Cr10Ni1.7Mo2Al0.4Mn0.4Si (conventionally known as CX developed by EOS GmbH) processed by laser powder bed fusion [1].</ce:simple-para></ce:abstract-sec></ce:abstract><ce:keywords id="keys0001" view="all" class="keyword"><ce:section-title id="cesectitle0002">Keywords</ce:section-title><ce:keyword id="key0001"><ce:text id="cetext0002">Additive manufacturing</ce:text></ce:keyword><ce:keyword id="key0002g"><ce:text id="cetext0003b">CX</ce:text></ce:keyword><ce:keyword id="key0002h"><ce:text id="cetext0003c">Scanning electron microscopy</ce:text></ce:keyword><ce:keyword id="key0002i"><ce:text id="cetext0003d">Electron backscatter diffraction</ce:text></ce:keyword><ce:keyword id="key0002j"><ce:text id="cetext0003e">Quasi-static tensile test</ce:text></ce:keyword><ce:keyword id="key0002k"><ce:text id="cetext0003f">Digital image correlation</ce:text></ce:keyword></ce:keywords></ja:head></ja:article></doc:document>
