<doc:document xmlns:doc="http://www.elsevier.com/xml/document/schema" xmlns:dp="http://www.elsevier.com/xml/common/doc-properties/schema" xmlns:cps="http://www.elsevier.com/xml/common/consyn-properties/schema" xmlns:rdf="http://www.w3.org/1999/02/22-rdf-syntax-ns#" xmlns:dct="http://purl.org/dc/terms/" xmlns:prism="http://prismstandard.org/namespaces/basic/2.0/" xmlns:oa="http://vtw.elsevier.com/data/ns/properties/OpenAccess-1/" xmlns:bam="http://vtw.elsevier.com/data/voc/ns/bam-vtw-1/" xmlns:cp="http://vtw.elsevier.com/data/ns/properties/Copyright-1/" xmlns:cja="http://www.elsevier.com/xml/cja/schema" xmlns:ja="http://www.elsevier.com/xml/ja/schema" xmlns:bk="http://www.elsevier.com/xml/bk/schema" xmlns:ce="http://www.elsevier.com/xml/common/schema" xmlns:mml="http://www.w3.org/1998/Math/MathML" xmlns:cals="http://www.elsevier.com/xml/common/cals/schema" xmlns:tb="http://www.elsevier.com/xml/common/table/schema" xmlns:sa="http://www.elsevier.com/xml/common/struct-aff/schema" xmlns:sb="http://www.elsevier.com/xml/common/struct-bib/schema" xmlns:xlink="http://www.w3.org/1999/xlink"><rdf:RDF><rdf:Description rdf:about="http://dx.doi.org/10.1016/j.dib.2022.107822"><dct:format>application/xml</dct:format><dct:title>Description of movement sensor dataset for dog behavior classification</dct:title><dct:creator>Antti Vehkaoja</dct:creator><dct:creator>Sanni Somppi</dct:creator><dct:creator>Heini T&#246;rnqvist</dct:creator><dct:creator>Anna Valldeoriola Card&#243;</dct:creator><dct:creator>Pekka Kumpulainen</dct:creator><dct:creator>Heli V&#228;&#228;t&#228;j&#228;</dct:creator><dct:creator>P&#228;ivi Majaranta</dct:creator><dct:creator>Veikko Surakka</dct:creator><dct:creator>Miiamaaria V. Kujala</dct:creator><dct:creator>Outi Vainio</dct:creator><dct:subject><rdf:Bag><rdf:li>Dog activity classification</rdf:li><rdf:li>Behavior classification</rdf:li><rdf:li>Movement sensor</rdf:li><rdf:li>Accelerometer</rdf:li><rdf:li>Gyroscope</rdf:li><rdf:li>Machine learning</rdf:li></rdf:Bag></dct:subject><dct:description>Data in Brief 40 (2022). doi:10.1016/j.dib.2022.107822</dct:description><prism:aggregationType>journal</prism:aggregationType><prism:publicationName>Data in Brief</prism:publicationName><prism:copyright>&#169; 2022 The Author(s). Published by Elsevier Inc.</prism:copyright><dct:publisher>Elsevier Inc.</dct:publisher><prism:issn>2352-3409</prism:issn><prism:volume>40</prism:volume><prism:coverDisplayDate>February 2022</prism:coverDisplayDate><prism:doi>10.1016/j.dib.2022.107822</prism:doi><prism:url>http://dx.doi.org/10.1016/j.dib.2022.107822</prism:url><dct:identifier>doi:10.1016/j.dib.2022.107822</dct:identifier><bam:articleNumber>107822</bam:articleNumber><oa:openAccessInformation><oa:openAccessStatus xmlns:xsi="http://www.w3.org/2001/XMLSchema-instance">http://vtw.elsevier.com/data/voc/oa/OpenAccessStatus#Full</oa:openAccessStatus><oa:openAccessEffective xmlns:xsi="http://www.w3.org/2001/XMLSchema-instance">2022-01-08T20:32:15Z</oa:openAccessEffective><oa:sponsor xmlns:xsi="http://www.w3.org/2001/XMLSchema-instance"><oa:sponsorType>http://vtw.elsevier.com/data/voc/oa/SponsorType#Author</oa:sponsorType></oa:sponsor><oa:userLicense xmlns:xsi="http://www.w3.org/2001/XMLSchema-instance">http://creativecommons.org/licenses/by/4.0/</oa:userLicense></oa:openAccessInformation><cp:licenseLine xmlns:xsi="http://www.w3.org/2001/XMLSchema-instance">This is an open access article under the CC BY license.</cp:licenseLine></rdf:Description></rdf:RDF><dp:document-properties><dp:aggregation-type>Journals</dp:aggregation-type><dp:version-number>S300.1</dp:version-number></dp:document-properties><ja:article docsubtype="dat" version="5.6" xml:lang="en"><ja:item-info><ja:jid>DIB</ja:jid><ja:aid>107822</ja:aid><ce:article-number>107822</ce:article-number><ce:pii>S2352-3409(22)00034-8</ce:pii><ce:doi>10.1016/j.dib.2022.107822</ce:doi><ce:document-thread><ce:refers-to-document id="ref0001"><ce:pii>S0168-1591(21)00180-5</ce:pii><ce:doi>10.1016/j.applanim.2021.105393</ce:doi></ce:refers-to-document></ce:document-thread><ce:copyright type="unknown" year="2022"/></ja:item-info><ja:head><ce:dochead id="dchd0001"><ce:textfn id="dhtxt0001">Data Article</ce:textfn></ce:dochead><ce:title id="tte0002">Description of movement sensor dataset for dog behavior classification</ce:title><ce:author-group id="aut0001"><ce:author id="au0001" author-id="S2352340922000348-d0bcc458387654a810e1cbfb2af5f7f4"><ce:given-name>Antti</ce:given-name><ce:surname>Vehkaoja</ce:surname><ce:contributor-role role="http://credit.niso.org/contributor-roles/conceptualization">Conceptualization</ce:contributor-role><ce:contributor-role role="http://credit.niso.org/contributor-roles/methodology">Methodology</ce:contributor-role><ce:contributor-role role="http://credit.niso.org/contributor-roles/software">Software</ce:contributor-role><ce:contributor-role role="http://credit.niso.org/contributor-roles/formal-analysis">Formal analysis</ce:contributor-role><ce:contributor-role role="http://credit.niso.org/contributor-roles/data-curation">Data curation</ce:contributor-role><ce:contributor-role role="http://credit.niso.org/contributor-roles/writing-original-draft">Writing &#x2013; original draft</ce:contributor-role><ce:contributor-role role="http://credit.niso.org/contributor-roles/funding-acquisition">Funding acquisition</ce:contributor-role><ce:cross-ref refid="aff0001"><ce:sup loc="post">a</ce:sup></ce:cross-ref><ce:cross-ref refid="cor0001"><ce:sup loc="post">&#x204e;</ce:sup></ce:cross-ref><ce:e-address id="ead0001" type="email" xlink:href="mailto:antti.vehkaoja@tuni.fi">antti.vehkaoja@tuni.fi</ce:e-address></ce:author><ce:author id="au0002" author-id="S2352340922000348-72658e3f4949db10cc929bd78f939450"><ce:given-name>Sanni</ce:given-name><ce:surname>Somppi</ce:surname><ce:contributor-role role="http://credit.niso.org/contributor-roles/conceptualization">Conceptualization</ce:contributor-role><ce:contributor-role role="http://credit.niso.org/contributor-roles/methodology">Methodology</ce:contributor-role><ce:contributor-role role="http://credit.niso.org/contributor-roles/investigation">Investigation</ce:contributor-role><ce:contributor-role role="http://credit.niso.org/contributor-roles/writing-review-editing">Writing &#x2013; review &amp; editing</ce:contributor-role><ce:cross-ref refid="aff0002"><ce:sup loc="post">b</ce:sup></ce:cross-ref></ce:author><ce:author id="au0003" author-id="S2352340922000348-22b18b05ebc3a3e8f7d54349d464f853"><ce:given-name>Heini</ce:given-name><ce:surname>T&#246;rnqvist</ce:surname><ce:contributor-role role="http://credit.niso.org/contributor-roles/conceptualization">Conceptualization</ce:contributor-role><ce:contributor-role role="http://credit.niso.org/contributor-roles/methodology">Methodology</ce:contributor-role><ce:contributor-role role="http://credit.niso.org/contributor-roles/investigation">Investigation</ce:contributor-role><ce:contributor-role role="http://credit.niso.org/contributor-roles/writing-review-editing">Writing &#x2013; review &amp; editing</ce:contributor-role><ce:cross-ref refid="aff0002"><ce:sup loc="post">b</ce:sup></ce:cross-ref><ce:cross-ref refid="aff0005"><ce:sup loc="post">e</ce:sup></ce:cross-ref></ce:author><ce:author id="au0004" author-id="S2352340922000348-b36bf84fe986d7dd4f7ab97ef64fc33f"><ce:given-name>Anna</ce:given-name><ce:surname>Valldeoriola Card&#243;</ce:surname><ce:contributor-role role="http://credit.niso.org/contributor-roles/methodology">Methodology</ce:contributor-role><ce:contributor-role role="http://credit.niso.org/contributor-roles/investigation">Investigation</ce:contributor-role><ce:contributor-role role="http://credit.niso.org/contributor-roles/writing-review-editing">Writing &#x2013; review &amp; editing</ce:contributor-role><ce:cross-ref refid="aff0002"><ce:sup loc="post">b</ce:sup></ce:cross-ref></ce:author><ce:author id="au0005" author-id="S2352340922000348-1477ecd6f0cd4b0bd8e841ef52243a15"><ce:given-name>Pekka</ce:given-name><ce:surname>Kumpulainen</ce:surname><ce:contributor-role role="http://credit.niso.org/contributor-roles/conceptualization">Conceptualization</ce:contributor-role><ce:contributor-role role="http://credit.niso.org/contributor-roles/methodology">Methodology</ce:contributor-role><ce:contributor-role role="http://credit.niso.org/contributor-roles/software">Software</ce:contributor-role><ce:contributor-role role="http://credit.niso.org/contributor-roles/formal-analysis">Formal analysis</ce:contributor-role><ce:contributor-role role="http://credit.niso.org/contributor-roles/data-curation">Data curation</ce:contributor-role><ce:contributor-role role="http://credit.niso.org/contributor-roles/writing-review-editing">Writing &#x2013; review &amp; editing</ce:contributor-role><ce:cross-ref refid="aff0001"><ce:sup loc="post">a</ce:sup></ce:cross-ref></ce:author><ce:author id="au0006" author-id="S2352340922000348-82e06dfabb504c487128dbb8f45a30ca"><ce:given-name>Heli</ce:given-name><ce:surname>V&#228;&#228;t&#228;j&#228;</ce:surname><ce:contributor-role role="http://credit.niso.org/contributor-roles/writing-review-editing">Writing &#x2013; review &amp; editing</ce:contributor-role><ce:cross-ref refid="aff0003"><ce:sup loc="post">c</ce:sup></ce:cross-ref><ce:cross-ref refid="aff0004"><ce:sup loc="post">d</ce:sup></ce:cross-ref></ce:author><ce:author id="au0007" author-id="S2352340922000348-46c0ac91029876f1508ffc65d9300e32"><ce:given-name>P&#228;ivi</ce:given-name><ce:surname>Majaranta</ce:surname><ce:contributor-role role="http://credit.niso.org/contributor-roles/conceptualization">Conceptualization</ce:contributor-role><ce:contributor-role role="http://credit.niso.org/contributor-roles/writing-review-editing">Writing &#x2013; review &amp; editing</ce:contributor-role><ce:contributor-role role="http://credit.niso.org/contributor-roles/funding-acquisition">Funding acquisition</ce:contributor-role><ce:cross-ref refid="aff0003"><ce:sup loc="post">c</ce:sup></ce:cross-ref></ce:author><ce:author id="au0008" author-id="S2352340922000348-66383b44433b959be19f2f9cfa20ebc6"><ce:given-name>Veikko</ce:given-name><ce:surname>Surakka</ce:surname><ce:contributor-role role="http://credit.niso.org/contributor-roles/conceptualization">Conceptualization</ce:contributor-role><ce:contributor-role role="http://credit.niso.org/contributor-roles/writing-review-editing">Writing &#x2013; review &amp; editing</ce:contributor-role><ce:contributor-role role="http://credit.niso.org/contributor-roles/funding-acquisition">Funding acquisition</ce:contributor-role><ce:cross-ref refid="aff0003"><ce:sup loc="post">c</ce:sup></ce:cross-ref></ce:author><ce:author id="au0009" author-id="S2352340922000348-deabe26f5e4cd3d929370d5e2493eeda"><ce:given-name>Miiamaaria V.</ce:given-name><ce:surname>Kujala</ce:surname><ce:contributor-role role="http://credit.niso.org/contributor-roles/conceptualization">Conceptualization</ce:contributor-role><ce:contributor-role role="http://credit.niso.org/contributor-roles/methodology">Methodology</ce:contributor-role><ce:contributor-role role="http://credit.niso.org/contributor-roles/writing-review-editing">Writing &#x2013; review &amp; editing</ce:contributor-role><ce:cross-ref refid="aff0002"><ce:sup loc="post">b</ce:sup></ce:cross-ref><ce:cross-ref refid="aff0005"><ce:sup loc="post">e</ce:sup></ce:cross-ref></ce:author><ce:author id="au0010" author-id="S2352340922000348-bd288c7e3bafc6fb5676751067aa5d39"><ce:given-name>Outi</ce:given-name><ce:surname>Vainio</ce:surname><ce:contributor-role role="http://credit.niso.org/contributor-roles/conceptualization">Conceptualization</ce:contributor-role><ce:contributor-role role="http://credit.niso.org/contributor-roles/writing-review-editing">Writing &#x2013; review &amp; editing</ce:contributor-role><ce:contributor-role role="http://credit.niso.org/contributor-roles/funding-acquisition">Funding acquisition</ce:contributor-role><ce:cross-ref refid="aff0002"><ce:sup loc="post">b</ce:sup></ce:cross-ref><ce:cross-ref refid="cor0001"><ce:sup loc="post">&#x204e;</ce:sup></ce:cross-ref><ce:e-address id="ead0002" type="email" xlink:href="mailto:outi.vainio@helsinki.fi">outi.vainio@helsinki.fi</ce:e-address></ce:author><ce:affiliation id="aff0001" affiliation-id="S2352340922000348-3d55c258900199f3e050efca1f3cce78"><ce:label>a</ce:label><ce:textfn id="cetextfn0001">Faculty of Medicine and Health Technology, Tampere University, P.O. Box 692, Tampere FI-33101, Finland</ce:textfn><sa:affiliation><sa:organization>Faculty of Medicine and Health Technology</sa:organization><sa:organization>Tampere University</sa:organization><sa:address-line>P.O. Box 692</sa:address-line><sa:city>Tampere</sa:city><sa:postal-code>FI-33101</sa:postal-code><sa:country>Finland</sa:country></sa:affiliation><ce:source-text id="staff0001">aFaculty of Medicine and Health Technology, Tampere University, P.O. Box 692, Tampere FI-33101, Finland</ce:source-text></ce:affiliation><ce:affiliation id="aff0002" affiliation-id="S2352340922000348-8f1be7e183af866889fa82e01825b339"><ce:label>b</ce:label><ce:textfn id="cetextfn0002">Department of Equine and Small Animal Medicine, University of Helsinki, P.O. Box 57, Helsinki FI-00014, Finland</ce:textfn><sa:affiliation><sa:organization>Department of Equine and Small Animal Medicine</sa:organization><sa:organization>University of Helsinki</sa:organization><sa:address-line>P.O. Box 57</sa:address-line><sa:city>Helsinki</sa:city><sa:postal-code>FI-00014</sa:postal-code><sa:country>Finland</sa:country></sa:affiliation><ce:source-text id="staff0002">bDepartment of Equine and Small Animal Medicine, University of Helsinki, P.O. Box 57, Helsinki FI-00014, Finland</ce:source-text></ce:affiliation><ce:affiliation id="aff0003" affiliation-id="S2352340922000348-4f603c955d419ae83f9b83431f1adc6e"><ce:label>c</ce:label><ce:textfn id="cetextfn0003">Research Group for Emotions, Sociality, and Computing, Faculty of Information Technology and Communication Sciences, Tampere University, P.O. Box 100, Tampere FI-33014, Finland</ce:textfn><sa:affiliation><sa:organization>Research Group for Emotions, Sociality, and Computing</sa:organization><sa:organization>Faculty of Information Technology and Communication Sciences</sa:organization><sa:organization>Tampere University</sa:organization><sa:address-line>P.O. Box 100</sa:address-line><sa:city>Tampere</sa:city><sa:postal-code>FI-33014</sa:postal-code><sa:country>Finland</sa:country></sa:affiliation><ce:source-text id="staff0003">cResearch Group for Emotions, Sociality, and Computing, Faculty of Information Technology and Communication Sciences, Tampere University, P.O. Box 100, Tampere FI-33014, Finland</ce:source-text></ce:affiliation><ce:affiliation id="aff0004" affiliation-id="S2352340922000348-4082e5831d22de076ce15d5712c228df"><ce:label>d</ce:label><ce:textfn id="cetextfn0004">Master School, Lapland University of Applied Sciences, Jokiv&#228;yl&#228; 11 B, Rovaniemi 96300, Finland</ce:textfn><sa:affiliation><sa:organization>Master School</sa:organization><sa:organization>Lapland University of Applied Sciences</sa:organization><sa:address-line>Jokiv&#228;yl&#228; 11 B</sa:address-line><sa:city>Rovaniemi</sa:city><sa:postal-code>96300</sa:postal-code><sa:country>Finland</sa:country></sa:affiliation><ce:source-text id="staff0004">dMaster School, Lapland University of Applied Sciences, Jokiv&#228;yl&#228; 11 B, Rovaniemi 96300, Finland</ce:source-text></ce:affiliation><ce:affiliation id="aff0005" affiliation-id="S2352340922000348-e024079bbbacd22ff5717d2f4d71a50e"><ce:label>e</ce:label><ce:textfn id="cetextfn0005">Department of Psychology, Faculty of Education and Psychology, University of Jyv&#228;skyl&#228;, P.O. Box 35, Jyv&#228;skyl&#228; FI-40014, Finland</ce:textfn><sa:affiliation><sa:organization>Department of Psychology</sa:organization><sa:organization>Faculty of Education and Psychology</sa:organization><sa:organization>University of Jyv&#228;skyl&#228;</sa:organization><sa:address-line>P.O. Box 35</sa:address-line><sa:city>Jyv&#228;skyl&#228;</sa:city><sa:postal-code>FI-40014</sa:postal-code><sa:country>Finland</sa:country></sa:affiliation><ce:source-text id="staff0005">eDepartment of Psychology, Faculty of Education and Psychology, University of Jyv&#228;skyl&#228;, P.O. Box 35, Jyv&#228;skyl&#228; FI-40014, Finland</ce:source-text></ce:affiliation><ce:correspondence id="cor0001"><ce:label>&#x204e;</ce:label><ce:text id="cetext0001">Corresponding authors.</ce:text></ce:correspondence></ce:author-group><ce:date-received day="13" month="12" year="2021"/><ce:date-revised day="5" month="1" year="2022"/><ce:date-accepted day="7" month="1" year="2022"/><ce:abstract id="abs0001" view="all" class="author"><ce:section-title id="cesectitle0001">Abstract</ce:section-title><ce:abstract-sec id="abss0001" view="all"><ce:simple-para id="spara005" view="all">Movement sensor data from seven static and dynamic dog behaviors (sitting, standing, lying down, trotting, walking, playing, and (treat) searching i.e. sniffing) was collected from 45 middle to large sized dogs with six degree-of-freedom movement sensors attached to the collar and the harness. With 17 dogs the collection procedure was repeated. The duration of each of the seven behaviors was approximately three minutes. The order of the tasks was varied between the dogs and the two repetitions (for the 17 dogs). The behaviors were annotated post-hoc based on the video recordings made with two camcorders during the tests with one second resolution. The annotations were accurately synchronized with the raw movement sensors data.</ce:simple-para><ce:simple-para id="spara006" view="all">The annotated data was originally used for training behavior classification machine learning algorithms for classifying the seven behaviors. The developed signal processing and classification algorithms are provided together with the raw measurement data and reference annotations. The description and results of the original investigation that the dataset relates to are found in: P. Kumpulainen, A. Valldeoriola Card&#243;, S. Somppi, H. T&#246;rnqvist, H. V&#228;&#228;t&#228;j&#228;, P. Majaranta, Y. Gizatdinova, C. Hoog Antink, V. Surakka, M. V. Kujala, O. Vainio, A. Vehkaoja, Dog behavior classification with movement sensors placed on the harness and the collar, Applied Animal behavior Science, 241 (2021), 105,393.</ce:simple-para></ce:abstract-sec></ce:abstract><ce:keywords id="keys0001" view="all" class="keyword"><ce:section-title id="cesectitle0002">Keywords</ce:section-title><ce:keyword id="key0001"><ce:text id="cetext0002">Dog activity classification</ce:text></ce:keyword><ce:keyword id="key0002"><ce:text id="cetext0003">Behavior classification</ce:text></ce:keyword><ce:keyword id="key0003"><ce:text id="cetext0004">Movement sensor</ce:text></ce:keyword><ce:keyword id="key0004"><ce:text id="cetext0005">Accelerometer</ce:text></ce:keyword><ce:keyword id="key0005"><ce:text id="cetext0006">Gyroscope</ce:text></ce:keyword><ce:keyword id="key0006"><ce:text id="cetext0007">Machine learning</ce:text></ce:keyword></ce:keywords></ja:head></ja:article></doc:document>
