<doc:document xmlns:doc="http://www.elsevier.com/xml/document/schema" xmlns:dp="http://www.elsevier.com/xml/common/doc-properties/schema" xmlns:cps="http://www.elsevier.com/xml/common/consyn-properties/schema" xmlns:rdf="http://www.w3.org/1999/02/22-rdf-syntax-ns#" xmlns:dct="http://purl.org/dc/terms/" xmlns:prism="http://prismstandard.org/namespaces/basic/2.0/" xmlns:oa="http://vtw.elsevier.com/data/ns/properties/OpenAccess-1/" xmlns:bam="http://vtw.elsevier.com/data/voc/ns/bam-vtw-1/" xmlns:cp="http://vtw.elsevier.com/data/ns/properties/Copyright-1/" xmlns:cja="http://www.elsevier.com/xml/cja/schema" xmlns:ja="http://www.elsevier.com/xml/ja/schema" xmlns:bk="http://www.elsevier.com/xml/bk/schema" xmlns:ce="http://www.elsevier.com/xml/common/schema" xmlns:mml="http://www.w3.org/1998/Math/MathML" xmlns:cals="http://www.elsevier.com/xml/common/cals/schema" xmlns:tb="http://www.elsevier.com/xml/common/table/schema" xmlns:sa="http://www.elsevier.com/xml/common/struct-aff/schema" xmlns:sb="http://www.elsevier.com/xml/common/struct-bib/schema" xmlns:xlink="http://www.w3.org/1999/xlink"><rdf:RDF><rdf:Description rdf:about="http://dx.doi.org/10.1016/j.prmcm.2022.100053"><dct:format>application/xml</dct:format><dct:title>Fermentation broth of Serpula similis protect cells from oxidative stress-induced senescence via AMPK-dependent autophagy restoration</dct:title><dct:creator>Cui Chen</dct:creator><dct:creator>Min Zhou</dct:creator><dct:creator>Yu-chen Ge</dct:creator><dct:creator>Hui Hua</dct:creator><dct:creator>Xiao-jian Wu</dct:creator><dct:creator>Xiao-bo Wang</dct:creator><dct:subject><rdf:Bag><rdf:li>AMPK</rdf:li><rdf:li>autophagy</rdf:li><rdf:li>fermentation broth of Serpula similis</rdf:li><rdf:li>oxidative stress</rdf:li><rdf:li>senescence</rdf:li></rdf:Bag></dct:subject><dct:description>Pharmacological Research - Modern Chinese Medicine 2 (2022). doi:10.1016/j.prmcm.2022.100053</dct:description><prism:aggregationType>journal</prism:aggregationType><prism:publicationName>Pharmacological Research - Modern Chinese Medicine</prism:publicationName><prism:copyright>&#169; 2022 The Authors. Published by Elsevier B.V.</prism:copyright><dct:publisher>Elsevier B.V.</dct:publisher><prism:issn>2667-1425</prism:issn><prism:volume>2</prism:volume><prism:coverDisplayDate>March 2022</prism:coverDisplayDate><prism:doi>10.1016/j.prmcm.2022.100053</prism:doi><prism:url>http://dx.doi.org/10.1016/j.prmcm.2022.100053</prism:url><dct:identifier>doi:10.1016/j.prmcm.2022.100053</dct:identifier><bam:articleNumber>100053</bam:articleNumber><oa:openAccessInformation><oa:openAccessStatus xmlns:xsi="http://www.w3.org/2001/XMLSchema-instance">http://vtw.elsevier.com/data/voc/oa/OpenAccessStatus#Full</oa:openAccessStatus><oa:openAccessEffective xmlns:xsi="http://www.w3.org/2001/XMLSchema-instance">2022-01-18T14:53:14Z</oa:openAccessEffective><oa:sponsor xmlns:xsi="http://www.w3.org/2001/XMLSchema-instance"><oa:sponsorName>China Institutes Tracking agreement</oa:sponsorName><oa:sponsorType>http://vtw.elsevier.com/data/voc/oa/SponsorType#Author</oa:sponsorType></oa:sponsor><oa:userLicense xmlns:xsi="http://www.w3.org/2001/XMLSchema-instance">http://creativecommons.org/licenses/by-nc-nd/4.0/</oa:userLicense></oa:openAccessInformation><cp:licenseLine xmlns:xsi="http://www.w3.org/2001/XMLSchema-instance">This is an open access article under the CC BY-NC-ND license.</cp:licenseLine></rdf:Description></rdf:RDF><dp:document-properties><dp:aggregation-type>Journals</dp:aggregation-type><dp:version-number>S250.1</dp:version-number></dp:document-properties><ja:article docsubtype="fla" version="5.6" xml:lang="en"><ja:item-info><ja:jid>PRMCM</ja:jid><ja:aid>100053</ja:aid><ce:article-number>100053</ce:article-number><ce:pii>S2667-1425(22)00014-8</ce:pii><ce:doi>10.1016/j.prmcm.2022.100053</ce:doi><ce:copyright type="unknown" year="2022"/></ja:item-info><ja:head><ce:title id="tte0002">Fermentation broth of <ce:italic>Serpula similis</ce:italic> protect cells from oxidative stress-induced senescence via AMPK-dependent autophagy restoration</ce:title><ce:author-group id="aut0001"><ce:author id="au0001" author-id="S2667142522000148-30632e18c8ebbb66af45b4ae9811cad2"><ce:given-name>Cui</ce:given-name><ce:surname>Chen</ce:surname><ce:cross-ref refid="aff0001"><ce:sup loc="post">a</ce:sup></ce:cross-ref><ce:cross-ref refid="fn1"><ce:sup loc="post">#</ce:sup></ce:cross-ref></ce:author><ce:author id="au0002" author-id="S2667142522000148-cc930a896b9a2e8cb543cf8990174fd1"><ce:given-name>Min</ce:given-name><ce:surname>Zhou</ce:surname><ce:cross-ref refid="aff0001"><ce:sup loc="post">a</ce:sup></ce:cross-ref><ce:cross-ref refid="fn1"><ce:sup loc="post">#</ce:sup></ce:cross-ref></ce:author><ce:author id="au0003" author-id="S2667142522000148-d610fefd896a0918bc6a66ae4fa48b1c"><ce:given-name>Yu-chen</ce:given-name><ce:surname>Ge</ce:surname><ce:cross-ref refid="aff0001"><ce:sup loc="post">a</ce:sup></ce:cross-ref></ce:author><ce:author id="au0004" author-id="S2667142522000148-c9a65ceccb8aae170aeb6a3f50ad008f"><ce:given-name>Hui</ce:given-name><ce:surname>Hua</ce:surname><ce:cross-ref refid="aff0001"><ce:sup loc="post">a</ce:sup></ce:cross-ref><ce:cross-ref refid="aff0002"><ce:sup loc="post">b</ce:sup></ce:cross-ref></ce:author><ce:author id="au0005" author-id="S2667142522000148-87a00dd21432b2d567723b6b00b22ca3"><ce:given-name>Xiao-jian</ce:given-name><ce:surname>Wu</ce:surname><ce:cross-ref refid="aff0003"><ce:sup loc="post">c</ce:sup></ce:cross-ref><ce:cross-ref refid="cor0001"><ce:sup loc="post">&#x204e;</ce:sup></ce:cross-ref><ce:e-address id="ead0001" type="email" xlink:href="mailto:494179474@qq.com">494179474@qq.com</ce:e-address></ce:author><ce:author id="au0006" author-id="S2667142522000148-9da2c114c531a633a708f92b8d3aa95d"><ce:given-name>Xiao-bo</ce:given-name><ce:surname>Wang</ce:surname><ce:cross-ref refid="aff0001"><ce:sup loc="post">a</ce:sup></ce:cross-ref><ce:cross-ref refid="aff0002"><ce:sup loc="post">b</ce:sup></ce:cross-ref><ce:cross-ref refid="cor0001"><ce:sup loc="post">&#x204e;</ce:sup></ce:cross-ref><ce:e-address id="ead0002" type="email" xlink:href="mailto:wxb4320062@163.com">wxb4320062@163.com</ce:e-address></ce:author><ce:affiliation id="aff0001" affiliation-id="S2667142522000148-e7239d2f482750cbf257cd389776cb17"><ce:label>a</ce:label><ce:textfn id="cetextfn0001">School of Basic Medicine, Dali University, Dali, Yunnan, 671000, China</ce:textfn><sa:affiliation><sa:organization>School of Basic Medicine</sa:organization><sa:organization>Dali University</sa:organization><sa:city>Dali</sa:city><sa:state>Yunnan</sa:state><sa:postal-code>671000</sa:postal-code><sa:country>China</sa:country></sa:affiliation><ce:source-text id="staff0001">aSchool of Basic Medicine, Dali University, Dali, Yunnan, 671000, China</ce:source-text></ce:affiliation><ce:affiliation id="aff0002" affiliation-id="S2667142522000148-8f9e264e9e8f1562ab0fe273ad74d466"><ce:label>b</ce:label><ce:textfn id="cetextfn0002">Key Laboratory of University Cell Biology Yunnan Province, Dali, Yunnan, 671000, China</ce:textfn><sa:affiliation><sa:organization>Key Laboratory of University Cell Biology Yunnan Province</sa:organization><sa:city>Dali</sa:city><sa:state>Yunnan</sa:state><sa:postal-code>671000</sa:postal-code><sa:country>China</sa:country></sa:affiliation><ce:source-text id="staff0002">bKey Laboratory of University Cell Biology Yunnan Province, Dali, Yunnan, 671000, China</ce:source-text></ce:affiliation><ce:affiliation id="aff0003" affiliation-id="S2667142522000148-5ff43a759d458fb9e0a282b4b2d0c69d"><ce:label>c</ce:label><ce:textfn id="cetextfn0003">Microbiology Research Institute, Guangxi Academy of Agricultural, Science, Nanning, Guangxi&#160;Province 530007, China</ce:textfn><sa:affiliation><sa:organization>Microbiology Research Institute</sa:organization><sa:organization>Guangxi Academy of Agricultural, Science</sa:organization><sa:city>Nanning</sa:city><sa:state>Guangxi&#160;Province</sa:state><sa:postal-code>530007</sa:postal-code><sa:country>China</sa:country></sa:affiliation><ce:source-text id="staff0003">cMicrobiology Research Institute, Guangxi Academy of Agricultural, Science, Nanning, Guangxi&#160;Province 530007, China</ce:source-text></ce:affiliation><ce:correspondence id="cor0001"><ce:label>&#x204e;</ce:label><ce:text id="cetext0001">Corresponding authors.</ce:text></ce:correspondence><ce:footnote id="fn1"><ce:label>#</ce:label><ce:note-para id="notep0001" view="all">These authors contributed equally to this work.</ce:note-para></ce:footnote></ce:author-group><ce:date-received day="23" month="11" year="2021"/><ce:date-revised day="4" month="1" year="2022"/><ce:date-accepted day="18" month="1" year="2022"/><ce:abstract id="abs0001" view="all" class="author"><ce:section-title id="cesectitle0001">Abstract</ce:section-title><ce:abstract-sec id="abss0001" view="all"><ce:simple-para id="spara005" view="all"><ce:italic>Serpula similis</ce:italic> is an interesting member of Hymenomycetes in association with bamboo clumps. However, the functions of <ce:italic>Serpula similis</ce:italic> on cellular senescence are not clear yet. In this study, the protective effect of fermentation broth of Serpula similis (FeBrSS) on cellular senescence-induced by oxidative stress and the potential mechanism was studied. The stress-induced premature senescence model was established by hydrogen peroxide, and model cells were subjected to the intervention with FeBrSS. As a result, we found that FeBrSS administration certainly repressed activity of senescence associated &#x03b2;-Galactosidase and expression of senescence-associated genes. Interestingly, the effects of FeBrSS are related to the restoration of impaired autophagy via activation of AMP-activated protein kinase (AMPK) other than via mTORC1 pathway. Together, our study demonstrated for the first time that FeBrSS have the effects of inhibiting senescence via autophagy restoration which occurs due to activation of AMPK pathway, and therefore, supported that autophagy plays a critical role in anti-aging. Our findings expanded the list of fermentation broth of fungus of significance and may provide new evidence or strategies for developing new drugs for anti-aging.</ce:simple-para></ce:abstract-sec></ce:abstract><ce:keywords id="keys0001" view="all" class="keyword"><ce:section-title id="cesectitle0002">Keywords</ce:section-title><ce:keyword id="key0001"><ce:text id="cetext0002">AMPK</ce:text></ce:keyword><ce:keyword id="key0002"><ce:text id="cetext0003">autophagy</ce:text></ce:keyword><ce:keyword id="key0003"><ce:text id="cetext0004">fermentation broth of Serpula similis</ce:text></ce:keyword><ce:keyword id="key0004"><ce:text id="cetext0005">oxidative stress</ce:text></ce:keyword><ce:keyword id="key0005"><ce:text id="cetext0006">senescence</ce:text></ce:keyword></ce:keywords></ja:head></ja:article></doc:document>
