<doc:document xmlns:doc="http://www.elsevier.com/xml/document/schema" xmlns:dp="http://www.elsevier.com/xml/common/doc-properties/schema" xmlns:cps="http://www.elsevier.com/xml/common/consyn-properties/schema" xmlns:rdf="http://www.w3.org/1999/02/22-rdf-syntax-ns#" xmlns:dct="http://purl.org/dc/terms/" xmlns:prism="http://prismstandard.org/namespaces/basic/2.0/" xmlns:oa="http://vtw.elsevier.com/data/ns/properties/OpenAccess-1/" xmlns:bam="http://vtw.elsevier.com/data/voc/ns/bam-vtw-1/" xmlns:cp="http://vtw.elsevier.com/data/ns/properties/Copyright-1/" xmlns:cja="http://www.elsevier.com/xml/cja/schema" xmlns:ja="http://www.elsevier.com/xml/ja/schema" xmlns:bk="http://www.elsevier.com/xml/bk/schema" xmlns:ce="http://www.elsevier.com/xml/common/schema" xmlns:mml="http://www.w3.org/1998/Math/MathML" xmlns:cals="http://www.elsevier.com/xml/common/cals/schema" xmlns:tb="http://www.elsevier.com/xml/common/table/schema" xmlns:sa="http://www.elsevier.com/xml/common/struct-aff/schema" xmlns:sb="http://www.elsevier.com/xml/common/struct-bib/schema" xmlns:xlink="http://www.w3.org/1999/xlink"><rdf:RDF><rdf:Description rdf:about="http://dx.doi.org/10.1016/j.dib.2021.107639"><dct:format>application/xml</dct:format><dct:title>Case study data for joint modeling of insurance claims and lapsation</dct:title><dct:creator>Montserrat Guillen</dct:creator><dct:creator>Catalina Bolanc&#233;</dct:creator><dct:creator>Edward W. Frees</dct:creator><dct:creator>Emiliano A. Valdez</dct:creator><dct:subject><rdf:Bag><rdf:li>Motor insurance</rdf:li><rdf:li>Homeowners insurance</rdf:li><rdf:li>Customer retention</rdf:li><rdf:li>Loyalty</rdf:li><rdf:li>Ratemaking</rdf:li><rdf:li>Premium</rdf:li><rdf:li>Loss data</rdf:li><rdf:li>Dependence</rdf:li><rdf:li>Heavy tails</rdf:li></rdf:Bag></dct:subject><dct:description>Data in Brief 39 (2021). doi:10.1016/j.dib.2021.107639</dct:description><prism:aggregationType>journal</prism:aggregationType><prism:publicationName>Data in Brief</prism:publicationName><prism:copyright>&#169; 2021 The Author(s). Published by Elsevier Inc.</prism:copyright><dct:publisher>Elsevier Inc.</dct:publisher><prism:issn>2352-3409</prism:issn><prism:volume>39</prism:volume><prism:coverDisplayDate>December 2021</prism:coverDisplayDate><prism:doi>10.1016/j.dib.2021.107639</prism:doi><prism:url>http://dx.doi.org/10.1016/j.dib.2021.107639</prism:url><dct:identifier>doi:10.1016/j.dib.2021.107639</dct:identifier><bam:articleNumber>107639</bam:articleNumber><oa:openAccessInformation><oa:openAccessStatus xmlns:xsi="http://www.w3.org/2001/XMLSchema-instance">http://vtw.elsevier.com/data/voc/oa/OpenAccessStatus#Full</oa:openAccessStatus><oa:openAccessEffective xmlns:xsi="http://www.w3.org/2001/XMLSchema-instance">2021-11-23T07:26:18Z</oa:openAccessEffective><oa:sponsor xmlns:xsi="http://www.w3.org/2001/XMLSchema-instance"><oa:sponsorName>Spain OA journals discount: 2021</oa:sponsorName><oa:sponsorType>http://vtw.elsevier.com/data/voc/oa/SponsorType#FundingBody</oa:sponsorType></oa:sponsor><oa:userLicense xmlns:xsi="http://www.w3.org/2001/XMLSchema-instance">http://creativecommons.org/licenses/by-nc-nd/4.0/</oa:userLicense></oa:openAccessInformation><cp:licenseLine xmlns:xsi="http://www.w3.org/2001/XMLSchema-instance">This is an open access article under the CC BY-NC-ND license.</cp:licenseLine></rdf:Description></rdf:RDF><dp:document-properties><dp:aggregation-type>Journals</dp:aggregation-type><dp:version-number>S300.1</dp:version-number></dp:document-properties><ja:article docsubtype="dat" version="5.6" xml:lang="en"><ja:item-info><ja:jid>DIB</ja:jid><ja:aid>107639</ja:aid><ce:article-number>107639</ce:article-number><ce:pii>S2352-3409(21)00914-8</ce:pii><ce:doi>10.1016/j.dib.2021.107639</ce:doi><ce:document-thread><ce:refers-to-document id="ref0001"><ce:pii>S0957-4174(21)00958-1</ce:pii><ce:doi>10.1016/j.eswa.2021.115552</ce:doi></ce:refers-to-document></ce:document-thread><ce:copyright type="other" year="2021">The Author(s)</ce:copyright></ja:item-info><ja:head><ce:dochead id="dchd0001"><ce:textfn id="dhtxt0001">Data Article</ce:textfn></ce:dochead><ce:title id="tte0002">Case study data for joint modeling of insurance claims and lapsation</ce:title><ce:author-group id="aut0001"><ce:author id="au0001" author-id="S2352340921009148-2211006e8b43b8a2fae2b8b2149333b7" orcid="0000-0002-2644-6268"><ce:given-name>Montserrat</ce:given-name><ce:surname>Guillen</ce:surname><ce:cross-ref refid="aff0001"><ce:sup loc="post">a</ce:sup></ce:cross-ref><ce:cross-ref refid="cor0001"><ce:sup loc="post">&#x204e;</ce:sup></ce:cross-ref><ce:e-address id="ead0001" type="email" xlink:href="mailto:mguillen@ub.edu">mguillen@ub.edu</ce:e-address><ce:e-address id="ea1" type="social-media" xlink:href="https://twitter.com/mguillen_estany">@mguillen_estany</ce:e-address></ce:author><ce:author id="au0002" author-id="S2352340921009148-5bcb841fb727c72bed0d181e67263ca3"><ce:given-name>Catalina</ce:given-name><ce:surname>Bolanc&#233;</ce:surname><ce:cross-ref refid="aff0003"><ce:sup loc="post">c</ce:sup></ce:cross-ref><ce:e-address id="ead0002" type="email" xlink:href="mailto:bolance@ub.edu">bolance@ub.edu</ce:e-address><ce:e-address id="ea2" type="social-media" xlink:href="https://twitter.com/BolanceLos">@BolanceLos</ce:e-address></ce:author><ce:author id="au0003" author-id="S2352340921009148-bcdf2f48850e53eadedb9412acbed638" orcid="0000-0001-9605-9776"><ce:given-name>Edward W.</ce:given-name><ce:surname>Frees</ce:surname><ce:cross-ref refid="aff0002"><ce:sup loc="post">b</ce:sup></ce:cross-ref><ce:e-address id="ead0003" type="email" xlink:href="mailto:jfrees@bus.wisc.edu">jfrees@bus.wisc.edu</ce:e-address></ce:author><ce:author id="au0004" orcid="0000-0003-4037-8385" author-id="S2352340921009148-d40e8f2b169a9abadde0c67c9116c054"><ce:given-name>Emiliano A.</ce:given-name><ce:surname>Valdez</ce:surname><ce:cross-ref refid="aff0003"><ce:sup loc="post">c</ce:sup></ce:cross-ref><ce:e-address id="ead0004" type="email" xlink:href="mailto:emiliano.valdez@uconn.edu">emiliano.valdez@uconn.edu</ce:e-address><ce:e-address id="ea3" type="social-media" xlink:href="https://twitter.com/evaldez2021">@evaldez2021</ce:e-address></ce:author><ce:affiliation id="aff0001" affiliation-id="S2352340921009148-e9f59e8459ddeff4d8bc5158738be696"><ce:label>a</ce:label><ce:textfn id="cetextfn0001">Universitat de Barcelona, Spain</ce:textfn><sa:affiliation><sa:organization>Universitat de Barcelona</sa:organization><sa:country>Spain</sa:country></sa:affiliation><ce:source-text id="staff0001">aUniversitat de Barcelona, Spain</ce:source-text></ce:affiliation><ce:affiliation id="aff0002" affiliation-id="S2352340921009148-5b754a3faf9565cfe7aa7d424653fd01"><ce:label>b</ce:label><ce:textfn id="cetextfn0002">University of Wisconsin-Madison and Australian National University, United States</ce:textfn><sa:affiliation><sa:organization>University of Wisconsin-Madison and Australian National University</sa:organization><sa:country>United States</sa:country></sa:affiliation><ce:source-text id="staff0002">bUniversity of Wisconsin-Madison and Australian National University, United States</ce:source-text></ce:affiliation><ce:affiliation id="aff0003" affiliation-id="S2352340921009148-b500b85bddc2e3825bc1e3cb033ef59e"><ce:label>c</ce:label><ce:textfn id="cetextfn0003">University of Connecticut, United States</ce:textfn><sa:affiliation><sa:organization>University of Connecticut</sa:organization><sa:country>United States</sa:country></sa:affiliation><ce:source-text id="staff0003">cUniversity of Connecticut, United States</ce:source-text></ce:affiliation><ce:correspondence id="cor0001"><ce:label>&#x204e;</ce:label><ce:text id="cetext0001">Corresponding author.</ce:text></ce:correspondence></ce:author-group><ce:date-received day="3" month="9" year="2021"/><ce:date-revised day="7" month="11" year="2021"/><ce:date-accepted day="22" month="11" year="2021"/><ce:abstract id="abs0001" view="all" class="author"><ce:section-title id="cesectitle0001">Abstract</ce:section-title><ce:abstract-sec id="abss0001" view="all"><ce:simple-para id="spara002" view="all">The dataset tracks 40,284 insurance clients over five years, between 2010 and 2015, who subscribed to both automobile and homeowners insurance. We have combined information on these customers. First, the characteristics including age, gender or driving experience, among others and dates of renewal for the two types of policies considered here. Note that we have only considered clients corresponding to persons and not commercial firms that can also underwrite home and motor insurance policies. Second, the policy data file for motor vehicle insurance consists of all vehicle insurance coverage including power, driving area or whether there is a second driver that drives the car occasionally. Third, the policy data file for homeowners insurance has information on the property such as value of the building (essentially the value of the home without any furniture, apparel and personal items), location and type of dwelling. Besides these three sources, we have access to data containing information on the number of claims and total cost of those claims per year and per policy type. So, for all policies that are in force, we finally have up to a five year record of the yearly cost of claims in the motor insurance and in the home coverage. If the customer does not renew one of those two policies or both, we do not have more information after this lapse occurs. After summarizing the data, we provide the usual marginal analysis, where we fit regression models using Tweedie distributions for claims and a logistic model for lapse. Data can be used for joint analysis of insurance policyholders with more than one product.</ce:simple-para></ce:abstract-sec></ce:abstract><ce:keywords id="keys0001" view="all" class="keyword"><ce:section-title id="cesectitle0002">Keywords</ce:section-title><ce:keyword id="key0001"><ce:text id="cetext0002">Motor insurance</ce:text></ce:keyword><ce:keyword id="key0002"><ce:text id="cetext0003">Homeowners insurance</ce:text></ce:keyword><ce:keyword id="key0003"><ce:text id="cetext0004">Customer retention</ce:text></ce:keyword><ce:keyword id="key0004"><ce:text id="cetext0005">Loyalty</ce:text></ce:keyword><ce:keyword id="key0005"><ce:text id="cetext0006">Ratemaking</ce:text></ce:keyword><ce:keyword id="key0006"><ce:text id="cetext0007">Premium</ce:text></ce:keyword><ce:keyword id="key0007"><ce:text id="cetext0008">Loss data</ce:text></ce:keyword><ce:keyword id="key0008"><ce:text id="cetext0009">Dependence</ce:text></ce:keyword><ce:keyword id="key0009"><ce:text id="cetext0010">Heavy tails</ce:text></ce:keyword></ce:keywords></ja:head></ja:article></doc:document>
