<doc:document xmlns:doc="http://www.elsevier.com/xml/document/schema" xmlns:dp="http://www.elsevier.com/xml/common/doc-properties/schema" xmlns:cps="http://www.elsevier.com/xml/common/consyn-properties/schema" xmlns:rdf="http://www.w3.org/1999/02/22-rdf-syntax-ns#" xmlns:dct="http://purl.org/dc/terms/" xmlns:prism="http://prismstandard.org/namespaces/basic/2.0/" xmlns:oa="http://vtw.elsevier.com/data/ns/properties/OpenAccess-1/" xmlns:bam="http://vtw.elsevier.com/data/voc/ns/bam-vtw-1/" xmlns:cp="http://vtw.elsevier.com/data/ns/properties/Copyright-1/" xmlns:cja="http://www.elsevier.com/xml/cja/schema" xmlns:ja="http://www.elsevier.com/xml/ja/schema" xmlns:bk="http://www.elsevier.com/xml/bk/schema" xmlns:ce="http://www.elsevier.com/xml/common/schema" xmlns:mml="http://www.w3.org/1998/Math/MathML" xmlns:cals="http://www.elsevier.com/xml/common/cals/schema" xmlns:tb="http://www.elsevier.com/xml/common/table/schema" xmlns:sa="http://www.elsevier.com/xml/common/struct-aff/schema" xmlns:sb="http://www.elsevier.com/xml/common/struct-bib/schema" xmlns:xlink="http://www.w3.org/1999/xlink"><rdf:RDF><rdf:Description rdf:about="http://dx.doi.org/10.1016/j.dib.2021.107528"><dct:format>application/xml</dct:format><dct:title>Data on electroencephalographic activity while exposed to pink noise modified by the frequency responses of three headphone models</dct:title><dct:creator>Norberto E. Naal-Ruiz</dct:creator><dct:creator>Luz M. Alonso-Valerdi</dct:creator><dct:creator>David I. Ibarra-Zarate</dct:creator><dct:subject><rdf:Bag><rdf:li>Neural activity</rdf:li><rdf:li>Frequency response</rdf:li><rdf:li>Pink noise</rdf:li><rdf:li>Acoustic treatments</rdf:li><rdf:li>Inverse filtering</rdf:li></rdf:Bag></dct:subject><dct:description>Data in Brief 39 (2021). doi:10.1016/j.dib.2021.107528</dct:description><prism:aggregationType>journal</prism:aggregationType><prism:publicationName>Data in Brief</prism:publicationName><prism:copyright>&#169; 2021 The Author(s). Published by Elsevier Inc.</prism:copyright><dct:publisher>Elsevier Inc.</dct:publisher><prism:issn>2352-3409</prism:issn><prism:volume>39</prism:volume><prism:coverDisplayDate>December 2021</prism:coverDisplayDate><prism:doi>10.1016/j.dib.2021.107528</prism:doi><prism:url>http://dx.doi.org/10.1016/j.dib.2021.107528</prism:url><dct:identifier>doi:10.1016/j.dib.2021.107528</dct:identifier><bam:articleNumber>107528</bam:articleNumber><oa:openAccessInformation><oa:openAccessStatus xmlns:xsi="http://www.w3.org/2001/XMLSchema-instance">http://vtw.elsevier.com/data/voc/oa/OpenAccessStatus#Full</oa:openAccessStatus><oa:openAccessEffective xmlns:xsi="http://www.w3.org/2001/XMLSchema-instance">2021-10-26T19:28:32Z</oa:openAccessEffective><oa:sponsor xmlns:xsi="http://www.w3.org/2001/XMLSchema-instance"><oa:sponsorType>http://vtw.elsevier.com/data/voc/oa/SponsorType#Author</oa:sponsorType></oa:sponsor><oa:userLicense xmlns:xsi="http://www.w3.org/2001/XMLSchema-instance">http://creativecommons.org/licenses/by/4.0/</oa:userLicense></oa:openAccessInformation><cp:licenseLine xmlns:xsi="http://www.w3.org/2001/XMLSchema-instance">This is an open access article under the CC BY license.</cp:licenseLine></rdf:Description></rdf:RDF><dp:document-properties><dp:aggregation-type>Journals</dp:aggregation-type><dp:version-number>S300.1</dp:version-number></dp:document-properties><ja:article docsubtype="dat" version="5.6" xml:lang="en"><ja:item-info><ja:jid>DIB</ja:jid><ja:aid>107528</ja:aid><ce:article-number>107528</ce:article-number><ce:pii>S2352-3409(21)00804-0</ce:pii><ce:doi>10.1016/j.dib.2021.107528</ce:doi><ce:document-thread><ce:refers-to-document id="ref0001"><ce:pii>S0003-682X(21)00509-0</ce:pii><ce:doi>10.1016/j.apacoust.2021.108415</ce:doi></ce:refers-to-document></ce:document-thread><ce:copyright type="unknown" year="2021"/></ja:item-info><ja:head><ce:dochead id="dchd0001"><ce:textfn id="dhtxt0001">Data Article</ce:textfn></ce:dochead><ce:title id="tte0002">Data on electroencephalographic activity while exposed to pink noise modified by the frequency responses of three headphone models</ce:title><ce:author-group id="aut0001"><ce:author id="au0001" author-id="S2352340921008040-c5af96816bde24628d7960e95522e16e" orcid="0000-0002-1203-8925"><ce:given-name>Norberto E.</ce:given-name><ce:surname>Naal-Ruiz</ce:surname><ce:cross-ref refid="cor0001"><ce:sup loc="post">&#x204e;</ce:sup></ce:cross-ref><ce:e-address id="ead0001" type="email" xlink:href="mailto:a01281789@itesm.mx">a01281789@itesm.mx</ce:e-address></ce:author><ce:author id="au0002" author-id="S2352340921008040-4595edcc5dc8d4c11e31a1e05606b9b4" orcid="0000-0002-2256-2958"><ce:given-name>Luz M.</ce:given-name><ce:surname>Alonso-Valerdi</ce:surname></ce:author><ce:author id="au0003" author-id="S2352340921008040-a758025f8b55b62d45ac94585248541b"><ce:given-name>David I.</ce:given-name><ce:surname>Ibarra-Zarate</ce:surname></ce:author><ce:affiliation id="aff0001" affiliation-id="S2352340921008040-95fac52993f56b5fcaa6aded04c42226"><ce:textfn id="cetextfn0001">Escuela de Ingenieria y Ciencias, Tecnologico de Monterrey, Monterrey, N.L., Mexico</ce:textfn><sa:affiliation><sa:organization>Escuela de Ingenieria y Ciencias, Tecnologico de Monterrey</sa:organization><sa:city>Monterrey</sa:city><sa:state>N.L.</sa:state><sa:country>Mexico</sa:country></sa:affiliation><ce:source-text id="staff0001">Escuela de Ingenieria y Ciencias, Tecnologico de Monterrey, Monterrey, N.L., Mexico</ce:source-text></ce:affiliation><ce:correspondence id="cor0001"><ce:label>&#x204e;</ce:label><ce:text id="cetext0001">Corresponding author at: Escuela de Ingenieria y Ciencias, Tecnologico de Monterrey, Ave. Eugenio Garza Sada 2501, Monterrey, N.L., 64849, Mexico.</ce:text><sa:affiliation><sa:organization>Escuela de Ingenieria y Ciencias, Tecnologico de Monterrey</sa:organization><sa:address-line>Ave. Eugenio Garza Sada 2501</sa:address-line><sa:city>Monterrey</sa:city><sa:state>N.L.</sa:state><sa:postal-code>64849</sa:postal-code><sa:country>Mexico.</sa:country></sa:affiliation></ce:correspondence></ce:author-group><ce:date-received day="20" month="9" year="2021"/><ce:date-revised day="15" month="10" year="2021"/><ce:date-accepted day="25" month="10" year="2021"/><ce:abstract id="abs0001" view="all" class="author"><ce:section-title id="cesectitle0001">Abstract</ce:section-title><ce:abstract-sec id="abss0001" view="all"><ce:simple-para id="spara003" view="all">The data described in this article refers to the experimental paradigm where subjects listened to the same pink noise modified by the frequency responses of three headphone models while their brain responses were recorded by means of electroencephalography. Six types of data are described: 1) pink noise sounds with a length of 2.73 s used for the experimental paradigm; 2) electrophysiological recordings, 29 in the first session and 25 in the last session recorded for five minutes; text files with 3) electrode positions and 4) information to identify physiological data and headphone group; 5) a table with technical specifications of the physical headphone model used in the experiment; and 6) a figure summarizing the experimental design. The information in this work can be used to compare the electrical activity of the brain in acoustic treatments where headphones are a key element to meet the therapeutic effect.</ce:simple-para></ce:abstract-sec></ce:abstract><ce:keywords id="keys0001" view="all" class="keyword"><ce:section-title id="cesectitle0002">Keywords</ce:section-title><ce:keyword id="key0001"><ce:text id="cetext0002">Neural activity</ce:text></ce:keyword><ce:keyword id="key0001a"><ce:text id="cetext0003">Frequency response</ce:text></ce:keyword><ce:keyword id="key0001b"><ce:text id="cetext0004">Pink noise</ce:text></ce:keyword><ce:keyword id="key0001c"><ce:text id="cetext0005">Acoustic treatments</ce:text></ce:keyword><ce:keyword id="key0001d"><ce:text id="cetext0006">Inverse filtering</ce:text></ce:keyword></ce:keywords></ja:head></ja:article></doc:document>
