<doc:document xmlns:doc="http://www.elsevier.com/xml/document/schema" xmlns:dp="http://www.elsevier.com/xml/common/doc-properties/schema" xmlns:cps="http://www.elsevier.com/xml/common/consyn-properties/schema" xmlns:rdf="http://www.w3.org/1999/02/22-rdf-syntax-ns#" xmlns:dct="http://purl.org/dc/terms/" xmlns:prism="http://prismstandard.org/namespaces/basic/2.0/" xmlns:oa="http://vtw.elsevier.com/data/ns/properties/OpenAccess-1/" xmlns:bam="http://vtw.elsevier.com/data/voc/ns/bam-vtw-1/" xmlns:cp="http://vtw.elsevier.com/data/ns/properties/Copyright-1/" xmlns:cja="http://www.elsevier.com/xml/cja/schema" xmlns:ja="http://www.elsevier.com/xml/ja/schema" xmlns:bk="http://www.elsevier.com/xml/bk/schema" xmlns:ce="http://www.elsevier.com/xml/common/schema" xmlns:mml="http://www.w3.org/1998/Math/MathML" xmlns:cals="http://www.elsevier.com/xml/common/cals/schema" xmlns:tb="http://www.elsevier.com/xml/common/table/schema" xmlns:sa="http://www.elsevier.com/xml/common/struct-aff/schema" xmlns:sb="http://www.elsevier.com/xml/common/struct-bib/schema" xmlns:xlink="http://www.w3.org/1999/xlink"><rdf:RDF><rdf:Description rdf:about="http://dx.doi.org/10.1016/j.dib.2021.107549"><dct:format>application/xml</dct:format><dct:title>Data on the Relationships of Signal-To-Cutoff Ratios of Elecsys HIV Antigen/Antibody and Elecsys Syphilis Assays to Subsequent Confirmatory Testing at an Academic Medical Center</dct:title><dct:creator>Saurav Chopra</dct:creator><dct:creator>Matthew D. Krasowski</dct:creator><dct:subject><rdf:Bag><rdf:li>False positive reaction</rdf:li><rdf:li>HIV-1</rdf:li><rdf:li>immunoassay</rdf:li><rdf:li>syphilis</rdf:li><rdf:li>Treponema pallidum</rdf:li><rdf:li>viral load</rdf:li></rdf:Bag></dct:subject><dct:description>Data in Brief 39 (2021). doi:10.1016/j.dib.2021.107549</dct:description><prism:aggregationType>journal</prism:aggregationType><prism:publicationName>Data in Brief</prism:publicationName><prism:copyright>&#169; 2021 The Author(s). Published by Elsevier Inc.</prism:copyright><dct:publisher>Elsevier Inc.</dct:publisher><prism:issn>2352-3409</prism:issn><prism:volume>39</prism:volume><prism:coverDisplayDate>December 2021</prism:coverDisplayDate><prism:doi>10.1016/j.dib.2021.107549</prism:doi><prism:url>http://dx.doi.org/10.1016/j.dib.2021.107549</prism:url><dct:identifier>doi:10.1016/j.dib.2021.107549</dct:identifier><bam:articleNumber>107549</bam:articleNumber><oa:openAccessInformation><oa:openAccessStatus xmlns:xsi="http://www.w3.org/2001/XMLSchema-instance">http://vtw.elsevier.com/data/voc/oa/OpenAccessStatus#Full</oa:openAccessStatus><oa:openAccessEffective xmlns:xsi="http://www.w3.org/2001/XMLSchema-instance">2021-11-02T15:11:28Z</oa:openAccessEffective><oa:sponsor xmlns:xsi="http://www.w3.org/2001/XMLSchema-instance"><oa:sponsorType>http://vtw.elsevier.com/data/voc/oa/SponsorType#Author</oa:sponsorType></oa:sponsor><oa:userLicense xmlns:xsi="http://www.w3.org/2001/XMLSchema-instance">http://creativecommons.org/licenses/by/4.0/</oa:userLicense></oa:openAccessInformation><cp:licenseLine xmlns:xsi="http://www.w3.org/2001/XMLSchema-instance">This is an open access article under the CC BY license.</cp:licenseLine></rdf:Description></rdf:RDF><dp:document-properties><dp:aggregation-type>Journals</dp:aggregation-type><dp:version-number>S300.1</dp:version-number></dp:document-properties><ja:article docsubtype="dat" version="5.6" xml:lang="en"><ja:item-info><ja:jid>DIB</ja:jid><ja:aid>107549</ja:aid><ce:article-number>107549</ce:article-number><ce:pii>S2352-3409(21)00825-8</ce:pii><ce:doi>10.1016/j.dib.2021.107549</ce:doi><ce:copyright type="unknown" year="2021"/></ja:item-info><ja:head><ce:dochead id="dchd0001"><ce:textfn id="dhtxt0001">Data Article</ce:textfn></ce:dochead><ce:title id="tte0002">Data on the Relationships of Signal-To-Cutoff Ratios of Elecsys HIV Antigen/Antibody and Elecsys Syphilis Assays to Subsequent Confirmatory Testing at an Academic Medical Center</ce:title><ce:author-group id="aut0001"><ce:author id="au0001" author-id="S2352340921008258-839bf22e7944ab583afecf4dba18c356" orcid="0000-0002-5872-0532"><ce:given-name>Saurav</ce:given-name><ce:surname>Chopra</ce:surname></ce:author><ce:author id="au0002" author-id="S2352340921008258-3e1d0e993e8b1745a70ce5fe254bdfc4" orcid="0000-0003-0856-8402"><ce:given-name>Matthew D.</ce:given-name><ce:surname>Krasowski</ce:surname><ce:cross-ref refid="cor0001"><ce:sup loc="post">&#x204e;</ce:sup></ce:cross-ref><ce:e-address id="ead0001" type="email" xlink:href="mailto:matthew-krasowski@uiowa.edu">matthew-krasowski@uiowa.edu</ce:e-address></ce:author><ce:affiliation id="aff0001" affiliation-id="S2352340921008258-826a28bd435abd52169c0e9506225d9a"><ce:textfn id="cetextfn0001">Department of Pathology, University of Iowa Hospitals and Clinics, 200 Hawkins Drive, Iowa City, IA 52242, USA</ce:textfn><sa:affiliation><sa:organization>Department of Pathology</sa:organization><sa:organization>University of Iowa Hospitals and Clinics</sa:organization><sa:address-line>200 Hawkins Drive</sa:address-line><sa:city>Iowa City</sa:city><sa:state>IA</sa:state><sa:postal-code>52242</sa:postal-code><sa:country>USA</sa:country></sa:affiliation><ce:source-text id="staff0001">Department of Pathology, University of Iowa Hospitals and Clinics, 200 Hawkins Drive, Iowa City, IA 52242, USA</ce:source-text></ce:affiliation><ce:correspondence id="cor0001"><ce:label>&#x204e;</ce:label><ce:text id="cetext0001">Corresponding Author: Matthew D. Krasowski, MD, PhD, University of Iowa Hospitals and Clinics, Department of Pathology, 200 Hawkins Drive, C-671 GH, Iowa City, IA 52242. Phone: 319-384-9380; Fax: 319-384-9613</ce:text><sa:affiliation><sa:organization>University of Iowa Hospitals and Clinics</sa:organization><sa:organization>Department of Pathology</sa:organization><sa:address-line>200 Hawkins Drive C-671 GH</sa:address-line><sa:city>Iowa City</sa:city><sa:state>IA</sa:state><sa:postal-code>52242</sa:postal-code></sa:affiliation></ce:correspondence></ce:author-group><ce:date-received day="27" month="7" year="2021"/><ce:date-revised day="22" month="10" year="2021"/><ce:date-accepted day="1" month="11" year="2021"/><ce:abstract id="abs0001" view="all" class="author"><ce:section-title id="cesectitle0001">Abstract</ce:section-title><ce:abstract-sec id="abss0001" view="all"><ce:simple-para id="spara008" view="all">Immunoassays are widely used as screening tests for HIV and syphilis in clinical, public health, and research settings. For syphilis, immunoassays are used in 'reverse syphilis algorithms' that start with treponemal tests such as syphilis IgG or syphilis total antibodies for the initial screen. Many screening immunoassays for HIV and syphilis use signal-to-cutoff (S/CO) values for determining positivity, with a cutoff value such as 1.0 differentiating positive from negative. Published literature indicates that the S/CO value often correlates with the likelihood of subsequent confirmation of HIV and syphilis infections, with low S/CO values barely exceeding the cutoff more likely to represent false positive screens. The data in this article present results from the Roche Diagnostics Elecsys HIV combi PT Assay and the Elecsys Syphilis Assay. The data include 19,368 syphilis total antibody screening results on 15,764 unique patients and 28,952 HIV screening results on 24,556 unique patients, S/CO values, clinical area where testing was ordered, sex, and age. For samples with positive syphilis total antibody screens, the data also include results of RPR (the immediate next step in the reverse algorithm), <ce:italic>Treponema pallidum</ce:italic> particle agglutination (TP-PA; for those samples in which RPR was non-reactive in the testing cascade), and clinical information and other testing related to diagnosis of syphilis. For positive HIV screens, the data also include HIV antibody differentiation results, HIV-1 PCR or HIV-2 results results (if performed), and clinical information related to diagnosis of HIV. The distributions of S/CO values relative to confirmation status were analyzed.</ce:simple-para></ce:abstract-sec></ce:abstract><ce:keywords id="keys0001" view="all" class="keyword"><ce:section-title id="cesectitle0002">Keywords</ce:section-title><ce:keyword id="key0001"><ce:text id="cetext0002">False positive reaction</ce:text></ce:keyword><ce:keyword id="key0002"><ce:text id="cetext0003">HIV-1</ce:text></ce:keyword><ce:keyword id="key0003"><ce:text id="cetext0004">immunoassay</ce:text></ce:keyword><ce:keyword id="key0004"><ce:text id="cetext0005">syphilis</ce:text></ce:keyword><ce:keyword id="key0005"><ce:text id="cetext0006"><ce:italic>Treponema pallidum</ce:italic></ce:text></ce:keyword><ce:keyword id="key0006"><ce:text id="cetext0007">viral load</ce:text></ce:keyword></ce:keywords></ja:head></ja:article></doc:document>
