<doc:document xmlns:doc="http://www.elsevier.com/xml/document/schema" xmlns:dp="http://www.elsevier.com/xml/common/doc-properties/schema" xmlns:cps="http://www.elsevier.com/xml/common/consyn-properties/schema" xmlns:rdf="http://www.w3.org/1999/02/22-rdf-syntax-ns#" xmlns:dct="http://purl.org/dc/terms/" xmlns:prism="http://prismstandard.org/namespaces/basic/2.0/" xmlns:oa="http://vtw.elsevier.com/data/ns/properties/OpenAccess-1/" xmlns:bam="http://vtw.elsevier.com/data/voc/ns/bam-vtw-1/" xmlns:cp="http://vtw.elsevier.com/data/ns/properties/Copyright-1/" xmlns:cja="http://www.elsevier.com/xml/cja/schema" xmlns:ja="http://www.elsevier.com/xml/ja/schema" xmlns:bk="http://www.elsevier.com/xml/bk/schema" xmlns:ce="http://www.elsevier.com/xml/common/schema" xmlns:mml="http://www.w3.org/1998/Math/MathML" xmlns:cals="http://www.elsevier.com/xml/common/cals/schema" xmlns:tb="http://www.elsevier.com/xml/common/table/schema" xmlns:sa="http://www.elsevier.com/xml/common/struct-aff/schema" xmlns:sb="http://www.elsevier.com/xml/common/struct-bib/schema" xmlns:xlink="http://www.w3.org/1999/xlink"><rdf:RDF><rdf:Description rdf:about="http://dx.doi.org/10.1016/j.dib.2021.107456"><dct:format>application/xml</dct:format><dct:title>Searchable database of frequent R-groups in medicinal chemistry and their preferred replacements</dct:title><dct:creator>Kosuke Takeuchi</dct:creator><dct:creator>Ryo Kunimoto</dct:creator><dct:creator>J&#252;rgen Bajorath</dct:creator><dct:subject><rdf:Bag><rdf:li>Medicinal chemistry</rdf:li><rdf:li>Compound optimization</rdf:li><rdf:li>Analog series</rdf:li><rdf:li>R-groups</rdf:li><rdf:li>Network analysis</rdf:li><rdf:li>R-group replacement database</rdf:li></rdf:Bag></dct:subject><dct:description>Data in Brief 39 (2021). doi:10.1016/j.dib.2021.107456</dct:description><prism:aggregationType>journal</prism:aggregationType><prism:publicationName>Data in Brief</prism:publicationName><prism:copyright>&#169; 2021 The Author(s). Published by Elsevier Inc.</prism:copyright><dct:publisher>Elsevier Inc.</dct:publisher><prism:issn>2352-3409</prism:issn><prism:volume>39</prism:volume><prism:coverDisplayDate>December 2021</prism:coverDisplayDate><prism:doi>10.1016/j.dib.2021.107456</prism:doi><prism:url>http://dx.doi.org/10.1016/j.dib.2021.107456</prism:url><dct:identifier>doi:10.1016/j.dib.2021.107456</dct:identifier><bam:articleNumber>107456</bam:articleNumber><oa:openAccessInformation><oa:openAccessStatus xmlns:xsi="http://www.w3.org/2001/XMLSchema-instance">http://vtw.elsevier.com/data/voc/oa/OpenAccessStatus#Full</oa:openAccessStatus><oa:openAccessEffective xmlns:xsi="http://www.w3.org/2001/XMLSchema-instance">2021-10-05T17:45:30Z</oa:openAccessEffective><oa:sponsor xmlns:xsi="http://www.w3.org/2001/XMLSchema-instance"><oa:sponsorType>http://vtw.elsevier.com/data/voc/oa/SponsorType#Author</oa:sponsorType></oa:sponsor><oa:userLicense xmlns:xsi="http://www.w3.org/2001/XMLSchema-instance">http://creativecommons.org/licenses/by/4.0/</oa:userLicense></oa:openAccessInformation><cp:licenseLine xmlns:xsi="http://www.w3.org/2001/XMLSchema-instance">This is an open access article under the CC BY license.</cp:licenseLine></rdf:Description></rdf:RDF><dp:document-properties><dp:aggregation-type>Journals</dp:aggregation-type><dp:version-number>S300.1</dp:version-number></dp:document-properties><ja:article docsubtype="dat" version="5.6" xml:lang="en"><ja:item-info><ja:jid>DIB</ja:jid><ja:aid>107456</ja:aid><ce:article-number>107456</ce:article-number><ce:pii>S2352-3409(21)00738-1</ce:pii><ce:doi>10.1016/j.dib.2021.107456</ce:doi><ce:document-thread><ce:refers-to-document id="ref0001"><ce:pii>S0223-5234(21)00620-6</ce:pii><ce:doi>10.1016/j.ejmech.2021.113771</ce:doi></ce:refers-to-document></ce:document-thread><ce:copyright type="unknown" year="2021"/></ja:item-info><ja:head><ce:dochead id="dchd0001"><ce:textfn id="dhtxt0001">Data Article</ce:textfn></ce:dochead><ce:title id="tte0002">Searchable database of frequent R-groups in medicinal chemistry and their preferred replacements</ce:title><ce:author-group id="aut0001"><ce:author id="au0001" author-id="S2352340921007381-18409b0af603025f123e0da34165f251"><ce:given-name>Kosuke</ce:given-name><ce:surname>Takeuchi</ce:surname><ce:contributor-role role="http://credit.niso.org/contributor-roles/data-curation">Data curation</ce:contributor-role><ce:contributor-role role="http://credit.niso.org/contributor-roles/formal-analysis">Formal analysis</ce:contributor-role><ce:contributor-role role="http://credit.niso.org/contributor-roles/writing-review-editing">Writing &#x2013; review &amp; editing</ce:contributor-role></ce:author><ce:author id="au0002" author-id="S2352340921007381-5978058946b29e69bb997424b9c86963"><ce:given-name>Ryo</ce:given-name><ce:surname>Kunimoto</ce:surname><ce:contributor-role role="http://credit.niso.org/contributor-roles/conceptualization">Conceptualization</ce:contributor-role><ce:contributor-role role="http://credit.niso.org/contributor-roles/formal-analysis">Formal analysis</ce:contributor-role><ce:contributor-role role="http://credit.niso.org/contributor-roles/writing-review-editing">Writing &#x2013; review &amp; editing</ce:contributor-role></ce:author><ce:author id="au0003" author-id="S2352340921007381-525acabfef6e9a0819486d0c756bdf3f"><ce:given-name>J&#252;rgen</ce:given-name><ce:surname>Bajorath</ce:surname><ce:contributor-role role="http://credit.niso.org/contributor-roles/conceptualization">Conceptualization</ce:contributor-role><ce:contributor-role role="http://credit.niso.org/contributor-roles/supervision">Supervision</ce:contributor-role><ce:contributor-role role="http://credit.niso.org/contributor-roles/formal-analysis">Formal analysis</ce:contributor-role><ce:contributor-role role="http://credit.niso.org/contributor-roles/writing-original-draft">Writing &#x2013; original draft</ce:contributor-role><ce:contributor-role role="http://credit.niso.org/contributor-roles/writing-review-editing">Writing &#x2013; review &amp; editing</ce:contributor-role><ce:cross-ref refid="cor0001"><ce:sup loc="post">&#x204e;</ce:sup></ce:cross-ref><ce:e-address id="ead0001" type="email" xlink:href="mailto:bajorath@bit.uni-bonn.de">bajorath@bit.uni-bonn.de</ce:e-address></ce:author><ce:affiliation id="aff0001" affiliation-id="S2352340921007381-ddc78fca31a1ca676b5c15d245631064"><ce:textfn id="cetextfn0001">Department of Life Science Informatics, B-IT, LIMES Program Unit Chemical Biology and Medicinal Chemistry, Rheinische Friedrich-Wilhelms-Universit&#228;t, Friedrich-Hirzebruch-Allee 6, Bonn D-53115, Germany</ce:textfn><sa:affiliation><sa:organization>Department of Life Science Informatics</sa:organization><sa:organization>B-IT</sa:organization><sa:organization>LIMES Program Unit Chemical Biology and Medicinal Chemistry</sa:organization><sa:organization>Rheinische Friedrich-Wilhelms-Universit&#228;t</sa:organization><sa:organization>Friedrich-Hirzebruch-Allee 6</sa:organization><sa:city>Bonn</sa:city><sa:postal-code>D-53115</sa:postal-code><sa:country>Germany</sa:country></sa:affiliation><ce:source-text id="staff0001">Department of Life Science Informatics, B-IT, LIMES Program Unit Chemical Biology and Medicinal Chemistry, Rheinische Friedrich-Wilhelms-Universit&#228;t, Friedrich-Hirzebruch-Allee 6, Bonn D-53115, Germany</ce:source-text></ce:affiliation><ce:correspondence id="cor0001"><ce:label>&#x204e;</ce:label><ce:text id="cetext0001">Corresponding author.</ce:text></ce:correspondence></ce:author-group><ce:date-received day="24" month="8" year="2021"/><ce:date-revised day="29" month="9" year="2021"/><ce:date-accepted day="4" month="10" year="2021"/><ce:abstract id="abs0001" view="all" class="author"><ce:section-title id="cesectitle0001">Abstract</ce:section-title><ce:abstract-sec id="abss0001" view="all"><ce:simple-para id="spara002" view="all">In compound optimization, analogue series (ASs) are generated by introducing different R-groups (substituents, functional groups) at specific substitution sites. Systematic investigations of R-groups in medicinal chemistry have so far been rare. We have carried out a large-scale computational analysis of R-groups on the basis of ASs covering currently available bioactive compounds (Takeuchi et&#160;al., 2021). With the aid of a network data structure, frequently used R-groups and preferred replacements were identified. On the basis of these data, R-group replacement hierarchies were derived and organized in a searchable database that is made freely available. This contribution complements our systematic analysis (Takeuchi et&#160;al., 2021) by specifying the data we have generated and detailing their open access deposition.</ce:simple-para></ce:abstract-sec></ce:abstract><ce:keywords id="keys0001" view="all" class="keyword"><ce:section-title id="cesectitle0002">Keywords</ce:section-title><ce:keyword id="key0001"><ce:text id="cetext0002">Medicinal chemistry</ce:text></ce:keyword><ce:keyword id="key0002"><ce:text id="cetext0003">Compound optimization</ce:text></ce:keyword><ce:keyword id="key0003"><ce:text id="cetext0004">Analog series</ce:text></ce:keyword><ce:keyword id="key0004"><ce:text id="cetext0005">R-groups</ce:text></ce:keyword><ce:keyword id="key0005"><ce:text id="cetext0006">Network analysis</ce:text></ce:keyword><ce:keyword id="key0006"><ce:text id="cetext0007">R-group replacement database</ce:text></ce:keyword></ce:keywords></ja:head></ja:article></doc:document>
