<doc:document xmlns:doc="http://www.elsevier.com/xml/document/schema" xmlns:dp="http://www.elsevier.com/xml/common/doc-properties/schema" xmlns:cps="http://www.elsevier.com/xml/common/consyn-properties/schema" xmlns:rdf="http://www.w3.org/1999/02/22-rdf-syntax-ns#" xmlns:dct="http://purl.org/dc/terms/" xmlns:prism="http://prismstandard.org/namespaces/basic/2.0/" xmlns:oa="http://vtw.elsevier.com/data/ns/properties/OpenAccess-1/" xmlns:bam="http://vtw.elsevier.com/data/voc/ns/bam-vtw-1/" xmlns:cp="http://vtw.elsevier.com/data/ns/properties/Copyright-1/" xmlns:cja="http://www.elsevier.com/xml/cja/schema" xmlns:ja="http://www.elsevier.com/xml/ja/schema" xmlns:bk="http://www.elsevier.com/xml/bk/schema" xmlns:ce="http://www.elsevier.com/xml/common/schema" xmlns:mml="http://www.w3.org/1998/Math/MathML" xmlns:cals="http://www.elsevier.com/xml/common/cals/schema" xmlns:tb="http://www.elsevier.com/xml/common/table/schema" xmlns:sa="http://www.elsevier.com/xml/common/struct-aff/schema" xmlns:sb="http://www.elsevier.com/xml/common/struct-bib/schema" xmlns:xlink="http://www.w3.org/1999/xlink"><rdf:RDF><rdf:Description rdf:about="http://dx.doi.org/10.1016/j.dib.2021.107533"><dct:format>application/xml</dct:format><dct:title>Whole genome sequence data of Chromobacterium violaceum WCH4, a human pathogenic strain from Sabah, Malaysia</dct:title><dct:creator>Vijay Kumar Subbiah</dct:creator><dct:creator>Zulina Mazlan</dct:creator><dct:creator>Nur Nashyiroh Mastor</dct:creator><dct:creator>Mohammad Zahirul Hoque</dct:creator><dct:subject><rdf:Bag><rdf:li>Chromobacterium violaceum</rdf:li><rdf:li>Genome sequence</rdf:li><rdf:li>Human pathogen</rdf:li><rdf:li>Antibiotic resistance</rdf:li></rdf:Bag></dct:subject><dct:description>Data in Brief 39 (2021). doi:10.1016/j.dib.2021.107533</dct:description><prism:aggregationType>journal</prism:aggregationType><prism:publicationName>Data in Brief</prism:publicationName><prism:copyright>&#169; 2021 The Authors. Published by Elsevier Inc.</prism:copyright><dct:publisher>Elsevier Inc.</dct:publisher><prism:issn>2352-3409</prism:issn><prism:volume>39</prism:volume><prism:coverDisplayDate>December 2021</prism:coverDisplayDate><prism:doi>10.1016/j.dib.2021.107533</prism:doi><prism:url>http://dx.doi.org/10.1016/j.dib.2021.107533</prism:url><dct:identifier>doi:10.1016/j.dib.2021.107533</dct:identifier><bam:articleNumber>107533</bam:articleNumber><oa:openAccessInformation><oa:openAccessStatus xmlns:xsi="http://www.w3.org/2001/XMLSchema-instance">http://vtw.elsevier.com/data/voc/oa/OpenAccessStatus#Full</oa:openAccessStatus><oa:openAccessEffective xmlns:xsi="http://www.w3.org/2001/XMLSchema-instance">2021-10-27T19:06:50Z</oa:openAccessEffective><oa:sponsor xmlns:xsi="http://www.w3.org/2001/XMLSchema-instance"><oa:sponsorType>http://vtw.elsevier.com/data/voc/oa/SponsorType#Author</oa:sponsorType></oa:sponsor><oa:userLicense xmlns:xsi="http://www.w3.org/2001/XMLSchema-instance">http://creativecommons.org/licenses/by/4.0/</oa:userLicense></oa:openAccessInformation><cp:licenseLine xmlns:xsi="http://www.w3.org/2001/XMLSchema-instance">This is an open access article under the CC BY license.</cp:licenseLine></rdf:Description></rdf:RDF><dp:document-properties><dp:aggregation-type>Journals</dp:aggregation-type><dp:version-number>S300.1</dp:version-number></dp:document-properties><ja:article docsubtype="dat" version="5.6" xml:lang="en"><ja:item-info><ja:jid>DIB</ja:jid><ja:aid>107533</ja:aid><ce:article-number>107533</ce:article-number><ce:pii>S2352-3409(21)00809-X</ce:pii><ce:doi>10.1016/j.dib.2021.107533</ce:doi><ce:copyright type="unknown" year="2021"/></ja:item-info><ja:head><ce:dochead id="dchd0001"><ce:textfn id="dhtxt0001">Data Article</ce:textfn></ce:dochead><ce:title id="tte0002">Whole genome sequence data of <ce:italic>Chromobacterium violaceum</ce:italic> WCH4, a human pathogenic strain from Sabah, Malaysia</ce:title><ce:author-group id="aut0001"><ce:author id="au0001" author-id="S235234092100809X-41c70d7bb6663acbd1bda2dce792fdac" orcid="0000-0002-0384-1580"><ce:given-name>Vijay Kumar</ce:given-name><ce:surname>Subbiah</ce:surname><ce:cross-ref refid="aff0001"><ce:sup loc="post">a</ce:sup></ce:cross-ref></ce:author><ce:author id="au0002" author-id="S235234092100809X-dc9fffc5e11a0dc82b840280cb456c78"><ce:given-name>Zulina</ce:given-name><ce:surname>Mazlan</ce:surname><ce:cross-ref refid="aff0002"><ce:sup loc="post">b</ce:sup></ce:cross-ref></ce:author><ce:author id="au0003" author-id="S235234092100809X-c1ab6a8d695f413cb6acea5b7ca0ff4f"><ce:given-name>Nur Nashyiroh</ce:given-name><ce:surname>Mastor</ce:surname><ce:cross-ref refid="aff0001"><ce:sup loc="post">a</ce:sup></ce:cross-ref></ce:author><ce:author id="au0004" author-id="S235234092100809X-e41289bfe9a5291a6e0ed60514b30d8f"><ce:given-name>Mohammad Zahirul</ce:given-name><ce:surname>Hoque</ce:surname><ce:cross-ref refid="aff0003"><ce:sup loc="post">c</ce:sup></ce:cross-ref><ce:cross-ref refid="cor0001"><ce:sup loc="post">&#x204e;</ce:sup></ce:cross-ref><ce:e-address id="ead0001" type="email" xlink:href="mailto:drzahir@ums.edu.my">drzahir@ums.edu.my</ce:e-address></ce:author><ce:affiliation id="aff0001" affiliation-id="S235234092100809X-fe5e6bc79ea8482a7f3ff97ddfe68ccb"><ce:label>a</ce:label><ce:textfn id="cetextfn0001">Biotechnology Research Institute, Universiti Malaysia Sabah, Kota Kinabalu, Sabah, Malaysia</ce:textfn><sa:affiliation><sa:organization>Biotechnology Research Institute</sa:organization><sa:organization>Universiti Malaysia Sabah</sa:organization><sa:city>Kota Kinabalu</sa:city><sa:state>Sabah</sa:state><sa:country>Malaysia</sa:country></sa:affiliation><ce:source-text id="staff0001">aBiotechnology Research Institute, Universiti Malaysia Sabah, Kota Kinabalu, Sabah, Malaysia</ce:source-text></ce:affiliation><ce:affiliation id="aff0002" affiliation-id="S235234092100809X-dc87c3acdf7f95da86fc250131af73dc"><ce:label>b</ce:label><ce:textfn id="cetextfn0002">Pathology Department, Sabah Woman &amp; Children Hospital, Ministry of Health Malaysia, Kota Kinabalu, Sabah, Malaysia</ce:textfn><sa:affiliation><sa:organization>Pathology Department</sa:organization><sa:organization>Sabah Woman &amp; Children Hospital</sa:organization><sa:organization>Ministry of Health Malaysia</sa:organization><sa:city>Kota KinabaluSabah</sa:city><sa:country>Malaysia</sa:country></sa:affiliation><ce:source-text id="staff0002">bPathology Department, Sabah Woman &amp; Children Hospital, Ministry of Health Malaysia, Kota Kinabalu, Sabah, Malaysia</ce:source-text></ce:affiliation><ce:affiliation id="aff0003" affiliation-id="S235234092100809X-3130296bfaf5ed0f150d5c4eec715fc6"><ce:label>c</ce:label><ce:textfn id="cetextfn0003">Department of Pathobiology &amp; Medical Diagnostics, Faculty of Medicine and Health Sciences, University Malaysia Sabah, Kota Kinabalu, Sabah, Malaysia</ce:textfn><sa:affiliation><sa:organization>Department of Pathobiology &amp; Medical Diagnostics</sa:organization><sa:organization>Faculty of Medicine and Health Sciences</sa:organization><sa:organization>University Malaysia Sabah</sa:organization><sa:city>Kota Kinabalu</sa:city><sa:state>Sabah</sa:state><sa:country>Malaysia</sa:country></sa:affiliation><ce:source-text id="staff0003">cDepartment of Pathobiology &amp; Medical Diagnostics, Faculty of Medicine and Health Sciences, University Malaysia Sabah, Kota Kinabalu, Sabah, Malaysia</ce:source-text></ce:affiliation><ce:correspondence id="cor0001"><ce:label>&#x204e;</ce:label><ce:text id="cetext0001">Corresponding author.</ce:text></ce:correspondence></ce:author-group><ce:date-received day="7" month="6" year="2021"/><ce:date-revised day="22" month="9" year="2021"/><ce:date-accepted day="26" month="10" year="2021"/><ce:abstract id="abs0001" view="all" class="author"><ce:section-title id="cesectitle0001">Abstract</ce:section-title><ce:abstract-sec id="abss0001" view="all"><ce:simple-para id="spara006" view="all"><ce:italic>Chromobacterium violaceum</ce:italic> is a gram-negative, facultative anaerobic bacillus which is commonly found in soil. It can cause mild diarrhoea upon infection but can progress, although rarely, to fatal multi-organ failure and death. Here we report the whole genome sequence data of <ce:italic>Chromobacterium violaceum</ce:italic> WCH4 strain, a pathogenic strain that was obtained from a 78 year old male patient suffering from an eye infection. This is a rare case of human infection of the bacteria. Blood culture report as well as 16S rRNA confirmed the presence of <ce:italic>C. violaceum</ce:italic> WCH4. DNA sequencing using the Illumina HiSeq 4000 system revealed a genome size of 4,637,406 bp with a GC-content of 64.89%. We identified 4,572 protein coding sequences (CDS), 78 transfer RNA (tRNA) genes, and 3 ribosomal RNA (rRNA) genes. The CDS included 1,261 hypothetical proteins and 3,311 proteins with functional assignments. We also identified seven putative genes involved in efflux pump and conferring multidrug antibiotic resistance. The genome data has been deposited at NCBI under the accession number JAFBBB000000000 and consist of full annotated genome and raw sequence data. Our data resource will assist in further downstream analysis and understanding of the mechanism of rare human infection caused by <ce:italic>Chromobacterium violaceum</ce:italic> WCH4 strain.</ce:simple-para></ce:abstract-sec></ce:abstract><ce:keywords id="keys0001" view="all" class="keyword"><ce:section-title id="cesectitle0002">Keywords</ce:section-title><ce:keyword id="key0001"><ce:text id="cetext0002">Chromobacterium violaceum</ce:text></ce:keyword><ce:keyword id="key0002"><ce:text id="cetext0003">Genome sequence</ce:text></ce:keyword><ce:keyword id="key0003"><ce:text id="cetext0004">Human pathogen</ce:text></ce:keyword><ce:keyword id="key0004"><ce:text id="cetext0005">Antibiotic resistance</ce:text></ce:keyword></ce:keywords></ja:head></ja:article></doc:document>
