<doc:document xmlns:doc="http://www.elsevier.com/xml/document/schema" xmlns:dp="http://www.elsevier.com/xml/common/doc-properties/schema" xmlns:cps="http://www.elsevier.com/xml/common/consyn-properties/schema" xmlns:rdf="http://www.w3.org/1999/02/22-rdf-syntax-ns#" xmlns:dct="http://purl.org/dc/terms/" xmlns:prism="http://prismstandard.org/namespaces/basic/2.0/" xmlns:oa="http://vtw.elsevier.com/data/ns/properties/OpenAccess-1/" xmlns:bam="http://vtw.elsevier.com/data/voc/ns/bam-vtw-1/" xmlns:cp="http://vtw.elsevier.com/data/ns/properties/Copyright-1/" xmlns:cja="http://www.elsevier.com/xml/cja/schema" xmlns:ja="http://www.elsevier.com/xml/ja/schema" xmlns:bk="http://www.elsevier.com/xml/bk/schema" xmlns:ce="http://www.elsevier.com/xml/common/schema" xmlns:mml="http://www.w3.org/1998/Math/MathML" xmlns:cals="http://www.elsevier.com/xml/common/cals/schema" xmlns:tb="http://www.elsevier.com/xml/common/table/schema" xmlns:sa="http://www.elsevier.com/xml/common/struct-aff/schema" xmlns:sb="http://www.elsevier.com/xml/common/struct-bib/schema" xmlns:xlink="http://www.w3.org/1999/xlink"><rdf:RDF><rdf:Description rdf:about="http://dx.doi.org/10.1016/j.dib.2021.107463"><dct:format>application/xml</dct:format><dct:title>Dataset of Vietnamese students&#x2019; academic perfectionism and school alienation</dct:title><dct:creator>Thanh-Thao Thi Phan</dct:creator><dct:creator>Linh-Chi Nguyen</dct:creator><dct:creator>Ngoc-Quang Nguyen</dct:creator><dct:creator>Yen-Chi Nguyen</dct:creator><dct:subject><rdf:Bag><rdf:li>Student academic perfectionism</rdf:li><rdf:li>Meritocracy belief</rdf:li><rdf:li>Classroom competitiveness</rdf:li><rdf:li>Vietnam</rdf:li><rdf:li>School alienation</rdf:li><rdf:li>Parental conditional regard</rdf:li><rdf:li>Teacher conditional regard</rdf:li><rdf:li>Contingent self-worth</rdf:li></rdf:Bag></dct:subject><dct:description>Data in Brief 39 (2021). doi:10.1016/j.dib.2021.107463</dct:description><prism:aggregationType>journal</prism:aggregationType><prism:publicationName>Data in Brief</prism:publicationName><prism:copyright>&#169; 2021 The Author(s). Published by Elsevier Inc.</prism:copyright><dct:publisher>Elsevier Inc.</dct:publisher><prism:issn>2352-3409</prism:issn><prism:volume>39</prism:volume><prism:coverDisplayDate>December 2021</prism:coverDisplayDate><prism:doi>10.1016/j.dib.2021.107463</prism:doi><prism:url>http://dx.doi.org/10.1016/j.dib.2021.107463</prism:url><dct:identifier>doi:10.1016/j.dib.2021.107463</dct:identifier><bam:articleNumber>107463</bam:articleNumber><oa:openAccessInformation><oa:openAccessStatus xmlns:xsi="http://www.w3.org/2001/XMLSchema-instance">http://vtw.elsevier.com/data/voc/oa/OpenAccessStatus#Full</oa:openAccessStatus><oa:openAccessEffective xmlns:xsi="http://www.w3.org/2001/XMLSchema-instance">2021-10-06T18:17:21Z</oa:openAccessEffective><oa:sponsor xmlns:xsi="http://www.w3.org/2001/XMLSchema-instance"><oa:sponsorType>http://vtw.elsevier.com/data/voc/oa/SponsorType#Author</oa:sponsorType></oa:sponsor><oa:userLicense xmlns:xsi="http://www.w3.org/2001/XMLSchema-instance">http://creativecommons.org/licenses/by/4.0/</oa:userLicense></oa:openAccessInformation><cp:licenseLine xmlns:xsi="http://www.w3.org/2001/XMLSchema-instance">This is an open access article under the CC BY license.</cp:licenseLine></rdf:Description></rdf:RDF><dp:document-properties><dp:aggregation-type>Journals</dp:aggregation-type><dp:version-number>S300.1</dp:version-number></dp:document-properties><ja:article docsubtype="dat" version="5.6" xml:lang="en"><ja:item-info><ja:jid>DIB</ja:jid><ja:aid>107463</ja:aid><ce:article-number>107463</ce:article-number><ce:pii>S2352-3409(21)00745-9</ce:pii><ce:doi>10.1016/j.dib.2021.107463</ce:doi><ce:copyright type="unknown" year="2021"/></ja:item-info><ja:head><ce:dochead id="dchd0001"><ce:textfn id="dhtxt0001">Data Article</ce:textfn></ce:dochead><ce:title id="tte0002">Dataset of Vietnamese students&#x2019; academic perfectionism and school alienation</ce:title><ce:author-group id="aut0001"><ce:author id="au0001" author-id="S2352340921007459-ec66ce3b8db18bb74be242b34748efe5" orcid="0000-0002-2574-0166"><ce:given-name>Thanh-Thao Thi</ce:given-name><ce:surname>Phan</ce:surname><ce:cross-ref refid="aff0001"><ce:sup loc="post">a</ce:sup></ce:cross-ref></ce:author><ce:author id="au0002" author-id="S2352340921007459-753735f45da170e3cdd52c35b008320d" orcid="0000-0001-7759-1935"><ce:given-name>Linh-Chi</ce:given-name><ce:surname>Nguyen</ce:surname><ce:cross-ref refid="aff0002"><ce:sup loc="post">b</ce:sup></ce:cross-ref><ce:cross-ref refid="cor0001"><ce:sup loc="post">&#x204e;</ce:sup></ce:cross-ref><ce:e-address id="ead0001" type="email" xlink:href="mailto:linhchi@edlabasia.org">linhchi@edlabasia.org</ce:e-address></ce:author><ce:author id="au0003" author-id="S2352340921007459-249c724cf7ad54f8b19629516f8aa993" orcid="0000-0001-5993-8149"><ce:given-name>Ngoc-Quang</ce:given-name><ce:surname>Nguyen</ce:surname><ce:cross-ref refid="aff0002"><ce:sup loc="post">b</ce:sup></ce:cross-ref><ce:cross-ref refid="aff0003"><ce:sup loc="post">c</ce:sup></ce:cross-ref></ce:author><ce:author id="au0004" author-id="S2352340921007459-69b53868a26bd0146142bff66c853d23" orcid="0000-0002-8918-3784"><ce:given-name>Yen-Chi</ce:given-name><ce:surname>Nguyen</ce:surname><ce:cross-ref refid="aff0002"><ce:sup loc="post">b</ce:sup></ce:cross-ref></ce:author><ce:affiliation id="aff0001" affiliation-id="S2352340921007459-1eb686e04c766fed8cdddf12ac0b5cae"><ce:label>a</ce:label><ce:textfn id="cetextfn0001">Thanh Do University, Hanoi 100000, Viet Nam</ce:textfn><sa:affiliation><sa:organization>Thanh Do University</sa:organization><sa:city>Hanoi</sa:city><sa:postal-code>100000</sa:postal-code><sa:country>Viet Nam</sa:country></sa:affiliation><ce:source-text id="staff0001">aThanh Do University, Hanoi 100000, Viet Nam</ce:source-text></ce:affiliation><ce:affiliation id="aff0002" affiliation-id="S2352340921007459-011741d319c827ba212ce56fc5f3874a"><ce:label>b</ce:label><ce:textfn id="cetextfn0002">EdLab Asia Educational Research and Development Centre, Hanoi 100000, Viet Nam</ce:textfn><sa:affiliation><sa:organization>EdLab Asia Educational Research and Development Centre</sa:organization><sa:city>Hanoi</sa:city><sa:postal-code>100000</sa:postal-code><sa:country>Viet Nam</sa:country></sa:affiliation><ce:source-text id="staff0002">bEdLab Asia Educational Research and Development Centre, Hanoi 100000, Viet Nam</ce:source-text></ce:affiliation><ce:affiliation id="aff0003" affiliation-id="S2352340921007459-7d939d9a2b8431499926650e1e45f50e"><ce:label>c</ce:label><ce:textfn id="cetextfn0003">Utrecht University, Utrecht 3584 CS, the Netherlands</ce:textfn><sa:affiliation><sa:organization>Utrecht University</sa:organization><sa:city>Utrecht</sa:city><sa:postal-code>3584 CS</sa:postal-code><sa:country>the Netherlands</sa:country></sa:affiliation><ce:source-text id="staff0003">cUtrecht University, Utrecht 3584 CS, the Netherlands</ce:source-text></ce:affiliation><ce:correspondence id="cor0001"><ce:label>&#x204e;</ce:label><ce:text id="cetext0001">Corresponding author.</ce:text></ce:correspondence></ce:author-group><ce:date-received day="13" month="10" year="2020"/><ce:date-revised day="23" month="9" year="2021"/><ce:date-accepted day="5" month="10" year="2021"/><ce:abstract id="abs0001" view="all" class="author"><ce:section-title id="cesectitle0001">Abstract</ce:section-title><ce:abstract-sec id="abss0001" view="all"><ce:simple-para id="spara008" view="all">Across the steadily superseding world, the younger generation is coming under pressure for an increase in the standard and a highly growing demand on their life themselves. This could lead to a variety of problems, including academic perfectionism and school alienation. To gain more insights into these phenomena, we conducted two research projects on students from eight upper secondary schools in Ho Chi Minh City, Vietnam using online surveys, and obtained two datasets. Dataset A covers (i) the level of students' perfectionism; (ii) belief in school meritocracy; (iii) The competitiveness among students; and (iv) the intrinsic motivation to achieve. Dataset B contains students' self-reports about (i) their perceptions of parents' and teachers' academic conditional regard; (ii) academic contingent self-worth; and (iii) school alienation. The numbers of respondents of dataset A and dataset B are 2942 and 2970, respectively.</ce:simple-para></ce:abstract-sec></ce:abstract><ce:keywords id="keys0001" view="all" class="keyword"><ce:section-title id="cesectitle0002">Keywords</ce:section-title><ce:keyword id="key0001"><ce:text id="cetext0002">Student academic perfectionism</ce:text></ce:keyword><ce:keyword id="key0002"><ce:text id="cetext0003">Meritocracy belief</ce:text></ce:keyword><ce:keyword id="key0003"><ce:text id="cetext0004">Classroom competitiveness</ce:text></ce:keyword><ce:keyword id="key0004"><ce:text id="cetext0005">Vietnam</ce:text></ce:keyword><ce:keyword id="key0005"><ce:text id="cetext0006">School alienation</ce:text></ce:keyword><ce:keyword id="key0006"><ce:text id="cetext0007">Parental conditional regard</ce:text></ce:keyword><ce:keyword id="key0007"><ce:text id="cetext0008">Teacher conditional regard</ce:text></ce:keyword><ce:keyword id="key0008"><ce:text id="cetext0009">Contingent self-worth</ce:text></ce:keyword></ce:keywords></ja:head></ja:article></doc:document>
