<doc:document xmlns:doc="http://www.elsevier.com/xml/document/schema" xmlns:dp="http://www.elsevier.com/xml/common/doc-properties/schema" xmlns:cps="http://www.elsevier.com/xml/common/consyn-properties/schema" xmlns:rdf="http://www.w3.org/1999/02/22-rdf-syntax-ns#" xmlns:dct="http://purl.org/dc/terms/" xmlns:prism="http://prismstandard.org/namespaces/basic/2.0/" xmlns:oa="http://vtw.elsevier.com/data/ns/properties/OpenAccess-1/" xmlns:bam="http://vtw.elsevier.com/data/voc/ns/bam-vtw-1/" xmlns:cp="http://vtw.elsevier.com/data/ns/properties/Copyright-1/" xmlns:cja="http://www.elsevier.com/xml/cja/schema" xmlns:ja="http://www.elsevier.com/xml/ja/schema" xmlns:bk="http://www.elsevier.com/xml/bk/schema" xmlns:ce="http://www.elsevier.com/xml/common/schema" xmlns:mml="http://www.w3.org/1998/Math/MathML" xmlns:cals="http://www.elsevier.com/xml/common/cals/schema" xmlns:tb="http://www.elsevier.com/xml/common/table/schema" xmlns:sa="http://www.elsevier.com/xml/common/struct-aff/schema" xmlns:sb="http://www.elsevier.com/xml/common/struct-bib/schema" xmlns:xlink="http://www.w3.org/1999/xlink"><rdf:RDF><rdf:Description rdf:about="http://dx.doi.org/10.1016/j.dib.2021.107477"><dct:format>application/xml</dct:format><dct:title>Autonomous underwater vehicle fault diagnosis dataset</dct:title><dct:creator>Daxiong Ji</dct:creator><dct:creator>Xin Yao</dct:creator><dct:creator>Shuo Li</dct:creator><dct:creator>Yuangui Tang</dct:creator><dct:creator>Yu Tian</dct:creator><dct:subject><rdf:Bag><rdf:li>Fault diagnosis</rdf:li><rdf:li>Autonomous underwater vehicles (AUV)</rdf:li><rdf:li>Model-free</rdf:li><rdf:li>State data</rdf:li><rdf:li>Fault type</rdf:li></rdf:Bag></dct:subject><dct:description>Data in Brief 39 (2021). doi:10.1016/j.dib.2021.107477</dct:description><prism:aggregationType>journal</prism:aggregationType><prism:publicationName>Data in Brief</prism:publicationName><prism:copyright>&#169; 2021 The Author(s). Published by Elsevier Inc.</prism:copyright><dct:publisher>Elsevier Inc.</dct:publisher><prism:issn>2352-3409</prism:issn><prism:volume>39</prism:volume><prism:coverDisplayDate>December 2021</prism:coverDisplayDate><prism:doi>10.1016/j.dib.2021.107477</prism:doi><prism:url>http://dx.doi.org/10.1016/j.dib.2021.107477</prism:url><dct:identifier>doi:10.1016/j.dib.2021.107477</dct:identifier><bam:articleNumber>107477</bam:articleNumber><oa:openAccessInformation><oa:openAccessStatus xmlns:xsi="http://www.w3.org/2001/XMLSchema-instance">http://vtw.elsevier.com/data/voc/oa/OpenAccessStatus#Full</oa:openAccessStatus><oa:openAccessEffective xmlns:xsi="http://www.w3.org/2001/XMLSchema-instance">2021-10-12T12:55:21Z</oa:openAccessEffective><oa:sponsor xmlns:xsi="http://www.w3.org/2001/XMLSchema-instance"><oa:sponsorType>http://vtw.elsevier.com/data/voc/oa/SponsorType#Author</oa:sponsorType></oa:sponsor><oa:userLicense xmlns:xsi="http://www.w3.org/2001/XMLSchema-instance">http://creativecommons.org/licenses/by/4.0/</oa:userLicense></oa:openAccessInformation><cp:licenseLine xmlns:xsi="http://www.w3.org/2001/XMLSchema-instance">This is an open access article under the CC BY license.</cp:licenseLine></rdf:Description></rdf:RDF><dp:document-properties><dp:aggregation-type>Journals</dp:aggregation-type><dp:version-number>S300.1</dp:version-number></dp:document-properties><ja:article docsubtype="dat" xml:lang="en" version="5.6"><ja:item-info><ja:jid>DIB</ja:jid><ja:aid>107477</ja:aid><ce:article-number>107477</ce:article-number><ce:pii>S2352-3409(21)00758-7</ce:pii><ce:doi>10.1016/j.dib.2021.107477</ce:doi><ce:copyright type="other" year="2021">The Author(s)</ce:copyright></ja:item-info><ja:head><ce:dochead id="dh1"><ce:textfn id="textfn0001">Data Article</ce:textfn></ce:dochead><ce:title id="ct0001">Autonomous underwater vehicle fault diagnosis dataset</ce:title><ce:short-title id="stitle0010">Autonomous underwater vehicle fault diagnosis dataset</ce:short-title><ce:author-group id="aut0001"><ce:author id="au0001" author-id="S2352340921007587-1eed9006c464bf3b71224d14befd7c2a" orcid="0000-0003-4800-5807"><ce:given-name>Daxiong</ce:given-name><ce:surname>Ji</ce:surname><ce:contributor-role role="http://credit.niso.org/contributor-roles/conceptualization">Conceptualization</ce:contributor-role><ce:contributor-role role="http://credit.niso.org/contributor-roles/methodology">Methodology</ce:contributor-role><ce:cross-ref refid="cor0001"><ce:sup loc="post">&#x204e;</ce:sup></ce:cross-ref><ce:cross-ref refid="aff0001"><ce:sup loc="post">a</ce:sup></ce:cross-ref><ce:cross-ref refid="aff0002"><ce:sup loc="post">b</ce:sup></ce:cross-ref><ce:e-address type="email" xlink:href="mailto:jidaxiong@zju.edu.cn" id="ead0001">jidaxiong@zju.edu.cn</ce:e-address></ce:author><ce:author id="au0002" author-id="S2352340921007587-829ef7ca0a2d83fabb5e3065e36ee5ab"><ce:given-name>Xin</ce:given-name><ce:surname>Yao</ce:surname><ce:contributor-role role="http://credit.niso.org/contributor-roles/software">Software</ce:contributor-role><ce:contributor-role role="http://credit.niso.org/contributor-roles/data-curation">Data curation</ce:contributor-role><ce:contributor-role role="http://credit.niso.org/contributor-roles/writing-original-draft">Writing &#x2013; original draft</ce:contributor-role><ce:cross-ref refid="aff0001"><ce:sup loc="post">a</ce:sup></ce:cross-ref><ce:cross-ref refid="aff0002"><ce:sup loc="post">b</ce:sup></ce:cross-ref><ce:e-address type="email" xlink:href="mailto:xyao@zju.edu.cn" id="ead0002">xyao@zju.edu.cn</ce:e-address></ce:author><ce:author id="au0003" author-id="S2352340921007587-2e64875acb02d3a231ad4e3b69aaea82"><ce:given-name>Shuo</ce:given-name><ce:surname>Li</ce:surname><ce:contributor-role role="http://credit.niso.org/contributor-roles/investigation">Investigation</ce:contributor-role><ce:cross-ref refid="aff0003"><ce:sup loc="post">c</ce:sup></ce:cross-ref><ce:e-address type="email" xlink:href="mailto:shuoli@sia.cn" id="ead0003">shuoli@sia.cn</ce:e-address></ce:author><ce:author id="au0004" author-id="S2352340921007587-e5036eb9609069cf73ca16f2b5cc9515"><ce:given-name>Yuangui</ce:given-name><ce:surname>Tang</ce:surname><ce:contributor-role role="http://credit.niso.org/contributor-roles/supervision">Supervision</ce:contributor-role><ce:cross-ref refid="aff0003"><ce:sup loc="post">c</ce:sup></ce:cross-ref><ce:e-address type="email" xlink:href="mailto:tyg@sia.cn" id="ead0004">tyg@sia.cn</ce:e-address></ce:author><ce:author id="au0005" author-id="S2352340921007587-a37481873e3b54486abc4e8a8e2edf82" orcid="0000-0003-3248-0865"><ce:given-name>Yu</ce:given-name><ce:surname>Tian</ce:surname><ce:contributor-role role="http://credit.niso.org/contributor-roles/validation">Validation</ce:contributor-role><ce:cross-ref refid="aff0003"><ce:sup loc="post">c</ce:sup></ce:cross-ref><ce:e-address type="email" xlink:href="mailto:tiany@sia.cn" id="ead0005">tiany@sia.cn</ce:e-address></ce:author><ce:affiliation id="aff0001" affiliation-id="S2352340921007587-2b81a4da98c085d41af828246e27e42f"><ce:label>a</ce:label><ce:textfn id="textfn0002">The Key Laboratory of Ocean Observation-Imaging Testbed of Zhejiang Province, The Institute of Marine Electronic and Intelligent System, Ocean College, Zhejiang University, China</ce:textfn><sa:affiliation><sa:organization>The Key Laboratory of Ocean Observation-Imaging Testbed of Zhejiang Province, The Institute of Marine Electronic and Intelligent System, Ocean College</sa:organization><sa:organization>Zhejiang University</sa:organization><sa:country>China</sa:country></sa:affiliation><ce:source-text id="st0001">The Key Laboratory of Ocean Observation-Imaging Testbed of Zhejiang Province, The Institute of Marine Electronic and Intelligent System, Ocean College, Zhejiang University, China</ce:source-text></ce:affiliation><ce:affiliation id="aff0002" affiliation-id="S2352340921007587-d0af20751167de740c5c59b57bf5a55d"><ce:label>b</ce:label><ce:textfn id="textfn0003">The Engineering Research Center of Oceanic Sensing Technology and Equipment, Ministry of Education, Zhoushan 316000, China</ce:textfn><sa:affiliation><sa:organization>The Engineering Research Center of Oceanic Sensing Technology and Equipment</sa:organization><sa:organization>Ministry of Education</sa:organization><sa:city>Zhoushan</sa:city><sa:postal-code>316000</sa:postal-code><sa:country>China</sa:country></sa:affiliation><ce:source-text id="st0002">The Engineering Research Center of Oceanic Sensing Technology and Equipment, Ministry of Education, Zhoushan 316000, China</ce:source-text></ce:affiliation><ce:affiliation id="aff0003" affiliation-id="S2352340921007587-c544d67bce521789bba780338987c474"><ce:label>c</ce:label><ce:textfn id="textfn0004">Shenyang Institute of Automation, Chinese Academy of Sciences, Shenyang, Liaoning 110016, China</ce:textfn><sa:affiliation><sa:organization>Shenyang Institute of Automation</sa:organization><sa:organization>Chinese Academy of Sciences</sa:organization><sa:city>Shenyang</sa:city><sa:state>Liaoning</sa:state><sa:postal-code>110016</sa:postal-code><sa:country>China</sa:country></sa:affiliation><ce:source-text id="st0003">Shenyang Institute of Automation, Chinese Academy of Sciences, Shenyang, Liaoning 110016, China</ce:source-text></ce:affiliation><ce:correspondence id="cor0001"><ce:label>&#x204e;</ce:label><ce:text id="cor1">Corresponding author at:The Key Laboratory of Ocean Observation-Imaging Testbed of Zhejiang Province, The Institute of Marine Electronic and Intelligent System, Ocean College, Zhejiang University, China.</ce:text><sa:affiliation><sa:organization>The Key Laboratory of Ocean Observation-Imaging Testbed of Zhejiang Province, The Institute of Marine Electronic and Intelligent System, Ocean College</sa:organization><sa:organization>Zhejiang University</sa:organization><sa:country>China</sa:country></sa:affiliation></ce:correspondence></ce:author-group><ce:date-received day="8" month="4" year="2021"/><ce:date-revised day="8" month="9" year="2021"/><ce:date-accepted day="9" month="9" year="2021"/><ce:abstract id="abs0001" class="author" view="all"><ce:section-title id="sctt0001">Abstract</ce:section-title><ce:abstract-sec id="abssec0001" view="all"><ce:simple-para id="sp0001" view="all">The dataset contains 1225 data samples for 5 <ce:italic>fault types</ce:italic> (labels). We divided the dataset into the training set and the test set through random stratified sampling. The test set accounted for <mml:math altimg="si1.svg"><mml:mrow><mml:mn>20</mml:mn><mml:mo>%</mml:mo></mml:mrow></mml:math> of the total dataset. Our experimental subject is &#x2018;Haizhe&#x2019;, which is a small quadrotor AUV developed in the laboratory. For each <ce:italic>fault type</ce:italic>, &#x2018;Haizhe&#x2019; was tested several times. For each time, &#x2018;Haizhe&#x2019; ran the same program and sailed underwater for 10&#x2013;20&#160;s to ensure that <ce:italic>state data</ce:italic> was long enough. The <ce:italic>state data</ce:italic> recorded in each test were then used as a data sample, and the corresponding <ce:italic>fault type</ce:italic> was the true label of the data sample. The dataset was used to validate a model-free fault diagnosis method proposed in our paper [1] and the complete dynamic model of &#x2018;Haizhe&#x2019; AUV was reported in [2].</ce:simple-para></ce:abstract-sec></ce:abstract><ce:keywords id="keys0001" class="keyword" view="all"><ce:section-title id="sctt0002">Keywords</ce:section-title><ce:keyword id="key0002"><ce:text id="txt0001">Fault diagnosis</ce:text></ce:keyword><ce:keyword id="key0003"><ce:text id="txt0002">Autonomous underwater vehicles (AUV)</ce:text></ce:keyword><ce:keyword id="key0004"><ce:text id="txt0003">Model-free</ce:text></ce:keyword><ce:keyword id="key0005"><ce:text id="txt0004">State data</ce:text></ce:keyword><ce:keyword id="key0006"><ce:text id="txt0005">Fault type</ce:text></ce:keyword></ce:keywords></ja:head></ja:article></doc:document>
