<doc:document xmlns:doc="http://www.elsevier.com/xml/document/schema" xmlns:dp="http://www.elsevier.com/xml/common/doc-properties/schema" xmlns:cps="http://www.elsevier.com/xml/common/consyn-properties/schema" xmlns:rdf="http://www.w3.org/1999/02/22-rdf-syntax-ns#" xmlns:dct="http://purl.org/dc/terms/" xmlns:prism="http://prismstandard.org/namespaces/basic/2.0/" xmlns:oa="http://vtw.elsevier.com/data/ns/properties/OpenAccess-1/" xmlns:bam="http://vtw.elsevier.com/data/voc/ns/bam-vtw-1/" xmlns:cp="http://vtw.elsevier.com/data/ns/properties/Copyright-1/" xmlns:cja="http://www.elsevier.com/xml/cja/schema" xmlns:ja="http://www.elsevier.com/xml/ja/schema" xmlns:bk="http://www.elsevier.com/xml/bk/schema" xmlns:ce="http://www.elsevier.com/xml/common/schema" xmlns:mml="http://www.w3.org/1998/Math/MathML" xmlns:cals="http://www.elsevier.com/xml/common/cals/schema" xmlns:tb="http://www.elsevier.com/xml/common/table/schema" xmlns:sa="http://www.elsevier.com/xml/common/struct-aff/schema" xmlns:sb="http://www.elsevier.com/xml/common/struct-bib/schema" xmlns:xlink="http://www.w3.org/1999/xlink"><rdf:RDF><rdf:Description rdf:about="http://dx.doi.org/10.1016/j.dib.2021.107703"><dct:format>application/xml</dct:format><dct:title>A dataset of food choice motives among adults consumers in Brazil: The use of Food Choice Questionnaire</dct:title><dct:creator>Camila de Mello Marsola</dct:creator><dct:creator>Lu&#237;s Miguel Cunha</dct:creator><dct:creator>Joana Pereira Carvalho-Ferreira</dct:creator><dct:creator>Diogo Thimoteo da Cunha</dct:creator><dct:subject><rdf:Bag><rdf:li>Food choice</rdf:li><rdf:li>Food consumption</rdf:li><rdf:li>FCQ</rdf:li><rdf:li>Food behavior</rdf:li></rdf:Bag></dct:subject><dct:description>Data in Brief 40 (2022). doi:10.1016/j.dib.2021.107703</dct:description><prism:aggregationType>journal</prism:aggregationType><prism:publicationName>Data in Brief</prism:publicationName><prism:copyright>&#169; 2021 The Authors. Published by Elsevier Inc.</prism:copyright><dct:publisher>Elsevier Inc.</dct:publisher><prism:issn>2352-3409</prism:issn><prism:volume>40</prism:volume><prism:coverDisplayDate>February 2022</prism:coverDisplayDate><prism:doi>10.1016/j.dib.2021.107703</prism:doi><prism:url>http://dx.doi.org/10.1016/j.dib.2021.107703</prism:url><dct:identifier>doi:10.1016/j.dib.2021.107703</dct:identifier><bam:articleNumber>107703</bam:articleNumber><oa:openAccessInformation><oa:openAccessStatus xmlns:xsi="http://www.w3.org/2001/XMLSchema-instance">http://vtw.elsevier.com/data/voc/oa/OpenAccessStatus#Full</oa:openAccessStatus><oa:openAccessEffective xmlns:xsi="http://www.w3.org/2001/XMLSchema-instance">2021-12-10T12:22:22Z</oa:openAccessEffective><oa:sponsor xmlns:xsi="http://www.w3.org/2001/XMLSchema-instance"><oa:sponsorType>http://vtw.elsevier.com/data/voc/oa/SponsorType#ElsevierWaived</oa:sponsorType><oa:sponsorName>Brazil: LE Tracking</oa:sponsorName></oa:sponsor><oa:userLicense xmlns:xsi="http://www.w3.org/2001/XMLSchema-instance">http://creativecommons.org/licenses/by/4.0/</oa:userLicense></oa:openAccessInformation><cp:licenseLine xmlns:xsi="http://www.w3.org/2001/XMLSchema-instance">This is an open access article under the CC BY license.</cp:licenseLine></rdf:Description></rdf:RDF><dp:document-properties><dp:aggregation-type>Journals</dp:aggregation-type><dp:version-number>S250.1</dp:version-number></dp:document-properties><ja:article docsubtype="dat" version="5.6" xml:lang="en"><ja:item-info><ja:jid>DIB</ja:jid><ja:aid>107703</ja:aid><ce:article-number>107703</ce:article-number><ce:pii>S2352-3409(21)00978-1</ce:pii><ce:doi>10.1016/j.dib.2021.107703</ce:doi><ce:copyright type="unknown" year="2021"/></ja:item-info><ja:head><ce:dochead id="dchd0001"><ce:textfn id="dhtxt0001">Data Article</ce:textfn></ce:dochead><ce:title id="tte0002">A dataset of food choice motives among adults consumers in Brazil: The use of Food Choice Questionnaire</ce:title><ce:author-group id="aut0001"><ce:author id="au0001" author-id="S2352340921009781-c0d0442281ea2e5739e4be2db0f0efbf" orcid="0000-0002-1514-8281"><ce:given-name>Camila de Mello</ce:given-name><ce:surname>Marsola</ce:surname><ce:contributor-role role="http://credit.niso.org/contributor-roles/conceptualization">Conceptualization</ce:contributor-role><ce:contributor-role role="http://credit.niso.org/contributor-roles/formal-analysis">Formal analysis</ce:contributor-role><ce:contributor-role role="http://credit.niso.org/contributor-roles/methodology">Methodology</ce:contributor-role><ce:contributor-role role="http://credit.niso.org/contributor-roles/investigation">Investigation</ce:contributor-role><ce:contributor-role role="http://credit.niso.org/contributor-roles/writing-original-draft">Writing &#x2013; original draft</ce:contributor-role><ce:cross-ref refid="aff0001"><ce:sup loc="post">a</ce:sup></ce:cross-ref></ce:author><ce:author id="au0002" author-id="S2352340921009781-26bcf9456c7e94efe26592d58b53acc4" orcid="0000-0002-4590-7533"><ce:given-name>Lu&#237;s Miguel</ce:given-name><ce:surname>Cunha</ce:surname><ce:contributor-role role="http://credit.niso.org/contributor-roles/funding-acquisition">Funding acquisition</ce:contributor-role><ce:contributor-role role="http://credit.niso.org/contributor-roles/visualization">Visualization</ce:contributor-role><ce:contributor-role role="http://credit.niso.org/contributor-roles/writing-review-editing">Writing &#x2013; review &amp; editing</ce:contributor-role><ce:cross-ref refid="aff0002"><ce:sup loc="post">b</ce:sup></ce:cross-ref></ce:author><ce:author id="au0003" author-id="S2352340921009781-ca66e572785358e50e487ff5312a6f22"><ce:given-name>Joana Pereira</ce:given-name><ce:surname>Carvalho-Ferreira</ce:surname><ce:contributor-role role="http://credit.niso.org/contributor-roles/funding-acquisition">Funding acquisition</ce:contributor-role><ce:contributor-role role="http://credit.niso.org/contributor-roles/visualization">Visualization</ce:contributor-role><ce:contributor-role role="http://credit.niso.org/contributor-roles/writing-review-editing">Writing &#x2013; review &amp; editing</ce:contributor-role><ce:cross-ref refid="aff0001"><ce:sup loc="post">a</ce:sup></ce:cross-ref></ce:author><ce:author id="au0004" author-id="S2352340921009781-72f26760f43f8a410ac7699d86578aef" orcid="0000-0001-5928-9265"><ce:given-name>Diogo Thimoteo</ce:given-name><ce:surname>da Cunha</ce:surname><ce:contributor-role role="http://credit.niso.org/contributor-roles/funding-acquisition">Funding acquisition</ce:contributor-role><ce:contributor-role role="http://credit.niso.org/contributor-roles/conceptualization">Conceptualization</ce:contributor-role><ce:contributor-role role="http://credit.niso.org/contributor-roles/formal-analysis">Formal analysis</ce:contributor-role><ce:contributor-role role="http://credit.niso.org/contributor-roles/project-administration">Project administration</ce:contributor-role><ce:contributor-role role="http://credit.niso.org/contributor-roles/supervision">Supervision</ce:contributor-role><ce:contributor-role role="http://credit.niso.org/contributor-roles/methodology">Methodology</ce:contributor-role><ce:contributor-role role="http://credit.niso.org/contributor-roles/resources">Resources</ce:contributor-role><ce:contributor-role role="http://credit.niso.org/contributor-roles/visualization">Visualization</ce:contributor-role><ce:contributor-role role="http://credit.niso.org/contributor-roles/writing-review-editing">Writing &#x2013; review &amp; editing</ce:contributor-role><ce:cross-ref refid="aff0001"><ce:sup loc="post">a</ce:sup></ce:cross-ref><ce:cross-ref refid="cor0001"><ce:sup loc="post">&#x204e;</ce:sup></ce:cross-ref><ce:e-address id="ead0001" type="email" xlink:href="mailto:dtcunha@unicamp.br">dtcunha@unicamp.br</ce:e-address><ce:e-address id="ea3" type="social-media" xlink:href="https://twitter.com/diogothimoteo">@diogothimoteo</ce:e-address></ce:author><ce:affiliation id="aff0001" affiliation-id="S2352340921009781-588f9be04b93c0bb431674d08dc77fd5"><ce:label>a</ce:label><ce:textfn id="cetextfn0001">Laborat&#243;rio Multidisciplinar em Alimentos e Sa&#250;de. Faculdade de Ci&#234;ncias Aplicadas, Universidade Estadual de Campinas&#x2014;UNICAMP, R. Pedro Zaccaria, 1300, Limeira, SP 13484-350, Brazil</ce:textfn><sa:affiliation><sa:organization>Laborat&#243;rio Multidisciplinar em Alimentos e Sa&#250;de</sa:organization><sa:organization>Faculdade de Ci&#234;ncias Aplicadas</sa:organization><sa:organization>Universidade Estadual de Campinas&#x2014;UNICAMP</sa:organization><sa:address-line>R. Pedro Zaccaria, 1300</sa:address-line><sa:city>Limeira</sa:city><sa:state>SP</sa:state><sa:postal-code>13484-350</sa:postal-code><sa:country>Brazil</sa:country></sa:affiliation><ce:source-text id="staff0001">aLaborat&#243;rio Multidisciplinar em Alimentos e Sa&#250;de. Faculdade de Ci&#234;ncias Aplicadas, Universidade Estadual de Campinas&#x2014;UNICAMP, R. Pedro Zaccaria, 1300, Limeira, SP 13484-350, Brazil</ce:source-text></ce:affiliation><ce:affiliation id="aff0002" affiliation-id="S2352340921009781-a829553abfcb9058314db2723ef04130"><ce:label>b</ce:label><ce:textfn id="cetextfn0002">GreenUPorto, DGAOT, Faculty of Sciences, University of Porto, Campus Agr&#225;rio de Vair&#227;o, R. da Agr&#225;ria, 747, Vila do Conde 4485&#x2013;646, Portugal</ce:textfn><sa:affiliation><sa:organization>GreenUPorto</sa:organization><sa:organization>DGAOT</sa:organization><sa:organization>Faculty of Sciences</sa:organization><sa:organization>University of Porto</sa:organization><sa:address-line>Campus Agr&#225;rio de Vair&#227;o, R. da Agr&#225;ria747</sa:address-line><sa:city>Vila do Conde</sa:city><sa:postal-code>4485&#x2013;646</sa:postal-code><sa:country>Portugal</sa:country></sa:affiliation><ce:source-text id="staff0002">bGreenUPorto, DGAOT, Faculty of Sciences, University of Porto, Campus Agr&#225;rio de Vair&#227;o, R. da Agr&#225;ria, 747, Vila do Conde 4485&#x2013;646, Portugal</ce:source-text></ce:affiliation><ce:correspondence id="cor0001"><ce:label>&#x204e;</ce:label><ce:text id="cetext0001">Corresponding author</ce:text></ce:correspondence></ce:author-group><ce:date-received day="22" month="10" year="2021"/><ce:date-accepted day="9" month="12" year="2021"/><ce:abstract id="abs0001" view="all" class="author"><ce:section-title id="cesectitle0001">Abstract</ce:section-title><ce:abstract-sec id="abss0001" view="all"><ce:simple-para id="spara003" view="all">The Food Choice Questionnaire (FCQ) was applied to assess the motivations for daily food choices and associated factors in a Brazilian sample. Data were collected from January to July 2019 from 525 individuals over 18 years old recruited face-to-face in different places (e.g., university, public squares, health posts), using a convenient, intentional, and reasoned sampling. In addition to the FCQ, socioeconomic data were collected from printed questionnaires. Answers were given using a seven-point scale, ranging from (1) strongly disagree to (7) strongly agree. After Confirmatory factor analysis led to the rejection of the original FCQ structure, exploratory factor analysis was performed. Eight factors were extracted and named: nutritional composition, mood, health, sensory appeal, price, preparation convenience, familiarity, and purchase convenience. Other analyses were performed and led to a previously published discussion about food choice criteria hierarchy and associated factors. Researchers and practitioners can further use data from this survey in science and practice. These data can be useful for product development, nutritional counseling, and public health policies development. Furthermore, the FCQ is a widely used instrument, and comparisons between results obtained in different samples can bring meaningful contributions to the study of consumer behavior.</ce:simple-para></ce:abstract-sec></ce:abstract><ce:keywords id="keys0001" view="all" class="keyword"><ce:section-title id="cesectitle0002">Keywords</ce:section-title><ce:keyword id="key0001"><ce:text id="cetext0002">Food choice</ce:text></ce:keyword><ce:keyword id="key0002"><ce:text id="cetext0003">Food consumption</ce:text></ce:keyword><ce:keyword id="key0003"><ce:text id="cetext0004">FCQ</ce:text></ce:keyword><ce:keyword id="key0004"><ce:text id="cetext0005">Food behavior</ce:text></ce:keyword></ce:keywords></ja:head></ja:article></doc:document>
