<doc:document xmlns:doc="http://www.elsevier.com/xml/document/schema" xmlns:dp="http://www.elsevier.com/xml/common/doc-properties/schema" xmlns:cps="http://www.elsevier.com/xml/common/consyn-properties/schema" xmlns:rdf="http://www.w3.org/1999/02/22-rdf-syntax-ns#" xmlns:dct="http://purl.org/dc/terms/" xmlns:prism="http://prismstandard.org/namespaces/basic/2.0/" xmlns:oa="http://vtw.elsevier.com/data/ns/properties/OpenAccess-1/" xmlns:bam="http://vtw.elsevier.com/data/voc/ns/bam-vtw-1/" xmlns:cp="http://vtw.elsevier.com/data/ns/properties/Copyright-1/" xmlns:cja="http://www.elsevier.com/xml/cja/schema" xmlns:ja="http://www.elsevier.com/xml/ja/schema" xmlns:bk="http://www.elsevier.com/xml/bk/schema" xmlns:ce="http://www.elsevier.com/xml/common/schema" xmlns:mml="http://www.w3.org/1998/Math/MathML" xmlns:cals="http://www.elsevier.com/xml/common/cals/schema" xmlns:tb="http://www.elsevier.com/xml/common/table/schema" xmlns:sa="http://www.elsevier.com/xml/common/struct-aff/schema" xmlns:sb="http://www.elsevier.com/xml/common/struct-bib/schema" xmlns:xlink="http://www.w3.org/1999/xlink"><rdf:RDF><rdf:Description rdf:about="http://dx.doi.org/10.1016/j.dib.2021.107673"><dct:format>application/xml</dct:format><dct:title>Data describing cattle performance and feed characteristics to calculate enteric methane emissions in smallholder livestock systems in Bomet County, Kenya</dct:title><dct:creator>Phyllis Wanjugu Ndung'u</dct:creator><dct:creator>Peter Kirui</dct:creator><dct:creator>Taro Takahashi</dct:creator><dct:creator>Cornelius Jacobus Lindeque du Toit</dct:creator><dct:creator>Lutz Merbold</dct:creator><dct:creator>John Patrick Goopy</dct:creator><dct:subject><rdf:Bag><rdf:li>Emission factor</rdf:li><rdf:li>Metabolizable energy requirement</rdf:li><rdf:li>Feed-basket</rdf:li><rdf:li>Mitigation</rdf:li><rdf:li>Seasonal live-weight change</rdf:li><rdf:li>Agro-ecological zone</rdf:li></rdf:Bag></dct:subject><dct:description>Data in Brief 39 (2021). doi:10.1016/j.dib.2021.107673</dct:description><prism:aggregationType>journal</prism:aggregationType><prism:publicationName>Data in Brief</prism:publicationName><prism:copyright>&#169; 2021 The Authors. Published by Elsevier Inc.</prism:copyright><dct:publisher>Elsevier Inc.</dct:publisher><prism:issn>2352-3409</prism:issn><prism:volume>39</prism:volume><prism:coverDisplayDate>December 2021</prism:coverDisplayDate><prism:doi>10.1016/j.dib.2021.107673</prism:doi><prism:url>http://dx.doi.org/10.1016/j.dib.2021.107673</prism:url><dct:identifier>doi:10.1016/j.dib.2021.107673</dct:identifier><bam:articleNumber>107673</bam:articleNumber><oa:openAccessInformation><oa:openAccessStatus xmlns:xsi="http://www.w3.org/2001/XMLSchema-instance">http://vtw.elsevier.com/data/voc/oa/OpenAccessStatus#Full</oa:openAccessStatus><oa:openAccessEffective xmlns:xsi="http://www.w3.org/2001/XMLSchema-instance">2021-12-01T18:10:11Z</oa:openAccessEffective><oa:sponsor xmlns:xsi="http://www.w3.org/2001/XMLSchema-instance"><oa:sponsorType>http://vtw.elsevier.com/data/voc/oa/SponsorType#Author</oa:sponsorType></oa:sponsor><oa:userLicense xmlns:xsi="http://www.w3.org/2001/XMLSchema-instance">http://creativecommons.org/licenses/by/4.0/</oa:userLicense></oa:openAccessInformation><cp:licenseLine xmlns:xsi="http://www.w3.org/2001/XMLSchema-instance">This is an open access article under the CC BY license.</cp:licenseLine></rdf:Description></rdf:RDF><dp:document-properties><dp:aggregation-type>Journals</dp:aggregation-type><dp:version-number>S300.1</dp:version-number></dp:document-properties><ja:article docsubtype="dat" version="5.6" xml:lang="en"><ja:item-info><ja:jid>DIB</ja:jid><ja:aid>107673</ja:aid><ce:article-number>107673</ce:article-number><ce:pii>S2352-3409(21)00948-3</ce:pii><ce:doi>10.1016/j.dib.2021.107673</ce:doi><ce:copyright type="unknown" year="2021"/></ja:item-info><ja:head><ce:dochead id="dchd0001"><ce:textfn id="dhtxt0001">Data Article</ce:textfn></ce:dochead><ce:title id="tte0002">Data describing cattle performance and feed characteristics to calculate enteric methane emissions in smallholder livestock systems in Bomet County, Kenya</ce:title><ce:author-group id="aut0001"><ce:author id="au0001" orcid="0000-0002-7125-5313" author-id="S2352340921009483-91d76fb89a4e9b50795cce8d4a9512a8"><ce:given-name>Phyllis Wanjugu</ce:given-name><ce:surname>Ndung'u</ce:surname><ce:cross-ref refid="aff0001"><ce:sup loc="post">a</ce:sup></ce:cross-ref><ce:cross-ref refid="aff0003"><ce:sup loc="post">c</ce:sup></ce:cross-ref><ce:cross-ref refid="cor0001"><ce:sup loc="post">&#x204e;</ce:sup></ce:cross-ref><ce:e-address id="ead0001" type="email" xlink:href="mailto:P.W.Ndungu@cgiar.org">P.W.Ndungu@cgiar.org</ce:e-address><ce:e-address id="ea1" type="social-media" xlink:href="https://twitter.com/Phyllis46126551">@Phyllis46126551</ce:e-address></ce:author><ce:author id="au0002" author-id="S2352340921009483-8fb9489c36b2281da170cb76cdd747ae"><ce:given-name>Peter</ce:given-name><ce:surname>Kirui</ce:surname><ce:cross-ref refid="aff0004"><ce:sup loc="post">d</ce:sup></ce:cross-ref></ce:author><ce:author id="au0003" author-id="S2352340921009483-71f415c5297de594d21dc68d9ffc59c6"><ce:given-name>Taro</ce:given-name><ce:surname>Takahashi</ce:surname><ce:cross-ref refid="aff0002"><ce:sup loc="post">b</ce:sup></ce:cross-ref><ce:cross-ref refid="aff0005"><ce:sup loc="post">e</ce:sup></ce:cross-ref></ce:author><ce:author id="au0004" author-id="S2352340921009483-4013bf7630338185fa2fda0099053a36"><ce:given-name>Cornelius Jacobus Lindeque</ce:given-name><ce:surname>du Toit</ce:surname><ce:cross-ref refid="aff0001"><ce:sup loc="post">a</ce:sup></ce:cross-ref></ce:author><ce:author id="au0005" author-id="S2352340921009483-2258958a1af83ea3ecbcee217eb95013" orcid="0000-0003-4974-170X"><ce:given-name>Lutz</ce:given-name><ce:surname>Merbold</ce:surname><ce:cross-ref refid="aff0006"><ce:sup loc="post">f</ce:sup></ce:cross-ref><ce:e-address id="ea2" type="social-media" xlink:href="https://twitter.com/LutzMerbold">@LutzMerbold</ce:e-address></ce:author><ce:author id="au0006" orcid="0000-0001-7177-1310" author-id="S2352340921009483-f7c5cefa6c67c0a0cfd1e97477b1cff6"><ce:given-name>John Patrick</ce:given-name><ce:surname>Goopy</ce:surname><ce:cross-ref refid="aff0001"><ce:sup loc="post">a</ce:sup></ce:cross-ref><ce:cross-ref refid="aff0003"><ce:sup loc="post">c</ce:sup></ce:cross-ref></ce:author><ce:affiliation id="aff0001" affiliation-id="S2352340921009483-73a0e67e247b54a4fb7279c48c1ca5cc"><ce:label>a</ce:label><ce:textfn id="cetextfn0001">Department of Animal and Wildlife Sciences, University of Pretoria, Hatfield 0002, South Africa</ce:textfn><sa:affiliation><sa:organization>Department of Animal and Wildlife Sciences</sa:organization><sa:organization>University of Pretoria</sa:organization><sa:city>Hatfield</sa:city><sa:postal-code>0002</sa:postal-code><sa:country>South Africa</sa:country></sa:affiliation><ce:source-text id="staff0001">aDepartment of Animal and Wildlife Sciences, University of Pretoria, Hatfield 0002, South Africa</ce:source-text></ce:affiliation><ce:affiliation id="aff0002" affiliation-id="S2352340921009483-6fd9914f0d135197633d8ebb8ee6c83f"><ce:label>b</ce:label><ce:textfn id="cetextfn0002">Rothamsted Research, North Wyke, Okehampton, Devon EX20 2SB, United Kingdom</ce:textfn><sa:affiliation><sa:organization>Rothamsted Research, North Wyke</sa:organization><sa:city>Okehampton</sa:city><sa:state>Devon</sa:state><sa:postal-code>EX20 2SB</sa:postal-code><sa:country>United Kingdom</sa:country></sa:affiliation><ce:source-text id="staff0002">bRothamsted Research, North Wyke, Okehampton, Devon EX20 2SB, United Kingdom</ce:source-text></ce:affiliation><ce:affiliation id="aff0003" affiliation-id="S2352340921009483-f4de35e68996c9f535e56eade0bdcca7"><ce:label>c</ce:label><ce:textfn id="cetextfn0003">Mazingira Centre, International Livestock Research Institute, P.O. Box 30709, Nairobi, Kenya</ce:textfn><sa:affiliation><sa:organization>Mazingira Centre</sa:organization><sa:organization>International Livestock Research Institute</sa:organization><sa:address-line>P.O. Box 30709</sa:address-line><sa:state>Nairobi</sa:state><sa:country>Kenya</sa:country></sa:affiliation><ce:source-text id="staff0003">cMazingira Centre, International Livestock Research Institute, P.O. Box 30709, Nairobi, Kenya</ce:source-text></ce:affiliation><ce:affiliation id="aff0004" affiliation-id="S2352340921009483-75d30cacd6c143a6df332fa8ae64b276"><ce:label>d</ce:label><ce:textfn id="cetextfn0004">Animal Science department, Egerton University, P.O. Box 536-20115, Egerton-Njoro, Kenya</ce:textfn><sa:affiliation><sa:organization>Animal Science department</sa:organization><sa:organization>Egerton University</sa:organization><sa:address-line>P.O. Box 536-20115</sa:address-line><sa:city>Egerton-Njoro</sa:city><sa:country>Kenya</sa:country></sa:affiliation><ce:source-text id="staff0004">dAnimal Science department, Egerton University, P.O. Box 536-20115, Egerton-Njoro, Kenya</ce:source-text></ce:affiliation><ce:affiliation id="aff0005" affiliation-id="S2352340921009483-d8a5a94ddc204738b9235522dcba9332"><ce:label>e</ce:label><ce:textfn id="cetextfn0005">University of Bristol, Langford House, Langford, Somerset BS40 5DU, United Kingdom</ce:textfn><sa:affiliation><sa:organization>University of Bristol</sa:organization><sa:organization>Langford House</sa:organization><sa:city>Langford</sa:city><sa:state>Somerset</sa:state><sa:postal-code>BS40 5DU</sa:postal-code><sa:country>United Kingdom</sa:country></sa:affiliation><ce:source-text id="staff0005">eUniversity of Bristol, Langford House, Langford, Somerset BS40 5DU, United Kingdom</ce:source-text></ce:affiliation><ce:affiliation id="aff0006" affiliation-id="S2352340921009483-e428628d751880a120187c1202dd0c39"><ce:label>f</ce:label><ce:textfn id="cetextfn0006">Agroscope, Research Division Agroecology and Environment, Reckenholzstrasse 191, 8046 Zurich, Switzerland</ce:textfn><sa:affiliation><sa:organization>Agroscope</sa:organization><sa:organization>Research Division Agroecology and Environment</sa:organization><sa:address-line>Reckenholzstrasse 191</sa:address-line><sa:city>Zurich</sa:city><sa:postal-code>8046</sa:postal-code><sa:country>Switzerland</sa:country></sa:affiliation><ce:source-text id="staff0006">fAgroscope, Research Division Agroecology and Environment, Reckenholzstrasse 191, 8046 Zurich, Switzerland</ce:source-text></ce:affiliation><ce:correspondence id="cor0001"><ce:label>&#x204e;</ce:label><ce:text id="cetext0001">Corresponding author.</ce:text></ce:correspondence></ce:author-group><ce:date-received day="23" month="10" year="2021"/><ce:date-revised day="29" month="11" year="2021"/><ce:date-accepted day="30" month="11" year="2021"/><ce:abstract id="abs0001" view="all" class="author"><ce:section-title id="cesectitle0001">Abstract</ce:section-title><ce:abstract-sec id="abss0001" view="all"><ce:simple-para id="spara017" view="all">This dataset describes the performance of cattle in smallholder livestock systems of Bomet county in western Kenya. Information on live weight, milk production and quality, herd dynamics, and other production parameters were collected from field visits. Animals were weighed on scales; milk yield was recorded using a Mazzican&#174; milk collection and transport vessel provided to each farm and milk was analyzed for butterfat content (%). Pasture biomass yield was determined, and feed samples collected for each agro-ecological zone and nutrient composition was determined for nitrogen (N) using the Kjeldahl method and gross energy (GE) using a bomb calorimeter. Distance covered while grazing was determined using GPS collars fitted to several animals for three consecutive days per area. Enteric methane (CH<ce:inf loc="post">4</ce:inf>) emissions factors (EF) were estimated for five animal classes to develop site-specific EFs as per the Intergovernmental panel on climate change (IPCC) protocol. This dataset has the potential to be used, amongst other purposes, for animal-scale life cycle assessment (LCA) to evaluate the efficacy of various greenhouse gas (GHG) mitigation options.</ce:simple-para></ce:abstract-sec></ce:abstract><ce:keywords id="keys0001" view="all" class="keyword"><ce:section-title id="cesectitle0002">Keywords</ce:section-title><ce:keyword id="key0001"><ce:text id="cetext0002">Emission factor</ce:text></ce:keyword><ce:keyword id="key0002"><ce:text id="cetext0003">Metabolizable energy requirement</ce:text></ce:keyword><ce:keyword id="key0003"><ce:text id="cetext0004">Feed-basket</ce:text></ce:keyword><ce:keyword id="key0004"><ce:text id="cetext0005">Mitigation</ce:text></ce:keyword><ce:keyword id="key0005"><ce:text id="cetext0006">Seasonal live-weight change</ce:text></ce:keyword><ce:keyword id="key0006"><ce:text id="cetext0007">Agro-ecological zone</ce:text></ce:keyword></ce:keywords></ja:head></ja:article></doc:document>
