<doc:document xmlns:doc="http://www.elsevier.com/xml/document/schema" xmlns:dp="http://www.elsevier.com/xml/common/doc-properties/schema" xmlns:cps="http://www.elsevier.com/xml/common/consyn-properties/schema" xmlns:rdf="http://www.w3.org/1999/02/22-rdf-syntax-ns#" xmlns:dct="http://purl.org/dc/terms/" xmlns:prism="http://prismstandard.org/namespaces/basic/2.0/" xmlns:oa="http://vtw.elsevier.com/data/ns/properties/OpenAccess-1/" xmlns:bam="http://vtw.elsevier.com/data/voc/ns/bam-vtw-1/" xmlns:cp="http://vtw.elsevier.com/data/ns/properties/Copyright-1/" xmlns:cja="http://www.elsevier.com/xml/cja/schema" xmlns:ja="http://www.elsevier.com/xml/ja/schema" xmlns:bk="http://www.elsevier.com/xml/bk/schema" xmlns:ce="http://www.elsevier.com/xml/common/schema" xmlns:mml="http://www.w3.org/1998/Math/MathML" xmlns:cals="http://www.elsevier.com/xml/common/cals/schema" xmlns:tb="http://www.elsevier.com/xml/common/table/schema" xmlns:sa="http://www.elsevier.com/xml/common/struct-aff/schema" xmlns:sb="http://www.elsevier.com/xml/common/struct-bib/schema" xmlns:xlink="http://www.w3.org/1999/xlink"><rdf:RDF><rdf:Description rdf:about="http://dx.doi.org/10.1016/j.dib.2021.107617"><dct:format>application/xml</dct:format><dct:title>An annotated dataset for identifying behaviour change based on five doors theory under coral bleaching phenomenon on Twitter</dct:title><dct:creator>Gabriela Nathania Harywanto</dct:creator><dct:creator>Juan Sebastian Veron</dct:creator><dct:creator>Derwin Suhartono</dct:creator><dct:subject><rdf:Bag><rdf:li>Coral bleaching</rdf:li><rdf:li>Five doors theory</rdf:li><rdf:li>Behaviour change</rdf:li><rdf:li>Coral conservation</rdf:li><rdf:li>Automatic classification</rdf:li></rdf:Bag></dct:subject><dct:description>Data in Brief 39 (2021). doi:10.1016/j.dib.2021.107617</dct:description><prism:aggregationType>journal</prism:aggregationType><prism:publicationName>Data in Brief</prism:publicationName><prism:copyright>&#169; 2021 The Author(s). Published by Elsevier Inc.</prism:copyright><dct:publisher>Elsevier Inc.</dct:publisher><prism:issn>2352-3409</prism:issn><prism:volume>39</prism:volume><prism:coverDisplayDate>December 2021</prism:coverDisplayDate><prism:doi>10.1016/j.dib.2021.107617</prism:doi><prism:url>http://dx.doi.org/10.1016/j.dib.2021.107617</prism:url><dct:identifier>doi:10.1016/j.dib.2021.107617</dct:identifier><bam:articleNumber>107617</bam:articleNumber><oa:openAccessInformation><oa:openAccessStatus xmlns:xsi="http://www.w3.org/2001/XMLSchema-instance">http://vtw.elsevier.com/data/voc/oa/OpenAccessStatus#Full</oa:openAccessStatus><oa:openAccessEffective xmlns:xsi="http://www.w3.org/2001/XMLSchema-instance">2021-11-18T18:39:58Z</oa:openAccessEffective><oa:sponsor xmlns:xsi="http://www.w3.org/2001/XMLSchema-instance"><oa:sponsorType>http://vtw.elsevier.com/data/voc/oa/SponsorType#Author</oa:sponsorType></oa:sponsor><oa:userLicense xmlns:xsi="http://www.w3.org/2001/XMLSchema-instance">http://creativecommons.org/licenses/by/4.0/</oa:userLicense></oa:openAccessInformation><cp:licenseLine xmlns:xsi="http://www.w3.org/2001/XMLSchema-instance">This is an open access article under the CC BY license.</cp:licenseLine></rdf:Description></rdf:RDF><dp:document-properties><dp:aggregation-type>Journals</dp:aggregation-type><dp:version-number>S300.1</dp:version-number></dp:document-properties><ja:article docsubtype="dat" version="5.6" xml:lang="en"><ja:item-info><ja:jid>DIB</ja:jid><ja:aid>107617</ja:aid><ce:article-number>107617</ce:article-number><ce:pii>S2352-3409(21)00892-1</ce:pii><ce:doi>10.1016/j.dib.2021.107617</ce:doi><ce:copyright type="unknown" year="2021"/></ja:item-info><ja:head><ce:dochead id="dchd0001"><ce:textfn id="dhtxt0001">Data Article</ce:textfn></ce:dochead><ce:title id="tte0002">An annotated dataset for identifying behaviour change based on five doors theory under coral bleaching phenomenon on Twitter</ce:title><ce:author-group id="aut0001"><ce:author id="au0001" author-id="S2352340921008921-6f034f138fda6ff91cdc3fa8d2340b2a"><ce:given-name>Gabriela Nathania</ce:given-name><ce:surname>Harywanto</ce:surname><ce:cross-ref refid="cor0001"><ce:sup loc="post">&#x204e;</ce:sup></ce:cross-ref><ce:e-address id="ead0001" type="email" xlink:href="mailto:gabriela.harywanto@binus.ac.id">gabriela.harywanto@binus.ac.id</ce:e-address></ce:author><ce:author id="au0002" author-id="S2352340921008921-c0c2f3bd52bb8c0c56214b560850b13a"><ce:given-name>Juan Sebastian</ce:given-name><ce:surname>Veron</ce:surname></ce:author><ce:author id="au0003" author-id="S2352340921008921-f4f2ddd7043f8841eadf78f4791c9f38"><ce:given-name>Derwin</ce:given-name><ce:surname>Suhartono</ce:surname><ce:e-address id="ea3a" type="social-media" xlink:href="https://twitter.com/derwinsuhartono">@derwinsuhartono</ce:e-address></ce:author><ce:affiliation id="aff0001" affiliation-id="S2352340921008921-c93a23c844c4246638df199ffd102d76"><ce:textfn id="cetextfn0001">Computer Science Department, School of Computer Science, Bina Nusantara University, Jakarta 11480, Indonesia</ce:textfn><sa:affiliation><sa:organization>Computer Science Department</sa:organization><sa:organization>School of Computer Science</sa:organization><sa:organization>Bina Nusantara University</sa:organization><sa:state>Jakarta</sa:state><sa:postal-code>11480</sa:postal-code><sa:country>Indonesia</sa:country></sa:affiliation><ce:source-text id="staff0001">Computer Science Department, School of Computer Science, Bina Nusantara University, Jakarta 11480, Indonesia</ce:source-text></ce:affiliation><ce:correspondence id="cor0001"><ce:label>&#x204e;</ce:label><ce:text id="cetext0001">Corresponding author.</ce:text></ce:correspondence></ce:author-group><ce:date-received day="17" month="6" year="2021"/><ce:date-revised day="16" month="11" year="2021"/><ce:date-accepted day="17" month="11" year="2021"/><ce:abstract id="abs0001" view="all" class="author"><ce:section-title id="cesectitle0001">Abstract</ce:section-title><ce:abstract-sec id="abss0001" view="all"><ce:simple-para id="spara009" view="all">Behaviour change is the target ultimate of environmental campaigns that are being intensively carried out by various parties. One of the environmental issues of global concern is coral bleaching. Coral bleaching threatens biodiversity and the balance of ecosystems around the world because marine ecosystems are the foundation of life on this earth [1]. Social media data can be very useful for conservation [2], including in monitoring behaviour changes. The crawling process of data from the Twitter social media platform has been carried out from early 2021 to May 2021 periodically. Obtained 1,222 tweets that have been carefully filtered and labelled into stages of behaviour change by three expert annotators. There are five stages of behaviour change based on the Five Doors Theory: desirability, enabling context, can do, buzz, and invitation [3]. Labelling is done qualitatively and guided by annotation rubrics that have been made based on linguistic patterns at each stage of behaviour change [4]. The data that has been created is expected to be used by various parties working in the field of coral conservation, especially psychologists and data scientists. This data can be used as a basis for analysing behaviour change and used to build an automatic classification model as a means of evaluating and monitoring the behaviour change of Twitter users on the phenomenon of coral bleaching.</ce:simple-para></ce:abstract-sec></ce:abstract><ce:keywords id="keys0001" view="all" class="keyword"><ce:section-title id="cesectitle0002">Keywords</ce:section-title><ce:keyword id="key0001"><ce:text id="cetext0002">Coral bleaching</ce:text></ce:keyword><ce:keyword id="key0002"><ce:text id="cetext0003">Five doors theory</ce:text></ce:keyword><ce:keyword id="key0003"><ce:text id="cetext0004">Behaviour change</ce:text></ce:keyword><ce:keyword id="key0004"><ce:text id="cetext0005">Coral conservation</ce:text></ce:keyword><ce:keyword id="key0005"><ce:text id="cetext0006">Automatic classification</ce:text></ce:keyword></ce:keywords></ja:head></ja:article></doc:document>
