<doc:document xmlns:doc="http://www.elsevier.com/xml/document/schema" xmlns:dp="http://www.elsevier.com/xml/common/doc-properties/schema" xmlns:cps="http://www.elsevier.com/xml/common/consyn-properties/schema" xmlns:rdf="http://www.w3.org/1999/02/22-rdf-syntax-ns#" xmlns:dct="http://purl.org/dc/terms/" xmlns:prism="http://prismstandard.org/namespaces/basic/2.0/" xmlns:oa="http://vtw.elsevier.com/data/ns/properties/OpenAccess-1/" xmlns:bam="http://vtw.elsevier.com/data/voc/ns/bam-vtw-1/" xmlns:cp="http://vtw.elsevier.com/data/ns/properties/Copyright-1/" xmlns:cja="http://www.elsevier.com/xml/cja/schema" xmlns:ja="http://www.elsevier.com/xml/ja/schema" xmlns:bk="http://www.elsevier.com/xml/bk/schema" xmlns:ce="http://www.elsevier.com/xml/common/schema" xmlns:mml="http://www.w3.org/1998/Math/MathML" xmlns:cals="http://www.elsevier.com/xml/common/cals/schema" xmlns:tb="http://www.elsevier.com/xml/common/table/schema" xmlns:sa="http://www.elsevier.com/xml/common/struct-aff/schema" xmlns:sb="http://www.elsevier.com/xml/common/struct-bib/schema" xmlns:xlink="http://www.w3.org/1999/xlink"><rdf:RDF><rdf:Description rdf:about="http://dx.doi.org/10.1016/j.dib.2021.107713"><dct:format>application/xml</dct:format><dct:title>Citizen science at public libraries: Data on librarians and users perceptions of participating in a citizen science project in Catalunya, Spain</dct:title><dct:creator>Anna Cigarini</dct:creator><dct:creator>Isabelle Bonhoure</dct:creator><dct:creator>Juli&#225;n Vicens</dct:creator><dct:creator>Josep Perell&#243;</dct:creator><dct:subject><rdf:Bag><rdf:li>Engagement</rdf:li><rdf:li>Citizen science</rdf:li><rdf:li>Citizen social science</rdf:li><rdf:li>Co-creation</rdf:li><rdf:li>Learning</rdf:li><rdf:li>Perceptions</rdf:li><rdf:li>Public library</rdf:li><rdf:li>Self-efficacy</rdf:li></rdf:Bag></dct:subject><dct:description>Data in Brief 40 (2022). doi:10.1016/j.dib.2021.107713</dct:description><prism:aggregationType>journal</prism:aggregationType><prism:publicationName>Data in Brief</prism:publicationName><prism:copyright>&#169; 2021 The Authors. Published by Elsevier Inc.</prism:copyright><dct:publisher>Elsevier Inc.</dct:publisher><prism:issn>2352-3409</prism:issn><prism:volume>40</prism:volume><prism:coverDisplayDate>February 2022</prism:coverDisplayDate><prism:doi>10.1016/j.dib.2021.107713</prism:doi><prism:url>http://dx.doi.org/10.1016/j.dib.2021.107713</prism:url><dct:identifier>doi:10.1016/j.dib.2021.107713</dct:identifier><bam:articleNumber>107713</bam:articleNumber><oa:openAccessInformation><oa:openAccessStatus xmlns:xsi="http://www.w3.org/2001/XMLSchema-instance">http://vtw.elsevier.com/data/voc/oa/OpenAccessStatus#Full</oa:openAccessStatus><oa:openAccessEffective xmlns:xsi="http://www.w3.org/2001/XMLSchema-instance">2021-12-11T10:53:09Z</oa:openAccessEffective><oa:sponsor xmlns:xsi="http://www.w3.org/2001/XMLSchema-instance"><oa:sponsorName>Spain OA journals discount: 2021</oa:sponsorName><oa:sponsorType>http://vtw.elsevier.com/data/voc/oa/SponsorType#FundingBody</oa:sponsorType></oa:sponsor><oa:userLicense xmlns:xsi="http://www.w3.org/2001/XMLSchema-instance">http://creativecommons.org/licenses/by-nc-nd/4.0/</oa:userLicense></oa:openAccessInformation><cp:licenseLine xmlns:xsi="http://www.w3.org/2001/XMLSchema-instance">This is an open access article under the CC BY-NC-ND license.</cp:licenseLine></rdf:Description></rdf:RDF><dp:document-properties><dp:aggregation-type>Journals</dp:aggregation-type><dp:version-number>S300.1</dp:version-number></dp:document-properties><ja:article docsubtype="dat" version="5.6" xml:lang="en"><ja:item-info><ja:jid>DIB</ja:jid><ja:aid>107713</ja:aid><ce:article-number>107713</ce:article-number><ce:pii>S2352-3409(21)00988-4</ce:pii><ce:doi>10.1016/j.dib.2021.107713</ce:doi><ce:document-thread><ce:refers-to-document id="ref0001"><ce:pii>S0740-8188(21)00020-7</ce:pii><ce:doi>10.1016/j.lisr.2021.101090</ce:doi></ce:refers-to-document></ce:document-thread><ce:copyright type="other" year="2021">The Authors</ce:copyright></ja:item-info><ja:head><ce:dochead id="dchd0001"><ce:textfn id="dhtxt0001">Data Article</ce:textfn></ce:dochead><ce:title id="tte0002">Citizen science at public libraries: Data on librarians and users perceptions of participating in a citizen science project in Catalunya, Spain</ce:title><ce:author-group id="aut0001"><ce:author id="au0001" author-id="S2352340921009884-d333dccc06d4b55900a098f01c124199" orcid="0000-0002-9328-8589"><ce:given-name>Anna</ce:given-name><ce:surname>Cigarini</ce:surname><ce:cross-ref refid="aff0001"><ce:sup loc="post">a</ce:sup></ce:cross-ref><ce:cross-ref refid="aff0002"><ce:sup loc="post">b</ce:sup></ce:cross-ref><ce:cross-ref refid="aff0003"><ce:sup loc="post">c</ce:sup></ce:cross-ref></ce:author><ce:author id="au0002" author-id="S2352340921009884-11599ba680ed309b1202ce6b7f5d3765" orcid="0000-0002-2971-3069"><ce:given-name>Isabelle</ce:given-name><ce:surname>Bonhoure</ce:surname><ce:cross-ref refid="aff0001"><ce:sup loc="post">a</ce:sup></ce:cross-ref><ce:cross-ref refid="aff0002"><ce:sup loc="post">b</ce:sup></ce:cross-ref></ce:author><ce:author id="au0003" author-id="S2352340921009884-ae28ac7ee0f28ac40e31d39e89e71ce7" orcid="0000-0003-0643-0469"><ce:given-name>Juli&#225;n</ce:given-name><ce:surname>Vicens</ce:surname><ce:cross-ref refid="aff0001"><ce:sup loc="post">a</ce:sup></ce:cross-ref><ce:cross-ref refid="aff0002"><ce:sup loc="post">b</ce:sup></ce:cross-ref></ce:author><ce:author id="au0004" author-id="S2352340921009884-c7ca197085b6d1ab4824437c2f2f1689" orcid="0000-0001-8533-6539"><ce:given-name>Josep</ce:given-name><ce:surname>Perell&#243;</ce:surname><ce:cross-ref refid="aff0001"><ce:sup loc="post">a</ce:sup></ce:cross-ref><ce:cross-ref refid="aff0002"><ce:sup loc="post">b</ce:sup></ce:cross-ref><ce:cross-ref refid="cor0001"><ce:sup loc="post">&#x204e;</ce:sup></ce:cross-ref><ce:e-address id="ead0001" type="email" xlink:href="mailto:josep.perello@ub.edu">josep.perello@ub.edu</ce:e-address></ce:author><ce:affiliation id="aff0001" affiliation-id="S2352340921009884-caa3f9ab55b19889d8a76af73372ac5d"><ce:label>a</ce:label><ce:textfn id="cetextfn0001">OpenSystems Research Group, Departament de F&#237;sica de la Mat&#232;ria Condensada, Universitat de Barcelona, Barcelona 08028, Spain</ce:textfn><sa:affiliation><sa:organization>OpenSystems Research Group</sa:organization><sa:organization>Departament de F&#237;sica de la Mat&#232;ria Condensada</sa:organization><sa:organization>Universitat de Barcelona</sa:organization><sa:city>Barcelona</sa:city><sa:postal-code>08028</sa:postal-code><sa:country>Spain</sa:country></sa:affiliation><ce:source-text id="staff0001">aOpenSystems Research Group, Departament de F&#237;sica de la Mat&#232;ria Condensada, Universitat de Barcelona, Barcelona 08028, Spain</ce:source-text></ce:affiliation><ce:affiliation id="aff0002" affiliation-id="S2352340921009884-a32fb31543df39177456046093d73f62"><ce:label>b</ce:label><ce:textfn id="cetextfn0002">Universitat de Barcelona Institute of Complex Systems UBICS, 08028 Barcelona, Spain</ce:textfn><sa:affiliation><sa:organization>Universitat de Barcelona Institute of Complex Systems UBICS</sa:organization><sa:city>Barcelona</sa:city><sa:postal-code>08028</sa:postal-code><sa:country>Spain</sa:country></sa:affiliation><ce:source-text id="staff0002">bUniversitat de Barcelona Institute of Complex Systems UBICS, 08028 Barcelona, Spain</ce:source-text></ce:affiliation><ce:affiliation id="aff0003" affiliation-id="S2352340921009884-39c478ca6765cf0abc977e7863f6c62a"><ce:label>c</ce:label><ce:textfn id="cetextfn0003">Dimmons Research Group, Internet Interdisciplinary Institute (IN3), Universitat Oberta de Catalunya, Barcelona 08035, Spain</ce:textfn><sa:affiliation><sa:organization>Dimmons Research Group</sa:organization><sa:organization>Internet Interdisciplinary Institute (IN3)</sa:organization><sa:organization>Universitat Oberta de Catalunya</sa:organization><sa:city>Barcelona</sa:city><sa:postal-code>08035</sa:postal-code><sa:country>Spain</sa:country></sa:affiliation><ce:source-text id="staff0003">cDimmons Research Group, Internet Interdisciplinary Institute (IN3), Universitat Oberta de Catalunya, Barcelona 08035, Spain</ce:source-text></ce:affiliation><ce:correspondence id="cor0001"><ce:label>&#x204e;</ce:label><ce:text id="cetext0001">Corresponding author at: Departament de F&#237;sica de la Mat&#232;ria Condensada, Universitat de Barcelona, Mart&#237; i Franqu&#232;s, 1, 08028 Barcelona, Spain.</ce:text><sa:affiliation><sa:organization>Departament de F&#237;sica de la Mat&#232;ria Condensada</sa:organization><sa:organization>Universitat de Barcelona</sa:organization><sa:address-line>Mart&#237;i Franqu&#232;s, 1</sa:address-line><sa:city>Barcelona</sa:city><sa:postal-code>08028</sa:postal-code><sa:country>Spain</sa:country></sa:affiliation></ce:correspondence></ce:author-group><ce:date-received day="20" month="5" year="2021"/><ce:date-revised day="8" month="12" year="2021"/><ce:date-accepted day="10" month="12" year="2021"/><ce:abstract id="abs0001" view="all" class="author"><ce:section-title id="cesectitle0001">Abstract</ce:section-title><ce:abstract-sec id="abss0001" view="all"><ce:simple-para id="spara019" view="all">As libraries struggle to keep pace with the changing societal landscape, emerging practices such as citizen science (CS) initiatives are being incorporated to reinforce the idea of public libraries as gathering, meeting, and collaboration spaces within the context of shared community and shared learning resources. However, there is little empirical evidence of whether the most open and participatory ways that CS puts forward can converge with and be nurtured by the essence of public libraries. Also, the roles of librarians and users in the &#x2018;next generation public library&#x2019; have been under-developed. As the number of CS initiatives at public libraries grows, so does the need to collect evidence on the impact and the capacity of assimilation of CS practices. The data describes librarians and users' perceptions of participating in a citizen science project. Two hands-on activities for librarians of the Barcelona Network of Public Libraries were implemented. One was a training course for 30 librarians from 24 libraries which allowed them to envisage citizen science implementation in each library. The second activity consisted in the co-creation of a citizen social science project. 40 library users, 7 librarians from 3 different cities, and professional scientists, were involved. The data on librarians and users' perception was collected through participant observation, surveys, and a focus group to identify strengths and challenges of implementing citizen science at public libraries. The data covers librarians and users attitudes towards citizen science, their motivations to participate, their perceived ability to implement a citizen science project (as for librarians) or to contribute to science (as for library users), and the participants intention to keep engaged with citizen science, drawing on the Theory of Planned Behavior. Responses to closed-ended survey questions are analyzed at a descriptive level. The qualitative feedback from the focus group and the open-ended survey question on motivations is subjected to a thematic analysis. The data offers interesting insights to identify opportunities and challenges of implementing citizen science at public libraries, contributing to the debate over the public library's mission as local community hub.</ce:simple-para></ce:abstract-sec></ce:abstract><ce:keywords id="keys0001" view="all" class="keyword"><ce:section-title id="cesectitle0002">Keywords</ce:section-title><ce:keyword id="key0001"><ce:text id="cetext0002">Engagement</ce:text></ce:keyword><ce:keyword id="key0001a"><ce:text id="cetext0002a">Citizen science</ce:text></ce:keyword><ce:keyword id="key0001b"><ce:text id="cetext0002c">Citizen social science</ce:text></ce:keyword><ce:keyword id="key0001d"><ce:text id="cetext0002e">Co-creation</ce:text></ce:keyword><ce:keyword id="key0001f"><ce:text id="cetext0002g">Learning</ce:text></ce:keyword><ce:keyword id="key0001h"><ce:text id="cetext0002i">Perceptions</ce:text></ce:keyword><ce:keyword id="key0001j"><ce:text id="cetext0002k">Public library</ce:text></ce:keyword><ce:keyword id="key0001l"><ce:text id="cetext0002m">Self-efficacy</ce:text></ce:keyword></ce:keywords></ja:head></ja:article></doc:document>
