<doc:document xmlns:doc="http://www.elsevier.com/xml/document/schema" xmlns:dp="http://www.elsevier.com/xml/common/doc-properties/schema" xmlns:cps="http://www.elsevier.com/xml/common/consyn-properties/schema" xmlns:rdf="http://www.w3.org/1999/02/22-rdf-syntax-ns#" xmlns:dct="http://purl.org/dc/terms/" xmlns:prism="http://prismstandard.org/namespaces/basic/2.0/" xmlns:oa="http://vtw.elsevier.com/data/ns/properties/OpenAccess-1/" xmlns:bam="http://vtw.elsevier.com/data/voc/ns/bam-vtw-1/" xmlns:cp="http://vtw.elsevier.com/data/ns/properties/Copyright-1/" xmlns:cja="http://www.elsevier.com/xml/cja/schema" xmlns:ja="http://www.elsevier.com/xml/ja/schema" xmlns:bk="http://www.elsevier.com/xml/bk/schema" xmlns:ce="http://www.elsevier.com/xml/common/schema" xmlns:mml="http://www.w3.org/1998/Math/MathML" xmlns:cals="http://www.elsevier.com/xml/common/cals/schema" xmlns:tb="http://www.elsevier.com/xml/common/table/schema" xmlns:sa="http://www.elsevier.com/xml/common/struct-aff/schema" xmlns:sb="http://www.elsevier.com/xml/common/struct-bib/schema" xmlns:xlink="http://www.w3.org/1999/xlink"><rdf:RDF><rdf:Description rdf:about="http://dx.doi.org/10.1016/j.dib.2022.107832"><dct:format>application/xml</dct:format><dct:title>Dataset of hydrological records in 5&#160;min resolution of tributaries in the Mueglitz River Basin, Germany</dct:title><dct:creator>Marco Hannemann</dct:creator><dct:creator>Erik Nixdorf</dct:creator><dct:creator>Manuel Kreck</dct:creator><dct:creator>Andreas Scho&#223;land</dct:creator><dct:creator>Peter Dietrich</dct:creator><dct:subject><rdf:Bag><rdf:li>Catchment hydrology</rdf:li><rdf:li>Run-off generation</rdf:li><rdf:li>Water quality</rdf:li><rdf:li>Headwater</rdf:li><rdf:li>Temporal variation</rdf:li></rdf:Bag></dct:subject><dct:description>Data in Brief 40 (2022). doi:10.1016/j.dib.2022.107832</dct:description><prism:aggregationType>journal</prism:aggregationType><prism:publicationName>Data in Brief</prism:publicationName><prism:copyright>&#169; 2022 The Author(s). Published by Elsevier Inc.</prism:copyright><dct:publisher>Elsevier Inc.</dct:publisher><prism:issn>2352-3409</prism:issn><prism:volume>40</prism:volume><prism:coverDisplayDate>February 2022</prism:coverDisplayDate><prism:doi>10.1016/j.dib.2022.107832</prism:doi><prism:url>http://dx.doi.org/10.1016/j.dib.2022.107832</prism:url><dct:identifier>doi:10.1016/j.dib.2022.107832</dct:identifier><bam:articleNumber>107832</bam:articleNumber><oa:openAccessInformation><oa:openAccessStatus xmlns:xsi="http://www.w3.org/2001/XMLSchema-instance">http://vtw.elsevier.com/data/voc/oa/OpenAccessStatus#Full</oa:openAccessStatus><oa:openAccessEffective xmlns:xsi="http://www.w3.org/2001/XMLSchema-instance">2022-01-13T13:02:05Z</oa:openAccessEffective><oa:sponsor xmlns:xsi="http://www.w3.org/2001/XMLSchema-instance"><oa:sponsorType>http://vtw.elsevier.com/data/voc/oa/SponsorType#Author</oa:sponsorType></oa:sponsor><oa:userLicense xmlns:xsi="http://www.w3.org/2001/XMLSchema-instance">http://creativecommons.org/licenses/by-nc-nd/4.0/</oa:userLicense></oa:openAccessInformation><cp:licenseLine xmlns:xsi="http://www.w3.org/2001/XMLSchema-instance">This is an open access article under the CC BY-NC-ND license.</cp:licenseLine></rdf:Description></rdf:RDF><dp:document-properties><dp:aggregation-type>Journals</dp:aggregation-type><dp:version-number>S300.1</dp:version-number></dp:document-properties><ja:article docsubtype="dat" version="5.6" xml:lang="en"><ja:item-info><ja:jid>DIB</ja:jid><ja:aid>107832</ja:aid><ce:article-number>107832</ce:article-number><ce:pii>S2352-3409(22)00044-0</ce:pii><ce:doi>10.1016/j.dib.2022.107832</ce:doi><ce:copyright type="unknown" year="2022"/></ja:item-info><ja:head><ce:dochead id="dchd0001"><ce:textfn id="dhtxt0001">Data Article</ce:textfn></ce:dochead><ce:title id="tte0002">Dataset of hydrological records in 5&#160;min resolution of tributaries in the Mueglitz River Basin, Germany</ce:title><ce:author-group id="aut0001"><ce:author id="au0001" author-id="S2352340922000440-6d6fba29f6ba8592e6421ca3f9edc574"><ce:given-name>Marco</ce:given-name><ce:surname>Hannemann</ce:surname><ce:contributor-role role="http://credit.niso.org/contributor-roles/data-curation">Data curation</ce:contributor-role><ce:contributor-role role="http://credit.niso.org/contributor-roles/software">Software</ce:contributor-role><ce:contributor-role role="http://credit.niso.org/contributor-roles/writing-original-draft">Writing &#x2013; original draft</ce:contributor-role><ce:cross-ref refid="aff0001"><ce:sup loc="post">a</ce:sup></ce:cross-ref></ce:author><ce:author id="au0002" author-id="S2352340922000440-09088e36fe8b04bcfc11dfafa0365e22" orcid="0000-0001-5569-4597"><ce:given-name>Erik</ce:given-name><ce:surname>Nixdorf</ce:surname><ce:contributor-role role="http://credit.niso.org/contributor-roles/conceptualization">Conceptualization</ce:contributor-role><ce:contributor-role role="http://credit.niso.org/contributor-roles/methodology">Methodology</ce:contributor-role><ce:contributor-role role="http://credit.niso.org/contributor-roles/supervision">Supervision</ce:contributor-role><ce:contributor-role role="http://credit.niso.org/contributor-roles/writing-review-editing">Writing &#x2013; review &amp; editing</ce:contributor-role><ce:cross-ref refid="aff0002"><ce:sup loc="post">b</ce:sup></ce:cross-ref><ce:cross-ref refid="cor0001"><ce:sup loc="post">&#x204e;</ce:sup></ce:cross-ref><ce:e-address id="ead0001" type="email" xlink:href="mailto:erik.nixdorf@ufz.de">erik.nixdorf@ufz.de</ce:e-address></ce:author><ce:author id="au0003" author-id="S2352340922000440-11152b89736cd067ea284cb614b57827"><ce:given-name>Manuel</ce:given-name><ce:surname>Kreck</ce:surname><ce:contributor-role role="http://credit.niso.org/contributor-roles/investigation">Investigation</ce:contributor-role><ce:contributor-role role="http://credit.niso.org/contributor-roles/data-curation">Data curation</ce:contributor-role><ce:cross-ref refid="aff0003"><ce:sup loc="post">c</ce:sup></ce:cross-ref></ce:author><ce:author id="au0004" author-id="S2352340922000440-2814fbf9617b1632c873d205083d5553"><ce:given-name>Andreas</ce:given-name><ce:surname>Scho&#223;land</ce:surname><ce:contributor-role role="http://credit.niso.org/contributor-roles/investigation">Investigation</ce:contributor-role><ce:cross-ref refid="aff0003"><ce:sup loc="post">c</ce:sup></ce:cross-ref></ce:author><ce:author id="au0005" author-id="S2352340922000440-98b70e81871590ddc889a87ef3555cc6"><ce:given-name>Peter</ce:given-name><ce:surname>Dietrich</ce:surname><ce:contributor-role role="http://credit.niso.org/contributor-roles/conceptualization">Conceptualization</ce:contributor-role><ce:contributor-role role="http://credit.niso.org/contributor-roles/project-administration">Project administration</ce:contributor-role><ce:contributor-role role="http://credit.niso.org/contributor-roles/funding-acquisition">Funding acquisition</ce:contributor-role><ce:cross-ref refid="aff0003"><ce:sup loc="post">c</ce:sup></ce:cross-ref></ce:author><ce:affiliation id="aff0001" affiliation-id="S2352340922000440-9ed4fc4d68d966bc9bc26736621bb5b7"><ce:label>a</ce:label><ce:textfn id="cetextfn0001">Department of Remote Sensing, Helmholtz Centre for Environmental Research, Leipzig, Germany</ce:textfn><sa:affiliation><sa:organization>Department of Remote Sensing</sa:organization><sa:organization>Helmholtz Centre for Environmental Research</sa:organization><sa:city>Leipzig</sa:city><sa:country>Germany</sa:country></sa:affiliation><ce:source-text id="staff0001">aDepartment of Remote Sensing, Helmholtz Centre for Environmental Research, Leipzig, Germany</ce:source-text></ce:affiliation><ce:affiliation id="aff0002" affiliation-id="S2352340922000440-d7b4c28dbdc60d563bf07c469742ebc6"><ce:label>b</ce:label><ce:textfn id="cetextfn0002">Department of Environmental Informatics, Helmholtz Centre for Environmental Research, Leipzig, Germany</ce:textfn><sa:affiliation><sa:organization>Department of Environmental Informatics</sa:organization><sa:organization>Helmholtz Centre for Environmental Research</sa:organization><sa:city>Leipzig</sa:city><sa:country>Germany</sa:country></sa:affiliation><ce:source-text id="staff0002">bDepartment of Environmental Informatics, Helmholtz Centre for Environmental Research, Leipzig, Germany</ce:source-text></ce:affiliation><ce:affiliation id="aff0003" affiliation-id="S2352340922000440-dd72b31634eedb1790e7502c13bd28ed"><ce:label>c</ce:label><ce:textfn id="cetextfn0003">Department of Monitoring and Exploration Technologies, Helmholtz Centre for Environmental Research, Leipzig, Germany</ce:textfn><sa:affiliation><sa:organization>Department of Monitoring and Exploration Technologies</sa:organization><sa:organization>Helmholtz Centre for Environmental Research</sa:organization><sa:city>Leipzig</sa:city><sa:country>Germany</sa:country></sa:affiliation><ce:source-text id="staff0003">cDepartment of Monitoring and Exploration Technologies, Helmholtz Centre for Environmental Research, Leipzig, Germany</ce:source-text></ce:affiliation><ce:correspondence id="cor0001"><ce:label>&#x204e;</ce:label><ce:text id="cetext0001">Corresponding author.</ce:text></ce:correspondence></ce:author-group><ce:date-received day="29" month="10" year="2021"/><ce:date-revised day="4" month="1" year="2022"/><ce:date-accepted day="12" month="1" year="2022"/><ce:abstract id="abs0001" view="all" class="author"><ce:section-title id="cesectitle0001">Abstract</ce:section-title><ce:abstract-sec id="abss0001" view="all"><ce:simple-para id="spara007" view="all">We present a new hydrometric dataset that comprises water level and discharge time series measured at five tributaries draining sub-catchments of the mountainous Mueglitz River Basin in Germany. The monitoring sites were set up as far downstream as possible, taking into account technical and access restrictions. In total, 746,211 records of absolute pressure, electric conductivity, and water temperature were measured over 1.5 years (2019/04/24&#x2013;2020/10/09) at a temporal resolution of 5&#160;min using automatized dataloggers deployed at the streambed. The data was processed and is available for each site at various levels ranging from level 1&#x2013;3. The level 1 data product contains merged and cleaned raw data, level 2 consists of water level time series based on local air pressure and surveying data measured on-site, and level 3 data includes stream discharge estimated by using the Manning formula. The data processing was performed with a generic workflow written in Python 3 which is referred to in this article for public use. The time series can be used to analyze extreme runoff events and catchment water balances, validate hydrological models, and for the planning of own measurement campaigns with similar objectives.</ce:simple-para></ce:abstract-sec></ce:abstract><ce:keywords id="keys0001" view="all" class="keyword"><ce:section-title id="cesectitle0002">Keywords</ce:section-title><ce:keyword id="key0001"><ce:text id="cetext0002">Catchment hydrology</ce:text></ce:keyword><ce:keyword id="key0002"><ce:text id="cetext0003">Run-off generation</ce:text></ce:keyword><ce:keyword id="key0003"><ce:text id="cetext0004">Water quality</ce:text></ce:keyword><ce:keyword id="key0004"><ce:text id="cetext0005">Headwater</ce:text></ce:keyword><ce:keyword id="key0005"><ce:text id="cetext0006">Temporal variation</ce:text></ce:keyword></ce:keywords></ja:head></ja:article></doc:document>
