<doc:document xmlns:doc="http://www.elsevier.com/xml/document/schema" xmlns:dp="http://www.elsevier.com/xml/common/doc-properties/schema" xmlns:cps="http://www.elsevier.com/xml/common/consyn-properties/schema" xmlns:rdf="http://www.w3.org/1999/02/22-rdf-syntax-ns#" xmlns:dct="http://purl.org/dc/terms/" xmlns:prism="http://prismstandard.org/namespaces/basic/2.0/" xmlns:oa="http://vtw.elsevier.com/data/ns/properties/OpenAccess-1/" xmlns:bam="http://vtw.elsevier.com/data/voc/ns/bam-vtw-1/" xmlns:cp="http://vtw.elsevier.com/data/ns/properties/Copyright-1/" xmlns:cja="http://www.elsevier.com/xml/cja/schema" xmlns:ja="http://www.elsevier.com/xml/ja/schema" xmlns:bk="http://www.elsevier.com/xml/bk/schema" xmlns:ce="http://www.elsevier.com/xml/common/schema" xmlns:mml="http://www.w3.org/1998/Math/MathML" xmlns:cals="http://www.elsevier.com/xml/common/cals/schema" xmlns:tb="http://www.elsevier.com/xml/common/table/schema" xmlns:sa="http://www.elsevier.com/xml/common/struct-aff/schema" xmlns:sb="http://www.elsevier.com/xml/common/struct-bib/schema" xmlns:xlink="http://www.w3.org/1999/xlink"><rdf:RDF><rdf:Description rdf:about="http://dx.doi.org/10.1016/j.dib.2021.107423"><dct:format>application/xml</dct:format><dct:title>Data on alveolar mandibular bone thickness in Class I skeletal patient with bimaxillary protrusion</dct:title><dct:creator>Rizki Andika Putra Siregar</dct:creator><dct:creator>Hilda Fitria Lubis</dct:creator><dct:creator>Muslim Yusuf</dct:creator><dct:subject><rdf:Bag><rdf:li>Alveolar bone thickness</rdf:li><rdf:li>Bimaxillary protrusion</rdf:li><rdf:li>Symphisis mandibular</rdf:li><rdf:li>Lateral cephalographs</rdf:li></rdf:Bag></dct:subject><dct:description>Data in Brief 39 (2021). doi:10.1016/j.dib.2021.107423</dct:description><prism:aggregationType>journal</prism:aggregationType><prism:publicationName>Data in Brief</prism:publicationName><prism:copyright>&#169; 2021 The Authors. Published by Elsevier Inc.</prism:copyright><dct:publisher>Elsevier Inc.</dct:publisher><prism:issn>2352-3409</prism:issn><prism:volume>39</prism:volume><prism:coverDisplayDate>December 2021</prism:coverDisplayDate><prism:doi>10.1016/j.dib.2021.107423</prism:doi><prism:url>http://dx.doi.org/10.1016/j.dib.2021.107423</prism:url><dct:identifier>doi:10.1016/j.dib.2021.107423</dct:identifier><bam:articleNumber>107423</bam:articleNumber><oa:openAccessInformation><oa:openAccessStatus xmlns:xsi="http://www.w3.org/2001/XMLSchema-instance">http://vtw.elsevier.com/data/voc/oa/OpenAccessStatus#Full</oa:openAccessStatus><oa:openAccessEffective xmlns:xsi="http://www.w3.org/2001/XMLSchema-instance">2021-09-21T19:10:00Z</oa:openAccessEffective><oa:sponsor xmlns:xsi="http://www.w3.org/2001/XMLSchema-instance"><oa:sponsorType>http://vtw.elsevier.com/data/voc/oa/SponsorType#ElsevierWaived</oa:sponsorType></oa:sponsor><oa:userLicense xmlns:xsi="http://www.w3.org/2001/XMLSchema-instance">http://creativecommons.org/licenses/by/4.0/</oa:userLicense></oa:openAccessInformation><cp:licenseLine xmlns:xsi="http://www.w3.org/2001/XMLSchema-instance">This is an open access article under the CC BY license.</cp:licenseLine></rdf:Description></rdf:RDF><dp:document-properties><dp:aggregation-type>Journals</dp:aggregation-type><dp:version-number>S300.1</dp:version-number></dp:document-properties><ja:article docsubtype="dat" version="5.6" xml:lang="en"><ja:item-info><ja:jid>DIB</ja:jid><ja:aid>107423</ja:aid><ce:article-number>107423</ce:article-number><ce:pii>S2352-3409(21)00705-8</ce:pii><ce:doi>10.1016/j.dib.2021.107423</ce:doi><ce:copyright type="unknown" year="2021"/></ja:item-info><ja:head><ce:dochead id="dchd0001"><ce:textfn id="dhtxt0001">Data Article</ce:textfn></ce:dochead><ce:title id="tte0002">Data on alveolar mandibular bone thickness in Class I skeletal patient with bimaxillary protrusion</ce:title><ce:author-group id="aut0001"><ce:author id="au0001" author-id="S2352340921007058-f0fdb3c0fcfc18b09224fb8cd61d8d8e"><ce:given-name>Rizki Andika Putra</ce:given-name><ce:surname>Siregar</ce:surname><ce:contributor-role role="http://credit.niso.org/contributor-roles/conceptualization">Conceptualization</ce:contributor-role><ce:contributor-role role="http://credit.niso.org/contributor-roles/methodology">Methodology</ce:contributor-role><ce:contributor-role role="http://credit.niso.org/contributor-roles/investigation">Investigation</ce:contributor-role><ce:contributor-role role="http://credit.niso.org/contributor-roles/writing-original-draft">Writing &#x2013; original draft</ce:contributor-role><ce:cross-ref refid="aff0001"><ce:sup loc="post">a</ce:sup></ce:cross-ref><ce:cross-ref refid="aff0002"><ce:sup loc="post">b</ce:sup></ce:cross-ref></ce:author><ce:author id="au0002" author-id="S2352340921007058-0993f2670d5aa94ba46188382339fcae"><ce:given-name>Hilda Fitria</ce:given-name><ce:surname>Lubis</ce:surname><ce:contributor-role role="http://credit.niso.org/contributor-roles/supervision">Supervision</ce:contributor-role><ce:contributor-role role="http://credit.niso.org/contributor-roles/writing-review-editing">Writing &#x2013; review &amp; editing</ce:contributor-role><ce:cross-ref refid="aff0001"><ce:sup loc="post">a</ce:sup></ce:cross-ref><ce:cross-ref refid="aff0002"><ce:sup loc="post">b</ce:sup></ce:cross-ref><ce:cross-ref refid="cor0001"><ce:sup loc="post">&#x204e;</ce:sup></ce:cross-ref><ce:e-address type="email" xlink:href="mailto:hilda.fitria@usu.ac.id" id="ead0001">hilda.fitria@usu.ac.id</ce:e-address></ce:author><ce:author id="au0003" author-id="S2352340921007058-037f8ddf22a530774ebd7d55c665c73a"><ce:given-name>Muslim</ce:given-name><ce:surname>Yusuf</ce:surname><ce:contributor-role role="http://credit.niso.org/contributor-roles/validation">Validation</ce:contributor-role><ce:contributor-role role="http://credit.niso.org/contributor-roles/writing-review-editing">Writing &#x2013; review &amp; editing</ce:contributor-role><ce:cross-ref refid="aff0001"><ce:sup loc="post">a</ce:sup></ce:cross-ref><ce:cross-ref refid="aff0002"><ce:sup loc="post">b</ce:sup></ce:cross-ref></ce:author><ce:affiliation id="aff0001" affiliation-id="S2352340921007058-03c15d15f0aec18d8f472816e9c840a8"><ce:label>a</ce:label><ce:textfn id="cetextfn0001">Orthodontics Specialist Program, Faculty of Dentistry, Universitas Sumatera Utara, Medan, Indonesia</ce:textfn><sa:affiliation><sa:organization>Orthodontics Specialist Program</sa:organization><sa:organization>Faculty of Dentistry</sa:organization><sa:organization>Universitas Sumatera Utara</sa:organization><sa:city>Medan</sa:city><sa:country>Indonesia</sa:country></sa:affiliation><ce:source-text id="staff0001">aOrthodontics Specialist Program, Faculty of Dentistry, Universitas Sumatera Utara, Medan, Indonesia</ce:source-text></ce:affiliation><ce:affiliation id="aff0002" affiliation-id="S2352340921007058-1e75590300ea35364d1e96d99421b82e"><ce:label>b</ce:label><ce:textfn id="cetextfn0002">Department of Orthodontics, Faculty of Dentistry, Universitas Sumatera Utara, Medan, Indonesia</ce:textfn><sa:affiliation><sa:organization>Department of Orthodontics</sa:organization><sa:organization>Faculty of Dentistry</sa:organization><sa:organization>Universitas Sumatera Utara</sa:organization><sa:city>Medan</sa:city><sa:country>Indonesia</sa:country></sa:affiliation><ce:source-text id="staff0002">bDepartment of Orthodontics, Faculty of Dentistry, Universitas Sumatera Utara, Medan, Indonesia</ce:source-text></ce:affiliation><ce:correspondence id="cor0001"><ce:label>&#x204e;</ce:label><ce:text id="cetext0001">Corresponding author.</ce:text></ce:correspondence></ce:author-group><ce:date-received day="2" month="4" year="2021"/><ce:date-revised day="27" month="8" year="2021"/><ce:date-accepted day="9" month="9" year="2021"/><ce:abstract id="abs0001" view="all" class="author"><ce:section-title id="cesectitle0001">Abstract</ce:section-title><ce:abstract-sec id="abss0001" view="all"><ce:simple-para id="spara009" view="all">The alveolar bone thickness influences both diagnosis and limitation of tooth movement, therefore significance retraction was commonly applied in treating patients with bimaxillary protrusion. This is a retrospective data collection of pre and post treatment lateral cephalographs from 18 to 40 years old patient treated with four premolars extraction. The alveolar mandibular bone thickness was identified in sagittal planes with Image-J software based on cephalometry lateral radiographs. Statistical analysis namely Wilcoxon test and Pearson correlation analysis coefficient were used to understand the correlation of alveolar mandibular bone thickness variables and mandibular incisors position to skeletal profile treated with first premolars extraction are presented. This data is essential for advancing in a further understanding of Class I skeletal patients with bimaxillary protrusion.</ce:simple-para></ce:abstract-sec></ce:abstract><ce:keywords id="keys0001" view="all" class="keyword"><ce:section-title id="cesectitle0002">Keywords</ce:section-title><ce:keyword id="key0001"><ce:text id="cetext0002">Alveolar bone thickness</ce:text></ce:keyword><ce:keyword id="key0002"><ce:text id="cetext0003">Bimaxillary protrusion</ce:text></ce:keyword><ce:keyword id="key0003"><ce:text id="cetext0004">Symphisis mandibular</ce:text></ce:keyword><ce:keyword id="key0004"><ce:text id="cetext0005">Lateral cephalographs</ce:text></ce:keyword></ce:keywords></ja:head></ja:article></doc:document>
