<doc:document xmlns:doc="http://www.elsevier.com/xml/document/schema" xmlns:dp="http://www.elsevier.com/xml/common/doc-properties/schema" xmlns:cps="http://www.elsevier.com/xml/common/consyn-properties/schema" xmlns:rdf="http://www.w3.org/1999/02/22-rdf-syntax-ns#" xmlns:dct="http://purl.org/dc/terms/" xmlns:prism="http://prismstandard.org/namespaces/basic/2.0/" xmlns:oa="http://vtw.elsevier.com/data/ns/properties/OpenAccess-1/" xmlns:bam="http://vtw.elsevier.com/data/voc/ns/bam-vtw-1/" xmlns:cp="http://vtw.elsevier.com/data/ns/properties/Copyright-1/" xmlns:cja="http://www.elsevier.com/xml/cja/schema" xmlns:ja="http://www.elsevier.com/xml/ja/schema" xmlns:bk="http://www.elsevier.com/xml/bk/schema" xmlns:ce="http://www.elsevier.com/xml/common/schema" xmlns:mml="http://www.w3.org/1998/Math/MathML" xmlns:cals="http://www.elsevier.com/xml/common/cals/schema" xmlns:tb="http://www.elsevier.com/xml/common/table/schema" xmlns:sa="http://www.elsevier.com/xml/common/struct-aff/schema" xmlns:sb="http://www.elsevier.com/xml/common/struct-bib/schema" xmlns:xlink="http://www.w3.org/1999/xlink"><rdf:RDF><rdf:Description rdf:about="http://dx.doi.org/10.1016/j.dib.2021.107507"><dct:format>application/xml</dct:format><dct:title>Proteomic data of donkey's milk</dct:title><dct:creator>Stavros C. Proikakis</dct:creator><dct:creator>Efterpi V. Bouroutzika</dct:creator><dct:creator>Athanasios K. Anagnostopoulos</dct:creator><dct:creator>George Th. Tsangaris</dct:creator><dct:subject><rdf:Bag><rdf:li>Foodomics</rdf:li><rdf:li>Donkey milk</rdf:li><rdf:li>LC-MS/MS</rdf:li><rdf:li>Proteomics</rdf:li><rdf:li>Protein content</rdf:li><rdf:li>nanoLC-MS/MS</rdf:li><rdf:li>Bottom-up proteomics</rdf:li></rdf:Bag></dct:subject><dct:description>Data in Brief 39 (2021). doi:10.1016/j.dib.2021.107507</dct:description><prism:aggregationType>journal</prism:aggregationType><prism:publicationName>Data in Brief</prism:publicationName><prism:copyright>&#169; 2021 The Authors. Published by Elsevier Inc.</prism:copyright><dct:publisher>Elsevier Inc.</dct:publisher><prism:issn>2352-3409</prism:issn><prism:volume>39</prism:volume><prism:coverDisplayDate>December 2021</prism:coverDisplayDate><prism:doi>10.1016/j.dib.2021.107507</prism:doi><prism:url>http://dx.doi.org/10.1016/j.dib.2021.107507</prism:url><dct:identifier>doi:10.1016/j.dib.2021.107507</dct:identifier><bam:articleNumber>107507</bam:articleNumber><oa:openAccessInformation><oa:openAccessStatus xmlns:xsi="http://www.w3.org/2001/XMLSchema-instance">http://vtw.elsevier.com/data/voc/oa/OpenAccessStatus#Full</oa:openAccessStatus><oa:openAccessEffective xmlns:xsi="http://www.w3.org/2001/XMLSchema-instance">2021-10-20T01:17:37Z</oa:openAccessEffective><oa:sponsor xmlns:xsi="http://www.w3.org/2001/XMLSchema-instance"><oa:sponsorName>Greece Institutes</oa:sponsorName><oa:sponsorType>http://vtw.elsevier.com/data/voc/oa/SponsorType#FundingBody</oa:sponsorType></oa:sponsor><oa:userLicense xmlns:xsi="http://www.w3.org/2001/XMLSchema-instance">http://creativecommons.org/licenses/by-nc-nd/4.0/</oa:userLicense></oa:openAccessInformation><cp:licenseLine xmlns:xsi="http://www.w3.org/2001/XMLSchema-instance">This is an open access article under the CC BY-NC-ND license.</cp:licenseLine></rdf:Description></rdf:RDF><dp:document-properties><dp:aggregation-type>Journals</dp:aggregation-type><dp:version-number>S300.1</dp:version-number></dp:document-properties><ja:article docsubtype="dat" version="5.6" xml:lang="en"><ja:item-info><ja:jid>DIB</ja:jid><ja:aid>107507</ja:aid><ce:article-number>107507</ce:article-number><ce:pii>S2352-3409(21)00779-4</ce:pii><ce:doi>10.1016/j.dib.2021.107507</ce:doi><ce:copyright type="unknown" year="2021"/></ja:item-info><ja:head><ce:dochead id="dchd0001"><ce:textfn id="dhtxt0001">Data Article</ce:textfn></ce:dochead><ce:title id="tte0002">Proteomic data of donkey's milk</ce:title><ce:author-group id="aut0001"><ce:author id="au0001" author-id="S2352340921007794-0ab2b8d753070998bbdeff076d6ec1d1"><ce:given-name>Stavros C.</ce:given-name><ce:surname>Proikakis</ce:surname><ce:cross-ref refid="aff0001"><ce:sup loc="post">a</ce:sup></ce:cross-ref></ce:author><ce:author id="au0002" author-id="S2352340921007794-701aab68598d354a20cbfa6495d73146"><ce:given-name>Efterpi V.</ce:given-name><ce:surname>Bouroutzika</ce:surname><ce:cross-ref refid="aff0001"><ce:sup loc="post">a</ce:sup></ce:cross-ref><ce:cross-ref refid="aff0002"><ce:sup loc="post">b</ce:sup></ce:cross-ref></ce:author><ce:author id="au0003" author-id="S2352340921007794-d318fef6560875a997f24707c616fde9" orcid="0000-0001-5161-7850"><ce:given-name>Athanasios K.</ce:given-name><ce:surname>Anagnostopoulos</ce:surname><ce:cross-ref refid="aff0001"><ce:sup loc="post">a</ce:sup></ce:cross-ref></ce:author><ce:author id="au0004" author-id="S2352340921007794-8b0e26f2b0f27fbb0a93f8a2b3c59b92"><ce:given-name>George Th.</ce:given-name><ce:surname>Tsangaris</ce:surname><ce:cross-ref refid="aff0001"><ce:sup loc="post">a</ce:sup></ce:cross-ref><ce:cross-ref refid="cor0001"><ce:sup loc="post">&#x204e;</ce:sup></ce:cross-ref><ce:e-address id="ead0001" type="email" xlink:href="mailto:gthtsangaris@bioacademy.gr">gthtsangaris@bioacademy.gr</ce:e-address></ce:author><ce:affiliation id="aff0001" affiliation-id="S2352340921007794-f793d600cea9c0d771067f3823d895c2"><ce:label>a</ce:label><ce:textfn id="cetextfn0001">Proteomics Research Unit, Biomedical Research Foundation of the Academy of Athens, Athens 115 27, Greece</ce:textfn><sa:affiliation><sa:organization>Proteomics Research Unit</sa:organization><sa:organization>Biomedical Research Foundation of the Academy of Athens</sa:organization><sa:city>Athens</sa:city><sa:postal-code>115 27</sa:postal-code><sa:country>Greece</sa:country></sa:affiliation><ce:source-text id="staff0001">aProteomics Research Unit, Biomedical Research Foundation of the Academy of Athens, Athens 115 27, Greece</ce:source-text></ce:affiliation><ce:affiliation id="aff0002" affiliation-id="S2352340921007794-588ae128aaa6a404419dba5ff50ec99d"><ce:label>b</ce:label><ce:textfn id="cetextfn0002">Veterinary Faculty, University of Thessaly, Karditsa, Greece</ce:textfn><sa:affiliation><sa:organization>Veterinary Faculty</sa:organization><sa:organization>University of Thessaly</sa:organization><sa:city>Karditsa</sa:city><sa:country>Greece</sa:country></sa:affiliation><ce:source-text id="staff0002">bVeterinary Faculty, University of Thessaly, Karditsa, Greece</ce:source-text></ce:affiliation><ce:correspondence id="cor0001"><ce:label>&#x204e;</ce:label><ce:text id="cetext0001">Corresponding author.</ce:text></ce:correspondence></ce:author-group><ce:date-received day="3" month="6" year="2021"/><ce:date-revised day="8" month="10" year="2021"/><ce:date-accepted day="18" month="10" year="2021"/><ce:abstract id="abs0001" view="all" class="author"><ce:section-title id="cesectitle0001">Abstract</ce:section-title><ce:abstract-sec id="abss0001" view="all"><ce:simple-para id="spara004" view="all">Donkey's milk has been recognized as milk of high biological value and it also has the closest composition to human milk. However, the total protein content of donkey's milk has not been adequately identified. The aim of this analysis is to investigate the proteomic content of that milk. Specific commercially available only milk was analyzed by ``shotgun'' proteomic methods to identify the proteins it contained in as much detail as possible. The application of the above approach resulted in the identification of a total of 633 different proteins, which were grouped based on their molecular function and their biological process. Furthermore, the proteins visualized graphically according to the GeneOntology (GO) system. The identified proteins confirm the high nutritional value of the donkey milk, governing future steps in optimizing its characteristic and uses.</ce:simple-para></ce:abstract-sec></ce:abstract><ce:keywords id="keys0001" view="all" class="keyword"><ce:section-title id="cesectitle0002">Keywords</ce:section-title><ce:keyword id="key0001"><ce:text id="cetext0002">Foodomics</ce:text></ce:keyword><ce:keyword id="key0002"><ce:text id="cetext0003">Donkey milk</ce:text></ce:keyword><ce:keyword id="key0003"><ce:text id="cetext0004">LC-MS/MS</ce:text></ce:keyword><ce:keyword id="key0004"><ce:text id="cetext0005">Proteomics</ce:text></ce:keyword><ce:keyword id="key0005"><ce:text id="cetext0006">Protein content</ce:text></ce:keyword><ce:keyword id="key0006"><ce:text id="cetext0007">nanoLC-MS/MS</ce:text></ce:keyword><ce:keyword id="key0007"><ce:text id="cetext0008">Bottom-up proteomics</ce:text></ce:keyword></ce:keywords></ja:head></ja:article></doc:document>
