<doc:document xmlns:doc="http://www.elsevier.com/xml/document/schema" xmlns:dp="http://www.elsevier.com/xml/common/doc-properties/schema" xmlns:cps="http://www.elsevier.com/xml/common/consyn-properties/schema" xmlns:rdf="http://www.w3.org/1999/02/22-rdf-syntax-ns#" xmlns:dct="http://purl.org/dc/terms/" xmlns:prism="http://prismstandard.org/namespaces/basic/2.0/" xmlns:oa="http://vtw.elsevier.com/data/ns/properties/OpenAccess-1/" xmlns:bam="http://vtw.elsevier.com/data/voc/ns/bam-vtw-1/" xmlns:cp="http://vtw.elsevier.com/data/ns/properties/Copyright-1/" xmlns:cja="http://www.elsevier.com/xml/cja/schema" xmlns:ja="http://www.elsevier.com/xml/ja/schema" xmlns:bk="http://www.elsevier.com/xml/bk/schema" xmlns:ce="http://www.elsevier.com/xml/common/schema" xmlns:mml="http://www.w3.org/1998/Math/MathML" xmlns:cals="http://www.elsevier.com/xml/common/cals/schema" xmlns:tb="http://www.elsevier.com/xml/common/table/schema" xmlns:sa="http://www.elsevier.com/xml/common/struct-aff/schema" xmlns:sb="http://www.elsevier.com/xml/common/struct-bib/schema" xmlns:xlink="http://www.w3.org/1999/xlink"><rdf:RDF><rdf:Description rdf:about="http://dx.doi.org/10.1016/j.dib.2021.107616"><dct:format>application/xml</dct:format><dct:title>Intensity dataset acquired through laser scanning of lunar and Martian soil simulants</dct:title><dct:creator>Jacek Katzer</dct:creator><dct:creator>Czes&#x0142;aw Suchocki</dct:creator><dct:creator>Wioleta B&#x0142;aszczak-B&#x0105;k</dct:creator><dct:creator>Marzena Dami&#x0119;cka-Suchocka</dct:creator><dct:subject><rdf:Bag><rdf:li>Lunar soil simulant</rdf:li><rdf:li>LSS</rdf:li><rdf:li>Martian soil simulant</rdf:li><rdf:li>MSS</rdf:li><rdf:li>Terrestrial laser scanner</rdf:li><rdf:li>TLS</rdf:li><rdf:li>The Moon</rdf:li><rdf:li>Mars</rdf:li></rdf:Bag></dct:subject><dct:description>Data in Brief 39 (2021). doi:10.1016/j.dib.2021.107616</dct:description><prism:aggregationType>journal</prism:aggregationType><prism:publicationName>Data in Brief</prism:publicationName><prism:copyright>&#169; 2021 The Author(s). Published by Elsevier Inc.</prism:copyright><dct:publisher>Elsevier Inc.</dct:publisher><prism:issn>2352-3409</prism:issn><prism:volume>39</prism:volume><prism:coverDisplayDate>December 2021</prism:coverDisplayDate><prism:doi>10.1016/j.dib.2021.107616</prism:doi><prism:url>http://dx.doi.org/10.1016/j.dib.2021.107616</prism:url><dct:identifier>doi:10.1016/j.dib.2021.107616</dct:identifier><bam:articleNumber>107616</bam:articleNumber><oa:openAccessInformation><oa:openAccessStatus xmlns:xsi="http://www.w3.org/2001/XMLSchema-instance">http://vtw.elsevier.com/data/voc/oa/OpenAccessStatus#Full</oa:openAccessStatus><oa:openAccessEffective xmlns:xsi="http://www.w3.org/2001/XMLSchema-instance">2021-11-18T18:38:22Z</oa:openAccessEffective><oa:sponsor xmlns:xsi="http://www.w3.org/2001/XMLSchema-instance"><oa:sponsorName>Poland institutes 2021</oa:sponsorName><oa:sponsorType>http://vtw.elsevier.com/data/voc/oa/SponsorType#FundingBody</oa:sponsorType></oa:sponsor><oa:userLicense xmlns:xsi="http://www.w3.org/2001/XMLSchema-instance">http://creativecommons.org/licenses/by-nc-nd/4.0/</oa:userLicense></oa:openAccessInformation><cp:licenseLine xmlns:xsi="http://www.w3.org/2001/XMLSchema-instance">This is an open access article under the CC BY-NC-ND license.</cp:licenseLine></rdf:Description></rdf:RDF><dp:document-properties><dp:aggregation-type>Journals</dp:aggregation-type><dp:version-number>S300.1</dp:version-number></dp:document-properties><ja:article docsubtype="dat" version="5.6" xml:lang="en"><ja:item-info><ja:jid>DIB</ja:jid><ja:aid>107616</ja:aid><ce:article-number>107616</ce:article-number><ce:pii>S2352-3409(21)00891-X</ce:pii><ce:doi>10.1016/j.dib.2021.107616</ce:doi><ce:document-thread><ce:refers-to-document id="ref0001"><ce:pii>S0926-5805(21)00430-1</ce:pii><ce:doi>10.1016/j.autcon.2021.103979</ce:doi></ce:refers-to-document></ce:document-thread><ce:copyright type="unknown" year="2021"/></ja:item-info><ja:head><ce:dochead id="dchd0001"><ce:textfn id="dhtxt0001">Data Article</ce:textfn></ce:dochead><ce:title id="tte0002">Intensity dataset acquired through laser scanning of lunar and Martian soil simulants</ce:title><ce:author-group id="aut0001"><ce:author id="au0001" author-id="S235234092100891X-a2d07e9df379349afe87558a489faef7" orcid="0000-0002-4049-5330"><ce:given-name>Jacek</ce:given-name><ce:surname>Katzer</ce:surname><ce:cross-ref refid="aff0001"><ce:sup loc="post">a</ce:sup></ce:cross-ref><ce:cross-ref refid="cor0001"><ce:sup loc="post">&#x204e;</ce:sup></ce:cross-ref><ce:e-address id="ead0001" type="email" xlink:href="mailto:jacek.katzer@uwm.edu.pl">jacek.katzer@uwm.edu.pl</ce:e-address></ce:author><ce:author id="au0002" author-id="S235234092100891X-facc756547e71487f076c1e5b05ccbfa" orcid="0000-0002-0121-5711"><ce:given-name>Czes&#x0142;aw</ce:given-name><ce:surname>Suchocki</ce:surname><ce:cross-ref refid="aff0002"><ce:sup loc="post">b</ce:sup></ce:cross-ref></ce:author><ce:author id="au0003" author-id="S235234092100891X-9885dd6d3061125077a06bd1727d3938" orcid="0000-0001-6169-1579"><ce:given-name>Wioleta</ce:given-name><ce:surname>B&#x0142;aszczak-B&#x0105;k</ce:surname><ce:cross-ref refid="aff0001"><ce:sup loc="post">a</ce:sup></ce:cross-ref></ce:author><ce:author id="au0004" author-id="S235234092100891X-05bfe20e210f5b965af9ca4bcc7a7011" orcid="0000-0002-6550-7748"><ce:given-name>Marzena</ce:given-name><ce:surname>Dami&#x0119;cka-Suchocka</ce:surname><ce:cross-ref refid="aff0002"><ce:sup loc="post">b</ce:sup></ce:cross-ref></ce:author><ce:affiliation id="aff0001" affiliation-id="S235234092100891X-41f4d3f13398ff6e89ec90fc7e6a5ec3"><ce:label>a</ce:label><ce:textfn id="cetextfn0001">Faculty of Geoengineering, University of Warmia and Mazury in Olsztyn, Prawoche&#x0144;skiego 15, Olsztyn 10-720, Poland</ce:textfn><sa:affiliation><sa:organization>Faculty of Geoengineering</sa:organization><sa:organization>University of Warmia and Mazury in Olsztyn</sa:organization><sa:address-line>Prawoche&#x0144;skiego 15</sa:address-line><sa:city>Olsztyn</sa:city><sa:postal-code>10-720</sa:postal-code><sa:country>Poland</sa:country></sa:affiliation><ce:source-text id="staff0001">aFaculty of Geoengineering, University of Warmia and Mazury in Olsztyn, Prawoche&#x0144;skiego 15, Olsztyn 10-720, Poland</ce:source-text></ce:affiliation><ce:affiliation id="aff0002" affiliation-id="S235234092100891X-3e2e8f1b8b369292d7df3f900e5ee965"><ce:label>b</ce:label><ce:textfn id="cetextfn0002">Faculty of Civil Engineering, Environmental and Geodetic Sciences, Koszalin University of Technology, &#x015a;niadeckich 2, Koszalin 75-453, Poland</ce:textfn><sa:affiliation><sa:organization>Faculty of Civil Engineering</sa:organization><sa:organization>Environmental and Geodetic Sciences</sa:organization><sa:organization>Koszalin University of Technology</sa:organization><sa:address-line>&#x015a;niadeckich 2</sa:address-line><sa:city>Koszalin</sa:city><sa:postal-code>75-453</sa:postal-code><sa:country>Poland</sa:country></sa:affiliation><ce:source-text id="staff0002">bFaculty of Civil Engineering, Environmental and Geodetic Sciences, Koszalin University of Technology, &#x015a;niadeckich 2, Koszalin 75-453, Poland</ce:source-text></ce:affiliation><ce:correspondence id="cor0001"><ce:label>&#x204e;</ce:label><ce:text id="cetext0001">Corresponding author.</ce:text></ce:correspondence></ce:author-group><ce:date-received day="19" month="10" year="2021"/><ce:date-revised day="16" month="11" year="2021"/><ce:date-accepted day="17" month="11" year="2021"/><ce:abstract id="abs0001" view="all" class="author"><ce:section-title id="cesectitle0001">Abstract</ce:section-title><ce:abstract-sec id="abss0001" view="all"><ce:simple-para id="spara004" view="all">The future construction effort on the Moon and Mars is increasingly discussed by the scientific community. In authors&#x2019; opinion quick, precise and remote measuring technique will be essential for successful development of lunar and Martian construction projects. One of such techniques is terrestrial laser scanning (TLS). The dataset consists of results obtained using two different, commercially available, laser scanners. The measurements were conducted on Earth using lunar and Martian soil simulants. As a reference (Earth soil simulant) a standardized sand used for cement tests was utilized. Scans were performed from different distances. The acquired point clouds can be used for thorough analysis of a laser beam dispersion and absorption. The comparison with other results is enabled. One should also keep in mind that some of the characteristics of Earth, the Moon and Mars which will influence TLS technique and measurements (e.g. local atmosphere or lack of it, temperatures, radiation, light, distances and colours).</ce:simple-para></ce:abstract-sec></ce:abstract><ce:keywords id="keys0001" view="all" class="keyword"><ce:section-title id="cesectitle0002">Keywords</ce:section-title><ce:keyword id="key0001"><ce:text id="cetext0002">Lunar soil simulant</ce:text></ce:keyword><ce:keyword id="key0011h"><ce:text id="cetext0012a">LSS</ce:text></ce:keyword><ce:keyword id="key0002"><ce:text id="cetext0003b">Martian soil simulant</ce:text></ce:keyword><ce:keyword id="key0011i"><ce:text id="cetext0012c">MSS</ce:text></ce:keyword><ce:keyword id="key0011j"><ce:text id="cetext0012d">Terrestrial laser scanner</ce:text></ce:keyword><ce:keyword id="key0011k"><ce:text id="cetext0012e">TLS</ce:text></ce:keyword><ce:keyword id="key0011l"><ce:text id="cetext0012f">The Moon</ce:text></ce:keyword><ce:keyword id="key0011m"><ce:text id="cetext0012g">Mars</ce:text></ce:keyword></ce:keywords></ja:head></ja:article></doc:document>
