<doc:document xmlns:doc="http://www.elsevier.com/xml/document/schema" xmlns:dp="http://www.elsevier.com/xml/common/doc-properties/schema" xmlns:cps="http://www.elsevier.com/xml/common/consyn-properties/schema" xmlns:rdf="http://www.w3.org/1999/02/22-rdf-syntax-ns#" xmlns:dct="http://purl.org/dc/terms/" xmlns:prism="http://prismstandard.org/namespaces/basic/2.0/" xmlns:oa="http://vtw.elsevier.com/data/ns/properties/OpenAccess-1/" xmlns:bam="http://vtw.elsevier.com/data/voc/ns/bam-vtw-1/" xmlns:cp="http://vtw.elsevier.com/data/ns/properties/Copyright-1/" xmlns:cja="http://www.elsevier.com/xml/cja/schema" xmlns:ja="http://www.elsevier.com/xml/ja/schema" xmlns:bk="http://www.elsevier.com/xml/bk/schema" xmlns:ce="http://www.elsevier.com/xml/common/schema" xmlns:mml="http://www.w3.org/1998/Math/MathML" xmlns:cals="http://www.elsevier.com/xml/common/cals/schema" xmlns:tb="http://www.elsevier.com/xml/common/table/schema" xmlns:sa="http://www.elsevier.com/xml/common/struct-aff/schema" xmlns:sb="http://www.elsevier.com/xml/common/struct-bib/schema" xmlns:xlink="http://www.w3.org/1999/xlink"><rdf:RDF><rdf:Description rdf:about="http://dx.doi.org/10.1016/j.dib.2021.107741"><dct:format>application/xml</dct:format><dct:title>Hygrothermal simulation data of a living wall system for decentralized greywater treatment</dct:title><dct:creator>Hayder Alsaad</dct:creator><dct:creator>Maria Hartmann</dct:creator><dct:creator>Conrad Voelker</dct:creator><dct:subject><rdf:Bag><rdf:li>Coupling</rdf:li><rdf:li>Envi-Met</rdf:li><rdf:li>Delphin</rdf:li><rdf:li>Heat transport</rdf:li><rdf:li>Moisture transport</rdf:li></rdf:Bag></dct:subject><dct:description>Data in Brief 40 (2022). doi:10.1016/j.dib.2021.107741</dct:description><prism:aggregationType>journal</prism:aggregationType><prism:publicationName>Data in Brief</prism:publicationName><prism:copyright>&#169; 2022 The Authors. Published by Elsevier Inc.</prism:copyright><dct:publisher>Elsevier Inc.</dct:publisher><prism:issn>2352-3409</prism:issn><prism:volume>40</prism:volume><prism:coverDisplayDate>February 2022</prism:coverDisplayDate><prism:doi>10.1016/j.dib.2021.107741</prism:doi><prism:url>http://dx.doi.org/10.1016/j.dib.2021.107741</prism:url><dct:identifier>doi:10.1016/j.dib.2021.107741</dct:identifier><bam:articleNumber>107741</bam:articleNumber><oa:openAccessInformation><oa:openAccessStatus xmlns:xsi="http://www.w3.org/2001/XMLSchema-instance">http://vtw.elsevier.com/data/voc/oa/OpenAccessStatus#Full</oa:openAccessStatus><oa:openAccessEffective xmlns:xsi="http://www.w3.org/2001/XMLSchema-instance">2021-12-21T17:15:21Z</oa:openAccessEffective><oa:sponsor xmlns:xsi="http://www.w3.org/2001/XMLSchema-instance"><oa:sponsorType>http://vtw.elsevier.com/data/voc/oa/SponsorType#Author</oa:sponsorType></oa:sponsor><oa:userLicense xmlns:xsi="http://www.w3.org/2001/XMLSchema-instance">http://creativecommons.org/licenses/by/4.0/</oa:userLicense></oa:openAccessInformation><cp:licenseLine xmlns:xsi="http://www.w3.org/2001/XMLSchema-instance">This is an open access article under the CC BY license.</cp:licenseLine></rdf:Description></rdf:RDF><dp:document-properties><dp:aggregation-type>Journals</dp:aggregation-type><dp:version-number>S300.1</dp:version-number></dp:document-properties><ja:article docsubtype="dat" version="5.6" xml:lang="en"><ja:item-info><ja:jid>DIB</ja:jid><ja:aid>107741</ja:aid><ce:article-number>107741</ce:article-number><ce:pii>S2352-3409(21)01016-7</ce:pii><ce:doi>10.1016/j.dib.2021.107741</ce:doi><ce:document-thread><ce:refers-to-document id="ref0001"><ce:pii>S0378-7788(21)00995-6</ce:pii><ce:doi>10.1016/j.enbuild.2021.111711</ce:doi></ce:refers-to-document></ce:document-thread><ce:copyright type="unknown" year="2021"/></ja:item-info><ja:head><ce:dochead id="dchd0001"><ce:textfn id="dhtxt0001">Data Article</ce:textfn></ce:dochead><ce:title id="tte0002">Hygrothermal simulation data of a living wall system for decentralized greywater treatment</ce:title><ce:author-group id="aut0001"><ce:author id="au0001" author-id="S2352340921010167-3e09a599e7ea0e36325fd380178fbb48" orcid="0000-0001-7738-0193"><ce:given-name>Hayder</ce:given-name><ce:surname>Alsaad</ce:surname><ce:contributor-role role="http://credit.niso.org/contributor-roles/conceptualization">Conceptualization</ce:contributor-role><ce:contributor-role role="http://credit.niso.org/contributor-roles/methodology">Methodology</ce:contributor-role><ce:contributor-role role="http://credit.niso.org/contributor-roles/software">Software</ce:contributor-role><ce:contributor-role role="http://credit.niso.org/contributor-roles/writing-original-draft">Writing &#x2013; original draft</ce:contributor-role><ce:contributor-role role="http://credit.niso.org/contributor-roles/writing-review-editing">Writing &#x2013; review &amp; editing</ce:contributor-role><ce:contributor-role role="http://credit.niso.org/contributor-roles/visualization">Visualization</ce:contributor-role><ce:contributor-role role="http://credit.niso.org/contributor-roles/project-administration">Project administration</ce:contributor-role><ce:cross-ref refid="cor0001"><ce:sup loc="post">&#x204e;</ce:sup></ce:cross-ref><ce:e-address id="ead0001" type="email" xlink:href="mailto:hayder.alsaad@uni-weimar.de">hayder.alsaad@uni-weimar.de</ce:e-address></ce:author><ce:author id="au0002" author-id="S2352340921010167-a7328807ec894aeee7b49c6cb4609db4"><ce:given-name>Maria</ce:given-name><ce:surname>Hartmann</ce:surname><ce:contributor-role role="http://credit.niso.org/contributor-roles/methodology">Methodology</ce:contributor-role><ce:contributor-role role="http://credit.niso.org/contributor-roles/investigation">Investigation</ce:contributor-role></ce:author><ce:author id="au0003" author-id="S2352340921010167-1d125acf9b7fcef6de7178f36f5f9646"><ce:given-name>Conrad</ce:given-name><ce:surname>Voelker</ce:surname><ce:contributor-role role="http://credit.niso.org/contributor-roles/writing-review-editing">Writing &#x2013; review &amp; editing</ce:contributor-role><ce:contributor-role role="http://credit.niso.org/contributor-roles/resources">Resources</ce:contributor-role><ce:contributor-role role="http://credit.niso.org/contributor-roles/supervision">Supervision</ce:contributor-role><ce:contributor-role role="http://credit.niso.org/contributor-roles/funding-acquisition">Funding acquisition</ce:contributor-role></ce:author><ce:affiliation id="aff0001" affiliation-id="S2352340921010167-7768ca27f89e7ec3ebc3bda47643d6db"><ce:textfn id="cetextfn0001">Department of Building Physics, Bauhaus-University Weimar, Weimar, Germany</ce:textfn><sa:affiliation><sa:organization>Department of Building Physics</sa:organization><sa:organization>Bauhaus-University Weimar</sa:organization><sa:city>Weimar</sa:city><sa:country>Germany</sa:country></sa:affiliation><ce:source-text id="staff0001">Department of Building Physics, Bauhaus-University Weimar, Weimar, Germany</ce:source-text></ce:affiliation><ce:correspondence id="cor0001"><ce:label>&#x204e;</ce:label><ce:text id="cetext0001">Corresponding author.</ce:text></ce:correspondence></ce:author-group><ce:date-received day="6" month="12" year="2021"/><ce:date-accepted day="20" month="12" year="2021"/><ce:abstract id="abs0001" view="all" class="author"><ce:section-title id="cesectitle0001">Abstract</ce:section-title><ce:abstract-sec id="abss0001" view="all"><ce:simple-para id="spara013" view="all">This dataset presents the numerical analysis of the heat and moisture transport through a facade equipped with a living wall system designated for greywater treatment. While such greening systems provide many environmental benefits, they involve pumping large quantities of water onto the wall assembly, which can increase the risk of moisture in the wall as well as impaired energetic performance due to increased thermal conductivity with increased moisture content in the building materials. This dataset was acquired through numerical simulation using the coupling of two simulation tools, namely Envi-Met and Delphin. This coupling was used to include the complex role the plants play in shaping the near-wall environmental parameters in the hygrothermal simulations. Four different wall assemblies were investigated, each assembly was assessed twice: with and without the living wall. The presented data include the input and output parameters of the simulations, which were presented in the co-submitted article (Alsaad et&#160;al., 2022).</ce:simple-para></ce:abstract-sec></ce:abstract><ce:keywords id="keys0001" view="all" class="keyword"><ce:section-title id="cesectitle0002">Keywords</ce:section-title><ce:keyword id="key0001"><ce:text id="cetext0002">Coupling</ce:text></ce:keyword><ce:keyword id="key0002"><ce:text id="cetext0003">Envi-Met</ce:text></ce:keyword><ce:keyword id="key0003"><ce:text id="cetext0004">Delphin</ce:text></ce:keyword><ce:keyword id="key0004"><ce:text id="cetext0005">Heat transport</ce:text></ce:keyword><ce:keyword id="key0005"><ce:text id="cetext0006">Moisture transport</ce:text></ce:keyword></ce:keywords></ja:head></ja:article></doc:document>
