<doc:document xmlns:doc="http://www.elsevier.com/xml/document/schema" xmlns:dp="http://www.elsevier.com/xml/common/doc-properties/schema" xmlns:cps="http://www.elsevier.com/xml/common/consyn-properties/schema" xmlns:rdf="http://www.w3.org/1999/02/22-rdf-syntax-ns#" xmlns:dct="http://purl.org/dc/terms/" xmlns:prism="http://prismstandard.org/namespaces/basic/2.0/" xmlns:oa="http://vtw.elsevier.com/data/ns/properties/OpenAccess-1/" xmlns:bam="http://vtw.elsevier.com/data/voc/ns/bam-vtw-1/" xmlns:cp="http://vtw.elsevier.com/data/ns/properties/Copyright-1/" xmlns:cja="http://www.elsevier.com/xml/cja/schema" xmlns:ja="http://www.elsevier.com/xml/ja/schema" xmlns:bk="http://www.elsevier.com/xml/bk/schema" xmlns:ce="http://www.elsevier.com/xml/common/schema" xmlns:mml="http://www.w3.org/1998/Math/MathML" xmlns:cals="http://www.elsevier.com/xml/common/cals/schema" xmlns:tb="http://www.elsevier.com/xml/common/table/schema" xmlns:sa="http://www.elsevier.com/xml/common/struct-aff/schema" xmlns:sb="http://www.elsevier.com/xml/common/struct-bib/schema" xmlns:xlink="http://www.w3.org/1999/xlink"><rdf:RDF><rdf:Description rdf:about="http://dx.doi.org/10.1016/j.dib.2021.107712"><dct:format>application/xml</dct:format><dct:title>Muscle function alterations in a Parkinson's disease animal model: Electromyographic recordings dataset</dct:title><dct:creator>Ana L. Albarrac&#237;n</dct:creator><dct:creator>Fernando D. Farf&#225;n</dct:creator><dct:subject><rdf:Bag><rdf:li>Parkinson's disease animal model</rdf:li><rdf:li>6-OHDA-lesioned rats</rdf:li><rdf:li>Electromyography</rdf:li><rdf:li>Muscle dysfunction</rdf:li><rdf:li>Muscular activity in freely moving rats</rdf:li><rdf:li>Bicep femoris muscle recordings</rdf:li></rdf:Bag></dct:subject><dct:description>Data in Brief 40 (2022). doi:10.1016/j.dib.2021.107712</dct:description><prism:aggregationType>journal</prism:aggregationType><prism:publicationName>Data in Brief</prism:publicationName><prism:copyright>&#169; 2021 The Authors. Published by Elsevier Inc.</prism:copyright><dct:publisher>Elsevier Inc.</dct:publisher><prism:issn>2352-3409</prism:issn><prism:volume>40</prism:volume><prism:coverDisplayDate>February 2022</prism:coverDisplayDate><prism:doi>10.1016/j.dib.2021.107712</prism:doi><prism:url>http://dx.doi.org/10.1016/j.dib.2021.107712</prism:url><dct:identifier>doi:10.1016/j.dib.2021.107712</dct:identifier><bam:articleNumber>107712</bam:articleNumber><oa:openAccessInformation><oa:openAccessStatus xmlns:xsi="http://www.w3.org/2001/XMLSchema-instance">http://vtw.elsevier.com/data/voc/oa/OpenAccessStatus#Full</oa:openAccessStatus><oa:openAccessEffective xmlns:xsi="http://www.w3.org/2001/XMLSchema-instance">2021-12-11T10:51:18Z</oa:openAccessEffective><oa:sponsor xmlns:xsi="http://www.w3.org/2001/XMLSchema-instance"><oa:sponsorType>http://vtw.elsevier.com/data/voc/oa/SponsorType#ElsevierWaived</oa:sponsorType></oa:sponsor><oa:userLicense xmlns:xsi="http://www.w3.org/2001/XMLSchema-instance">http://creativecommons.org/licenses/by/4.0/</oa:userLicense></oa:openAccessInformation><cp:licenseLine xmlns:xsi="http://www.w3.org/2001/XMLSchema-instance">This is an open access article under the CC BY license.</cp:licenseLine></rdf:Description></rdf:RDF><dp:document-properties><dp:aggregation-type>Journals</dp:aggregation-type><dp:version-number>S300.1</dp:version-number></dp:document-properties><ja:article docsubtype="dat" version="5.6" xml:lang="en"><ja:item-info><ja:jid>DIB</ja:jid><ja:aid>107712</ja:aid><ce:article-number>107712</ce:article-number><ce:pii>S2352-3409(21)00987-2</ce:pii><ce:doi>10.1016/j.dib.2021.107712</ce:doi><ce:copyright type="unknown" year="2021"/></ja:item-info><ja:head><ce:dochead id="dchd0001"><ce:textfn id="dhtxt0001">Data Article</ce:textfn></ce:dochead><ce:title id="tte0002">Muscle function alterations in a Parkinson's disease animal model: Electromyographic recordings dataset</ce:title><ce:author-group id="aut0001"><ce:author id="au0001" author-id="S2352340921009872-1ad26e825eaf357152fa2740f5ffb914" orcid="0000-0002-1001-8672"><ce:given-name>Ana L.</ce:given-name><ce:surname>Albarrac&#237;n</ce:surname><ce:contributor-role role="http://credit.niso.org/contributor-roles/conceptualization">Conceptualization</ce:contributor-role><ce:contributor-role role="http://credit.niso.org/contributor-roles/methodology">Methodology</ce:contributor-role><ce:contributor-role role="http://credit.niso.org/contributor-roles/writing-review-editing">Writing &#x2013; review &amp; editing</ce:contributor-role><ce:cross-ref refid="aff0001"><ce:sup loc="post">a</ce:sup></ce:cross-ref><ce:cross-ref refid="aff0002"><ce:sup loc="post">b</ce:sup></ce:cross-ref><ce:cross-ref refid="cor0001"><ce:sup loc="post">&#x204e;</ce:sup></ce:cross-ref><ce:e-address id="ead0001" type="email" xlink:href="mailto:aalbarracin@herrera.unt.edu.ar">aalbarracin@herrera.unt.edu.ar</ce:e-address></ce:author><ce:author id="au0002" author-id="S2352340921009872-23cb650c843beae2a00bf98019e4461a"><ce:given-name>Fernando D.</ce:given-name><ce:surname>Farf&#225;n</ce:surname><ce:contributor-role role="http://credit.niso.org/contributor-roles/data-curation">Data curation</ce:contributor-role><ce:contributor-role role="http://credit.niso.org/contributor-roles/methodology">Methodology</ce:contributor-role><ce:contributor-role role="http://credit.niso.org/contributor-roles/software">Software</ce:contributor-role><ce:contributor-role role="http://credit.niso.org/contributor-roles/writing-original-draft">Writing &#x2013; original draft</ce:contributor-role><ce:cross-ref refid="aff0001"><ce:sup loc="post">a</ce:sup></ce:cross-ref><ce:cross-ref refid="aff0002"><ce:sup loc="post">b</ce:sup></ce:cross-ref></ce:author><ce:affiliation id="aff0001" affiliation-id="S2352340921009872-623f25e2d7982d2ab2d681933f0e99df"><ce:label>a</ce:label><ce:textfn id="cetextfn0001">Departamento de Bioingenier&#237;a, Facultad de Ciencias Exactas y Tecnolog&#237;a, Laboratorio de Investigaciones en Neurociencias y Tecnolog&#237;as Aplicadas (LINTEC), Universidad Nacional de Tucum&#225;n, Tucum&#225;n, Argentina</ce:textfn><sa:affiliation><sa:organization>Departamento de Bioingenier&#237;a, Facultad de Ciencias Exactas y Tecnolog&#237;a, Laboratorio de Investigaciones en Neurociencias y Tecnolog&#237;as Aplicadas (LINTEC)</sa:organization><sa:organization>Universidad Nacional de Tucum&#225;n</sa:organization><sa:city>Tucum&#225;n</sa:city><sa:country>Argentina</sa:country></sa:affiliation><ce:source-text id="staff0001">aDepartamento de Bioingenier&#237;a, Facultad de Ciencias Exactas y Tecnolog&#237;a, Laboratorio de Investigaciones en Neurociencias y Tecnolog&#237;as Aplicadas (LINTEC), Universidad Nacional de Tucum&#225;n, Tucum&#225;n, Argentina</ce:source-text></ce:affiliation><ce:affiliation id="aff0002" affiliation-id="S2352340921009872-49ef87f1bb701ec3a5a0e2027fe22e78"><ce:label>b</ce:label><ce:textfn id="cetextfn0002">Instituto Superior de Investigaciones Biol&#243;gicas (INSIBIO), Consejo Nacional de Investigaciones Cient&#237;ficas y T&#233;cnicas (CONICET), Tucum&#225;n, Argentina</ce:textfn><sa:affiliation><sa:organization>Instituto Superior de Investigaciones Biol&#243;gicas (INSIBIO)</sa:organization><sa:organization>Consejo Nacional de Investigaciones Cient&#237;ficas y T&#233;cnicas (CONICET)</sa:organization><sa:city>Tucum&#225;n</sa:city><sa:country>Argentina</sa:country></sa:affiliation><ce:source-text id="staff0002">bInstituto Superior de Investigaciones Biol&#243;gicas (INSIBIO), Consejo Nacional de Investigaciones Cient&#237;ficas y T&#233;cnicas (CONICET), Tucum&#225;n, Argentina</ce:source-text></ce:affiliation><ce:correspondence id="cor0001"><ce:label>&#x204e;</ce:label><ce:text id="cetext0001">Corresponding author at: Departamento de Bioingenier&#237;a, Facultad de Ciencias Exactas y Tecnolog&#237;a, Laboratorio de Investigaciones en Neurociencias y Tecnolog&#237;as Aplicadas (LINTEC), Universidad Nacional de Tucum&#225;n, Tucum&#225;n, Argentina.</ce:text><sa:affiliation><sa:organization>Departamento de Bioingenier&#237;a, Facultad de Ciencias Exactas y Tecnolog&#237;a, Laboratorio de Investigaciones en Neurociencias y Tecnolog&#237;as Aplicadas (LINTEC)</sa:organization><sa:organization>Universidad Nacional de Tucum&#225;n</sa:organization><sa:city>Tucum&#225;n</sa:city><sa:country>Argentina</sa:country></sa:affiliation></ce:correspondence></ce:author-group><ce:date-received day="10" month="8" year="2021"/><ce:date-revised day="2" month="12" year="2021"/><ce:date-accepted day="10" month="12" year="2021"/><ce:abstract id="abs0001" view="all" class="author"><ce:section-title id="cesectitle0001">Abstract</ce:section-title><ce:abstract-sec id="abss0001" view="all"><ce:simple-para id="spara004" view="all">Parkinson's disease (PD) is currently diagnosed based on characteristic motor dysfunctions induced by the loss of dopaminergic neurons in the substantia nigra pars compacta [1,2]. The animal model most commonly used to reproduce PD-related motor deficits in rats is the massive degeneration of nigrostriatal neurons by using intracerebral infusion of 6-hydroxydopamine (6-OHDA) [3,4].</ce:simple-para><ce:simple-para id="spara005" view="all">This article presents data related to the research article &#x201c;Quantifying muscle alterations in a Parkinson's disease animal model using electromyographic biomarkers&#x201d; [5]. This study evaluated the effect of PD neurotoxic lesion model on muscle function of freely moving rats. The effects on muscle function considering the time post-lesion have never been described for this Parkinson's disease model. Electromyographic recordings were obtained from control and hemiparkinsonian rats walking in a circular treadmill. Chronic EMG electrodes were implanted subcutaneously in a hindlimb muscle - the biceps femoris muscle - for evaluating muscular activity during the gait. Five dataset of EMG recordings are presented in this article corresponding to control animals and four groups of lesioned animals at different time post-injury (three to six weeks after lesion). Stationarity of the EMG signals were established and the effective muscular contractions were detected by using signal processing methods described in [5]. Power spectrum density was characterized through the mean and median frequencies and signals probability distribution function analysis was also performed.These analyses have shown that PSD frequency contents progressively fall with time post-lesion suggesting muscle function changes along this enclosed time.</ce:simple-para><ce:simple-para id="spara006" view="all">This dataset could be reused to investigate muscular activation parameters under control and lesioned conditions in freely moving rats and for evaluating different signal processing methods for EMG patterns detection.</ce:simple-para></ce:abstract-sec></ce:abstract><ce:keywords id="keys0001" view="all" class="keyword"><ce:section-title id="cesectitle0002">Keywords</ce:section-title><ce:keyword id="key0001"><ce:text id="cetext0002">Parkinson's disease animal model</ce:text></ce:keyword><ce:keyword id="key0002"><ce:text id="cetext0003">6-OHDA-lesioned rats</ce:text></ce:keyword><ce:keyword id="key0003"><ce:text id="cetext0004">Electromyography</ce:text></ce:keyword><ce:keyword id="key0004"><ce:text id="cetext0005">Muscle dysfunction</ce:text></ce:keyword><ce:keyword id="key0005"><ce:text id="cetext0006">Muscular activity in freely moving rats</ce:text></ce:keyword><ce:keyword id="key0006"><ce:text id="cetext0007">Bicep femoris muscle recordings</ce:text></ce:keyword></ce:keywords></ja:head></ja:article></doc:document>
