<doc:document xmlns:doc="http://www.elsevier.com/xml/document/schema" xmlns:dp="http://www.elsevier.com/xml/common/doc-properties/schema" xmlns:cps="http://www.elsevier.com/xml/common/consyn-properties/schema" xmlns:rdf="http://www.w3.org/1999/02/22-rdf-syntax-ns#" xmlns:dct="http://purl.org/dc/terms/" xmlns:prism="http://prismstandard.org/namespaces/basic/2.0/" xmlns:oa="http://vtw.elsevier.com/data/ns/properties/OpenAccess-1/" xmlns:bam="http://vtw.elsevier.com/data/voc/ns/bam-vtw-1/" xmlns:cp="http://vtw.elsevier.com/data/ns/properties/Copyright-1/" xmlns:cja="http://www.elsevier.com/xml/cja/schema" xmlns:ja="http://www.elsevier.com/xml/ja/schema" xmlns:bk="http://www.elsevier.com/xml/bk/schema" xmlns:ce="http://www.elsevier.com/xml/common/schema" xmlns:mml="http://www.w3.org/1998/Math/MathML" xmlns:cals="http://www.elsevier.com/xml/common/cals/schema" xmlns:tb="http://www.elsevier.com/xml/common/table/schema" xmlns:sa="http://www.elsevier.com/xml/common/struct-aff/schema" xmlns:sb="http://www.elsevier.com/xml/common/struct-bib/schema" xmlns:xlink="http://www.w3.org/1999/xlink"><rdf:RDF><rdf:Description rdf:about="http://dx.doi.org/10.1016/j.dib.2021.107480"><dct:format>application/xml</dct:format><dct:title>Impact of lockdown on smoking and sleeping in the early COVID-19 presence: Datasets of Greek Adults sample</dct:title><dct:creator>Dimitrios I. Bourdas</dct:creator><dct:creator>Emmanouil D. Zacharakis</dct:creator><dct:creator>Antonios K. Travlos</dct:creator><dct:creator>Athanasios Souglis</dct:creator><dct:creator>Triantafyllia I. Georgali</dct:creator><dct:creator>Dimitrios C. Gofas</dct:creator><dct:creator>Ioannis E. Ktistakis</dct:creator><dct:creator>Anna Deltsidou</dct:creator><dct:subject><rdf:Bag><rdf:li>Cross-sectional</rdf:li><rdf:li>Public health</rdf:li><rdf:li>Quarantine</rdf:li><rdf:li>SARS-CoV-2</rdf:li><rdf:li>Sedentary life</rdf:li><rdf:li>Tobacco</rdf:li><rdf:li>Self-report</rdf:li><rdf:li>Life style</rdf:li></rdf:Bag></dct:subject><dct:description>Data in Brief 39 (2021). doi:10.1016/j.dib.2021.107480</dct:description><prism:aggregationType>journal</prism:aggregationType><prism:publicationName>Data in Brief</prism:publicationName><prism:copyright>&#169; 2021 The Author(s). Published by Elsevier Inc.</prism:copyright><dct:publisher>Elsevier Inc.</dct:publisher><prism:issn>2352-3409</prism:issn><prism:volume>39</prism:volume><prism:coverDisplayDate>December 2021</prism:coverDisplayDate><prism:doi>10.1016/j.dib.2021.107480</prism:doi><prism:url>http://dx.doi.org/10.1016/j.dib.2021.107480</prism:url><dct:identifier>doi:10.1016/j.dib.2021.107480</dct:identifier><bam:articleNumber>107480</bam:articleNumber><oa:openAccessInformation><oa:openAccessStatus xmlns:xsi="http://www.w3.org/2001/XMLSchema-instance">http://vtw.elsevier.com/data/voc/oa/OpenAccessStatus#Full</oa:openAccessStatus><oa:openAccessEffective xmlns:xsi="http://www.w3.org/2001/XMLSchema-instance">2021-10-12T13:29:51Z</oa:openAccessEffective><oa:sponsor xmlns:xsi="http://www.w3.org/2001/XMLSchema-instance"><oa:sponsorName>Greece Institutes</oa:sponsorName><oa:sponsorType>http://vtw.elsevier.com/data/voc/oa/SponsorType#FundingBody</oa:sponsorType></oa:sponsor><oa:userLicense xmlns:xsi="http://www.w3.org/2001/XMLSchema-instance">http://creativecommons.org/licenses/by-nc-nd/4.0/</oa:userLicense></oa:openAccessInformation><cp:licenseLine xmlns:xsi="http://www.w3.org/2001/XMLSchema-instance">This is an open access article under the CC BY-NC-ND license.</cp:licenseLine></rdf:Description></rdf:RDF><dp:document-properties><dp:aggregation-type>Journals</dp:aggregation-type><dp:version-number>S300.1</dp:version-number></dp:document-properties><ja:article docsubtype="dat" version="5.6" xml:lang="en"><ja:item-info><ja:jid>DIB</ja:jid><ja:aid>107480</ja:aid><ce:article-number>107480</ce:article-number><ce:pii>S2352-3409(21)00761-7</ce:pii><ce:doi>10.1016/j.dib.2021.107480</ce:doi><ce:copyright type="unknown" year="2021"/></ja:item-info><ja:head><ce:dochead id="dchd0001"><ce:textfn id="dhtxt0001">Data Article</ce:textfn></ce:dochead><ce:title id="tte0002">Impact of lockdown on smoking and sleeping in the early COVID-19 presence: Datasets of Greek Adults sample</ce:title><ce:author-group id="aut0001"><ce:author id="au0001" author-id="S2352340921007617-2f0b8bc69e85af2cbe53eacecf015ef9" orcid="0000-0002-8514-0605"><ce:given-name>Dimitrios I.</ce:given-name><ce:surname>Bourdas</ce:surname><ce:contributor-role role="http://credit.niso.org/contributor-roles/conceptualization">Conceptualization</ce:contributor-role><ce:contributor-role role="http://credit.niso.org/contributor-roles/writing-original-draft">Writing &#x2013; original draft</ce:contributor-role><ce:contributor-role role="http://credit.niso.org/contributor-roles/writing-review-editing">Writing &#x2013; review &amp; editing</ce:contributor-role><ce:cross-ref refid="aff0001"><ce:sup loc="post">a</ce:sup></ce:cross-ref><ce:cross-ref refid="cor0001"><ce:sup loc="post">&#x204e;</ce:sup></ce:cross-ref><ce:e-address id="ead0001" type="email" xlink:href="mailto:dbourdas@hotmail.gr">dbourdas@hotmail.gr</ce:e-address><ce:e-address id="ead0002" type="email" xlink:href="mailto:dbourdas@phed.uoa.gr">dbourdas@phed.uoa.gr</ce:e-address></ce:author><ce:author id="au0002" author-id="S2352340921007617-da24280f45edf09c39342915d0c16c3f"><ce:given-name>Emmanouil D.</ce:given-name><ce:surname>Zacharakis</ce:surname><ce:contributor-role role="http://credit.niso.org/contributor-roles/conceptualization">Conceptualization</ce:contributor-role><ce:contributor-role role="http://credit.niso.org/contributor-roles/methodology">Methodology</ce:contributor-role><ce:contributor-role role="http://credit.niso.org/contributor-roles/formal-analysis">Formal analysis</ce:contributor-role><ce:contributor-role role="http://credit.niso.org/contributor-roles/investigation">Investigation</ce:contributor-role><ce:contributor-role role="http://credit.niso.org/contributor-roles/resources">Resources</ce:contributor-role><ce:contributor-role role="http://credit.niso.org/contributor-roles/writing-original-draft">Writing &#x2013; original draft</ce:contributor-role><ce:contributor-role role="http://credit.niso.org/contributor-roles/writing-review-editing">Writing &#x2013; review &amp; editing</ce:contributor-role><ce:contributor-role role="http://credit.niso.org/contributor-roles/supervision">Supervision</ce:contributor-role><ce:contributor-role role="http://credit.niso.org/contributor-roles/project-administration">Project administration</ce:contributor-role><ce:cross-ref refid="aff0002"><ce:sup loc="post">b</ce:sup></ce:cross-ref></ce:author><ce:author id="au0003" author-id="S2352340921007617-1f8be44e7178f87e33b2fc52c4ee3792" orcid="0000-0002-5493-7857"><ce:given-name>Antonios K.</ce:given-name><ce:surname>Travlos</ce:surname><ce:contributor-role role="http://credit.niso.org/contributor-roles/conceptualization">Conceptualization</ce:contributor-role><ce:contributor-role role="http://credit.niso.org/contributor-roles/formal-analysis">Formal analysis</ce:contributor-role><ce:contributor-role role="http://credit.niso.org/contributor-roles/writing-original-draft">Writing &#x2013; original draft</ce:contributor-role><ce:contributor-role role="http://credit.niso.org/contributor-roles/writing-review-editing">Writing &#x2013; review &amp; editing</ce:contributor-role><ce:cross-ref refid="aff0003"><ce:sup loc="post">c</ce:sup></ce:cross-ref></ce:author><ce:author id="au0004" author-id="S2352340921007617-c5cdab46c8d02e16b1a13fb1eb853d68"><ce:given-name>Athanasios</ce:given-name><ce:surname>Souglis</ce:surname><ce:contributor-role role="http://credit.niso.org/contributor-roles/writing-review-editing">Writing &#x2013; review &amp; editing</ce:contributor-role><ce:cross-ref refid="aff0002"><ce:sup loc="post">b</ce:sup></ce:cross-ref></ce:author><ce:author id="au0005" author-id="S2352340921007617-e46c7514c6ceeff023a07c6cf074a9f4"><ce:given-name>Triantafyllia I.</ce:given-name><ce:surname>Georgali</ce:surname><ce:contributor-role role="http://credit.niso.org/contributor-roles/writing-review-editing">Writing &#x2013; review &amp; editing</ce:contributor-role><ce:cross-ref refid="aff0002"><ce:sup loc="post">b</ce:sup></ce:cross-ref></ce:author><ce:author id="au0006" author-id="S2352340921007617-ce5db3ea93f0d7cde433b4e61180f172"><ce:given-name>Dimitrios C.</ce:given-name><ce:surname>Gofas</ce:surname><ce:contributor-role role="http://credit.niso.org/contributor-roles/writing-review-editing">Writing &#x2013; review &amp; editing</ce:contributor-role><ce:cross-ref refid="aff0004"><ce:sup loc="post">d</ce:sup></ce:cross-ref></ce:author><ce:author id="au0007" author-id="S2352340921007617-60d68ca6772f6d8cef3dfc70db8acf71"><ce:given-name>Ioannis E.</ce:given-name><ce:surname>Ktistakis</ce:surname><ce:contributor-role role="http://credit.niso.org/contributor-roles/writing-review-editing">Writing &#x2013; review &amp; editing</ce:contributor-role><ce:cross-ref refid="aff0002"><ce:sup loc="post">b</ce:sup></ce:cross-ref></ce:author><ce:author id="au0008" author-id="S2352340921007617-c5f3076533d909440d5b6cb241a5b015"><ce:given-name>Anna</ce:given-name><ce:surname>Deltsidou</ce:surname><ce:contributor-role role="http://credit.niso.org/contributor-roles/investigation">Investigation</ce:contributor-role><ce:contributor-role role="http://credit.niso.org/contributor-roles/resources">Resources</ce:contributor-role><ce:contributor-role role="http://credit.niso.org/contributor-roles/writing-review-editing">Writing &#x2013; review &amp; editing</ce:contributor-role><ce:cross-ref refid="aff0005"><ce:sup loc="post">e</ce:sup></ce:cross-ref></ce:author><ce:affiliation id="aff0001" affiliation-id="S2352340921007617-2d823cdbc7359d8b29f228b02bf5f985"><ce:label>a</ce:label><ce:textfn id="cetextfn0001">Section of Sport Medicine and Biology of Exercise, School of Physical Education and Sports Science, National and Kapodistrian University of Athens, Greece</ce:textfn><sa:affiliation><sa:organization>Section of Sport Medicine and Biology of Exercise</sa:organization><sa:organization>School of Physical Education and Sports Science</sa:organization><sa:organization>National and Kapodistrian University of Athens</sa:organization><sa:country>Greece</sa:country></sa:affiliation><ce:source-text id="staff0001">aSection of Sport Medicine and Biology of Exercise, School of Physical Education and Sports Science, National and Kapodistrian University of Athens, Greece</ce:source-text></ce:affiliation><ce:affiliation id="aff0002" affiliation-id="S2352340921007617-783c3d5a75174147258716e3cf1ac37b"><ce:label>b</ce:label><ce:textfn id="cetextfn0002">School of Physical Education and Sports Science, National and Kapodistrian University of Athens, Greece</ce:textfn><sa:affiliation><sa:organization>School of Physical Education and Sports Science</sa:organization><sa:organization>National and Kapodistrian University of Athens</sa:organization><sa:country>Greece</sa:country></sa:affiliation><ce:source-text id="staff0002">bSchool of Physical Education and Sports Science, National and Kapodistrian University of Athens, Greece</ce:source-text></ce:affiliation><ce:affiliation id="aff0003" affiliation-id="S2352340921007617-b1915350832371926059d4188ba11289"><ce:label>c</ce:label><ce:textfn id="cetextfn0003">Department of Sports Organization and Management, Faculty of Human Movement and Quality of Life Sciences, University of Peloponnese, Greece</ce:textfn><sa:affiliation><sa:organization>Department of Sports Organization and Management</sa:organization><sa:organization>Faculty of Human Movement and Quality of Life Sciences</sa:organization><sa:organization>University of Peloponnese</sa:organization><sa:country>Greece</sa:country></sa:affiliation><ce:source-text id="staff0003">cDepartment of Sports Organization and Management, Faculty of Human Movement and Quality of Life Sciences, University of Peloponnese, Greece</ce:source-text></ce:affiliation><ce:affiliation id="aff0004" affiliation-id="S2352340921007617-cadd41711673837c13eb2a2753f0e63d"><ce:label>d</ce:label><ce:textfn id="cetextfn0004">Arsakeia - Tositseia Schools, Philekpaideftiki Etaireia, Greece</ce:textfn><sa:affiliation><sa:organization>Arsakeia - Tositseia Schools</sa:organization><sa:organization>Philekpaideftiki Etaireia</sa:organization><sa:country>Greece</sa:country></sa:affiliation><ce:source-text id="staff0004">dArsakeia - Tositseia Schools, Philekpaideftiki Etaireia, Greece</ce:source-text></ce:affiliation><ce:affiliation id="aff0005" affiliation-id="S2352340921007617-7cee76127b55b93a006f18dd270e120f"><ce:label>e</ce:label><ce:textfn id="cetextfn0005">Midwifery Department, University of West Attica, Greece</ce:textfn><sa:affiliation><sa:organization>Midwifery Department</sa:organization><sa:organization>University of West Attica</sa:organization><sa:country>Greece</sa:country></sa:affiliation><ce:source-text id="staff0005">eMidwifery Department, University of West Attica, Greece</ce:source-text></ce:affiliation><ce:correspondence id="cor0001"><ce:label>&#x204e;</ce:label><ce:text id="cetext0001">Corresponding author.</ce:text></ce:correspondence></ce:author-group><ce:date-received day="11" month="6" year="2021"/><ce:date-revised day="5" month="10" year="2021"/><ce:date-accepted day="7" month="10" year="2021"/><ce:abstract id="abs0001" view="all" class="author"><ce:section-title id="cesectitle0001">Abstract</ce:section-title><ce:abstract-sec id="abss0001" view="all"><ce:simple-para id="spara010" view="all">The impact of lockdown on life style and behaviour have piqued the interest of people and scientific community, all over the world. It has been demonstrated that in some countries, mandatory stay-at-home limitations and self-isolation measures are linked to an increase in sleeping hours and smoking cigarettes per day. However, these results derive from countries that lockdown had different features and length, and it is possible that society, culture, customs, ecological or other factors may independently or in combination affect life style habits (such sleeping and smoking) in different populations. So, we focus on sleeping and smoking changes in Greek adults during the lockdown of early COVID-19 presence in Greece. Therefore, our aim was to investigate whether lockdown alters smoking and sleeping habits and whether physical activity (PA), gender, age or body mass index (BMI) play a role. The modified online-based Active-Q (Greek version) questionnaire (see Supplementary file 1_Active-Q_modyfied) was used to collect data prior to the COVID-19 pandemic (PRE condition) and during physical distancing and lockdown measures (POST condition). The data period collection was from April 4 to April 19, 2020 (15 days in total) and respondents classified into four PA categories based on their sporting activities (PRE condition), five age categories and four BMI categories, which corresponding to different subgroup. Overall, sleeping hours change (from PRE to POST condition) was 11.80% and smoking cigarettes per day change was 9.35%. However, it appears that between the different subgroups significant differences were also identified.</ce:simple-para></ce:abstract-sec></ce:abstract><ce:keywords id="keys0001" view="all" class="keyword"><ce:section-title id="cesectitle0002">Keywords</ce:section-title><ce:keyword id="key0001"><ce:text id="cetext0002">Cross-sectional</ce:text></ce:keyword><ce:keyword id="key0002"><ce:text id="cetext0003">Public health</ce:text></ce:keyword><ce:keyword id="key0003"><ce:text id="cetext0004">Quarantine</ce:text></ce:keyword><ce:keyword id="key0004"><ce:text id="cetext0005">SARS-CoV-2</ce:text></ce:keyword><ce:keyword id="key0005"><ce:text id="cetext0006">Sedentary life</ce:text></ce:keyword><ce:keyword id="key0006"><ce:text id="cetext0007">Tobacco</ce:text></ce:keyword><ce:keyword id="key0007"><ce:text id="cetext0008">Self-report</ce:text></ce:keyword><ce:keyword id="key0008"><ce:text id="cetext0009">Life style</ce:text></ce:keyword></ce:keywords></ja:head></ja:article></doc:document>
