<doc:document xmlns:doc="http://www.elsevier.com/xml/document/schema" xmlns:dp="http://www.elsevier.com/xml/common/doc-properties/schema" xmlns:cps="http://www.elsevier.com/xml/common/consyn-properties/schema" xmlns:rdf="http://www.w3.org/1999/02/22-rdf-syntax-ns#" xmlns:dct="http://purl.org/dc/terms/" xmlns:prism="http://prismstandard.org/namespaces/basic/2.0/" xmlns:oa="http://vtw.elsevier.com/data/ns/properties/OpenAccess-1/" xmlns:bam="http://vtw.elsevier.com/data/voc/ns/bam-vtw-1/" xmlns:cp="http://vtw.elsevier.com/data/ns/properties/Copyright-1/" xmlns:cja="http://www.elsevier.com/xml/cja/schema" xmlns:ja="http://www.elsevier.com/xml/ja/schema" xmlns:bk="http://www.elsevier.com/xml/bk/schema" xmlns:ce="http://www.elsevier.com/xml/common/schema" xmlns:mml="http://www.w3.org/1998/Math/MathML" xmlns:cals="http://www.elsevier.com/xml/common/cals/schema" xmlns:tb="http://www.elsevier.com/xml/common/table/schema" xmlns:sa="http://www.elsevier.com/xml/common/struct-aff/schema" xmlns:sb="http://www.elsevier.com/xml/common/struct-bib/schema" xmlns:xlink="http://www.w3.org/1999/xlink"><rdf:RDF><rdf:Description rdf:about="http://dx.doi.org/10.1016/j.dib.2021.107646"><dct:format>application/xml</dct:format><dct:title>Splitting test experimental dataset of hollow concrete blocks</dct:title><dct:creator>Jos&#233; &#193;lvarez-P&#233;rez</dct:creator><dct:creator>Milena Mesa-Lavista</dct:creator><dct:creator>Jorge H. Ch&#225;vez-G&#243;mez</dct:creator><dct:creator>Diego Cavazos-de-Lira</dct:creator><dct:creator>Bernardo T. Ter&#225;n-Torres</dct:creator><dct:subject><rdf:Bag><rdf:li>Hollow concrete blocks</rdf:li><rdf:li>masonry</rdf:li><rdf:li>indirect tensile strength, splitting test</rdf:li></rdf:Bag></dct:subject><dct:description>Data in Brief 39 (2021). doi:10.1016/j.dib.2021.107646</dct:description><prism:aggregationType>journal</prism:aggregationType><prism:publicationName>Data in Brief</prism:publicationName><prism:copyright>&#169; 2021 The Authors. Published by Elsevier Inc.</prism:copyright><dct:publisher>Elsevier Inc.</dct:publisher><prism:issn>2352-3409</prism:issn><prism:volume>39</prism:volume><prism:coverDisplayDate>December 2021</prism:coverDisplayDate><prism:doi>10.1016/j.dib.2021.107646</prism:doi><prism:url>http://dx.doi.org/10.1016/j.dib.2021.107646</prism:url><dct:identifier>doi:10.1016/j.dib.2021.107646</dct:identifier><bam:articleNumber>107646</bam:articleNumber><oa:openAccessInformation><oa:openAccessStatus xmlns:xsi="http://www.w3.org/2001/XMLSchema-instance">http://vtw.elsevier.com/data/voc/oa/OpenAccessStatus#Full</oa:openAccessStatus><oa:openAccessEffective xmlns:xsi="http://www.w3.org/2001/XMLSchema-instance">2021-11-25T16:59:35Z</oa:openAccessEffective><oa:sponsor xmlns:xsi="http://www.w3.org/2001/XMLSchema-instance"><oa:sponsorType>http://vtw.elsevier.com/data/voc/oa/SponsorType#Author</oa:sponsorType></oa:sponsor><oa:userLicense xmlns:xsi="http://www.w3.org/2001/XMLSchema-instance">http://creativecommons.org/licenses/by/4.0/</oa:userLicense></oa:openAccessInformation><cp:licenseLine xmlns:xsi="http://www.w3.org/2001/XMLSchema-instance">This is an open access article under the CC BY license.</cp:licenseLine></rdf:Description></rdf:RDF><dp:document-properties><dp:aggregation-type>Journals</dp:aggregation-type><dp:version-number>S300.1</dp:version-number></dp:document-properties><ja:article docsubtype="dat" version="5.6" xml:lang="en"><ja:item-info><ja:jid>DIB</ja:jid><ja:aid>107646</ja:aid><ce:article-number>107646</ce:article-number><ce:pii>S2352-3409(21)00921-5</ce:pii><ce:doi>10.1016/j.dib.2021.107646</ce:doi><ce:copyright type="unknown" year="2021"/></ja:item-info><ja:head><ce:dochead id="dchd0001"><ce:textfn id="dhtxt0001">Data Article</ce:textfn></ce:dochead><ce:title id="tte0002">Splitting test experimental dataset of hollow concrete blocks</ce:title><ce:author-group id="aut0001"><ce:author id="au0001" author-id="S2352340921009215-4c92548e0087be76d03673b48cbee047" orcid="0000-0001-5311-9652"><ce:given-name>Jos&#233;</ce:given-name><ce:surname>&#193;lvarez-P&#233;rez</ce:surname></ce:author><ce:author id="au0002" author-id="S2352340921009215-c8c53745913e20de650cad679afe26e3" orcid="0000-0002-6966-1590"><ce:given-name>Milena</ce:given-name><ce:surname>Mesa-Lavista</ce:surname><ce:cross-ref refid="cor0001"><ce:sup loc="post">&#x204e;</ce:sup></ce:cross-ref><ce:e-address id="ead0001" type="email" xlink:href="mailto:mmesal@uanl.edu.mx">mmesal@uanl.edu.mx</ce:e-address><ce:e-address id="ea3a" type="social-media" xlink:href="https://twitter.com/mmlavista">@mmlavista</ce:e-address></ce:author><ce:author id="au0003" author-id="S2352340921009215-fedab89d26cc7d8d4264831c9d8c1522"><ce:given-name>Jorge H.</ce:given-name><ce:surname>Ch&#225;vez-G&#243;mez</ce:surname></ce:author><ce:author id="au0004" author-id="S2352340921009215-641228bdc966fb64fe16eeec18bdcfd2" orcid="0000-0001-9441-2994"><ce:given-name>Diego</ce:given-name><ce:surname>Cavazos-de-Lira</ce:surname></ce:author><ce:author id="au0005" author-id="S2352340921009215-62fd6f895f16ae8649c949480f3ec8a5" orcid="0000-0002-9034-2463"><ce:given-name>Bernardo T.</ce:given-name><ce:surname>Ter&#225;n-Torres</ce:surname><ce:e-address id="ea3aa" type="social-media" xlink:href="https://twitter.com/bteranto">@bteranto</ce:e-address></ce:author><ce:affiliation id="aff0001" affiliation-id="S2352340921009215-7130cbce882b78c4f82c5379f70f4371"><ce:textfn id="cetextfn0001">Universidad Aut&#243;noma de Nuevo Le&#243;n (UANL), Facultad de Ingenier&#237;a Civil (FIC), Departamento de Estructuras, Av. Universidad, s/n CP. 66455, San Nicol&#225;s de los Garza, Nuevo Le&#243;n, M&#233;xico</ce:textfn><sa:affiliation><sa:organization>Universidad Aut&#243;noma de Nuevo Le&#243;n (UANL)</sa:organization><sa:organization>Facultad de Ingenier&#237;a Civil (FIC)</sa:organization><sa:organization>Departamento de Estructuras</sa:organization><sa:organization>Av. Universidad</sa:organization><sa:address-line>s/n CP. 66455</sa:address-line><sa:city>San Nicol&#225;s de los Garza</sa:city><sa:state>Nuevo Le&#243;n</sa:state><sa:country>M&#233;xico</sa:country></sa:affiliation><ce:source-text id="staff0001">Universidad Aut&#243;noma de Nuevo Le&#243;n (UANL), Facultad de Ingenier&#237;a Civil (FIC), Departamento de Estructuras, Av. Universidad, s/n CP. 66455, San Nicol&#225;s de los Garza, Nuevo Le&#243;n, M&#233;xico</ce:source-text></ce:affiliation><ce:correspondence id="cor0001"><ce:label>&#x204e;</ce:label><ce:text id="cetext0001">Corresponding author(s): Milena Mesa-Lavista</ce:text></ce:correspondence></ce:author-group><ce:date-received day="13" month="9" year="2021"/><ce:date-revised day="24" month="11" year="2021"/><ce:date-accepted day="25" month="11" year="2021"/><ce:abstract id="abs0001" view="all" class="author"><ce:section-title id="cesectitle0001">Abstract</ce:section-title><ce:abstract-sec id="abss0001" view="all"><ce:simple-para id="spara007" view="all">Masonry structures are widely used nowadays for their advantages like low-cost workmanship, efficiency and fast construction techniques. The compressive strength of the materials that compose masonry (block and mortar) is very important to the behavior of the system, but the tensile strength is even more significant for the standards and building codes. In this work, a dataset for indirect tensile tests of hollow concrete blocks is obtained. Splitting tests as described in ASTM <ce:inter-ref id="interref0001" xlink:href="astm:C-1006-13" xlink:type="simple">C-1006-13</ce:inter-ref> are applied. Two sets of blocks were tested, one with medium compressive strength and the other with high compressive strength. The first set was tested in three directions named A, B, and C; the second one was tested in two directions, A and B. The data was collected with a servo-hydraulic machine. The data is presented in tables and can be used by material researchers, as well as in numerical modeling.</ce:simple-para></ce:abstract-sec></ce:abstract><ce:keywords id="keys0001" view="all" class="keyword"><ce:section-title id="cesectitle0002">Keywords</ce:section-title><ce:keyword id="key0001"><ce:text id="cetext0002">Hollow concrete blocks</ce:text></ce:keyword><ce:keyword id="key0002"><ce:text id="cetext0003">masonry</ce:text></ce:keyword><ce:keyword id="key0003"><ce:text id="cetext0004">indirect tensile strength, splitting test</ce:text></ce:keyword></ce:keywords></ja:head></ja:article></doc:document>
