<doc:document xmlns:doc="http://www.elsevier.com/xml/document/schema" xmlns:dp="http://www.elsevier.com/xml/common/doc-properties/schema" xmlns:cps="http://www.elsevier.com/xml/common/consyn-properties/schema" xmlns:rdf="http://www.w3.org/1999/02/22-rdf-syntax-ns#" xmlns:dct="http://purl.org/dc/terms/" xmlns:prism="http://prismstandard.org/namespaces/basic/2.0/" xmlns:oa="http://vtw.elsevier.com/data/ns/properties/OpenAccess-1/" xmlns:bam="http://vtw.elsevier.com/data/voc/ns/bam-vtw-1/" xmlns:cp="http://vtw.elsevier.com/data/ns/properties/Copyright-1/" xmlns:cja="http://www.elsevier.com/xml/cja/schema" xmlns:ja="http://www.elsevier.com/xml/ja/schema" xmlns:bk="http://www.elsevier.com/xml/bk/schema" xmlns:ce="http://www.elsevier.com/xml/common/schema" xmlns:mml="http://www.w3.org/1998/Math/MathML" xmlns:cals="http://www.elsevier.com/xml/common/cals/schema" xmlns:tb="http://www.elsevier.com/xml/common/table/schema" xmlns:sa="http://www.elsevier.com/xml/common/struct-aff/schema" xmlns:sb="http://www.elsevier.com/xml/common/struct-bib/schema" xmlns:xlink="http://www.w3.org/1999/xlink"><rdf:RDF><rdf:Description rdf:about="http://dx.doi.org/10.1016/j.dib.2021.107459"><dct:format>application/xml</dct:format><dct:title>A population-based dataset concerning predictors of willingness to get a COVID-19 vaccine in Iran</dct:title><dct:creator>Amir H. Pakpour</dct:creator><dct:creator>Rafat Yahaghi</dct:creator><dct:creator>Safie Ahmadizade</dct:creator><dct:creator>Razie Fotuhi</dct:creator><dct:creator>Elham Taherkhani</dct:creator><dct:creator>Mehdi Ranjbaran</dct:creator><dct:creator>Zeinab Buchali</dct:creator><dct:creator>Chung-Ying Lin</dct:creator><dct:creator>Mark D. Griffiths</dct:creator><dct:creator>Anders Brostr&#246;m</dct:creator><dct:subject><rdf:Bag><rdf:li>COVID-19</rdf:li><rdf:li>Intention</rdf:li><rdf:li>Iran</rdf:li><rdf:li>Survey</rdf:li><rdf:li>Vaccination</rdf:li></rdf:Bag></dct:subject><dct:description>Data in Brief 39 (2021). doi:10.1016/j.dib.2021.107459</dct:description><prism:aggregationType>journal</prism:aggregationType><prism:publicationName>Data in Brief</prism:publicationName><prism:copyright>&#169; 2021 The Author(s). Published by Elsevier Inc.</prism:copyright><dct:publisher>Elsevier Inc.</dct:publisher><prism:issn>2352-3409</prism:issn><prism:volume>39</prism:volume><prism:coverDisplayDate>December 2021</prism:coverDisplayDate><prism:doi>10.1016/j.dib.2021.107459</prism:doi><prism:url>http://dx.doi.org/10.1016/j.dib.2021.107459</prism:url><dct:identifier>doi:10.1016/j.dib.2021.107459</dct:identifier><bam:articleNumber>107459</bam:articleNumber><oa:openAccessInformation><oa:openAccessStatus xmlns:xsi="http://www.w3.org/2001/XMLSchema-instance">http://vtw.elsevier.com/data/voc/oa/OpenAccessStatus#Full</oa:openAccessStatus><oa:openAccessEffective xmlns:xsi="http://www.w3.org/2001/XMLSchema-instance">2021-10-05T18:51:03Z</oa:openAccessEffective><oa:sponsor xmlns:xsi="http://www.w3.org/2001/XMLSchema-instance"><oa:sponsorName>Sweden Institutes</oa:sponsorName><oa:sponsorType>http://vtw.elsevier.com/data/voc/oa/SponsorType#FundingBody</oa:sponsorType></oa:sponsor><oa:userLicense xmlns:xsi="http://www.w3.org/2001/XMLSchema-instance">http://creativecommons.org/licenses/by/4.0/</oa:userLicense></oa:openAccessInformation><cp:licenseLine xmlns:xsi="http://www.w3.org/2001/XMLSchema-instance">This is an open access article under the CC BY license.</cp:licenseLine></rdf:Description></rdf:RDF><dp:document-properties><dp:aggregation-type>Journals</dp:aggregation-type><dp:version-number>S300.1</dp:version-number></dp:document-properties><ja:article docsubtype="dat" version="5.6" xml:lang="en"><ja:item-info><ja:jid>DIB</ja:jid><ja:aid>107459</ja:aid><ce:article-number>107459</ce:article-number><ce:pii>S2352-3409(21)00741-1</ce:pii><ce:doi>10.1016/j.dib.2021.107459</ce:doi><ce:copyright type="unknown" year="2021"/></ja:item-info><ja:head><ce:dochead id="dchd0001"><ce:textfn id="dhtxt0001">Data Article</ce:textfn></ce:dochead><ce:title id="tte0002">A population-based dataset concerning predictors of willingness to get a COVID-19 vaccine in Iran</ce:title><ce:author-group id="aut0001"><ce:author id="au0001" author-id="S2352340921007411-fca1bfc7190f4b355fb725a44668478f" orcid="0000-0002-8798-5345"><ce:given-name>Amir H.</ce:given-name><ce:surname>Pakpour</ce:surname><ce:contributor-role role="http://credit.niso.org/contributor-roles/conceptualization">Conceptualization</ce:contributor-role><ce:contributor-role role="http://credit.niso.org/contributor-roles/investigation">Investigation</ce:contributor-role><ce:contributor-role role="http://credit.niso.org/contributor-roles/writing-original-draft">Writing &#x2013; original draft</ce:contributor-role><ce:contributor-role role="http://credit.niso.org/contributor-roles/funding-acquisition">Funding acquisition</ce:contributor-role><ce:contributor-role role="http://credit.niso.org/contributor-roles/formal-analysis">Formal analysis</ce:contributor-role><ce:contributor-role role="http://credit.niso.org/contributor-roles/supervision">Supervision</ce:contributor-role><ce:cross-ref refid="aff0001"><ce:sup loc="post">a</ce:sup></ce:cross-ref><ce:cross-ref refid="aff0002"><ce:sup loc="post">b</ce:sup></ce:cross-ref><ce:cross-ref refid="cor0002"><ce:sup loc="post">&#x204e;&#x204e;</ce:sup></ce:cross-ref><ce:e-address id="ead0001" type="email" xlink:href="mailto:amir.pakpour@ju.se">amir.pakpour@ju.se</ce:e-address><ce:e-address id="ea3a" type="social-media" xlink:href="https://twitter.com/amir_pakpour">@amir_pakpour</ce:e-address></ce:author><ce:author id="au0002" author-id="S2352340921007411-587ffc5ce53686183afcf2a94c281e68"><ce:given-name>Rafat</ce:given-name><ce:surname>Yahaghi</ce:surname><ce:contributor-role role="http://credit.niso.org/contributor-roles/data-curation">Data curation</ce:contributor-role><ce:cross-ref refid="aff0001"><ce:sup loc="post">a</ce:sup></ce:cross-ref></ce:author><ce:author id="au0003" author-id="S2352340921007411-d89ee4bc35aa8fc003988b5f2e8ad93d"><ce:given-name>Safie</ce:given-name><ce:surname>Ahmadizade</ce:surname><ce:contributor-role role="http://credit.niso.org/contributor-roles/data-curation">Data curation</ce:contributor-role><ce:cross-ref refid="aff0001"><ce:sup loc="post">a</ce:sup></ce:cross-ref></ce:author><ce:author id="au0004" author-id="S2352340921007411-99d3a289215041fbfe2d46549657bb07"><ce:given-name>Razie</ce:given-name><ce:surname>Fotuhi</ce:surname><ce:contributor-role role="http://credit.niso.org/contributor-roles/data-curation">Data curation</ce:contributor-role><ce:cross-ref refid="aff0001"><ce:sup loc="post">a</ce:sup></ce:cross-ref></ce:author><ce:author id="au0005" author-id="S2352340921007411-26f1abbc9b6687559fbf5a6a06edf50f"><ce:given-name>Elham</ce:given-name><ce:surname>Taherkhani</ce:surname><ce:contributor-role role="http://credit.niso.org/contributor-roles/data-curation">Data curation</ce:contributor-role><ce:cross-ref refid="aff0001"><ce:sup loc="post">a</ce:sup></ce:cross-ref></ce:author><ce:author id="au0006" author-id="S2352340921007411-9b009308f4a70bf3044aa5acae4b61d6"><ce:given-name>Mehdi</ce:given-name><ce:surname>Ranjbaran</ce:surname><ce:contributor-role role="http://credit.niso.org/contributor-roles/data-curation">Data curation</ce:contributor-role><ce:cross-ref refid="aff0001"><ce:sup loc="post">a</ce:sup></ce:cross-ref></ce:author><ce:author id="au0007" author-id="S2352340921007411-772502fc85f3fdcd0ffb6e3eb3107cd7"><ce:given-name>Zeinab</ce:given-name><ce:surname>Buchali</ce:surname><ce:contributor-role role="http://credit.niso.org/contributor-roles/data-curation">Data curation</ce:contributor-role><ce:cross-ref refid="aff0001"><ce:sup loc="post">a</ce:sup></ce:cross-ref></ce:author><ce:author id="au0008" author-id="S2352340921007411-8c26a3f247f4306a2e802ad1643ef525" orcid="0000-0002-2129-4242"><ce:given-name>Chung-Ying</ce:given-name><ce:surname>Lin</ce:surname><ce:contributor-role role="http://credit.niso.org/contributor-roles/investigation">Investigation</ce:contributor-role><ce:contributor-role role="http://credit.niso.org/contributor-roles/writing-original-draft">Writing &#x2013; original draft</ce:contributor-role><ce:contributor-role role="http://credit.niso.org/contributor-roles/formal-analysis">Formal analysis</ce:contributor-role><ce:cross-ref refid="aff0003"><ce:sup loc="post">c</ce:sup></ce:cross-ref><ce:cross-ref refid="cor0001"><ce:sup loc="post">&#x204e;</ce:sup></ce:cross-ref><ce:e-address id="ead0002" type="email" xlink:href="mailto:cylin36933@gs.ncku.edu.tw">cylin36933@gs.ncku.edu.tw</ce:e-address></ce:author><ce:author id="au0009" author-id="S2352340921007411-2576704b09806b57e132c4f0a11dc54f" orcid="0000-0001-8880-6524"><ce:given-name>Mark D.</ce:given-name><ce:surname>Griffiths</ce:surname><ce:contributor-role role="http://credit.niso.org/contributor-roles/writing-original-draft">Writing &#x2013; original draft</ce:contributor-role><ce:cross-ref refid="aff0004"><ce:sup loc="post">d</ce:sup></ce:cross-ref></ce:author><ce:author id="au0010" author-id="S2352340921007411-e61339510305b99705b6ea54ec44d83f"><ce:given-name>Anders</ce:given-name><ce:surname>Brostr&#246;m</ce:surname><ce:contributor-role role="http://credit.niso.org/contributor-roles/data-curation">Data curation</ce:contributor-role><ce:contributor-role role="http://credit.niso.org/contributor-roles/investigation">Investigation</ce:contributor-role><ce:cross-ref refid="aff0002"><ce:sup loc="post">b</ce:sup></ce:cross-ref></ce:author><ce:affiliation id="aff0001" affiliation-id="S2352340921007411-1c5cc7f512e06e8475b8604c87df842b"><ce:label>a</ce:label><ce:textfn id="cetextfn0001">Social Determinants of Health Research Center, Research Institute for Prevention of Non-Communicable Diseases, Qazvin University of Medical Sciences, 3419759811, Qazvin, Iran</ce:textfn><sa:affiliation><sa:organization>Social Determinants of Health Research Center</sa:organization><sa:organization>Research Institute for Prevention of Non-Communicable Diseases</sa:organization><sa:organization>Qazvin University of Medical Sciences</sa:organization><sa:address-line>3419759811</sa:address-line><sa:city>Qazvin</sa:city><sa:country>Iran</sa:country></sa:affiliation><ce:source-text id="staff0001">aSocial Determinants of Health Research Center, Research Institute for Prevention of Non-Communicable Diseases, Qazvin University of Medical Sciences, 3419759811, Qazvin, Iran</ce:source-text></ce:affiliation><ce:affiliation id="aff0002" affiliation-id="S2352340921007411-a82d19e7125a6897f374b90f088e77e4"><ce:label>b</ce:label><ce:textfn id="cetextfn0002">Department of Nursing, School of Health and Welfare, J&#246;nk&#246;ping University, J&#246;nk&#246;ping, Sweden</ce:textfn><sa:affiliation><sa:organization>Department of Nursing</sa:organization><sa:organization>School of Health and Welfare</sa:organization><sa:organization>J&#246;nk&#246;ping University</sa:organization><sa:city>J&#246;nk&#246;ping</sa:city><sa:country>Sweden</sa:country></sa:affiliation><ce:source-text id="staff0002">bDepartment of Nursing, School of Health and Welfare, J&#246;nk&#246;ping University, J&#246;nk&#246;ping, Sweden</ce:source-text></ce:affiliation><ce:affiliation id="aff0003" affiliation-id="S2352340921007411-c4b2f635834502447cd4b25b72d3325e"><ce:label>c</ce:label><ce:textfn id="cetextfn0003">Institute of Allied Health Sciences, College of Medicine, National Cheng Kung University, Tainan, Taiwan</ce:textfn><sa:affiliation><sa:organization>Institute of Allied Health Sciences</sa:organization><sa:organization>College of Medicine</sa:organization><sa:organization>National Cheng Kung University</sa:organization><sa:city>Tainan</sa:city><sa:country>Taiwan</sa:country></sa:affiliation><ce:source-text id="staff0003">cInstitute of Allied Health Sciences, College of Medicine, National Cheng Kung University, Tainan, Taiwan</ce:source-text></ce:affiliation><ce:affiliation id="aff0004" affiliation-id="S2352340921007411-f9c1483ba36be6132393a08953acfc73"><ce:label>d</ce:label><ce:textfn id="cetextfn0004">International Gaming Research Unit, Psychology Department, Nottingham Trent University, Nottingham, UK</ce:textfn><sa:affiliation><sa:organization>International Gaming Research Unit</sa:organization><sa:organization>Psychology Department</sa:organization><sa:organization>Nottingham Trent University</sa:organization><sa:city>Nottingham</sa:city><sa:country>UK</sa:country></sa:affiliation><ce:source-text id="staff0004">dInternational Gaming Research Unit, Psychology Department, Nottingham Trent University, Nottingham, UK</ce:source-text></ce:affiliation><ce:correspondence id="cor0001"><ce:label>&#x204e;</ce:label><ce:text id="cetext0001">Corresponding author.</ce:text></ce:correspondence><ce:correspondence id="cor0002"><ce:label>&#x204e;&#x204e;</ce:label><ce:text>Corresponding author at: Social Determinants of Health Research Center, Research Institute for Prevention of Non-Communicable Diseases, Qazvin University of Medical Sciences, 3419759811, Qazvin, Iran and Department of Nursing, School of Health and Welfare, J&#246;nk&#246;ping University, SE-551 11 J&#246;nk&#246;ping, Sweden</ce:text><sa:affiliation><sa:organization>Social Determinants of Health Research Center, Research Institute for Prevention of Non-Communicable Diseases, Qazvin University of Medical Sciences, 3419759811, Qazvin, Iran and Department of Nursing</sa:organization><sa:organization>School of Health and Welfare</sa:organization><sa:organization>J&#246;nk&#246;ping University</sa:organization><sa:city>J&#246;nk&#246;ping</sa:city><sa:postal-code>SE-551 11</sa:postal-code><sa:country>Sweden</sa:country></sa:affiliation></ce:correspondence></ce:author-group><ce:date-received day="31" month="5" year="2021"/><ce:date-revised day="13" month="8" year="2021"/><ce:date-accepted day="1" month="10" year="2021"/><ce:abstract id="abs0001" view="all" class="author"><ce:section-title id="cesectitle0001">Abstract</ce:section-title><ce:abstract-sec id="abss0001" view="all"><ce:simple-para id="spara006" view="all">The global issue of preventing the spread of COVID-19 is challenging. One of the most efficient ways to control the pandemic is to have a full coverage of COVID-19 vaccination. Therefore, this paper collected survey data to understand the intention and willingness of COVID-19 vaccination uptake in Qazvin, Iran. With the use of a paper-and-pencil method and multistage stratified cluster sampling, research personnel approached and interviewed a representative sample of adults in Qazvin (<ce:italic>n</ce:italic>&#160;=&#160;10843) between February 19 and April 9, 2021. The survey asked questions regarding sociodemographic information, fear of COVID-19, perceived COVID-19 infectability, perceived behavioral control over COVID-19 vaccination, subjective norm of COVID-19 vaccination, attitude towards COVID-19 vaccination, and intention to get COVID-19 vaccinated. The data collected from this survey were analyzed using descriptive statistics, which were carried out using the IBM SPSS version 17.0.</ce:simple-para></ce:abstract-sec></ce:abstract><ce:keywords id="keys0001" view="all" class="keyword"><ce:section-title id="cesectitle0002">Keywords</ce:section-title><ce:keyword id="key0001"><ce:text id="cetext0003">COVID-19</ce:text></ce:keyword><ce:keyword id="key0002"><ce:text id="cetext0004">Intention</ce:text></ce:keyword><ce:keyword id="key0003"><ce:text id="cetext0005">Iran</ce:text></ce:keyword><ce:keyword id="key0004"><ce:text id="cetext0006">Survey</ce:text></ce:keyword><ce:keyword id="key0005"><ce:text id="cetext0007">Vaccination</ce:text></ce:keyword></ce:keywords></ja:head></ja:article></doc:document>
