<doc:document xmlns:doc="http://www.elsevier.com/xml/document/schema" xmlns:dp="http://www.elsevier.com/xml/common/doc-properties/schema" xmlns:cps="http://www.elsevier.com/xml/common/consyn-properties/schema" xmlns:rdf="http://www.w3.org/1999/02/22-rdf-syntax-ns#" xmlns:dct="http://purl.org/dc/terms/" xmlns:prism="http://prismstandard.org/namespaces/basic/2.0/" xmlns:oa="http://vtw.elsevier.com/data/ns/properties/OpenAccess-1/" xmlns:bam="http://vtw.elsevier.com/data/voc/ns/bam-vtw-1/" xmlns:cp="http://vtw.elsevier.com/data/ns/properties/Copyright-1/" xmlns:cja="http://www.elsevier.com/xml/cja/schema" xmlns:ja="http://www.elsevier.com/xml/ja/schema" xmlns:bk="http://www.elsevier.com/xml/bk/schema" xmlns:ce="http://www.elsevier.com/xml/common/schema" xmlns:mml="http://www.w3.org/1998/Math/MathML" xmlns:cals="http://www.elsevier.com/xml/common/cals/schema" xmlns:tb="http://www.elsevier.com/xml/common/table/schema" xmlns:sa="http://www.elsevier.com/xml/common/struct-aff/schema" xmlns:sb="http://www.elsevier.com/xml/common/struct-bib/schema" xmlns:xlink="http://www.w3.org/1999/xlink"><rdf:RDF><rdf:Description rdf:about="http://dx.doi.org/10.1016/j.dib.2022.107873"><dct:format>application/xml</dct:format><dct:title>Gender- and subgroup-specific sensitivity analysis of alcohol consumption and mortality in the Ludwigshafen Risk and Cardiovascular Health (LURIC) study</dct:title><dct:creator>Angela P. Moissl</dct:creator><dct:creator>Graciela E. Delgado</dct:creator><dct:creator>Bernhard K. Kr&#228;mer</dct:creator><dct:creator>Christine Dawczynski</dct:creator><dct:creator>Tatjana Stojakovic</dct:creator><dct:creator>Winfried M&#228;rz</dct:creator><dct:creator>Marcus E. Kleber</dct:creator><dct:creator>Stefan Lorkowski</dct:creator><dct:subject><rdf:Bag><rdf:li>Gender-specific alcohol consumption</rdf:li><rdf:li>Sensitivity analysis</rdf:li><rdf:li>Mortality</rdf:li><rdf:li>Cardiovascular diseases</rdf:li><rdf:li>Diabetes mellitus</rdf:li><rdf:li>Atherosclerosis</rdf:li></rdf:Bag></dct:subject><dct:description>Data in Brief, Uncorrected proof. doi:10.1016/j.dib.2022.107873</dct:description><prism:aggregationType>journal</prism:aggregationType><prism:publicationName>Data in Brief</prism:publicationName><prism:copyright>&#169; 2022 The Author(s). Published by Elsevier Inc.</prism:copyright><dct:publisher>Elsevier Inc.</dct:publisher><prism:issn>2352-3409</prism:issn><prism:doi>10.1016/j.dib.2022.107873</prism:doi><prism:url>http://dx.doi.org/10.1016/j.dib.2022.107873</prism:url><dct:identifier>doi:10.1016/j.dib.2022.107873</dct:identifier><bam:articleNumber>107873</bam:articleNumber><oa:openAccessInformation><oa:openAccessStatus xmlns:xsi="http://www.w3.org/2001/XMLSchema-instance">http://vtw.elsevier.com/data/voc/oa/OpenAccessStatus#Full</oa:openAccessStatus><oa:openAccessEffective xmlns:xsi="http://www.w3.org/2001/XMLSchema-instance">2022-01-23T10:07:56Z</oa:openAccessEffective><oa:sponsor xmlns:xsi="http://www.w3.org/2001/XMLSchema-instance"><oa:sponsorName>University of Jena</oa:sponsorName><oa:sponsorType>http://vtw.elsevier.com/data/voc/oa/SponsorType#FundingBody</oa:sponsorType></oa:sponsor><oa:userLicense xmlns:xsi="http://www.w3.org/2001/XMLSchema-instance">http://creativecommons.org/licenses/by-nc-nd/4.0/</oa:userLicense></oa:openAccessInformation><cp:licenseLine xmlns:xsi="http://www.w3.org/2001/XMLSchema-instance">This is an open access article under the CC BY-NC-ND license.</cp:licenseLine></rdf:Description></rdf:RDF><dp:document-properties><dp:aggregation-type>Journals</dp:aggregation-type><dp:version-number>S100.1</dp:version-number></dp:document-properties><ja:article docsubtype="dat" version="5.6" xml:lang="en"><ja:item-info><ja:jid>DIB</ja:jid><ja:aid>107873</ja:aid><ce:article-number>107873</ce:article-number><ce:pii>S2352-3409(22)00085-3</ce:pii><ce:doi>10.1016/j.dib.2022.107873</ce:doi><ce:document-thread><ce:refers-to-document id="ref0001"><ce:pii>S0021-9150(21)01275-2</ce:pii><ce:doi>10.1016/j.atherosclerosis.2021.08.014</ce:doi></ce:refers-to-document></ce:document-thread><ce:copyright type="unknown" year="2022"/></ja:item-info><ja:head><ce:dochead id="dchd0001"><ce:textfn id="dhtxt0001">Data Article</ce:textfn></ce:dochead><ce:title id="tte0002">Gender- and subgroup-specific sensitivity analysis of alcohol consumption and mortality in the Ludwigshafen Risk and Cardiovascular Health (LURIC) study</ce:title><ce:author-group id="aut0001"><ce:author id="au0001" author-id="S2352340922000853-957108aec8b462c78fe763b0330146fb" orcid="0000-0003-0302-2136"><ce:given-name>Angela P.</ce:given-name><ce:surname>Moissl</ce:surname><ce:cross-ref refid="aff0001"><ce:sup loc="post">a</ce:sup></ce:cross-ref><ce:cross-ref refid="aff0002"><ce:sup loc="post">b</ce:sup></ce:cross-ref><ce:cross-ref refid="aff0003"><ce:sup loc="post">c</ce:sup></ce:cross-ref></ce:author><ce:author id="au0002" author-id="S2352340922000853-c2428a08e20a85fda3cd71dd047dfff0"><ce:given-name>Graciela E.</ce:given-name><ce:surname>Delgado</ce:surname><ce:cross-ref refid="aff0002"><ce:sup loc="post">b</ce:sup></ce:cross-ref><ce:cross-ref refid="aff0004"><ce:sup loc="post">d</ce:sup></ce:cross-ref></ce:author><ce:author id="au0003" author-id="S2352340922000853-6f5d8825e0d9e1d0e40012d638c9d5a8"><ce:given-name>Bernhard K.</ce:given-name><ce:surname>Kr&#228;mer</ce:surname><ce:cross-ref refid="aff0002"><ce:sup loc="post">b</ce:sup></ce:cross-ref><ce:cross-ref refid="aff0004"><ce:sup loc="post">d</ce:sup></ce:cross-ref><ce:cross-ref refid="aff0005"><ce:sup loc="post">e</ce:sup></ce:cross-ref></ce:author><ce:author id="au0004" author-id="S2352340922000853-1ce3ccb8c8fb2c7622ecc6369bdf75c4"><ce:given-name>Christine</ce:given-name><ce:surname>Dawczynski</ce:surname><ce:cross-ref refid="aff0001"><ce:sup loc="post">a</ce:sup></ce:cross-ref><ce:cross-ref refid="aff0003"><ce:sup loc="post">c</ce:sup></ce:cross-ref></ce:author><ce:author id="au0005" author-id="S2352340922000853-d55551d138ef5d7ee33a60c72a17ba71"><ce:given-name>Tatjana</ce:given-name><ce:surname>Stojakovic</ce:surname><ce:cross-ref refid="aff0006"><ce:sup loc="post">f</ce:sup></ce:cross-ref></ce:author><ce:author id="au0006" author-id="S2352340922000853-e4607335a9e688d20623ac9be621998d"><ce:given-name>Winfried</ce:given-name><ce:surname>M&#228;rz</ce:surname><ce:cross-ref refid="aff0002"><ce:sup loc="post">b</ce:sup></ce:cross-ref><ce:cross-ref refid="aff0003"><ce:sup loc="post">c</ce:sup></ce:cross-ref><ce:cross-ref refid="aff0007"><ce:sup loc="post">g</ce:sup></ce:cross-ref><ce:cross-ref refid="aff0008"><ce:sup loc="post">h</ce:sup></ce:cross-ref></ce:author><ce:author id="au0007" author-id="S2352340922000853-7fa6b8a446de4d290f53bc9bc916c2e2" orcid="0000-0003-0663-7275"><ce:given-name>Marcus E.</ce:given-name><ce:surname>Kleber</ce:surname><ce:cross-ref refid="aff0002"><ce:sup loc="post">b</ce:sup></ce:cross-ref><ce:cross-ref refid="aff0009"><ce:sup loc="post">i</ce:sup></ce:cross-ref></ce:author><ce:author id="au0008" author-id="S2352340922000853-faec61be6bc45d8fb156e8adb2ddf862" orcid="0000-0002-9649-840X"><ce:given-name>Stefan</ce:given-name><ce:surname>Lorkowski</ce:surname><ce:cross-ref refid="aff0001"><ce:sup loc="post">a</ce:sup></ce:cross-ref><ce:cross-ref refid="aff0003"><ce:sup loc="post">c</ce:sup></ce:cross-ref><ce:cross-ref refid="cor0001"><ce:sup loc="post">&#x204e;</ce:sup></ce:cross-ref><ce:e-address id="ead0001" type="email" xlink:href="mailto:stefan.lorkowski@uni-jena.de">stefan.lorkowski@uni-jena.de</ce:e-address></ce:author><ce:affiliation id="aff0001" affiliation-id="S2352340922000853-1aede2637b31f841994e6d1e4586884b"><ce:label>a</ce:label><ce:textfn id="cetextfn0001">Institute of Nutritional Sciences, Friedrich Schiller University Jena, Jena, Germany</ce:textfn><sa:affiliation><sa:organization>Institute of Nutritional Sciences</sa:organization><sa:organization>Friedrich Schiller University Jena</sa:organization><sa:city>Jena</sa:city><sa:country>Germany</sa:country></sa:affiliation><ce:source-text id="staff0001">aInstitute of Nutritional Sciences, Friedrich Schiller University Jena, Jena, Germany</ce:source-text></ce:affiliation><ce:affiliation id="aff0002" affiliation-id="S2352340922000853-906cd3514cb7aed4c42400a230f1f005"><ce:label>b</ce:label><ce:textfn id="cetextfn0002">Vth Department of Medicine (Nephrology, Hypertensiology, Rheumatology, Endocrinology, Diabetology), Medical Faculty Mannheim, University of Heidelberg, Mannheim, Germany</ce:textfn><sa:affiliation><sa:organization>Vth Department of Medicine (Nephrology, Hypertensiology, Rheumatology, Endocrinology, Diabetology)</sa:organization><sa:organization>Medical Faculty Mannheim</sa:organization><sa:organization>University of Heidelberg</sa:organization><sa:city>Mannheim</sa:city><sa:country>Germany</sa:country></sa:affiliation><ce:source-text id="staff0002">bVth Department of Medicine (Nephrology, Hypertensiology, Rheumatology, Endocrinology, Diabetology), Medical Faculty Mannheim, University of Heidelberg, Mannheim, Germany</ce:source-text></ce:affiliation><ce:affiliation id="aff0003" affiliation-id="S2352340922000853-5c6a8a38fd651e0630167f6b7a08ae06"><ce:label>c</ce:label><ce:textfn id="cetextfn0003">Competence Cluster for Nutrition and Cardiovascular Health (nutriCARD) Halle-Jena-Leipzig, Germany</ce:textfn><sa:affiliation><sa:organization>Competence Cluster for Nutrition and Cardiovascular Health (nutriCARD) Halle-Jena-Leipzig</sa:organization><sa:country>Germany</sa:country></sa:affiliation><ce:source-text id="staff0003">cCompetence Cluster for Nutrition and Cardiovascular Health (nutriCARD) Halle-Jena-Leipzig, Germany</ce:source-text></ce:affiliation><ce:affiliation id="aff0004" affiliation-id="S2352340922000853-dbc7ad96bbb49b790fe2a4124e22dce6"><ce:label>d</ce:label><ce:textfn id="cetextfn0004">Center for Preventive Medicine and Digital Health Baden-W&#252;rttemberg (CPDBW), Medical Faculty Mannheim, Heidelberg University, Mannheim, Germany</ce:textfn><sa:affiliation><sa:organization>Center for Preventive Medicine and Digital Health Baden-W&#252;rttemberg (CPDBW)</sa:organization><sa:organization>Medical Faculty Mannheim</sa:organization><sa:organization>Heidelberg University</sa:organization><sa:city>Mannheim</sa:city><sa:country>Germany</sa:country></sa:affiliation><ce:source-text id="staff0004">dCenter for Preventive Medicine and Digital Health Baden-W&#252;rttemberg (CPDBW), Medical Faculty Mannheim, Heidelberg University, Mannheim, Germany</ce:source-text></ce:affiliation><ce:affiliation id="aff0005" affiliation-id="S2352340922000853-0f8ccbcfb5c8dceb6f1d90706ac2d1ce"><ce:label>e</ce:label><ce:textfn id="cetextfn0005">European Center for Angioscience (ECAS), Medical Faculty Mannheim, Heidelberg University, Mannheim, Germany</ce:textfn><sa:affiliation><sa:organization>European Center for Angioscience (ECAS)</sa:organization><sa:organization>Medical Faculty Mannheim</sa:organization><sa:organization>Heidelberg University</sa:organization><sa:city>Mannheim</sa:city><sa:country>Germany</sa:country></sa:affiliation><ce:source-text id="staff0005">eEuropean Center for Angioscience (ECAS), Medical Faculty Mannheim, Heidelberg University, Mannheim, Germany</ce:source-text></ce:affiliation><ce:affiliation id="aff0006" affiliation-id="S2352340922000853-37e87ad8cd0f8d6d366c2a95dc2fe10e"><ce:label>f</ce:label><ce:textfn id="cetextfn0006">Clinical Institute of Medical and Chemical Laboratory Diagnostics, University Hospital Graz, Graz, Austria</ce:textfn><sa:affiliation><sa:organization>Clinical Institute of Medical and Chemical Laboratory Diagnostics</sa:organization><sa:organization>University Hospital Graz</sa:organization><sa:city>Graz</sa:city><sa:country>Austria</sa:country></sa:affiliation><ce:source-text id="staff0006">fClinical Institute of Medical and Chemical Laboratory Diagnostics, University Hospital Graz, Graz, Austria</ce:source-text></ce:affiliation><ce:affiliation id="aff0007" affiliation-id="S2352340922000853-e34b76c6e0a159536c55ccb36ced937c"><ce:label>g</ce:label><ce:textfn id="cetextfn0007">Clinical Institute of Medical and Chemical Laboratory Diagnostics, Medical University Graz, Graz, Austria</ce:textfn><sa:affiliation><sa:organization>Clinical Institute of Medical and Chemical Laboratory Diagnostics</sa:organization><sa:organization>Medical University Graz</sa:organization><sa:city>Graz</sa:city><sa:country>Austria</sa:country></sa:affiliation><ce:source-text id="staff0007">gClinical Institute of Medical and Chemical Laboratory Diagnostics, Medical University Graz, Graz, Austria</ce:source-text></ce:affiliation><ce:affiliation id="aff0008" affiliation-id="S2352340922000853-db88a984b65a268441d55c30657a2764"><ce:label>h</ce:label><ce:textfn id="cetextfn0008">SYNLAB Academy, SYNLAB Holding Deutschland GmbH, Augsburg and Mannheim, Germany</ce:textfn><sa:affiliation><sa:organization>SYNLAB Academy</sa:organization><sa:organization>SYNLAB Holding Deutschland GmbH</sa:organization><sa:organization>Augsburg and Mannheim</sa:organization><sa:country>Germany</sa:country></sa:affiliation><ce:source-text id="staff0008">hSYNLAB Academy, SYNLAB Holding Deutschland GmbH, Augsburg and Mannheim, Germany</ce:source-text></ce:affiliation><ce:affiliation id="aff0009" affiliation-id="S2352340922000853-85fa5806b79c944beaeac9da7b0bb83d"><ce:label>i</ce:label><ce:textfn id="cetextfn0009">SYNLAB MVZ f&#252;r Humangenetik Mannheim GmbH, Mannheim, Germany</ce:textfn><sa:affiliation><sa:organization>SYNLAB MVZ f&#252;r Humangenetik Mannheim GmbH</sa:organization><sa:city>Mannheim</sa:city><sa:country>Germany</sa:country></sa:affiliation><ce:source-text id="staff0009">iSYNLAB MVZ f&#252;r Humangenetik Mannheim GmbH, Mannheim, Germany</ce:source-text></ce:affiliation><ce:correspondence id="cor0001"><ce:label>&#x204e;</ce:label><ce:text id="cetext0001">Corresponding author.</ce:text></ce:correspondence></ce:author-group><ce:date-received day="20" month="10" year="2021"/><ce:date-revised day="19" month="12" year="2021"/><ce:date-accepted day="21" month="1" year="2022"/><ce:abstract id="abs0001" view="all" class="author"><ce:section-title id="cesectitle0001">Abstract</ce:section-title><ce:abstract-sec id="abss0001" view="all"><ce:simple-para id="spara017" view="all">This Data in Brief article contains further sensitivity analysis data related to the article &#x201c;Alcohol consumption and mortality: the Ludwigshafen Risk and Cardiovascular Health (LURIC) study&#x201d; [1]. Alcohol consumption data of participants in LURIC was collected using a questionnaire. This data was used to calculate the amount of alcohol consumption in g ethanol per day by using standard volumes and standard vol-% in different beverages in Germany. The data shown here provide results from the LURIC study stratified by gender. Furthermore, the LURIC study results were reproduced using other classifications, which were stratified in different literature data. In addition, our analysis provides data of alcohol consumption for smokers and non-smokers in the LURIC study cohort separately.</ce:simple-para></ce:abstract-sec></ce:abstract><ce:keywords id="keys0001" view="all" class="keyword"><ce:section-title id="cesectitle0002">Keywords</ce:section-title><ce:keyword id="key0001"><ce:text id="cetext0002">Gender-specific alcohol consumption</ce:text></ce:keyword><ce:keyword id="key0002"><ce:text id="cetext0002a">Sensitivity analysis</ce:text></ce:keyword><ce:keyword id="key0003"><ce:text id="cetext0002b">Mortality</ce:text></ce:keyword><ce:keyword id="key0004"><ce:text id="cetext0002c">Cardiovascular diseases</ce:text></ce:keyword><ce:keyword id="key0005"><ce:text id="cetext0002d">Diabetes mellitus</ce:text></ce:keyword><ce:keyword id="key0006"><ce:text id="cetext0002e">Atherosclerosis</ce:text></ce:keyword></ce:keywords></ja:head></ja:article></doc:document>
