<doc:document xmlns:doc="http://www.elsevier.com/xml/document/schema" xmlns:dp="http://www.elsevier.com/xml/common/doc-properties/schema" xmlns:cps="http://www.elsevier.com/xml/common/consyn-properties/schema" xmlns:rdf="http://www.w3.org/1999/02/22-rdf-syntax-ns#" xmlns:dct="http://purl.org/dc/terms/" xmlns:prism="http://prismstandard.org/namespaces/basic/2.0/" xmlns:oa="http://vtw.elsevier.com/data/ns/properties/OpenAccess-1/" xmlns:bam="http://vtw.elsevier.com/data/voc/ns/bam-vtw-1/" xmlns:cp="http://vtw.elsevier.com/data/ns/properties/Copyright-1/" xmlns:cja="http://www.elsevier.com/xml/cja/schema" xmlns:ja="http://www.elsevier.com/xml/ja/schema" xmlns:bk="http://www.elsevier.com/xml/bk/schema" xmlns:ce="http://www.elsevier.com/xml/common/schema" xmlns:mml="http://www.w3.org/1998/Math/MathML" xmlns:cals="http://www.elsevier.com/xml/common/cals/schema" xmlns:tb="http://www.elsevier.com/xml/common/table/schema" xmlns:sa="http://www.elsevier.com/xml/common/struct-aff/schema" xmlns:sb="http://www.elsevier.com/xml/common/struct-bib/schema" xmlns:xlink="http://www.w3.org/1999/xlink"><rdf:RDF><rdf:Description rdf:about="http://dx.doi.org/10.1016/j.dib.2022.107818"><dct:format>application/xml</dct:format><dct:title>Data to understand the nature of non-covalent interactions in the thiophene clusters</dct:title><dct:creator>Alhadji Malloum</dct:creator><dct:creator>Jeanet Conradie</dct:creator><dct:subject><rdf:Bag><rdf:li>Thiophene clusters</rdf:li><rdf:li>Non-covalent interactions</rdf:li><rdf:li>QTAIM analysis</rdf:li><rdf:li>Heterocyclic molecules</rdf:li><rdf:li>Benzene clusters</rdf:li></rdf:Bag></dct:subject><dct:description>Data in Brief 40 (2022). doi:10.1016/j.dib.2022.107818</dct:description><prism:aggregationType>journal</prism:aggregationType><prism:publicationName>Data in Brief</prism:publicationName><prism:copyright>&#169; 2022 The Author(s). Published by Elsevier Inc.</prism:copyright><dct:publisher>Elsevier Inc.</dct:publisher><prism:issn>2352-3409</prism:issn><prism:volume>40</prism:volume><prism:coverDisplayDate>February 2022</prism:coverDisplayDate><prism:doi>10.1016/j.dib.2022.107818</prism:doi><prism:url>http://dx.doi.org/10.1016/j.dib.2022.107818</prism:url><dct:identifier>doi:10.1016/j.dib.2022.107818</dct:identifier><bam:articleNumber>107818</bam:articleNumber><oa:openAccessInformation><oa:openAccessStatus xmlns:xsi="http://www.w3.org/2001/XMLSchema-instance">http://vtw.elsevier.com/data/voc/oa/OpenAccessStatus#Full</oa:openAccessStatus><oa:openAccessEffective xmlns:xsi="http://www.w3.org/2001/XMLSchema-instance">2022-01-07T13:11:12Z</oa:openAccessEffective><oa:sponsor xmlns:xsi="http://www.w3.org/2001/XMLSchema-instance"><oa:sponsorType>http://vtw.elsevier.com/data/voc/oa/SponsorType#Author</oa:sponsorType></oa:sponsor><oa:userLicense xmlns:xsi="http://www.w3.org/2001/XMLSchema-instance">http://creativecommons.org/licenses/by/4.0/</oa:userLicense></oa:openAccessInformation><cp:licenseLine xmlns:xsi="http://www.w3.org/2001/XMLSchema-instance">This is an open access article under the CC BY license.</cp:licenseLine></rdf:Description></rdf:RDF><dp:document-properties><dp:aggregation-type>Journals</dp:aggregation-type><dp:version-number>S300.1</dp:version-number></dp:document-properties><ja:article docsubtype="dat" xml:lang="en" version="5.6"><ja:item-info><ja:jid>DIB</ja:jid><ja:aid>107818</ja:aid><ce:article-number>107818</ce:article-number><ce:pii>S2352-3409(22)00030-0</ce:pii><ce:doi>10.1016/j.dib.2022.107818</ce:doi><ce:document-thread><ce:refers-to-document id="doc0001"><ce:pii>S0167-7322(21)03026-9</ce:pii><ce:doi>10.1016/j.molliq.2021.118301</ce:doi></ce:refers-to-document></ce:document-thread><ce:copyright type="other" year="2022">The Author(s)</ce:copyright></ja:item-info><ja:head><ce:dochead id="dh1"><ce:textfn id="textfn0001">Data Article</ce:textfn></ce:dochead><ce:title id="ct0001">Data to understand the nature of non-covalent interactions in the thiophene clusters</ce:title><ce:short-title id="stitle0010">Data to understand the nature of non-covalent interactions in the thiophene clusters</ce:short-title><ce:author-group id="aut0001"><ce:author id="au0001" author-id="S2352340922000300-32c451ca21556b922f768da237f74de8" orcid="0000-0002-3013-3029"><ce:given-name>Alhadji</ce:given-name><ce:surname>Malloum</ce:surname><ce:contributor-role role="http://credit.niso.org/contributor-roles/conceptualization">Conceptualization</ce:contributor-role><ce:contributor-role role="http://credit.niso.org/contributor-roles/methodology">Methodology</ce:contributor-role><ce:contributor-role role="http://credit.niso.org/contributor-roles/validation">Validation</ce:contributor-role><ce:contributor-role role="http://credit.niso.org/contributor-roles/formal-analysis">Formal analysis</ce:contributor-role><ce:contributor-role role="http://credit.niso.org/contributor-roles/investigation">Investigation</ce:contributor-role><ce:contributor-role role="http://credit.niso.org/contributor-roles/data-curation">Data curation</ce:contributor-role><ce:contributor-role role="http://credit.niso.org/contributor-roles/writing-original-draft">Writing &#x2013; original draft</ce:contributor-role><ce:contributor-role role="http://credit.niso.org/contributor-roles/visualization">Visualization</ce:contributor-role><ce:cross-ref refid="cor0001"><ce:sup loc="post">&#x204e;</ce:sup></ce:cross-ref><ce:cross-ref refid="aff0001"><ce:sup loc="post">a</ce:sup></ce:cross-ref><ce:cross-ref refid="aff0002"><ce:sup loc="post">b</ce:sup></ce:cross-ref><ce:e-address type="email" xlink:href="mailto:MalloumA@ufs.ac.za" id="ead0001">MalloumA@ufs.ac.za</ce:e-address></ce:author><ce:author id="au0002" author-id="S2352340922000300-423d06b3b4be311bb9311612435c6106"><ce:given-name>Jeanet</ce:given-name><ce:surname>Conradie</ce:surname><ce:contributor-role role="http://credit.niso.org/contributor-roles/resources">Resources</ce:contributor-role><ce:contributor-role role="http://credit.niso.org/contributor-roles/visualization">Visualization</ce:contributor-role><ce:contributor-role role="http://credit.niso.org/contributor-roles/writing-review-editing">Writing &#x2013; review &amp; editing</ce:contributor-role><ce:contributor-role role="http://credit.niso.org/contributor-roles/supervision">Supervision</ce:contributor-role><ce:contributor-role role="http://credit.niso.org/contributor-roles/funding-acquisition">Funding acquisition</ce:contributor-role><ce:contributor-role role="http://credit.niso.org/contributor-roles/project-administration">Project administration</ce:contributor-role><ce:cross-ref refid="aff0001"><ce:sup loc="post">a</ce:sup></ce:cross-ref><ce:cross-ref refid="aff0003"><ce:sup loc="post">c</ce:sup></ce:cross-ref></ce:author><ce:affiliation id="aff0001" affiliation-id="S2352340922000300-2fb7b2ba625eb2cb0cf5671bc8dc5d9a"><ce:label>a</ce:label><ce:textfn id="textfn0002">Department of Chemistry, University of the Free State, PO BOX 339, Bloemfontein 9300, South Africa</ce:textfn><sa:affiliation><sa:organization>Department of Chemistry</sa:organization><sa:organization>University of the Free State</sa:organization><sa:address-line>PO BOX 339</sa:address-line><sa:city>Bloemfontein</sa:city><sa:postal-code>9300</sa:postal-code><sa:country>South Africa</sa:country></sa:affiliation><ce:source-text id="st0001">Department of Chemistry, University of the Free State, PO BOX 339, Bloemfontein 9300, South Africa</ce:source-text></ce:affiliation><ce:affiliation id="aff0002" affiliation-id="S2352340922000300-f97d296313ef078b26a2c0332f5090c5"><ce:label>b</ce:label><ce:textfn id="textfn0003">Department of Physics, Faculty of Science, University of Maroua, PO BOX 46, Maroua, Cameroon</ce:textfn><sa:affiliation><sa:organization>Department of Physics, Faculty of Science</sa:organization><sa:organization>University of Maroua</sa:organization><sa:address-line>PO BOX 46</sa:address-line><sa:city>Maroua</sa:city><sa:country>Cameroon</sa:country></sa:affiliation><ce:source-text id="st0002">Department of Physics, Faculty of Science, University of Maroua, PO BOX 46, Maroua, Cameroon</ce:source-text></ce:affiliation><ce:affiliation id="aff0003" affiliation-id="S2352340922000300-2b27bc060529beb85707d4a2dac1d55f"><ce:label>c</ce:label><ce:textfn id="textfn0004">Department of Chemistry, UiT - The Arctic University of Norway, Troms&#248; N-9037, Norway</ce:textfn><sa:affiliation><sa:organization>Department of Chemistry</sa:organization><sa:organization>UiT - The Arctic University of Norway</sa:organization><sa:city>Troms&#248;</sa:city><sa:postal-code>N-9037</sa:postal-code><sa:country>Norway</sa:country></sa:affiliation><ce:source-text id="st0003">Department of Chemistry, UiT - The Arctic University of Norway, Troms&#248; N-9037, Norway</ce:source-text></ce:affiliation><ce:correspondence id="cor0001"><ce:label>&#x204e;</ce:label><ce:text id="cor1">Corresponding author at: Department of Physics, Faculty of Science, University of Maroua, PO BOX 46, Maroua, Cameroon.</ce:text><sa:affiliation><sa:organization>Department of Physics, Faculty of Science</sa:organization><sa:organization>University of Maroua</sa:organization><sa:address-line>PO BOX 46</sa:address-line><sa:city>Maroua</sa:city><sa:country>Cameroon</sa:country></sa:affiliation></ce:correspondence></ce:author-group><ce:date-received day="21" month="12" year="2021"/><ce:date-accepted day="6" month="1" year="2022"/><ce:abstract id="abs0001" class="author" view="all"><ce:section-title id="sctt0001">Abstract</ce:section-title><ce:abstract-sec id="abssec0001" view="all"><ce:simple-para id="sp0001" view="all">We have reported herein the data to understand the nature and number of non-covalent interactions that stabilize the structures of the thiophene clusters. In addition, we have also provided the optimized Cartesian coordinates of all the structures of the investigated thiophene clusters. Initially, the geometries have been generated using the ABCluster code which performs a global optimization to locate local and global minima structures of molecular clusters. The located geometries have been optimized at the MP2/aug-cc-pVDZ level of theory using Gaussian 16 suite of programs. To understand the nature of non-covalent interactions, we have performed a quantum theory of atoms in molecules (QTAIM) analysis on all the structures of the thiophene dimer. Furthermore, the QTAIM analysis has been performed also on the most stable structure of the thiophene trimer and tetramer. We have used the AIMAll program to perform the QTAIM analysis. The data reported in this paper contains the critical points, the bonds paths and their related properties, for each investigated structures. Besides, the data contains the optimized Cartesian coordinates of all the investigated structures of the thiophene clusters. This can be use for any further investigations involving thiophene clusters. For further information and analysis, the reader is referred to the original related research article (Malloum and Conradie, 2022).</ce:simple-para></ce:abstract-sec></ce:abstract><ce:keywords id="keys0001" class="keyword" view="all"><ce:section-title id="sctt0002">Keywords</ce:section-title><ce:keyword id="key0002"><ce:text id="txt0001">Thiophene clusters</ce:text></ce:keyword><ce:keyword id="key0003"><ce:text id="txt0002">Non-covalent interactions</ce:text></ce:keyword><ce:keyword id="key0004"><ce:text id="txt0003">QTAIM analysis</ce:text></ce:keyword><ce:keyword id="key0005"><ce:text id="txt0004">Heterocyclic molecules</ce:text></ce:keyword><ce:keyword id="key0006"><ce:text id="txt0005">Benzene clusters</ce:text></ce:keyword></ce:keywords></ja:head></ja:article></doc:document>
