<doc:document xmlns:doc="http://www.elsevier.com/xml/document/schema" xmlns:dp="http://www.elsevier.com/xml/common/doc-properties/schema" xmlns:cps="http://www.elsevier.com/xml/common/consyn-properties/schema" xmlns:rdf="http://www.w3.org/1999/02/22-rdf-syntax-ns#" xmlns:dct="http://purl.org/dc/terms/" xmlns:prism="http://prismstandard.org/namespaces/basic/2.0/" xmlns:oa="http://vtw.elsevier.com/data/ns/properties/OpenAccess-1/" xmlns:bam="http://vtw.elsevier.com/data/voc/ns/bam-vtw-1/" xmlns:cp="http://vtw.elsevier.com/data/ns/properties/Copyright-1/" xmlns:cja="http://www.elsevier.com/xml/cja/schema" xmlns:ja="http://www.elsevier.com/xml/ja/schema" xmlns:bk="http://www.elsevier.com/xml/bk/schema" xmlns:ce="http://www.elsevier.com/xml/common/schema" xmlns:mml="http://www.w3.org/1998/Math/MathML" xmlns:cals="http://www.elsevier.com/xml/common/cals/schema" xmlns:tb="http://www.elsevier.com/xml/common/table/schema" xmlns:sa="http://www.elsevier.com/xml/common/struct-aff/schema" xmlns:sb="http://www.elsevier.com/xml/common/struct-bib/schema" xmlns:xlink="http://www.w3.org/1999/xlink"><rdf:RDF><rdf:Description rdf:about="http://dx.doi.org/10.1016/j.dib.2021.107589"><dct:format>application/xml</dct:format><dct:title>Strength curve data for slender geopolymer concrete columns with GFRP, steel and hybrid reinforcement</dct:title><dct:creator>Mohammad AlHamaydeh</dct:creator><dct:creator>Fouad Mostafa Amin</dct:creator><dct:subject><rdf:Bag><rdf:li>Slender circular column</rdf:li><rdf:li>Geopolymer concrete</rdf:li><rdf:li>Glass-fiber-reinforced polymer (GFRP) bars</rdf:li><rdf:li>Hybrid reinforcement</rdf:li><rdf:li>Interaction diagram</rdf:li><rdf:li>Slenderness ratio</rdf:li><rdf:li>Strength curves</rdf:li></rdf:Bag></dct:subject><dct:description>Data in Brief 39 (2021). doi:10.1016/j.dib.2021.107589</dct:description><prism:aggregationType>journal</prism:aggregationType><prism:publicationName>Data in Brief</prism:publicationName><prism:copyright>&#169; 2021 The Authors. Published by Elsevier Inc.</prism:copyright><dct:publisher>Elsevier Inc.</dct:publisher><prism:issn>2352-3409</prism:issn><prism:volume>39</prism:volume><prism:coverDisplayDate>December 2021</prism:coverDisplayDate><prism:doi>10.1016/j.dib.2021.107589</prism:doi><prism:url>http://dx.doi.org/10.1016/j.dib.2021.107589</prism:url><dct:identifier>doi:10.1016/j.dib.2021.107589</dct:identifier><bam:articleNumber>107589</bam:articleNumber><oa:openAccessInformation><oa:openAccessStatus xmlns:xsi="http://www.w3.org/2001/XMLSchema-instance">http://vtw.elsevier.com/data/voc/oa/OpenAccessStatus#Full</oa:openAccessStatus><oa:openAccessEffective xmlns:xsi="http://www.w3.org/2001/XMLSchema-instance">2021-11-16T13:41:26Z</oa:openAccessEffective><oa:sponsor xmlns:xsi="http://www.w3.org/2001/XMLSchema-instance"><oa:sponsorType>http://vtw.elsevier.com/data/voc/oa/SponsorType#Author</oa:sponsorType></oa:sponsor><oa:userLicense xmlns:xsi="http://www.w3.org/2001/XMLSchema-instance">http://creativecommons.org/licenses/by/4.0/</oa:userLicense></oa:openAccessInformation><cp:licenseLine xmlns:xsi="http://www.w3.org/2001/XMLSchema-instance">This is an open access article under the CC BY license.</cp:licenseLine></rdf:Description></rdf:RDF><dp:document-properties><dp:aggregation-type>Journals</dp:aggregation-type><dp:version-number>S300.1</dp:version-number></dp:document-properties><ja:article docsubtype="dat" version="5.6" xml:lang="en"><ja:item-info><ja:jid>DIB</ja:jid><ja:aid>107589</ja:aid><ce:article-number>107589</ce:article-number><ce:pii>S2352-3409(21)00864-7</ce:pii><ce:doi>10.1016/j.dib.2021.107589</ce:doi><ce:copyright type="other" year="2021">The Authors</ce:copyright></ja:item-info><ja:head><ce:dochead id="dchd0001"><ce:textfn id="dhtxt0001">Data Article</ce:textfn></ce:dochead><ce:title id="tte0002">Strength curve data for slender geopolymer concrete columns with GFRP, steel and hybrid reinforcement</ce:title><ce:author-group id="aut0001"><ce:author id="au0001" author-id="S2352340921008647-2d00075c9d26e5b1fc27f64cc1176cfc" orcid="0000-0002-5004-0778"><ce:given-name>Mohammad</ce:given-name><ce:surname>AlHamaydeh</ce:surname><ce:cross-ref refid="aff0001"><ce:sup loc="post">a</ce:sup></ce:cross-ref><ce:cross-ref refid="cor0001"><ce:sup loc="post">&#x204e;</ce:sup></ce:cross-ref><ce:e-address id="ead0001" type="email" xlink:href="mailto:malhamaydeh@aus.edu">malhamaydeh@aus.edu</ce:e-address></ce:author><ce:author id="au0002" author-id="S2352340921008647-2b91e32c1360db9b955cfe613bbc00c5" orcid="0000-0001-6903-4629"><ce:given-name>Fouad Mostafa</ce:given-name><ce:surname>Amin</ce:surname><ce:cross-ref refid="aff0002"><ce:sup loc="post">b</ce:sup></ce:cross-ref><ce:cross-ref refid="fn1"><ce:sup loc="post">#</ce:sup></ce:cross-ref><ce:e-address id="ead0002" type="email" xlink:href="mailto:b00089623@aus.edu">b00089623@aus.edu</ce:e-address><ce:e-address id="ead0003" type="email" xlink:href="mailto:foad.m.amin@mans.edu.eg">foad.m.amin@mans.edu.eg</ce:e-address></ce:author><ce:affiliation id="aff0001" affiliation-id="S2352340921008647-43843574f44b36e963fb3944daa185db"><ce:label>a</ce:label><ce:textfn id="cetextfn0001">Professor, Department of Civil Engineering, College of Engineering, American University of Sharjah, Sharjah, PO Box 26666, UAE</ce:textfn><sa:affiliation><sa:organization>Professor</sa:organization><sa:organization>Department of Civil Engineering</sa:organization><sa:organization>College of Engineering</sa:organization><sa:organization>American University of Sharjah</sa:organization><sa:address-line>PO Box 26666</sa:address-line><sa:state>Sharjah</sa:state><sa:country>UAE</sa:country></sa:affiliation><ce:source-text id="staff0001">aProfessor, Department of Civil Engineering, College of Engineering, American University of Sharjah, Sharjah, PO Box 26666, UAE</ce:source-text></ce:affiliation><ce:affiliation id="aff0002" affiliation-id="S2352340921008647-fb481e87fb96b4bec54a6ff2777ec012"><ce:label>b</ce:label><ce:textfn id="cetextfn0002">Graduate research assistant, Department of Civil Engineering, College of Engineering, American University of Sharjah, Sharjah, PO Box 26666, UAE</ce:textfn><sa:affiliation><sa:organization>Graduate research assistant</sa:organization><sa:organization>Department of Civil Engineering</sa:organization><sa:organization>College of Engineering</sa:organization><sa:organization>American University of Sharjah</sa:organization><sa:address-line>PO Box 26666</sa:address-line><sa:state>Sharjah</sa:state><sa:country>UAE</sa:country></sa:affiliation><ce:source-text id="staff0002">bGraduate research assistant, Department of Civil Engineering, College of Engineering, American University of Sharjah, Sharjah, PO Box 26666, UAE</ce:source-text></ce:affiliation><ce:correspondence id="cor0001"><ce:label>&#x204e;</ce:label><ce:text id="cetext0001">Corresponding author.</ce:text></ce:correspondence><ce:footnote id="fn1"><ce:label>#</ce:label><ce:note-para id="notep0001" view="all">Formerly, Teaching assistant of structural analysis and mechanics, Structural Engineering Department, Faculty of Engineering, Mansoura University, Egypt.</ce:note-para></ce:footnote></ce:author-group><ce:date-received day="4" month="4" year="2021"/><ce:date-revised day="31" month="10" year="2021"/><ce:date-accepted day="15" month="11" year="2021"/><ce:abstract id="abs0001" view="all" class="author"><ce:section-title id="cesectitle0001">Abstract</ce:section-title><ce:abstract-sec id="abss0001" view="all"><ce:simple-para id="spara009" view="all">This article provides a wide range of circular columns strength values under different loading conditions. The provided strength values are dependent on various parameters including the longitudinal and transverse reinforcement ratios. Results for GFRP, steel and hybrid reinforcement configurations are provided. The results were collected from analysis output files of more than 60,000 columns, and tabulated in a form that is suitable for generating analytical strength curves. The provided data format allows the generation of strength curves for a wide range of slenderness ratios and the applied load eccentricities. Inspecting the analytical strength curves could provide insights on the slenderness limits for maintaining specific strength thresholds. Also, further investigations of data could provide a group of recommendations to avoid longitudinal and transverse reinforcement underutilization. Additional data processing could provide axial load-bending moment interaction diagrams for different columns` configurations taking into consideration the slenderness effects. The use of interaction diagrams in inspecting slender columns behavior is a ubiquitous subject that has been utilized in many recent research papers. Moreover, the results of a sensitivity analysis are provided within the article.</ce:simple-para></ce:abstract-sec></ce:abstract><ce:keywords id="keys0001" view="all" class="keyword"><ce:section-title id="cesectitle0002">Keywords</ce:section-title><ce:keyword id="key0001"><ce:text id="cetext0002">Slender circular column</ce:text></ce:keyword><ce:keyword id="key0002"><ce:text id="cetext0003">Geopolymer concrete</ce:text></ce:keyword><ce:keyword id="key0003"><ce:text id="cetext0004">Glass-fiber-reinforced polymer (GFRP) bars</ce:text></ce:keyword><ce:keyword id="key0004"><ce:text id="cetext0005">Hybrid reinforcement</ce:text></ce:keyword><ce:keyword id="key0005"><ce:text id="cetext0006">Interaction diagram</ce:text></ce:keyword><ce:keyword id="key0006"><ce:text id="cetext0007">Slenderness ratio</ce:text></ce:keyword><ce:keyword id="key0007"><ce:text id="cetext0008">Strength curves</ce:text></ce:keyword></ce:keywords></ja:head></ja:article></doc:document>
