<doc:document xmlns:doc="http://www.elsevier.com/xml/document/schema" xmlns:dp="http://www.elsevier.com/xml/common/doc-properties/schema" xmlns:cps="http://www.elsevier.com/xml/common/consyn-properties/schema" xmlns:rdf="http://www.w3.org/1999/02/22-rdf-syntax-ns#" xmlns:dct="http://purl.org/dc/terms/" xmlns:prism="http://prismstandard.org/namespaces/basic/2.0/" xmlns:oa="http://vtw.elsevier.com/data/ns/properties/OpenAccess-1/" xmlns:bam="http://vtw.elsevier.com/data/voc/ns/bam-vtw-1/" xmlns:cp="http://vtw.elsevier.com/data/ns/properties/Copyright-1/" xmlns:cja="http://www.elsevier.com/xml/cja/schema" xmlns:ja="http://www.elsevier.com/xml/ja/schema" xmlns:bk="http://www.elsevier.com/xml/bk/schema" xmlns:ce="http://www.elsevier.com/xml/common/schema" xmlns:mml="http://www.w3.org/1998/Math/MathML" xmlns:cals="http://www.elsevier.com/xml/common/cals/schema" xmlns:tb="http://www.elsevier.com/xml/common/table/schema" xmlns:sa="http://www.elsevier.com/xml/common/struct-aff/schema" xmlns:sb="http://www.elsevier.com/xml/common/struct-bib/schema" xmlns:xlink="http://www.w3.org/1999/xlink"><rdf:RDF><rdf:Description rdf:about="http://dx.doi.org/10.1016/j.dib.2022.107838"><dct:format>application/xml</dct:format><dct:title>Comparative data on corrosion protection of mild steel in HCl using two new thiazoles</dct:title><dct:creator>Ahmed Alamiery</dct:creator><dct:creator>Abu Bakar Mohamad</dct:creator><dct:creator>Abdul Amir H. Kadhum</dct:creator><dct:creator>Mohd S. Takriff</dct:creator><dct:subject><rdf:Bag><rdf:li>Corrosion</rdf:li><rdf:li>Mild steel</rdf:li><rdf:li>Inhibitor</rdf:li><rdf:li>Hydrochloric acid</rdf:li></rdf:Bag></dct:subject><dct:description>Data in Brief 40 (2022). doi:10.1016/j.dib.2022.107838</dct:description><prism:aggregationType>journal</prism:aggregationType><prism:publicationName>Data in Brief</prism:publicationName><prism:copyright>&#169; 2022 The Author(s). Published by Elsevier Inc.</prism:copyright><dct:publisher>Elsevier Inc.</dct:publisher><prism:issn>2352-3409</prism:issn><prism:volume>40</prism:volume><prism:coverDisplayDate>February 2022</prism:coverDisplayDate><prism:doi>10.1016/j.dib.2022.107838</prism:doi><prism:url>http://dx.doi.org/10.1016/j.dib.2022.107838</prism:url><dct:identifier>doi:10.1016/j.dib.2022.107838</dct:identifier><bam:articleNumber>107838</bam:articleNumber><oa:openAccessInformation><oa:openAccessStatus xmlns:xsi="http://www.w3.org/2001/XMLSchema-instance">http://vtw.elsevier.com/data/voc/oa/OpenAccessStatus#Full</oa:openAccessStatus><oa:openAccessEffective xmlns:xsi="http://www.w3.org/2001/XMLSchema-instance">2022-01-13T14:07:02Z</oa:openAccessEffective><oa:sponsor xmlns:xsi="http://www.w3.org/2001/XMLSchema-instance"><oa:sponsorType>http://vtw.elsevier.com/data/voc/oa/SponsorType#Author</oa:sponsorType></oa:sponsor><oa:userLicense xmlns:xsi="http://www.w3.org/2001/XMLSchema-instance">http://creativecommons.org/licenses/by/4.0/</oa:userLicense></oa:openAccessInformation><cp:licenseLine xmlns:xsi="http://www.w3.org/2001/XMLSchema-instance">This is an open access article under the CC BY license.</cp:licenseLine></rdf:Description></rdf:RDF><dp:document-properties><dp:aggregation-type>Journals</dp:aggregation-type><dp:version-number>S300.1</dp:version-number></dp:document-properties><ja:article docsubtype="dat" version="5.6" xml:lang="en"><ja:item-info><ja:jid>DIB</ja:jid><ja:aid>107838</ja:aid><ce:article-number>107838</ce:article-number><ce:pii>S2352-3409(22)00050-6</ce:pii><ce:doi>10.1016/j.dib.2022.107838</ce:doi><ce:document-thread><ce:refers-to-document id="ref0001"><ce:pii>S1026-9185(21)00044-5</ce:pii><ce:doi>10.1016/j.sajce.2021.07.003</ce:doi></ce:refers-to-document></ce:document-thread><ce:copyright type="other" year="2022">The Author(s)</ce:copyright></ja:item-info><ja:head><ce:dochead id="dchd0001"><ce:textfn id="dhtxt0001">Data Article</ce:textfn></ce:dochead><ce:title id="tte0002">Comparative data on corrosion protection of mild steel in HCl using two new thiazoles</ce:title><ce:author-group id="aut0001"><ce:author id="au0001" author-id="S2352340922000506-c8d2278b18ec18e64b78080bdd35f917" orcid="0000-0003-1033-4904"><ce:given-name>Ahmed</ce:given-name><ce:surname>Alamiery</ce:surname><ce:cross-ref refid="cor0001"><ce:sup loc="post">&#x204e;</ce:sup></ce:cross-ref><ce:e-address id="ead0001" type="email" xlink:href="mailto:dr.ahmed1975@ukm.edu.my">dr.ahmed1975@ukm.edu.my</ce:e-address></ce:author><ce:author id="au0002" author-id="S2352340922000506-6aac54491667cc98980a40d07d2a6b6c"><ce:given-name>Abu Bakar</ce:given-name><ce:surname>Mohamad</ce:surname></ce:author><ce:author id="au0003" author-id="S2352340922000506-c263bafdf80ec0b349eb07b13f4879ec"><ce:given-name>Abdul Amir H.</ce:given-name><ce:surname>Kadhum</ce:surname></ce:author><ce:author id="au0004" author-id="S2352340922000506-eb4cd3e4dcac10827509abf32ea9ddc4"><ce:given-name>Mohd S.</ce:given-name><ce:surname>Takriff</ce:surname></ce:author><ce:affiliation id="aff0001" affiliation-id="S2352340922000506-525b0e990bdd1d15cbad2db5869cb412"><ce:textfn id="cetextfn0001">Department of Chemical and Process Engineering, Faculty of Engineering and Built Environment, Universiti Kebangsaan Malaysia, Bangi, Selangor 43600, Malaysia</ce:textfn><sa:affiliation><sa:organization>Department of Chemical and Process Engineering</sa:organization><sa:organization>Faculty of Engineering and Built Environment</sa:organization><sa:organization>Universiti Kebangsaan Malaysia</sa:organization><sa:city>Bangi</sa:city><sa:state>Selangor</sa:state><sa:postal-code>43600</sa:postal-code><sa:country>Malaysia</sa:country></sa:affiliation><ce:source-text id="staff0001">Department of Chemical and Process Engineering, Faculty of Engineering and Built Environment, Universiti Kebangsaan Malaysia, Bangi, Selangor 43600, Malaysia</ce:source-text></ce:affiliation><ce:correspondence id="cor0001"><ce:label>&#x204e;</ce:label><ce:text id="cetext0001">Corresponding author.</ce:text></ce:correspondence></ce:author-group><ce:date-received day="28" month="9" year="2021"/><ce:date-revised day="5" month="1" year="2022"/><ce:date-accepted day="6" month="1" year="2022"/><ce:abstract id="abs0001" view="all" class="author"><ce:section-title id="cesectitle0001">Abstract</ce:section-title><ce:abstract-sec id="abss0001" view="all"><ce:simple-para id="spara006" view="all">This data article includes data described in the investigation report entitled &#x201c;The synergistic role of azomethine group and triazole ring at improving the anti-corrosive performance of 2-amino-4-phenylthiazole&#x201d; (Alamiery et&#160;al., 2021). In this data article, a comprehensive effect of 2-Amino-4-phenyl-N-benzylidene-5-(1,2,4-triazol-1-yl)thiazole (APNT) and 2-amino-4-phenylthiazole (APT) and optimized process parameter of the inhibitor in 1&#160;M HCl solution was presented using gravimetric techniques and Density functional theory. The presence of the inhibitors influenced the corrosion resistance of mild steel (MS). Inhibition efficiencies values of 98.1% and 94.74% were recorded as results of inhibition of the MS by the inhibiting compounds APNT and ATP respectively. DFT studies observed that the presence of benzylidene to the APNT and the substitution of a triazole in the thiazole ring are adsorption sites that increase the interaction of the APNT molecules with the iron atoms on the MS surface.</ce:simple-para></ce:abstract-sec></ce:abstract><ce:keywords id="keys0001" view="all" class="keyword"><ce:section-title id="cesectitle0002">Keywords</ce:section-title><ce:keyword id="key0001"><ce:text id="cetext0002">Corrosion</ce:text></ce:keyword><ce:keyword id="key0002"><ce:text id="cetext0003">Mild steel</ce:text></ce:keyword><ce:keyword id="key0003"><ce:text id="cetext0004">Inhibitor</ce:text></ce:keyword><ce:keyword id="key0004"><ce:text id="cetext0005">Hydrochloric acid</ce:text></ce:keyword></ce:keywords></ja:head></ja:article></doc:document>
