<doc:document xmlns:doc="http://www.elsevier.com/xml/document/schema" xmlns:dp="http://www.elsevier.com/xml/common/doc-properties/schema" xmlns:cps="http://www.elsevier.com/xml/common/consyn-properties/schema" xmlns:rdf="http://www.w3.org/1999/02/22-rdf-syntax-ns#" xmlns:dct="http://purl.org/dc/terms/" xmlns:prism="http://prismstandard.org/namespaces/basic/2.0/" xmlns:oa="http://vtw.elsevier.com/data/ns/properties/OpenAccess-1/" xmlns:bam="http://vtw.elsevier.com/data/voc/ns/bam-vtw-1/" xmlns:cp="http://vtw.elsevier.com/data/ns/properties/Copyright-1/" xmlns:cja="http://www.elsevier.com/xml/cja/schema" xmlns:ja="http://www.elsevier.com/xml/ja/schema" xmlns:bk="http://www.elsevier.com/xml/bk/schema" xmlns:ce="http://www.elsevier.com/xml/common/schema" xmlns:mml="http://www.w3.org/1998/Math/MathML" xmlns:cals="http://www.elsevier.com/xml/common/cals/schema" xmlns:tb="http://www.elsevier.com/xml/common/table/schema" xmlns:sa="http://www.elsevier.com/xml/common/struct-aff/schema" xmlns:sb="http://www.elsevier.com/xml/common/struct-bib/schema" xmlns:xlink="http://www.w3.org/1999/xlink"><rdf:RDF><rdf:Description rdf:about="http://dx.doi.org/10.1016/j.dib.2021.107770"><dct:format>application/xml</dct:format><dct:title>16S rRNA gene sequencing data of the upper respiratory tract microbiome in the SARS-CoV-2 infected patients</dct:title><dct:creator>Julia Galeeva</dct:creator><dct:creator>Vladislav Babenko</dct:creator><dct:creator>Ramiz Bakhtyev</dct:creator><dct:creator>Vladimir Baklaushev</dct:creator><dct:creator>Larisa Balykova</dct:creator><dct:creator>Pavel Bashkirov</dct:creator><dct:creator>Julia Bespyatykh</dct:creator><dct:creator>Anna Blagonravova</dct:creator><dct:creator>Daria Boldyreva</dct:creator><dct:creator>Dmitry Fedorov</dct:creator><dct:creator>Ilshat Gafurov</dct:creator><dct:creator>Raushaniya Gaifullina</dct:creator><dct:creator>Elena Galova</dct:creator><dct:creator>Alina Gospodaryk</dct:creator><dct:creator>Elena Ilina</dct:creator><dct:creator>Konstantin Ivanov</dct:creator><dct:creator>Daria Kharlampieva</dct:creator><dct:creator>Polina Khromova</dct:creator><dct:creator>Ksenia Klimina</dct:creator><dct:creator>Konstantin Kolontarev</dct:creator><dct:creator>Nadezhda Kolyshkina</dct:creator><dct:creator>Andrey Koritsky</dct:creator><dct:creator>Vyacheslav Kuropatkin</dct:creator><dct:creator>Vasily Lazarev</dct:creator><dct:creator>Alexander Manolov</dct:creator><dct:creator>Valentin Manuvera</dct:creator><dct:creator>Daria Matyushkina</dct:creator><dct:creator>Maxim Morozov</dct:creator><dct:creator>Ekaterina Moskaleva</dct:creator><dct:creator>Varvara Musarova</dct:creator><dct:creator>Oleg Ogarkov</dct:creator><dct:creator>Elizaveta Orlova</dct:creator><dct:creator>Alexander Pavlenko</dct:creator><dct:creator>Alla Petrova</dct:creator><dct:creator>Natalia Pozhenko</dct:creator><dct:creator>Dmitry Pushkar</dct:creator><dct:creator>Alexander Rumyantsev</dct:creator><dct:creator>Sergey Rumyantsev</dct:creator><dct:creator>Vladimir Rumyantsev</dct:creator><dct:creator>Lyubov Rychkova</dct:creator><dct:creator>Alexander Samoilov</dct:creator><dct:creator>Irina Shirokova</dct:creator><dct:creator>Vyacheslav Sinkov</dct:creator><dct:creator>Svetlana Solovieva</dct:creator><dct:creator>Elizaveta Starikova</dct:creator><dct:creator>Polina Tikhonova</dct:creator><dct:creator>Galina Trifonova</dct:creator><dct:creator>Alexander Troitsky</dct:creator><dct:creator>Alexander Tulichev</dct:creator><dct:creator>Yuri Udalov</dct:creator><dct:creator>Anna Varizhuk</dct:creator><dct:creator>Alexander Vasiliev</dct:creator><dct:creator>Vladimir Veselovsky</dct:creator><dct:creator>Rinat Vereshchagin</dct:creator><dct:creator>Alexey Volnukhin</dct:creator><dct:creator>Gaukhar Yusubalieva</dct:creator><dct:creator>Vadim Govorun</dct:creator><dct:subject><rdf:Bag><rdf:li>SARS-CoV-2</rdf:li><rdf:li>Microbiome</rdf:li><rdf:li>16S</rdf:li><rdf:li>Upper respiratory tract</rdf:li></rdf:Bag></dct:subject><dct:description>Data in Brief 40 (2022). doi:10.1016/j.dib.2021.107770</dct:description><prism:aggregationType>journal</prism:aggregationType><prism:publicationName>Data in Brief</prism:publicationName><prism:copyright>&#169; 2022 The Authors. Published by Elsevier Inc.</prism:copyright><dct:publisher>Elsevier Inc.</dct:publisher><prism:issn>2352-3409</prism:issn><prism:volume>40</prism:volume><prism:coverDisplayDate>February 2022</prism:coverDisplayDate><prism:doi>10.1016/j.dib.2021.107770</prism:doi><prism:url>http://dx.doi.org/10.1016/j.dib.2021.107770</prism:url><dct:identifier>doi:10.1016/j.dib.2021.107770</dct:identifier><bam:articleNumber>107770</bam:articleNumber><oa:openAccessInformation><oa:openAccessStatus xmlns:xsi="http://www.w3.org/2001/XMLSchema-instance">http://vtw.elsevier.com/data/voc/oa/OpenAccessStatus#Full</oa:openAccessStatus><oa:openAccessEffective xmlns:xsi="http://www.w3.org/2001/XMLSchema-instance">2021-12-28T16:55:58Z</oa:openAccessEffective><oa:sponsor xmlns:xsi="http://www.w3.org/2001/XMLSchema-instance"><oa:sponsorType>http://vtw.elsevier.com/data/voc/oa/SponsorType#Author</oa:sponsorType></oa:sponsor><oa:userLicense xmlns:xsi="http://www.w3.org/2001/XMLSchema-instance">http://creativecommons.org/licenses/by/4.0/</oa:userLicense></oa:openAccessInformation><cp:licenseLine xmlns:xsi="http://www.w3.org/2001/XMLSchema-instance">This is an open access article under the CC BY license.</cp:licenseLine></rdf:Description></rdf:RDF><dp:document-properties><dp:aggregation-type>Journals</dp:aggregation-type><dp:version-number>S300.1</dp:version-number></dp:document-properties><ja:article docsubtype="dat" version="5.6" xml:lang="en"><ja:item-info><ja:jid>DIB</ja:jid><ja:aid>107770</ja:aid><ce:article-number>107770</ce:article-number><ce:pii>S2352-3409(21)01044-1</ce:pii><ce:doi>10.1016/j.dib.2021.107770</ce:doi><ce:copyright type="unknown" year="2021"/></ja:item-info><ja:head><ce:dochead id="dchd0001"><ce:textfn id="dhtxt0001">Data Article</ce:textfn></ce:dochead><ce:title id="tte0002">16S rRNA gene sequencing data of the upper respiratory tract microbiome in the SARS-CoV-2 infected patients</ce:title><ce:author-group id="aut0001"><ce:author id="au0001" author-id="S2352340921010441-ead3894c06aff6fb2bc51be35a01cf56" orcid="0000-0001-6304-4607"><ce:given-name>Julia</ce:given-name><ce:surname>Galeeva</ce:surname><ce:contributor-role role="http://credit.niso.org/contributor-roles/formal-analysis">Formal analysis</ce:contributor-role><ce:contributor-role role="http://credit.niso.org/contributor-roles/writing-review-editing">Writing &#x2013; review &amp; editing</ce:contributor-role><ce:contributor-role role="http://credit.niso.org/contributor-roles/visualization">Visualization</ce:contributor-role><ce:cross-ref refid="aff0001"><ce:sup loc="post">a</ce:sup></ce:cross-ref><ce:cross-ref refid="cor0001"><ce:sup loc="post">&#x204e;</ce:sup></ce:cross-ref><ce:e-address id="ead0001" type="email" xlink:href="mailto:galeeva.yu@rcpcm.org">galeeva.yu@rcpcm.org</ce:e-address></ce:author><ce:author id="au0002" author-id="S2352340921010441-a10e2ad1366b6a8b26d2b69f454bc8d4"><ce:given-name>Vladislav</ce:given-name><ce:surname>Babenko</ce:surname><ce:contributor-role role="http://credit.niso.org/contributor-roles/investigation">Investigation</ce:contributor-role><ce:contributor-role role="http://credit.niso.org/contributor-roles/methodology">Methodology</ce:contributor-role><ce:cross-ref refid="aff0001"><ce:sup loc="post">a</ce:sup></ce:cross-ref></ce:author><ce:author id="au0003" author-id="S2352340921010441-1fcd738760cc33028f2208b2c1ccbd6b"><ce:given-name>Ramiz</ce:given-name><ce:surname>Bakhtyev</ce:surname><ce:contributor-role role="http://credit.niso.org/contributor-roles/resources">Resources</ce:contributor-role><ce:contributor-role role="http://credit.niso.org/contributor-roles/data-curation">Data curation</ce:contributor-role><ce:cross-ref refid="aff0003"><ce:sup loc="post">c</ce:sup></ce:cross-ref></ce:author><ce:author id="au0004" author-id="S2352340921010441-2e6752c4f90569dff27e737b34866f95" orcid="0000-0003-1039-4245"><ce:given-name>Vladimir</ce:given-name><ce:surname>Baklaushev</ce:surname><ce:contributor-role role="http://credit.niso.org/contributor-roles/resources">Resources</ce:contributor-role><ce:contributor-role role="http://credit.niso.org/contributor-roles/data-curation">Data curation</ce:contributor-role><ce:cross-ref refid="aff0002"><ce:sup loc="post">b</ce:sup></ce:cross-ref></ce:author><ce:author id="au0005" author-id="S2352340921010441-bd00faa4c60e8a39f0ee4d44b69006c5" orcid="0000-0002-2290-0013"><ce:given-name>Larisa</ce:given-name><ce:surname>Balykova</ce:surname><ce:contributor-role role="http://credit.niso.org/contributor-roles/resources">Resources</ce:contributor-role><ce:contributor-role role="http://credit.niso.org/contributor-roles/methodology">Methodology</ce:contributor-role><ce:cross-ref refid="aff0003"><ce:sup loc="post">c</ce:sup></ce:cross-ref></ce:author><ce:author id="au0006" author-id="S2352340921010441-c5aa94f50ab5377c060a426723a24711" orcid="0000-0003-2250-9759"><ce:given-name>Pavel</ce:given-name><ce:surname>Bashkirov</ce:surname><ce:contributor-role role="http://credit.niso.org/contributor-roles/resources">Resources</ce:contributor-role><ce:contributor-role role="http://credit.niso.org/contributor-roles/conceptualization">Conceptualization</ce:contributor-role><ce:cross-ref refid="aff0001"><ce:sup loc="post">a</ce:sup></ce:cross-ref></ce:author><ce:author id="au0007" author-id="S2352340921010441-ea2c6a600091bf6df4b2d247ba916b58" orcid="0000-0002-4408-503X"><ce:given-name>Julia</ce:given-name><ce:surname>Bespyatykh</ce:surname><ce:contributor-role role="http://credit.niso.org/contributor-roles/resources">Resources</ce:contributor-role><ce:contributor-role role="http://credit.niso.org/contributor-roles/conceptualization">Conceptualization</ce:contributor-role><ce:cross-ref refid="aff0001"><ce:sup loc="post">a</ce:sup></ce:cross-ref></ce:author><ce:author id="au0008" author-id="S2352340921010441-462aa41bfd752f169e60bf461d2c9cd0"><ce:given-name>Anna</ce:given-name><ce:surname>Blagonravova</ce:surname><ce:contributor-role role="http://credit.niso.org/contributor-roles/resources">Resources</ce:contributor-role><ce:contributor-role role="http://credit.niso.org/contributor-roles/conceptualization">Conceptualization</ce:contributor-role><ce:cross-ref refid="aff0007"><ce:sup loc="post">g</ce:sup></ce:cross-ref></ce:author><ce:author id="au0009" author-id="S2352340921010441-8dc6174e3eeafb2acf551da675040be0" orcid="0000-0003-2573-7634"><ce:given-name>Daria</ce:given-name><ce:surname>Boldyreva</ce:surname><ce:contributor-role role="http://credit.niso.org/contributor-roles/resources">Resources</ce:contributor-role><ce:contributor-role role="http://credit.niso.org/contributor-roles/conceptualization">Conceptualization</ce:contributor-role><ce:cross-ref refid="aff0001"><ce:sup loc="post">a</ce:sup></ce:cross-ref></ce:author><ce:author id="au0010" author-id="S2352340921010441-54aa92342961fa34e1d4640cc466c2dc"><ce:given-name>Dmitry</ce:given-name><ce:surname>Fedorov</ce:surname><ce:contributor-role role="http://credit.niso.org/contributor-roles/formal-analysis">Formal analysis</ce:contributor-role><ce:contributor-role role="http://credit.niso.org/contributor-roles/investigation">Investigation</ce:contributor-role><ce:contributor-role role="http://credit.niso.org/contributor-roles/data-curation">Data curation</ce:contributor-role><ce:contributor-role role="http://credit.niso.org/contributor-roles/visualization">Visualization</ce:contributor-role><ce:cross-ref refid="aff0001"><ce:sup loc="post">a</ce:sup></ce:cross-ref></ce:author><ce:author id="au0011" author-id="S2352340921010441-3b8fb65d58bbcfab108402e57b34aec8" orcid="0000-0001-7744-2067"><ce:given-name>Ilshat</ce:given-name><ce:surname>Gafurov</ce:surname><ce:contributor-role role="http://credit.niso.org/contributor-roles/resources">Resources</ce:contributor-role><ce:contributor-role role="http://credit.niso.org/contributor-roles/methodology">Methodology</ce:contributor-role><ce:cross-ref refid="aff0008"><ce:sup loc="post">h</ce:sup></ce:cross-ref></ce:author><ce:author id="au0012" author-id="S2352340921010441-b54c6b283d70a7b954acfecc702ccde7"><ce:given-name>Raushaniya</ce:given-name><ce:surname>Gaifullina</ce:surname><ce:contributor-role role="http://credit.niso.org/contributor-roles/resources">Resources</ce:contributor-role><ce:contributor-role role="http://credit.niso.org/contributor-roles/data-curation">Data curation</ce:contributor-role><ce:cross-ref refid="aff0008"><ce:sup loc="post">h</ce:sup></ce:cross-ref></ce:author><ce:author id="au0013" author-id="S2352340921010441-38625ea2b0f74ab02e95f32b736f8f94"><ce:given-name>Elena</ce:given-name><ce:surname>Galova</ce:surname><ce:contributor-role role="http://credit.niso.org/contributor-roles/resources">Resources</ce:contributor-role><ce:cross-ref refid="aff0007"><ce:sup loc="post">g</ce:sup></ce:cross-ref></ce:author><ce:author id="au0014" author-id="S2352340921010441-b448a4a0fe228b1572f08465765afa0c"><ce:given-name>Alina</ce:given-name><ce:surname>Gospodaryk</ce:surname><ce:contributor-role role="http://credit.niso.org/contributor-roles/resources">Resources</ce:contributor-role><ce:contributor-role role="http://credit.niso.org/contributor-roles/methodology">Methodology</ce:contributor-role><ce:cross-ref refid="aff0001"><ce:sup loc="post">a</ce:sup></ce:cross-ref></ce:author><ce:author id="au0015" author-id="S2352340921010441-978a0f4d8500567718b88731c20d5f84"><ce:given-name>Elena</ce:given-name><ce:surname>Ilina</ce:surname><ce:contributor-role role="http://credit.niso.org/contributor-roles/conceptualization">Conceptualization</ce:contributor-role><ce:contributor-role role="http://credit.niso.org/contributor-roles/methodology">Methodology</ce:contributor-role><ce:contributor-role role="http://credit.niso.org/contributor-roles/project-administration">Project administration</ce:contributor-role><ce:contributor-role role="http://credit.niso.org/contributor-roles/writing-review-editing">Writing &#x2013; review &amp; editing</ce:contributor-role><ce:cross-ref refid="aff0001"><ce:sup loc="post">a</ce:sup></ce:cross-ref></ce:author><ce:author id="au0016" author-id="S2352340921010441-cbc8cbc3beb735ad75bb6a23384858a5"><ce:given-name>Konstantin</ce:given-name><ce:surname>Ivanov</ce:surname><ce:contributor-role role="http://credit.niso.org/contributor-roles/resources">Resources</ce:contributor-role><ce:contributor-role role="http://credit.niso.org/contributor-roles/conceptualization">Conceptualization</ce:contributor-role><ce:cross-ref refid="aff0005"><ce:sup loc="post">e</ce:sup></ce:cross-ref></ce:author><ce:author id="au0017" author-id="S2352340921010441-332b5e82f46758bfafcdc3e99cb09ddd"><ce:given-name>Daria</ce:given-name><ce:surname>Kharlampieva</ce:surname><ce:contributor-role role="http://credit.niso.org/contributor-roles/resources">Resources</ce:contributor-role><ce:contributor-role role="http://credit.niso.org/contributor-roles/data-curation">Data curation</ce:contributor-role><ce:cross-ref refid="aff0001"><ce:sup loc="post">a</ce:sup></ce:cross-ref></ce:author><ce:author id="au0018" author-id="S2352340921010441-bdb3bbdc8b1071fb52ee016348affb54" orcid="0000-0002-6449-5060"><ce:given-name>Polina</ce:given-name><ce:surname>Khromova</ce:surname><ce:contributor-role role="http://credit.niso.org/contributor-roles/resources">Resources</ce:contributor-role><ce:contributor-role role="http://credit.niso.org/contributor-roles/conceptualization">Conceptualization</ce:contributor-role><ce:cross-ref refid="aff0006"><ce:sup loc="post">f</ce:sup></ce:cross-ref></ce:author><ce:author id="au0019" author-id="S2352340921010441-d61f7ca90190ef1b9bb475b57c11c10f" orcid="0000-0002-5563-644X"><ce:given-name>Ksenia</ce:given-name><ce:surname>Klimina</ce:surname><ce:contributor-role role="http://credit.niso.org/contributor-roles/investigation">Investigation</ce:contributor-role><ce:contributor-role role="http://credit.niso.org/contributor-roles/methodology">Methodology</ce:contributor-role><ce:cross-ref refid="aff0001"><ce:sup loc="post">a</ce:sup></ce:cross-ref></ce:author><ce:author id="au0020" author-id="S2352340921010441-1d37a8ec70af7b926aac0a44184fe866"><ce:given-name>Konstantin</ce:given-name><ce:surname>Kolontarev</ce:surname><ce:contributor-role role="http://credit.niso.org/contributor-roles/resources">Resources</ce:contributor-role><ce:contributor-role role="http://credit.niso.org/contributor-roles/conceptualization">Conceptualization</ce:contributor-role><ce:cross-ref refid="aff0003"><ce:sup loc="post">c</ce:sup></ce:cross-ref></ce:author><ce:author id="au0021" author-id="S2352340921010441-a4a168899c11c8c23eb53e73285f7f85"><ce:given-name>Nadezhda</ce:given-name><ce:surname>Kolyshkina</ce:surname><ce:contributor-role role="http://credit.niso.org/contributor-roles/resources">Resources</ce:contributor-role><ce:contributor-role role="http://credit.niso.org/contributor-roles/methodology">Methodology</ce:contributor-role><ce:cross-ref refid="aff0002"><ce:sup loc="post">b</ce:sup></ce:cross-ref></ce:author><ce:author id="au0022" author-id="S2352340921010441-3e5fd1566eb0aacd8473f232e8286de9"><ce:given-name>Andrey</ce:given-name><ce:surname>Koritsky</ce:surname><ce:contributor-role role="http://credit.niso.org/contributor-roles/resources">Resources</ce:contributor-role><ce:contributor-role role="http://credit.niso.org/contributor-roles/data-curation">Data curation</ce:contributor-role><ce:cross-ref refid="aff0005"><ce:sup loc="post">e</ce:sup></ce:cross-ref></ce:author><ce:author id="au0023" author-id="S2352340921010441-9b65d049e1dd309bdd828f5903244f4b"><ce:given-name>Vyacheslav</ce:given-name><ce:surname>Kuropatkin</ce:surname><ce:contributor-role role="http://credit.niso.org/contributor-roles/resources">Resources</ce:contributor-role><ce:contributor-role role="http://credit.niso.org/contributor-roles/data-curation">Data curation</ce:contributor-role><ce:cross-ref refid="aff0004"><ce:sup loc="post">d</ce:sup></ce:cross-ref></ce:author><ce:author id="au0024" author-id="S2352340921010441-ecd3cc73981288760444082bcce42285"><ce:given-name>Vasily</ce:given-name><ce:surname>Lazarev</ce:surname><ce:contributor-role role="http://credit.niso.org/contributor-roles/resources">Resources</ce:contributor-role><ce:contributor-role role="http://credit.niso.org/contributor-roles/methodology">Methodology</ce:contributor-role><ce:cross-ref refid="aff0001"><ce:sup loc="post">a</ce:sup></ce:cross-ref></ce:author><ce:author id="au0025" author-id="S2352340921010441-11e2450336cd2eea85a985c7f96c0b8a"><ce:given-name>Alexander</ce:given-name><ce:surname>Manolov</ce:surname><ce:contributor-role role="http://credit.niso.org/contributor-roles/formal-analysis">Formal analysis</ce:contributor-role><ce:contributor-role role="http://credit.niso.org/contributor-roles/investigation">Investigation</ce:contributor-role><ce:contributor-role role="http://credit.niso.org/contributor-roles/writing-review-editing">Writing &#x2013; review &amp; editing</ce:contributor-role><ce:contributor-role role="http://credit.niso.org/contributor-roles/data-curation">Data curation</ce:contributor-role><ce:cross-ref refid="aff0001"><ce:sup loc="post">a</ce:sup></ce:cross-ref></ce:author><ce:author id="au0026" author-id="S2352340921010441-6e0ce2a799aead0dccafc04917cdbd66"><ce:given-name>Valentin</ce:given-name><ce:surname>Manuvera</ce:surname><ce:contributor-role role="http://credit.niso.org/contributor-roles/resources">Resources</ce:contributor-role><ce:contributor-role role="http://credit.niso.org/contributor-roles/data-curation">Data curation</ce:contributor-role><ce:cross-ref refid="aff0001"><ce:sup loc="post">a</ce:sup></ce:cross-ref></ce:author><ce:author id="au0027" author-id="S2352340921010441-b9e7b785d6870504d7fce3cb7ecdb2a3"><ce:given-name>Daria</ce:given-name><ce:surname>Matyushkina</ce:surname><ce:contributor-role role="http://credit.niso.org/contributor-roles/resources">Resources</ce:contributor-role><ce:contributor-role role="http://credit.niso.org/contributor-roles/data-curation">Data curation</ce:contributor-role><ce:cross-ref refid="aff0001"><ce:sup loc="post">a</ce:sup></ce:cross-ref></ce:author><ce:author id="au0028" author-id="S2352340921010441-7adc59f86faed2f3ec39eb392363fb54"><ce:given-name>Maxim</ce:given-name><ce:surname>Morozov</ce:surname><ce:contributor-role role="http://credit.niso.org/contributor-roles/investigation">Investigation</ce:contributor-role><ce:cross-ref refid="aff0001"><ce:sup loc="post">a</ce:sup></ce:cross-ref></ce:author><ce:author id="au0029" author-id="S2352340921010441-1d807ed96c7fdd2546493760a6d981c8"><ce:given-name>Ekaterina</ce:given-name><ce:surname>Moskaleva</ce:surname><ce:contributor-role role="http://credit.niso.org/contributor-roles/resources">Resources</ce:contributor-role><ce:cross-ref refid="aff0006"><ce:sup loc="post">f</ce:sup></ce:cross-ref></ce:author><ce:author id="au0030" author-id="S2352340921010441-9588134e425b532e990057d889b7d082"><ce:given-name>Varvara</ce:given-name><ce:surname>Musarova</ce:surname><ce:contributor-role role="http://credit.niso.org/contributor-roles/resources">Resources</ce:contributor-role><ce:contributor-role role="http://credit.niso.org/contributor-roles/methodology">Methodology</ce:contributor-role><ce:cross-ref refid="aff0001"><ce:sup loc="post">a</ce:sup></ce:cross-ref></ce:author><ce:author id="au0031" author-id="S2352340921010441-eba3b268fa772fa1b66eeabd1b74b5d2" orcid="0000-0002-3168-1983"><ce:given-name>Oleg</ce:given-name><ce:surname>Ogarkov</ce:surname><ce:contributor-role role="http://credit.niso.org/contributor-roles/resources">Resources</ce:contributor-role><ce:contributor-role role="http://credit.niso.org/contributor-roles/methodology">Methodology</ce:contributor-role><ce:cross-ref refid="aff0006"><ce:sup loc="post">f</ce:sup></ce:cross-ref></ce:author><ce:author id="au0032" author-id="S2352340921010441-c76f0e44b444fe2eed6a94a5b823b490" orcid="0000-0003-2169-0242"><ce:given-name>Elizaveta</ce:given-name><ce:surname>Orlova</ce:surname><ce:contributor-role role="http://credit.niso.org/contributor-roles/resources">Resources</ce:contributor-role><ce:contributor-role role="http://credit.niso.org/contributor-roles/conceptualization">Conceptualization</ce:contributor-role><ce:cross-ref refid="aff0006"><ce:sup loc="post">f</ce:sup></ce:cross-ref></ce:author><ce:author id="au0033" author-id="S2352340921010441-cbcc24402e2f7ebe64d366dea360662b"><ce:given-name>Alexander</ce:given-name><ce:surname>Pavlenko</ce:surname><ce:contributor-role role="http://credit.niso.org/contributor-roles/conceptualization">Conceptualization</ce:contributor-role><ce:contributor-role role="http://credit.niso.org/contributor-roles/methodology">Methodology</ce:contributor-role><ce:contributor-role role="http://credit.niso.org/contributor-roles/supervision">Supervision</ce:contributor-role><ce:cross-ref refid="aff0001"><ce:sup loc="post">a</ce:sup></ce:cross-ref></ce:author><ce:author id="au0034" author-id="S2352340921010441-90a8a372cff5a1fbd4ec43c243c647ad"><ce:given-name>Alla</ce:given-name><ce:surname>Petrova</ce:surname><ce:contributor-role role="http://credit.niso.org/contributor-roles/resources">Resources</ce:contributor-role><ce:contributor-role role="http://credit.niso.org/contributor-roles/methodology">Methodology</ce:contributor-role><ce:cross-ref refid="aff0006"><ce:sup loc="post">f</ce:sup></ce:cross-ref></ce:author><ce:author id="au0035" author-id="S2352340921010441-830f5aca38477d7b5e06298b82fb55a9"><ce:given-name>Natalia</ce:given-name><ce:surname>Pozhenko</ce:surname><ce:contributor-role role="http://credit.niso.org/contributor-roles/resources">Resources</ce:contributor-role><ce:contributor-role role="http://credit.niso.org/contributor-roles/conceptualization">Conceptualization</ce:contributor-role><ce:cross-ref refid="aff0005"><ce:sup loc="post">e</ce:sup></ce:cross-ref></ce:author><ce:author id="au0036" author-id="S2352340921010441-59acc34ba34b8149d01c3bd5795f1d62"><ce:given-name>Dmitry</ce:given-name><ce:surname>Pushkar</ce:surname><ce:contributor-role role="http://credit.niso.org/contributor-roles/resources">Resources</ce:contributor-role><ce:contributor-role role="http://credit.niso.org/contributor-roles/conceptualization">Conceptualization</ce:contributor-role><ce:cross-ref refid="aff0003"><ce:sup loc="post">c</ce:sup></ce:cross-ref></ce:author><ce:author id="au0037" author-id="S2352340921010441-fe9324ed463a5df208d061e6fce8e8ee"><ce:given-name>Alexander</ce:given-name><ce:surname>Rumyantsev</ce:surname><ce:contributor-role role="http://credit.niso.org/contributor-roles/resources">Resources</ce:contributor-role><ce:contributor-role role="http://credit.niso.org/contributor-roles/data-curation">Data curation</ce:contributor-role><ce:cross-ref refid="aff0005"><ce:sup loc="post">e</ce:sup></ce:cross-ref></ce:author><ce:author id="au0038" author-id="S2352340921010441-924f24bf840c504fe83f2164c249f03a" orcid="0000-0002-7418-0222"><ce:given-name>Sergey</ce:given-name><ce:surname>Rumyantsev</ce:surname><ce:contributor-role role="http://credit.niso.org/contributor-roles/resources">Resources</ce:contributor-role><ce:contributor-role role="http://credit.niso.org/contributor-roles/data-curation">Data curation</ce:contributor-role><ce:cross-ref refid="aff0005"><ce:sup loc="post">e</ce:sup></ce:cross-ref></ce:author><ce:author id="au0039" author-id="S2352340921010441-1ff9152b73a5517f9d51f814bd8d74dd"><ce:given-name>Vladimir</ce:given-name><ce:surname>Rumyantsev</ce:surname><ce:contributor-role role="http://credit.niso.org/contributor-roles/resources">Resources</ce:contributor-role><ce:contributor-role role="http://credit.niso.org/contributor-roles/data-curation">Data curation</ce:contributor-role><ce:cross-ref refid="aff0005"><ce:sup loc="post">e</ce:sup></ce:cross-ref></ce:author><ce:author id="au0040" author-id="S2352340921010441-099fe17865edd075859851e3dde0ce63"><ce:given-name>Lyubov</ce:given-name><ce:surname>Rychkova</ce:surname><ce:contributor-role role="http://credit.niso.org/contributor-roles/resources">Resources</ce:contributor-role><ce:contributor-role role="http://credit.niso.org/contributor-roles/data-curation">Data curation</ce:contributor-role><ce:cross-ref refid="aff0006"><ce:sup loc="post">f</ce:sup></ce:cross-ref></ce:author><ce:author id="au0041" author-id="S2352340921010441-1912319e0428911f271d86cb66a05ea3" orcid="0000-0002-9241-7238"><ce:given-name>Alexander</ce:given-name><ce:surname>Samoilov</ce:surname><ce:contributor-role role="http://credit.niso.org/contributor-roles/resources">Resources</ce:contributor-role><ce:contributor-role role="http://credit.niso.org/contributor-roles/methodology">Methodology</ce:contributor-role><ce:cross-ref refid="aff0004"><ce:sup loc="post">d</ce:sup></ce:cross-ref></ce:author><ce:author id="au0042" author-id="S2352340921010441-55a3d793dffd19f6a7fab89a3bf883cc"><ce:given-name>Irina</ce:given-name><ce:surname>Shirokova</ce:surname><ce:contributor-role role="http://credit.niso.org/contributor-roles/resources">Resources</ce:contributor-role><ce:contributor-role role="http://credit.niso.org/contributor-roles/conceptualization">Conceptualization</ce:contributor-role><ce:cross-ref refid="aff0007"><ce:sup loc="post">g</ce:sup></ce:cross-ref></ce:author><ce:author id="au0043" author-id="S2352340921010441-f7ede09082603c944599464db42aea1e" orcid="0000-0003-3396-9590"><ce:given-name>Vyacheslav</ce:given-name><ce:surname>Sinkov</ce:surname><ce:contributor-role role="http://credit.niso.org/contributor-roles/resources">Resources</ce:contributor-role><ce:contributor-role role="http://credit.niso.org/contributor-roles/data-curation">Data curation</ce:contributor-role><ce:cross-ref refid="aff0006"><ce:sup loc="post">f</ce:sup></ce:cross-ref></ce:author><ce:author id="au0044" author-id="S2352340921010441-8969dfdd8b9d632e9673b8bf8e7ac140"><ce:given-name>Svetlana</ce:given-name><ce:surname>Solovieva</ce:surname><ce:contributor-role role="http://credit.niso.org/contributor-roles/resources">Resources</ce:contributor-role><ce:contributor-role role="http://credit.niso.org/contributor-roles/data-curation">Data curation</ce:contributor-role><ce:cross-ref refid="aff0004"><ce:sup loc="post">d</ce:sup></ce:cross-ref></ce:author><ce:author id="au0045" author-id="S2352340921010441-131f94f6b2b32d3e0be2209ad12571ce"><ce:given-name>Elizaveta</ce:given-name><ce:surname>Starikova</ce:surname><ce:contributor-role role="http://credit.niso.org/contributor-roles/writing-review-editing">Writing &#x2013; review &amp; editing</ce:contributor-role><ce:cross-ref refid="aff0001"><ce:sup loc="post">a</ce:sup></ce:cross-ref></ce:author><ce:author id="au0046" author-id="S2352340921010441-2f2a3852a5ae3723c7ac2d23b7f67a03" orcid="0000-0003-2353-6070"><ce:given-name>Polina</ce:given-name><ce:surname>Tikhonova</ce:surname><ce:contributor-role role="http://credit.niso.org/contributor-roles/formal-analysis">Formal analysis</ce:contributor-role><ce:cross-ref refid="aff0001"><ce:sup loc="post">a</ce:sup></ce:cross-ref></ce:author><ce:author id="au0047" author-id="S2352340921010441-6cf310f4ecd3f98acce57753bde77c06"><ce:given-name>Galina</ce:given-name><ce:surname>Trifonova</ce:surname><ce:contributor-role role="http://credit.niso.org/contributor-roles/resources">Resources</ce:contributor-role><ce:contributor-role role="http://credit.niso.org/contributor-roles/methodology">Methodology</ce:contributor-role><ce:cross-ref refid="aff0007"><ce:sup loc="post">g</ce:sup></ce:cross-ref></ce:author><ce:author id="au0048" author-id="S2352340921010441-ff45b5a42ef2b4bdc50dcd96935cc224"><ce:given-name>Alexander</ce:given-name><ce:surname>Troitsky</ce:surname><ce:contributor-role role="http://credit.niso.org/contributor-roles/resources">Resources</ce:contributor-role><ce:contributor-role role="http://credit.niso.org/contributor-roles/methodology">Methodology</ce:contributor-role><ce:cross-ref refid="aff0002"><ce:sup loc="post">b</ce:sup></ce:cross-ref></ce:author><ce:author id="au0049" author-id="S2352340921010441-5573fdf33f58c1ad22f6156db2509e01"><ce:given-name>Alexander</ce:given-name><ce:surname>Tulichev</ce:surname><ce:contributor-role role="http://credit.niso.org/contributor-roles/resources">Resources</ce:contributor-role><ce:contributor-role role="http://credit.niso.org/contributor-roles/conceptualization">Conceptualization</ce:contributor-role><ce:cross-ref refid="aff0007"><ce:sup loc="post">g</ce:sup></ce:cross-ref></ce:author><ce:author id="au0050" author-id="S2352340921010441-2139ec2d196cf48705ae9f1ef903d059"><ce:given-name>Yuri</ce:given-name><ce:surname>Udalov</ce:surname><ce:contributor-role role="http://credit.niso.org/contributor-roles/resources">Resources</ce:contributor-role><ce:contributor-role role="http://credit.niso.org/contributor-roles/methodology">Methodology</ce:contributor-role><ce:cross-ref refid="aff0004"><ce:sup loc="post">d</ce:sup></ce:cross-ref></ce:author><ce:author id="au0051" author-id="S2352340921010441-e42c518e0efaab948e8b1a6f9ae8d0fb"><ce:given-name>Anna</ce:given-name><ce:surname>Varizhuk</ce:surname><ce:contributor-role role="http://credit.niso.org/contributor-roles/resources">Resources</ce:contributor-role><ce:contributor-role role="http://credit.niso.org/contributor-roles/conceptualization">Conceptualization</ce:contributor-role><ce:cross-ref refid="aff0001"><ce:sup loc="post">a</ce:sup></ce:cross-ref></ce:author><ce:author id="au0052" author-id="S2352340921010441-ee0ae8cc477b8a21730985973ffa7c1e"><ce:given-name>Alexander</ce:given-name><ce:surname>Vasiliev</ce:surname><ce:contributor-role role="http://credit.niso.org/contributor-roles/resources">Resources</ce:contributor-role><ce:contributor-role role="http://credit.niso.org/contributor-roles/data-curation">Data curation</ce:contributor-role><ce:cross-ref refid="aff0003"><ce:sup loc="post">c</ce:sup></ce:cross-ref></ce:author><ce:author id="au0053" author-id="S2352340921010441-780f71a54b00136db62214cfe6a9605c"><ce:given-name>Vladimir</ce:given-name><ce:surname>Veselovsky</ce:surname><ce:contributor-role role="http://credit.niso.org/contributor-roles/investigation">Investigation</ce:contributor-role><ce:contributor-role role="http://credit.niso.org/contributor-roles/methodology">Methodology</ce:contributor-role><ce:cross-ref refid="aff0001"><ce:sup loc="post">a</ce:sup></ce:cross-ref></ce:author><ce:author id="au0054" author-id="S2352340921010441-c0720d0ec1ef3f9db97887cd3b05e727"><ce:given-name>Rinat</ce:given-name><ce:surname>Vereshchagin</ce:surname><ce:contributor-role role="http://credit.niso.org/contributor-roles/formal-analysis">Formal analysis</ce:contributor-role><ce:cross-ref refid="aff0001"><ce:sup loc="post">a</ce:sup></ce:cross-ref></ce:author><ce:author id="au0055" author-id="S2352340921010441-f1c48e20d791bd1f9016447e8dd0d0a6"><ce:given-name>Alexey</ce:given-name><ce:surname>Volnukhin</ce:surname><ce:contributor-role role="http://credit.niso.org/contributor-roles/resources">Resources</ce:contributor-role><ce:contributor-role role="http://credit.niso.org/contributor-roles/conceptualization">Conceptualization</ce:contributor-role><ce:cross-ref refid="aff0003"><ce:sup loc="post">c</ce:sup></ce:cross-ref></ce:author><ce:author id="au0056" author-id="S2352340921010441-fec807c338bf0762dd8dd75d20bfbd12" orcid="0000-0003-3056-4889"><ce:given-name>Gaukhar</ce:given-name><ce:surname>Yusubalieva</ce:surname><ce:contributor-role role="http://credit.niso.org/contributor-roles/resources">Resources</ce:contributor-role><ce:contributor-role role="http://credit.niso.org/contributor-roles/data-curation">Data curation</ce:contributor-role><ce:cross-ref refid="aff0002"><ce:sup loc="post">b</ce:sup></ce:cross-ref></ce:author><ce:author id="au0057" author-id="S2352340921010441-59c78b1458e6b460bb432675998c77c6"><ce:given-name>Vadim</ce:given-name><ce:surname>Govorun</ce:surname><ce:contributor-role role="http://credit.niso.org/contributor-roles/project-administration">Project administration</ce:contributor-role><ce:cross-ref refid="aff0001"><ce:sup loc="post">a</ce:sup></ce:cross-ref></ce:author><ce:affiliation id="aff0001" affiliation-id="S2352340921010441-24bb384c385ebb2e341462c1f2c309bb"><ce:label>a</ce:label><ce:textfn id="cetextfn0001">Federal Research and Clinical Center of Physical-Chemical Medicine, Malaya Pirogovskaya, 1a, Moscow 119435, Russian Federation</ce:textfn><sa:affiliation><sa:organization>Federal Research and Clinical Center of Physical-Chemical Medicine</sa:organization><sa:address-line>Malaya Pirogovskaya, 1a</sa:address-line><sa:city>Moscow</sa:city><sa:postal-code>119435</sa:postal-code><sa:country>Russian Federation</sa:country></sa:affiliation><ce:source-text id="staff0001">aFederal Research and Clinical Center of Physical-Chemical Medicine, Malaya Pirogovskaya, 1a, Moscow 119435, Russian Federation</ce:source-text></ce:affiliation><ce:affiliation id="aff0002" affiliation-id="S2352340921010441-d355f8af4fd94de681ea85720e277b72"><ce:label>b</ce:label><ce:textfn id="cetextfn0002">Federal Research and Clinical Center of Specialized Medical Care and Medical Technologies, Orekhovy Boulevard, 28, Moscow 115682, Russian Federation</ce:textfn><sa:affiliation><sa:organization>Federal Research and Clinical Center of Specialized Medical Care and Medical Technologies</sa:organization><sa:address-line>Orekhovy Boulevard, 28</sa:address-line><sa:city>Moscow</sa:city><sa:postal-code>115682</sa:postal-code><sa:country>Russian Federation</sa:country></sa:affiliation><ce:source-text id="staff0002">bFederal Research and Clinical Center of Specialized Medical Care and Medical Technologies, Orekhovy Boulevard, 28, Moscow 115682, Russian Federation</ce:source-text></ce:affiliation><ce:affiliation id="aff0003" affiliation-id="S2352340921010441-d40615875ed021ac4658cd8c005be409"><ce:label>c</ce:label><ce:textfn id="cetextfn0003">City Clinical Hospital named after S.I. Spasokukotsky of Moscow Healthcare Department, Academic Consortium, Vuchetich str, 21, Moscow 127206, Russian Federation</ce:textfn><sa:affiliation><sa:organization>City Clinical Hospital named after S.I. Spasokukotsky of Moscow Healthcare Department</sa:organization><sa:organization>Academic Consortium</sa:organization><sa:address-line>Vuchetich str, 21</sa:address-line><sa:city>Moscow</sa:city><sa:postal-code>127206</sa:postal-code><sa:country>Russian Federation</sa:country></sa:affiliation><ce:source-text id="staff0003">cCity Clinical Hospital named after S.I. Spasokukotsky of Moscow Healthcare Department, Academic Consortium, Vuchetich str, 21, Moscow 127206, Russian Federation</ce:source-text></ce:affiliation><ce:affiliation id="aff0004" affiliation-id="S2352340921010441-1b767eb9d7ea4d169e818b69ffd4a7f8"><ce:label>d</ce:label><ce:textfn id="cetextfn0004">Burnasyan Federal Medical Biophysical Center, Moscow, ul. Marshala Novikova, house 23, Moscow 123098, Russian Federation</ce:textfn><sa:affiliation><sa:organization>Burnasyan Federal Medical Biophysical Center</sa:organization><sa:address-line>Moscow, ul. Marshala Novikova, house 23</sa:address-line><sa:city>Moscow</sa:city><sa:postal-code>123098</sa:postal-code><sa:country>Russian Federation</sa:country></sa:affiliation><ce:source-text id="staff0004">dBurnasyan Federal Medical Biophysical Center, Moscow, ul. Marshala Novikova, house 23, Moscow 123098, Russian Federation</ce:source-text></ce:affiliation><ce:affiliation id="aff0005" affiliation-id="S2352340921010441-55084b3fa1823aac1d2ad5582e8ce76e"><ce:label>e</ce:label><ce:textfn id="cetextfn0005">Hospital of the Russian Academy of Sciences, Oktyabrsky prospect, 3, Troitsk 108840, Russian Federation</ce:textfn><sa:affiliation><sa:organization>Hospital of the Russian Academy of Sciences</sa:organization><sa:address-line>Oktyabrsky prospect, 3</sa:address-line><sa:city>Troitsk</sa:city><sa:postal-code>108840</sa:postal-code><sa:country>Russian Federation</sa:country></sa:affiliation><ce:source-text id="staff0005">eHospital of the Russian Academy of Sciences, Oktyabrsky prospect, 3, Troitsk 108840, Russian Federation</ce:source-text></ce:affiliation><ce:affiliation id="aff0006" affiliation-id="S2352340921010441-9b913cec352f693990bda8b1a9b34508"><ce:label>f</ce:label><ce:textfn id="cetextfn0006">Scientific Centre for Family Health and Human Reproduction Problems, 16 Timiryazev str., Irkutsk 664003, Russian Federation</ce:textfn><sa:affiliation><sa:organization>Scientific Centre for Family Health and Human Reproduction Problems</sa:organization><sa:address-line>16 Timiryazev str.</sa:address-line><sa:city>Irkutsk</sa:city><sa:postal-code>664003</sa:postal-code><sa:country>Russian Federation</sa:country></sa:affiliation><ce:source-text id="staff0006">fScientific Centre for Family Health and Human Reproduction Problems, 16 Timiryazev str., Irkutsk 664003, Russian Federation</ce:source-text></ce:affiliation><ce:affiliation id="aff0007" affiliation-id="S2352340921010441-76cdfa0ebe25e4b7e962a2aa6c1b8ce6"><ce:label>g</ce:label><ce:textfn id="cetextfn0007">Privolzhsky Research Medical University, 10/1, Minin and Pozharsky Sq., Nizhny Novgorod 603950, Russian Federation</ce:textfn><sa:affiliation><sa:organization>Privolzhsky Research Medical University</sa:organization><sa:address-line>10/1, Minin and Pozharsky Sq.</sa:address-line><sa:city>Nizhny Novgorod</sa:city><sa:postal-code>603950</sa:postal-code><sa:country>Russian Federation</sa:country></sa:affiliation><ce:source-text id="staff0007">gPrivolzhsky Research Medical University, 10/1, Minin and Pozharsky Sq., Nizhny Novgorod 603950, Russian Federation</ce:source-text></ce:affiliation><ce:affiliation id="aff0008" affiliation-id="S2352340921010441-6c2d76dfc3323436f91e9b64cbcfe108"><ce:label>h</ce:label><ce:textfn id="cetextfn0008">Kazan Federal University, 18 Kremlyovskaya str, Kazan 420008, Russian Federation</ce:textfn><sa:affiliation><sa:organization>Kazan Federal University,</sa:organization><sa:address-line>18 Kremlyovskaya str</sa:address-line><sa:city>Kazan</sa:city><sa:postal-code>420008</sa:postal-code><sa:country>Russian Federation</sa:country></sa:affiliation><ce:source-text id="staff0008">hKazan Federal University, 18 Kremlyovskaya str, Kazan 420008, Russian Federation</ce:source-text></ce:affiliation><ce:correspondence id="cor0001"><ce:label>&#x204e;</ce:label><ce:text id="cetext0001">Corresponding author.</ce:text></ce:correspondence></ce:author-group><ce:date-received day="25" month="10" year="2021"/><ce:date-revised day="22" month="12" year="2021"/><ce:date-accepted day="27" month="12" year="2021"/><ce:abstract id="abs0001" view="all" class="author"><ce:section-title id="cesectitle0001">Abstract</ce:section-title><ce:abstract-sec id="abss0001" view="all"><ce:simple-para id="spara002" view="all">The SARS-CoV-2 pandemic is a big challenge for humanity. The COVID-19 severity differs significantly from patient to patient, and it is important to study the factors protecting from severe forms of the disease. Respiratory microbiota may influence the patient's susceptibility to infection and disease severity due to its ability to modulate the immune system response of the host organism.</ce:simple-para><ce:simple-para id="spara003" view="all">This data article describes the microbiome dataset from the upper respiratory tract of SARS-CoV-2 positive patients from Russia. This dataset reports the microbial community profile of 335 human nasopharyngeal swabs collected between 2020-05 and 2021-03 during the first and the second epidemic waves. Samples were collected from both inpatients and outpatients in 4 cities of the Russian Federation (Moscow, Kazan, Irkutsk, Nizhny Novgorod) and sequenced using the 16S rRNA gene amplicon sequencing of V3-V4 region. Data contains information about the patient such as age, sex, hospitalization status, percent of damaged lung tissue, oxygen saturation (SpO2), respiratory rate, need for supplemental oxygen, chest computer tomography severity score, SARS-CoV-2 lineage, and also information about smoking and comorbidities.</ce:simple-para><ce:simple-para id="spara004" view="all">The amplicon sequencing data were deposited at NCBI SRA as BioProject PRJNA751478.</ce:simple-para></ce:abstract-sec></ce:abstract><ce:keywords id="keys0001" view="all" class="keyword"><ce:section-title id="cesectitle0002">Keywords</ce:section-title><ce:keyword id="key0001"><ce:text id="cetext0002">SARS-CoV-2</ce:text></ce:keyword><ce:keyword id="key0002"><ce:text id="cetext0003">Microbiome</ce:text></ce:keyword><ce:keyword id="key0003"><ce:text id="cetext0004">16S</ce:text></ce:keyword><ce:keyword id="key0004"><ce:text id="cetext0005">Upper respiratory tract</ce:text></ce:keyword></ce:keywords></ja:head></ja:article></doc:document>
