<doc:document xmlns:doc="http://www.elsevier.com/xml/document/schema" xmlns:dp="http://www.elsevier.com/xml/common/doc-properties/schema" xmlns:cps="http://www.elsevier.com/xml/common/consyn-properties/schema" xmlns:rdf="http://www.w3.org/1999/02/22-rdf-syntax-ns#" xmlns:dct="http://purl.org/dc/terms/" xmlns:prism="http://prismstandard.org/namespaces/basic/2.0/" xmlns:oa="http://vtw.elsevier.com/data/ns/properties/OpenAccess-1/" xmlns:bam="http://vtw.elsevier.com/data/voc/ns/bam-vtw-1/" xmlns:cp="http://vtw.elsevier.com/data/ns/properties/Copyright-1/" xmlns:cja="http://www.elsevier.com/xml/cja/schema" xmlns:ja="http://www.elsevier.com/xml/ja/schema" xmlns:bk="http://www.elsevier.com/xml/bk/schema" xmlns:ce="http://www.elsevier.com/xml/common/schema" xmlns:mml="http://www.w3.org/1998/Math/MathML" xmlns:cals="http://www.elsevier.com/xml/common/cals/schema" xmlns:tb="http://www.elsevier.com/xml/common/table/schema" xmlns:sa="http://www.elsevier.com/xml/common/struct-aff/schema" xmlns:sb="http://www.elsevier.com/xml/common/struct-bib/schema" xmlns:xlink="http://www.w3.org/1999/xlink"><rdf:RDF><rdf:Description rdf:about="http://dx.doi.org/10.1016/j.dib.2021.107514"><dct:format>application/xml</dct:format><dct:title>Dataset for techno-economic analysis of catalytic hydrothermolysis pathway for jet fuel production</dct:title><dct:creator>Sudha Eswaran</dct:creator><dct:creator>Senthil Subramaniam</dct:creator><dct:creator>Scott Geleynse</dct:creator><dct:creator>Kristin Brandt</dct:creator><dct:creator>Michael Wolcott</dct:creator><dct:creator>Xiao Zhang</dct:creator><dct:subject><rdf:Bag><rdf:li>Biofuel</rdf:li><rdf:li>Techno-economic analysis</rdf:li><rdf:li>Catalytic hydrothermolysis</rdf:li><rdf:li>Conversion technologies</rdf:li><rdf:li>Sustainable aviation fuel</rdf:li></rdf:Bag></dct:subject><dct:description>Data in Brief 39 (2021). doi:10.1016/j.dib.2021.107514</dct:description><prism:aggregationType>journal</prism:aggregationType><prism:publicationName>Data in Brief</prism:publicationName><prism:copyright>&#169; 2021 The Authors. Published by Elsevier Inc.</prism:copyright><dct:publisher>Elsevier Inc.</dct:publisher><prism:issn>2352-3409</prism:issn><prism:volume>39</prism:volume><prism:coverDisplayDate>December 2021</prism:coverDisplayDate><prism:doi>10.1016/j.dib.2021.107514</prism:doi><prism:url>http://dx.doi.org/10.1016/j.dib.2021.107514</prism:url><dct:identifier>doi:10.1016/j.dib.2021.107514</dct:identifier><bam:articleNumber>107514</bam:articleNumber><oa:openAccessInformation><oa:openAccessStatus xmlns:xsi="http://www.w3.org/2001/XMLSchema-instance">http://vtw.elsevier.com/data/voc/oa/OpenAccessStatus#Full</oa:openAccessStatus><oa:openAccessEffective xmlns:xsi="http://www.w3.org/2001/XMLSchema-instance">2021-10-21T19:18:16Z</oa:openAccessEffective><oa:sponsor xmlns:xsi="http://www.w3.org/2001/XMLSchema-instance"><oa:sponsorType>http://vtw.elsevier.com/data/voc/oa/SponsorType#Author</oa:sponsorType></oa:sponsor><oa:userLicense xmlns:xsi="http://www.w3.org/2001/XMLSchema-instance">http://creativecommons.org/licenses/by/4.0/</oa:userLicense></oa:openAccessInformation><cp:licenseLine xmlns:xsi="http://www.w3.org/2001/XMLSchema-instance">This is an open access article under the CC BY license.</cp:licenseLine></rdf:Description></rdf:RDF><dp:document-properties><dp:aggregation-type>Journals</dp:aggregation-type><dp:version-number>S300.1</dp:version-number></dp:document-properties><ja:article docsubtype="dat" version="5.6" xml:lang="en"><ja:item-info><ja:jid>DIB</ja:jid><ja:aid>107514</ja:aid><ce:article-number>107514</ce:article-number><ce:pii>S2352-3409(21)00792-7</ce:pii><ce:doi>10.1016/j.dib.2021.107514</ce:doi><ce:document-thread><ce:refers-to-document id="ref0001"><ce:pii>S1364-0321(21)00795-4</ce:pii><ce:doi>10.1016/j.rser.2021.111516</ce:doi></ce:refers-to-document></ce:document-thread><ce:copyright type="unknown" year="2021"/></ja:item-info><ja:head><ce:dochead id="dchd0001"><ce:textfn id="dhtxt0001">Data Article</ce:textfn></ce:dochead><ce:title id="tte0002">Dataset for techno-economic analysis of catalytic hydrothermolysis pathway for jet fuel production</ce:title><ce:author-group id="aut0001"><ce:author id="au0001" author-id="S2352340921007927-75cd0491fdbca92a812eef63e4a7a361"><ce:given-name>Sudha</ce:given-name><ce:surname>Eswaran</ce:surname><ce:contributor-role role="http://credit.niso.org/contributor-roles/methodology">Methodology</ce:contributor-role><ce:contributor-role role="http://credit.niso.org/contributor-roles/formal-analysis">Formal analysis</ce:contributor-role><ce:contributor-role role="http://credit.niso.org/contributor-roles/investigation">Investigation</ce:contributor-role><ce:contributor-role role="http://credit.niso.org/contributor-roles/writing-review-editing">Writing &#x2013; review &amp; editing</ce:contributor-role><ce:cross-ref refid="aff0001"><ce:sup loc="post">a</ce:sup></ce:cross-ref><ce:cross-ref refid="aff0002"><ce:sup loc="post">b</ce:sup></ce:cross-ref></ce:author><ce:author id="au0002" author-id="S2352340921007927-39920b9065b70ff9dd1288d27e858a0f"><ce:given-name>Senthil</ce:given-name><ce:surname>Subramaniam</ce:surname><ce:contributor-role role="http://credit.niso.org/contributor-roles/methodology">Methodology</ce:contributor-role><ce:contributor-role role="http://credit.niso.org/contributor-roles/formal-analysis">Formal analysis</ce:contributor-role><ce:contributor-role role="http://credit.niso.org/contributor-roles/investigation">Investigation</ce:contributor-role><ce:cross-ref refid="aff0001"><ce:sup loc="post">a</ce:sup></ce:cross-ref><ce:cross-ref refid="aff0002"><ce:sup loc="post">b</ce:sup></ce:cross-ref></ce:author><ce:author id="au0003" author-id="S2352340921007927-229c66e23f47bbbd49057cfa16d16b62"><ce:given-name>Scott</ce:given-name><ce:surname>Geleynse</ce:surname><ce:contributor-role role="http://credit.niso.org/contributor-roles/data-curation">Data curation</ce:contributor-role><ce:contributor-role role="http://credit.niso.org/contributor-roles/validation">Validation</ce:contributor-role><ce:cross-ref refid="aff0001"><ce:sup loc="post">a</ce:sup></ce:cross-ref><ce:cross-ref refid="aff0002"><ce:sup loc="post">b</ce:sup></ce:cross-ref></ce:author><ce:author id="au0004" author-id="S2352340921007927-8012475bdcdc7aa548d31df17a1f09b0"><ce:given-name>Kristin</ce:given-name><ce:surname>Brandt</ce:surname><ce:contributor-role role="http://credit.niso.org/contributor-roles/data-curation">Data curation</ce:contributor-role><ce:contributor-role role="http://credit.niso.org/contributor-roles/validation">Validation</ce:contributor-role><ce:contributor-role role="http://credit.niso.org/contributor-roles/writing-review-editing">Writing &#x2013; review &amp; editing</ce:contributor-role><ce:cross-ref refid="aff0003"><ce:sup loc="post">c</ce:sup></ce:cross-ref></ce:author><ce:author id="au0005" author-id="S2352340921007927-b026e6f0b304696cbfe94d10593e9413" orcid="0000-0003-2733-5559"><ce:given-name>Michael</ce:given-name><ce:surname>Wolcott</ce:surname><ce:contributor-role role="http://credit.niso.org/contributor-roles/conceptualization">Conceptualization</ce:contributor-role><ce:contributor-role role="http://credit.niso.org/contributor-roles/supervision">Supervision</ce:contributor-role><ce:cross-ref refid="aff0003"><ce:sup loc="post">c</ce:sup></ce:cross-ref></ce:author><ce:author id="au0006" author-id="S2352340921007927-1deda2e05b397ccaa17bec74ee1b9934"><ce:given-name>Xiao</ce:given-name><ce:surname>Zhang</ce:surname><ce:contributor-role role="http://credit.niso.org/contributor-roles/conceptualization">Conceptualization</ce:contributor-role><ce:contributor-role role="http://credit.niso.org/contributor-roles/data-curation">Data curation</ce:contributor-role><ce:contributor-role role="http://credit.niso.org/contributor-roles/validation">Validation</ce:contributor-role><ce:contributor-role role="http://credit.niso.org/contributor-roles/writing-review-editing">Writing &#x2013; review &amp; editing</ce:contributor-role><ce:contributor-role role="http://credit.niso.org/contributor-roles/supervision">Supervision</ce:contributor-role><ce:cross-ref refid="aff0001"><ce:sup loc="post">a</ce:sup></ce:cross-ref><ce:cross-ref refid="aff0002"><ce:sup loc="post">b</ce:sup></ce:cross-ref><ce:cross-ref refid="cor0001"><ce:sup loc="post">&#x204e;</ce:sup></ce:cross-ref><ce:e-address id="ead0001" type="email" xlink:href="mailto:x.zhang@wsu.edu">x.zhang@wsu.edu</ce:e-address></ce:author><ce:affiliation id="aff0001" affiliation-id="S2352340921007927-f0ccb630d58c2f3ac8ac06478b02742c"><ce:label>a</ce:label><ce:textfn id="cetextfn0001">Bioproducts Sciences and Engineering Laboratory, Washington State University, 2710 Crimson Way, Richland WA 99354 United States</ce:textfn><sa:affiliation><sa:organization>Bioproducts Sciences and Engineering Laboratory</sa:organization><sa:organization>Washington State University</sa:organization><sa:address-line>2710 Crimson Way</sa:address-line><sa:city>Richland</sa:city><sa:state>WA</sa:state><sa:postal-code>99354</sa:postal-code><sa:country>United States</sa:country></sa:affiliation><ce:source-text id="staff0001">aBioproducts Sciences and Engineering Laboratory, Washington State University, 2710 Crimson Way, Richland WA 99354 United States</ce:source-text></ce:affiliation><ce:affiliation id="aff0002" affiliation-id="S2352340921007927-856e33af02c75caac7e75db77635e85a"><ce:label>b</ce:label><ce:textfn id="cetextfn0002">Voiland School of Chemical Engineering and Bioengineering, Washington State University United States</ce:textfn><sa:affiliation><sa:organization>Voiland School of Chemical Engineering and Bioengineering</sa:organization><sa:organization>Washington State University</sa:organization><sa:country>United States</sa:country></sa:affiliation><ce:source-text id="staff0002">bVoiland School of Chemical Engineering and Bioengineering, Washington State University United States</ce:source-text></ce:affiliation><ce:affiliation id="aff0003" affiliation-id="S2352340921007927-29b1e2ae7c288be29a135ad5ef12cfe9"><ce:label>c</ce:label><ce:textfn id="cetextfn0003">Composite Materials Engineering Centre, Washington State University, P.O. Box 645815, Pullman WA 99164 United States</ce:textfn><sa:affiliation><sa:organization>Composite Materials Engineering Centre</sa:organization><sa:organization>Washington State University</sa:organization><sa:address-line>P.O. Box 645815</sa:address-line><sa:city>Pullman</sa:city><sa:state>WA</sa:state><sa:postal-code>99164</sa:postal-code><sa:country>United States</sa:country></sa:affiliation><ce:source-text id="staff0003">cComposite Materials Engineering Centre, Washington State University, P.O. Box 645815, Pullman WA 99164 United States</ce:source-text></ce:affiliation><ce:correspondence id="cor0001"><ce:label>&#x204e;</ce:label><ce:text id="cetext0001">Corresponding author.</ce:text></ce:correspondence></ce:author-group><ce:date-received day="5" month="8" year="2021"/><ce:date-accepted day="20" month="10" year="2021"/><ce:abstract id="abs0001" view="all" class="author"><ce:section-title id="cesectitle0001">Abstract</ce:section-title><ce:abstract-sec id="abss0001" view="all"><ce:simple-para id="spara016" view="all">This detail the economics of Catalytic Hydrothermolysis (CH), an approve pathway for sustainable aviation fuel (SAF) production. Techno-economic analysis was conducted with the assumption of CH processing facility that process 832 metric tonnes per day of feedstock into renewable fuels such as SAF, gasoline and diesel. Economic data includes estimation of renewable fuel production plant cost such as capital and operating cost; cost benefit analysis model to predict the SAF or jet fuel price; regression models to evaluate the cost for co-product such as diesel and petroleum in relation to SAF price. Estimated SAF, gasoline and diesel cost for the feedstock such as carinata oil, soybean oil, yellow grease and brown grease feedstock is included in the data.</ce:simple-para></ce:abstract-sec></ce:abstract><ce:keywords id="keys0001" view="all" class="keyword"><ce:section-title id="cesectitle0002">Keywords</ce:section-title><ce:keyword id="key0001"><ce:text id="cetext0002">Biofuel</ce:text></ce:keyword><ce:keyword id="key0002"><ce:text id="cetext0003">Techno-economic analysis</ce:text></ce:keyword><ce:keyword id="key0003"><ce:text id="cetext0004">Catalytic hydrothermolysis</ce:text></ce:keyword><ce:keyword id="key0004"><ce:text id="cetext0005">Conversion technologies</ce:text></ce:keyword><ce:keyword id="key0005"><ce:text id="cetext0006">Sustainable aviation fuel</ce:text></ce:keyword></ce:keywords></ja:head></ja:article></doc:document>
