<doc:document xmlns:doc="http://www.elsevier.com/xml/document/schema" xmlns:dp="http://www.elsevier.com/xml/common/doc-properties/schema" xmlns:cps="http://www.elsevier.com/xml/common/consyn-properties/schema" xmlns:rdf="http://www.w3.org/1999/02/22-rdf-syntax-ns#" xmlns:dct="http://purl.org/dc/terms/" xmlns:prism="http://prismstandard.org/namespaces/basic/2.0/" xmlns:oa="http://vtw.elsevier.com/data/ns/properties/OpenAccess-1/" xmlns:bam="http://vtw.elsevier.com/data/voc/ns/bam-vtw-1/" xmlns:cp="http://vtw.elsevier.com/data/ns/properties/Copyright-1/" xmlns:cja="http://www.elsevier.com/xml/cja/schema" xmlns:ja="http://www.elsevier.com/xml/ja/schema" xmlns:bk="http://www.elsevier.com/xml/bk/schema" xmlns:ce="http://www.elsevier.com/xml/common/schema" xmlns:mml="http://www.w3.org/1998/Math/MathML" xmlns:cals="http://www.elsevier.com/xml/common/cals/schema" xmlns:tb="http://www.elsevier.com/xml/common/table/schema" xmlns:sa="http://www.elsevier.com/xml/common/struct-aff/schema" xmlns:sb="http://www.elsevier.com/xml/common/struct-bib/schema" xmlns:xlink="http://www.w3.org/1999/xlink"><rdf:RDF><rdf:Description rdf:about="http://dx.doi.org/10.1016/j.dib.2022.107811"><dct:format>application/xml</dct:format><dct:title>Survey data on perceived COVID-19 risk, COVID-19 vaccine perception, and COVID-19 vaccination intention among Vietnamese</dct:title><dct:creator>Phi-Hung Nguyen</dct:creator><dct:creator>Duy Van Nguyen</dct:creator><dct:subject><rdf:Bag><rdf:li>COVID-19</rdf:li><rdf:li>COVID-19 vaccine</rdf:li><rdf:li>Perceived COVID-19 risk</rdf:li><rdf:li>Vaccination intention</rdf:li><rdf:li>Vietnam</rdf:li></rdf:Bag></dct:subject><dct:description>Data in Brief 40 (2022). doi:10.1016/j.dib.2022.107811</dct:description><prism:aggregationType>journal</prism:aggregationType><prism:publicationName>Data in Brief</prism:publicationName><prism:copyright>&#169; 2022 The Author(s). Published by Elsevier Inc.</prism:copyright><dct:publisher>Elsevier Inc.</dct:publisher><prism:issn>2352-3409</prism:issn><prism:volume>40</prism:volume><prism:coverDisplayDate>February 2022</prism:coverDisplayDate><prism:doi>10.1016/j.dib.2022.107811</prism:doi><prism:url>http://dx.doi.org/10.1016/j.dib.2022.107811</prism:url><dct:identifier>doi:10.1016/j.dib.2022.107811</dct:identifier><bam:articleNumber>107811</bam:articleNumber><oa:openAccessInformation><oa:openAccessStatus xmlns:xsi="http://www.w3.org/2001/XMLSchema-instance">http://vtw.elsevier.com/data/voc/oa/OpenAccessStatus#Full</oa:openAccessStatus><oa:openAccessEffective xmlns:xsi="http://www.w3.org/2001/XMLSchema-instance">2022-01-06T15:12:36Z</oa:openAccessEffective><oa:sponsor xmlns:xsi="http://www.w3.org/2001/XMLSchema-instance"><oa:sponsorType>http://vtw.elsevier.com/data/voc/oa/SponsorType#Author</oa:sponsorType></oa:sponsor><oa:userLicense xmlns:xsi="http://www.w3.org/2001/XMLSchema-instance">http://creativecommons.org/licenses/by/4.0/</oa:userLicense></oa:openAccessInformation><cp:licenseLine xmlns:xsi="http://www.w3.org/2001/XMLSchema-instance">This is an open access article under the CC BY license.</cp:licenseLine></rdf:Description></rdf:RDF><dp:document-properties><dp:aggregation-type>Journals</dp:aggregation-type><dp:version-number>S300.1</dp:version-number></dp:document-properties><ja:article docsubtype="dat" version="5.6" xml:lang="en"><ja:item-info><ja:jid>DIB</ja:jid><ja:aid>107811</ja:aid><ce:article-number>107811</ce:article-number><ce:pii>S2352-3409(22)00023-3</ce:pii><ce:doi>10.1016/j.dib.2022.107811</ce:doi><ce:copyright type="other" year="2022">The Author(s)</ce:copyright></ja:item-info><ja:head><ce:dochead id="dchd0001"><ce:textfn id="dhtxt0001">Data Article</ce:textfn></ce:dochead><ce:title id="tte0002">Survey data on perceived COVID-19 risk, COVID-19 vaccine perception, and COVID-19 vaccination intention among Vietnamese</ce:title><ce:author-group id="aut0001"><ce:author id="au0001" author-id="S2352340922000233-607adface811ddb2accce785f6f3ce34" orcid="0000-0003-3372-8287"><ce:given-name>Phi-Hung</ce:given-name><ce:surname>Nguyen</ce:surname><ce:contributor-role role="http://credit.niso.org/contributor-roles/conceptualization">Conceptualization</ce:contributor-role><ce:contributor-role role="http://credit.niso.org/contributor-roles/methodology">Methodology</ce:contributor-role><ce:contributor-role role="http://credit.niso.org/contributor-roles/supervision">Supervision</ce:contributor-role><ce:contributor-role role="http://credit.niso.org/contributor-roles/writing-review-editing">Writing &#x2013; review &amp; editing</ce:contributor-role><ce:contributor-role role="http://credit.niso.org/contributor-roles/resources">Resources</ce:contributor-role><ce:cross-ref refid="aff0001"><ce:sup loc="post">a</ce:sup></ce:cross-ref><ce:cross-ref refid="aff0002"><ce:sup loc="post">b</ce:sup></ce:cross-ref><ce:cross-ref refid="cor0001"><ce:sup loc="post">&#x204e;</ce:sup></ce:cross-ref><ce:e-address id="ead0001" type="email" xlink:href="mailto:hungnp30@fe.edu.vn">hungnp30@fe.edu.vn</ce:e-address></ce:author><ce:author id="au0002" author-id="S2352340922000233-bd72717dd8f7ef602a1a9ea472f134f6" orcid="0000-0001-7730-7092"><ce:given-name>Duy</ce:given-name><ce:surname>Van Nguyen</ce:surname><ce:contributor-role role="http://credit.niso.org/contributor-roles/data-curation">Data curation</ce:contributor-role><ce:contributor-role role="http://credit.niso.org/contributor-roles/formal-analysis">Formal analysis</ce:contributor-role><ce:contributor-role role="http://credit.niso.org/contributor-roles/writing-original-draft">Writing &#x2013; original draft</ce:contributor-role><ce:cross-ref refid="aff0003"><ce:sup loc="post">c</ce:sup></ce:cross-ref></ce:author><ce:affiliation id="aff0001" affiliation-id="S2352340922000233-03af7a6a311ea479885b8cd492c625b2"><ce:label>a</ce:label><ce:textfn id="cetextfn0001">Faculty of Business, FPT University, Hanoi, Vietnam</ce:textfn><sa:affiliation><sa:organization>Faculty of Business</sa:organization><sa:organization>FPT University</sa:organization><sa:city>Hanoi</sa:city><sa:country>Vietnam</sa:country></sa:affiliation><ce:source-text id="staff0001">aFaculty of Business, FPT University, Hanoi, Vietnam</ce:source-text></ce:affiliation><ce:affiliation id="aff0002" affiliation-id="S2352340922000233-3c94bdab61862692684597774addbaf1"><ce:label>b</ce:label><ce:textfn id="cetextfn0002">Department of Business Management, National Taipei University of Technology, Taipei, Taiwan</ce:textfn><sa:affiliation><sa:organization>Department of Business Management</sa:organization><sa:organization>National Taipei University of Technology</sa:organization><sa:city>Taipei</sa:city><sa:country>Taiwan</sa:country></sa:affiliation><ce:source-text id="staff0002">bDepartment of Business Management, National Taipei University of Technology, Taipei, Taiwan</ce:source-text></ce:affiliation><ce:affiliation id="aff0003" affiliation-id="S2352340922000233-aad66de15f15f6ca14ec97ca2a1024ab"><ce:label>c</ce:label><ce:textfn id="cetextfn0003">QAglobal.co, Hanoi, Vietnam</ce:textfn><sa:affiliation><sa:organization>QAglobal.co</sa:organization><sa:city>Hanoi</sa:city><sa:country>Vietnam</sa:country></sa:affiliation><ce:source-text id="staff0003">cQAglobal.co, Hanoi, Vietnam</ce:source-text></ce:affiliation><ce:correspondence id="cor0001"><ce:label>&#x204e;</ce:label><ce:text id="cetext0001">Corresponding author at: Faculty of Business, FPT University, Hanoi, Vietnam.</ce:text><sa:affiliation><sa:organization>Faculty of Business</sa:organization><sa:organization>FPT University</sa:organization><sa:city>Hanoi</sa:city><sa:country>Viet Nam</sa:country></sa:affiliation></ce:correspondence></ce:author-group><ce:date-received day="9" month="8" year="2021"/><ce:date-revised day="4" month="1" year="2022"/><ce:date-accepted day="5" month="1" year="2022"/><ce:abstract id="abs0001" view="all" class="author"><ce:section-title id="cesectitle0001">Abstract</ce:section-title><ce:abstract-sec id="abss0001" view="all"><ce:simple-para id="spara004" view="all">In the context of the COVID-19 response, this study presents an illustrated dataset to examine trust, COVID-19 risk perception, COVID-19 vaccination perception, subject norms, social media and intention to vaccinate among Vietnamese. Our questionnaire was conducted in Vietnamese and then translated into English and distributed to respondents through email and Facebook from June to July 2021, gathering 329 responses. Participation was voluntary, and participants were allowed to withdraw from the survey at any time. Data analysis was carried out using the SPSS 24.0 and Smart PLS 3.0 software packages following data cleansing and coding. The data summarizes respondents' socio-economic and demographic characteristics, and Statistical techniques were deployed to assess the validity and reliability of scales relating to COVID-19 vaccination intention in Vietnam. Additionally, these data will contribute to the existing literature about COVID-19 vaccination perceptions and intention to vaccinate among Vietnamese.</ce:simple-para></ce:abstract-sec></ce:abstract><ce:keywords id="keys0001" view="all" class="keyword"><ce:section-title id="cesectitle0002">Keywords</ce:section-title><ce:keyword id="key0001"><ce:text id="cetext0002">COVID-19</ce:text></ce:keyword><ce:keyword id="key0002"><ce:text id="cetext0003">COVID-19 vaccine</ce:text></ce:keyword><ce:keyword id="key0003"><ce:text id="cetext0004">Perceived COVID-19 risk</ce:text></ce:keyword><ce:keyword id="key0004"><ce:text id="cetext0005">Vaccination intention</ce:text></ce:keyword><ce:keyword id="key0005"><ce:text id="cetext0006">Vietnam</ce:text></ce:keyword></ce:keywords></ja:head></ja:article></doc:document>
