<doc:document xmlns:doc="http://www.elsevier.com/xml/document/schema" xmlns:dp="http://www.elsevier.com/xml/common/doc-properties/schema" xmlns:cps="http://www.elsevier.com/xml/common/consyn-properties/schema" xmlns:rdf="http://www.w3.org/1999/02/22-rdf-syntax-ns#" xmlns:dct="http://purl.org/dc/terms/" xmlns:prism="http://prismstandard.org/namespaces/basic/2.0/" xmlns:oa="http://vtw.elsevier.com/data/ns/properties/OpenAccess-1/" xmlns:bam="http://vtw.elsevier.com/data/voc/ns/bam-vtw-1/" xmlns:cp="http://vtw.elsevier.com/data/ns/properties/Copyright-1/" xmlns:cja="http://www.elsevier.com/xml/cja/schema" xmlns:ja="http://www.elsevier.com/xml/ja/schema" xmlns:bk="http://www.elsevier.com/xml/bk/schema" xmlns:ce="http://www.elsevier.com/xml/common/schema" xmlns:mml="http://www.w3.org/1998/Math/MathML" xmlns:cals="http://www.elsevier.com/xml/common/cals/schema" xmlns:tb="http://www.elsevier.com/xml/common/table/schema" xmlns:sa="http://www.elsevier.com/xml/common/struct-aff/schema" xmlns:sb="http://www.elsevier.com/xml/common/struct-bib/schema" xmlns:xlink="http://www.w3.org/1999/xlink"><rdf:RDF><rdf:Description rdf:about="http://dx.doi.org/10.1016/j.dib.2022.107816"><dct:format>application/xml</dct:format><dct:title>Nitrogen fertilization of intercropped cereal-legume: A potassium, sulfur, magnesium and calcium plant acquisition dataset</dct:title><dct:creator>Edith Le Cadre</dct:creator><dct:creator>Ana Beatriz de Oliveira</dct:creator><dct:creator>Mustapha Arkoun</dct:creator><dct:creator>Jean Claude Yvin</dct:creator><dct:creator>Philippe Hinsinger</dct:creator><dct:subject><rdf:Bag><rdf:li>Plant mixtures</rdf:li><rdf:li>Fertilization</rdf:li><rdf:li>Gradient</rdf:li><rdf:li>Competition</rdf:li><rdf:li>Nutrient</rdf:li><rdf:li>Abiotic stress</rdf:li></rdf:Bag></dct:subject><dct:description>Data in Brief 40 (2022). doi:10.1016/j.dib.2022.107816</dct:description><prism:aggregationType>journal</prism:aggregationType><prism:publicationName>Data in Brief</prism:publicationName><prism:copyright>&#169; 2022 The Authors. Published by Elsevier Inc.</prism:copyright><dct:publisher>Elsevier Inc.</dct:publisher><prism:issn>2352-3409</prism:issn><prism:volume>40</prism:volume><prism:coverDisplayDate>February 2022</prism:coverDisplayDate><prism:doi>10.1016/j.dib.2022.107816</prism:doi><prism:url>http://dx.doi.org/10.1016/j.dib.2022.107816</prism:url><dct:identifier>doi:10.1016/j.dib.2022.107816</dct:identifier><bam:articleNumber>107816</bam:articleNumber><oa:openAccessInformation><oa:openAccessStatus xmlns:xsi="http://www.w3.org/2001/XMLSchema-instance">http://vtw.elsevier.com/data/voc/oa/OpenAccessStatus#Full</oa:openAccessStatus><oa:openAccessEffective xmlns:xsi="http://www.w3.org/2001/XMLSchema-instance">2022-01-07T12:39:09Z</oa:openAccessEffective><oa:sponsor xmlns:xsi="http://www.w3.org/2001/XMLSchema-instance"><oa:sponsorType>http://vtw.elsevier.com/data/voc/oa/SponsorType#Author</oa:sponsorType></oa:sponsor><oa:userLicense xmlns:xsi="http://www.w3.org/2001/XMLSchema-instance">http://creativecommons.org/licenses/by/4.0/</oa:userLicense></oa:openAccessInformation><cp:licenseLine xmlns:xsi="http://www.w3.org/2001/XMLSchema-instance">This is an open access article under the CC BY license.</cp:licenseLine></rdf:Description></rdf:RDF><dp:document-properties><dp:aggregation-type>Journals</dp:aggregation-type><dp:version-number>S300.1</dp:version-number></dp:document-properties><ja:article docsubtype="dat" version="5.6" xml:lang="en"><ja:item-info><ja:jid>DIB</ja:jid><ja:aid>107816</ja:aid><ce:article-number>107816</ce:article-number><ce:pii>S2352-3409(22)00028-2</ce:pii><ce:doi>10.1016/j.dib.2022.107816</ce:doi><ce:copyright type="unknown" year="2022"/></ja:item-info><ja:head><ce:dochead id="dchd0001"><ce:textfn id="dhtxt0001">Data Article</ce:textfn></ce:dochead><ce:title id="tte0002">Nitrogen fertilization of intercropped cereal-legume: A potassium, sulfur, magnesium and calcium plant acquisition dataset</ce:title><ce:author-group id="aut0001"><ce:author id="au0001" author-id="S2352340922000282-569e406ccf789f49dcf31450b2ccf163" orcid="0000-0001-5859-5682"><ce:given-name>Edith</ce:given-name><ce:surname>Le Cadre</ce:surname><ce:contributor-role role="http://credit.niso.org/contributor-roles/conceptualization">Conceptualization</ce:contributor-role><ce:contributor-role role="http://credit.niso.org/contributor-roles/methodology">Methodology</ce:contributor-role><ce:contributor-role role="http://credit.niso.org/contributor-roles/writing-review-editing">Writing &#x2013; review &amp; editing</ce:contributor-role><ce:cross-ref refid="aff0001"><ce:sup loc="post">a</ce:sup></ce:cross-ref><ce:cross-ref refid="cor0001"><ce:sup loc="post">&#x204e;</ce:sup></ce:cross-ref><ce:e-address id="ead0001" type="email" xlink:href="mailto:edith.lecadre@agrocampus-ouest.fr">edith.lecadre@agrocampus-ouest.fr</ce:e-address><ce:e-address id="ea1" type="social-media" xlink:href="https://twitter.com/edith_lcb">@edith_lcb</ce:e-address></ce:author><ce:author id="au0002" author-id="S2352340922000282-de5f79d1c1a52decb1ac77b02ffcaa02"><ce:given-name>Ana Beatriz</ce:given-name><ce:surname>de Oliveira</ce:surname><ce:contributor-role role="http://credit.niso.org/contributor-roles/conceptualization">Conceptualization</ce:contributor-role><ce:contributor-role role="http://credit.niso.org/contributor-roles/methodology">Methodology</ce:contributor-role><ce:contributor-role role="http://credit.niso.org/contributor-roles/writing-review-editing">Writing &#x2013; review &amp; editing</ce:contributor-role><ce:cross-ref refid="aff0001"><ce:sup loc="post">a</ce:sup></ce:cross-ref><ce:cross-ref refid="aff0002"><ce:sup loc="post">b</ce:sup></ce:cross-ref></ce:author><ce:author id="au0003" author-id="S2352340922000282-0449dd5f151ccdc2bd0384c3762c5537" orcid="0000-0002-7676-5494"><ce:given-name>Mustapha</ce:given-name><ce:surname>Arkoun</ce:surname><ce:contributor-role role="http://credit.niso.org/contributor-roles/writing-review-editing">Writing &#x2013; review &amp; editing</ce:contributor-role><ce:cross-ref refid="aff0002"><ce:sup loc="post">b</ce:sup></ce:cross-ref></ce:author><ce:author id="au0004" author-id="S2352340922000282-2919b7925b71b4ead61a7f9e15515d84"><ce:given-name>Jean Claude</ce:given-name><ce:surname>Yvin</ce:surname><ce:contributor-role role="http://credit.niso.org/contributor-roles/writing-review-editing">Writing &#x2013; review &amp; editing</ce:contributor-role><ce:cross-ref refid="aff0002"><ce:sup loc="post">b</ce:sup></ce:cross-ref></ce:author><ce:author id="au0005" author-id="S2352340922000282-a3da6c55936ec9c3114cc9b1ca0d2f31"><ce:given-name>Philippe</ce:given-name><ce:surname>Hinsinger</ce:surname><ce:contributor-role role="http://credit.niso.org/contributor-roles/conceptualization">Conceptualization</ce:contributor-role><ce:contributor-role role="http://credit.niso.org/contributor-roles/writing-review-editing">Writing &#x2013; review &amp; editing</ce:contributor-role><ce:cross-ref refid="aff0003"><ce:sup loc="post">c</ce:sup></ce:cross-ref></ce:author><ce:affiliation id="aff0001" affiliation-id="S2352340922000282-f3490e56467901307c82073f00a5369f"><ce:label>a</ce:label><ce:textfn id="cetextfn0001">SAS, INRAE, Institut Agro, Rennes 35042, France</ce:textfn><sa:affiliation><sa:organization>SAS</sa:organization><sa:organization>INRAE</sa:organization><sa:organization>Institut Agro</sa:organization><sa:city>Rennes</sa:city><sa:postal-code>35042</sa:postal-code><sa:country>France</sa:country></sa:affiliation><ce:source-text id="staff0001">aSAS, INRAE, Institute Agro, Rennes 35042, France</ce:source-text></ce:affiliation><ce:affiliation id="aff0002" affiliation-id="S2352340922000282-cec27cfcac493202e405fa90f07574a0"><ce:label>b</ce:label><ce:textfn id="cetextfn0002">Centre Mondial de l'Innovation, Saint Malo, France</ce:textfn><sa:affiliation><sa:organization>Center Mondial de l'Innovation</sa:organization><sa:city>Saint Malo</sa:city><sa:country>France</sa:country></sa:affiliation><ce:source-text id="staff0002">bCenter Mondial de l'Innovation, Saint Malo, France</ce:source-text></ce:affiliation><ce:affiliation id="aff0003" affiliation-id="S2352340922000282-6a097b6d2fe69392ed27df2aadf1e179"><ce:label>c</ce:label><ce:textfn id="cetextfn0003">INRAE, CIRAD, IRD, University Montpellier, Institut Agro, Montpellier, France</ce:textfn><sa:affiliation><sa:organization>INRAE</sa:organization><sa:organization>CIRAD</sa:organization><sa:organization>IRD</sa:organization><sa:organization>University Montpellier</sa:organization><sa:organization>Institute Agro</sa:organization><sa:city>Montpellier</sa:city><sa:country>France</sa:country></sa:affiliation><ce:source-text id="staff0003">cINRAE, CIRAD, IRD, University Montpellier, Institute Agro, Montpellier, France</ce:source-text></ce:affiliation><ce:correspondence id="cor0001"><ce:label>&#x204e;</ce:label><ce:text id="cetext0001">Corresponding author.</ce:text></ce:correspondence></ce:author-group><ce:date-received day="14" month="12" year="2021"/><ce:date-accepted day="6" month="1" year="2022"/><ce:abstract id="abs0001" view="all" class="author"><ce:section-title id="cesectitle0001">Abstract</ce:section-title><ce:abstract-sec id="abss0001" view="all"><ce:simple-para id="spara007" view="all">Cereal-legume mixture is a well-known successful intercrop model for an efficient use of soil nutrients [1,2]. Effects of mineral N gradient on the acquisition of major nutrients: potassium (K), calcium (Ca), magnesium (Mg) and sulfur (S) is presented. A greenhouse pot experiment was conducted with wheat (Triticum aestivum L. cv. Lennox) and white lupin (Lupinus albus L. cv. Feodora) grown as sole crops and intercropped along a soil mineral N gradient obtained by <ce:sup loc="post">15</ce:sup>N addition. Plants were harvested at flowering stage and dry weights of shoots and roots were measured. Potassium, calcium, magnesium and sulfur concentrations in shoots and roots were determined by Inductively Coupled Plasma Mass Spectrometry (ICP-MS).</ce:simple-para></ce:abstract-sec></ce:abstract><ce:keywords id="keys0001" view="all" class="keyword"><ce:section-title id="cesectitle0002">Keywords</ce:section-title><ce:keyword id="key0001"><ce:text id="cetext0002">Plant mixtures</ce:text></ce:keyword><ce:keyword id="key0002"><ce:text id="cetext0003">Fertilization</ce:text></ce:keyword><ce:keyword id="key0003"><ce:text id="cetext0004">Gradient</ce:text></ce:keyword><ce:keyword id="key0004"><ce:text id="cetext0005">Competition</ce:text></ce:keyword><ce:keyword id="key0005"><ce:text id="cetext0006">Nutrient</ce:text></ce:keyword><ce:keyword id="key0006"><ce:text id="cetext0007">Abiotic stress</ce:text></ce:keyword></ce:keywords></ja:head></ja:article></doc:document>
