<doc:document xmlns:doc="http://www.elsevier.com/xml/document/schema" xmlns:dp="http://www.elsevier.com/xml/common/doc-properties/schema" xmlns:cps="http://www.elsevier.com/xml/common/consyn-properties/schema" xmlns:rdf="http://www.w3.org/1999/02/22-rdf-syntax-ns#" xmlns:dct="http://purl.org/dc/terms/" xmlns:prism="http://prismstandard.org/namespaces/basic/2.0/" xmlns:oa="http://vtw.elsevier.com/data/ns/properties/OpenAccess-1/" xmlns:bam="http://vtw.elsevier.com/data/voc/ns/bam-vtw-1/" xmlns:cp="http://vtw.elsevier.com/data/ns/properties/Copyright-1/" xmlns:cja="http://www.elsevier.com/xml/cja/schema" xmlns:ja="http://www.elsevier.com/xml/ja/schema" xmlns:bk="http://www.elsevier.com/xml/bk/schema" xmlns:ce="http://www.elsevier.com/xml/common/schema" xmlns:mml="http://www.w3.org/1998/Math/MathML" xmlns:cals="http://www.elsevier.com/xml/common/cals/schema" xmlns:tb="http://www.elsevier.com/xml/common/table/schema" xmlns:sa="http://www.elsevier.com/xml/common/struct-aff/schema" xmlns:sb="http://www.elsevier.com/xml/common/struct-bib/schema" xmlns:xlink="http://www.w3.org/1999/xlink"><rdf:RDF><rdf:Description rdf:about="http://dx.doi.org/10.1016/j.dib.2021.107718"><dct:format>application/xml</dct:format><dct:title>Pooled dataset on entrepreneurial characteristics of undergraduates in selected universities in Nigeria</dct:title><dct:creator>Adedayo Olofinyehun</dct:creator><dct:creator>Abiodun Egbetokun</dct:creator><dct:creator>Caleb Adelowo</dct:creator><dct:subject><rdf:Bag><rdf:li>Entrepreneurship interest</rdf:li><rdf:li>Entrepreneurship experience</rdf:li><rdf:li>Undergraduates</rdf:li><rdf:li>Nigeria</rdf:li></rdf:Bag></dct:subject><dct:description>Data in Brief, Uncorrected proof. doi:10.1016/j.dib.2021.107718</dct:description><prism:aggregationType>journal</prism:aggregationType><prism:publicationName>Data in Brief</prism:publicationName><prism:copyright>&#169; 2021 The Author(s). Published by Elsevier Inc.</prism:copyright><dct:publisher>Elsevier Inc.</dct:publisher><prism:issn>2352-3409</prism:issn><prism:doi>10.1016/j.dib.2021.107718</prism:doi><prism:url>http://dx.doi.org/10.1016/j.dib.2021.107718</prism:url><dct:identifier>doi:10.1016/j.dib.2021.107718</dct:identifier><bam:articleNumber>107718</bam:articleNumber><oa:openAccessInformation><oa:openAccessStatus xmlns:xsi="http://www.w3.org/2001/XMLSchema-instance">http://vtw.elsevier.com/data/voc/oa/OpenAccessStatus#Full</oa:openAccessStatus><oa:openAccessEffective xmlns:xsi="http://www.w3.org/2001/XMLSchema-instance">2021-12-14T16:20:05Z</oa:openAccessEffective><oa:sponsor xmlns:xsi="http://www.w3.org/2001/XMLSchema-instance"><oa:sponsorType>http://vtw.elsevier.com/data/voc/oa/SponsorType#Author</oa:sponsorType></oa:sponsor><oa:userLicense xmlns:xsi="http://www.w3.org/2001/XMLSchema-instance">http://creativecommons.org/licenses/by/4.0/</oa:userLicense></oa:openAccessInformation><cp:licenseLine xmlns:xsi="http://www.w3.org/2001/XMLSchema-instance">This is an open access article under the CC BY license.</cp:licenseLine></rdf:Description></rdf:RDF><dp:document-properties><dp:aggregation-type>Journals</dp:aggregation-type><dp:version-number>S100.1</dp:version-number></dp:document-properties><ja:article docsubtype="dat" version="5.6" xml:lang="en"><ja:item-info><ja:jid>DIB</ja:jid><ja:aid>107718</ja:aid><ce:article-number>107718</ce:article-number><ce:pii>S2352-3409(21)00993-8</ce:pii><ce:doi>10.1016/j.dib.2021.107718</ce:doi><ce:copyright type="unknown" year="2021"/></ja:item-info><ja:head><ce:dochead id="dchd0001"><ce:textfn id="dhtxt0001">Data Article</ce:textfn></ce:dochead><ce:title id="tte0002">Pooled dataset on entrepreneurial characteristics of undergraduates in selected universities in Nigeria</ce:title><ce:author-group id="aut0001"><ce:author id="au0001" author-id="S2352340921009938-67e11658fdb22e5fe59d8e0142a1d96f" orcid="0000-0002-7704-9772"><ce:given-name>Adedayo</ce:given-name><ce:surname>Olofinyehun</ce:surname><ce:contributor-role role="http://credit.niso.org/contributor-roles/conceptualization">Conceptualization</ce:contributor-role><ce:contributor-role role="http://credit.niso.org/contributor-roles/data-curation">Data curation</ce:contributor-role><ce:contributor-role role="http://credit.niso.org/contributor-roles/investigation">Investigation</ce:contributor-role><ce:contributor-role role="http://credit.niso.org/contributor-roles/methodology">Methodology</ce:contributor-role><ce:contributor-role role="http://credit.niso.org/contributor-roles/writing-original-draft">Writing &#x2013; original draft</ce:contributor-role><ce:cross-ref refid="aff0001"><ce:sup loc="post">a</ce:sup></ce:cross-ref><ce:cross-ref refid="cor0001"><ce:sup loc="post">&#x204e;</ce:sup></ce:cross-ref><ce:e-address id="ead0001" type="email" xlink:href="mailto:Adedayo.Olofinyehun@nacetem.gov.ng">Adedayo.Olofinyehun@nacetem.gov.ng</ce:e-address></ce:author><ce:author id="au0002" author-id="S2352340921009938-d8642874382bc1617acca4068b16cf69" orcid="0000-0002-2069-7648"><ce:given-name>Abiodun</ce:given-name><ce:surname>Egbetokun</ce:surname><ce:contributor-role role="http://credit.niso.org/contributor-roles/conceptualization">Conceptualization</ce:contributor-role><ce:contributor-role role="http://credit.niso.org/contributor-roles/investigation">Investigation</ce:contributor-role><ce:contributor-role role="http://credit.niso.org/contributor-roles/funding-acquisition">Funding acquisition</ce:contributor-role><ce:contributor-role role="http://credit.niso.org/contributor-roles/methodology">Methodology</ce:contributor-role><ce:contributor-role role="http://credit.niso.org/contributor-roles/data-curation">Data curation</ce:contributor-role><ce:contributor-role role="http://credit.niso.org/contributor-roles/writing-review-editing">Writing &#x2013; review &amp; editing</ce:contributor-role><ce:cross-ref refid="aff0001"><ce:sup loc="post">a</ce:sup></ce:cross-ref></ce:author><ce:author id="au0003" author-id="S2352340921009938-8cd9f39e5af845cc0a5e4b4e9f57e3f9" orcid="0000-0002-4578-5708"><ce:given-name>Caleb</ce:given-name><ce:surname>Adelowo</ce:surname><ce:contributor-role role="http://credit.niso.org/contributor-roles/investigation">Investigation</ce:contributor-role><ce:contributor-role role="http://credit.niso.org/contributor-roles/funding-acquisition">Funding acquisition</ce:contributor-role><ce:contributor-role role="http://credit.niso.org/contributor-roles/writing-review-editing">Writing &#x2013; review &amp; editing</ce:contributor-role><ce:cross-ref refid="aff0001"><ce:sup loc="post">a</ce:sup></ce:cross-ref><ce:cross-ref refid="aff0002"><ce:sup loc="post">b</ce:sup></ce:cross-ref></ce:author><ce:affiliation id="aff0001" affiliation-id="S2352340921009938-0586abd0398d0e6e7dac4cdecaf0ffc3"><ce:label>a</ce:label><ce:textfn id="cetextfn0001">National Centre for Technology Management, Ile-Ife, Nigeria</ce:textfn><sa:affiliation><sa:organization>National Centre for Technology Management</sa:organization><sa:city>Ile-Ife</sa:city><sa:country>Nigeria</sa:country></sa:affiliation><ce:source-text id="staff0001">aNational Centre for Technology Management, Ile-Ife, Nigeria</ce:source-text></ce:affiliation><ce:affiliation id="aff0002" affiliation-id="S2352340921009938-02d23c030fa3e047a85806ca784dd919"><ce:label>b</ce:label><ce:textfn id="cetextfn0002">North-West University, Potchefstroom, South Africa</ce:textfn><sa:affiliation><sa:organization>North-West University</sa:organization><sa:city>Potchefstroom</sa:city><sa:country>South Africa</sa:country></sa:affiliation><ce:source-text id="staff0002">bNorth-West University, Potchefstroom, South Africa</ce:source-text></ce:affiliation><ce:correspondence id="cor0001"><ce:label>&#x204e;</ce:label><ce:text id="cetext0001">Corresponding author.</ce:text></ce:correspondence></ce:author-group><ce:date-received day="26" month="8" year="2021"/><ce:date-revised day="16" month="11" year="2021"/><ce:date-accepted day="13" month="12" year="2021"/><ce:abstract id="abs0001" view="all" class="author"><ce:section-title id="cesectitle0001">Abstract</ce:section-title><ce:abstract-sec id="abss0001" view="all"><ce:simple-para id="spara004" view="all">This pooled dataset presents data collected through four (4) sequential cross-sectional surveys of undergraduates in six (6) selected Nigerian universities. The data were collected from a total of 12,615 undergraduates studying courses in the social sciences, sciences and engineering disciplines. The surveys assessed entrepreneurship interest, background and experience of the respondents. The dataset is useful for research, policy and practice in several ways. Coming from surveys repeated at intervals of between four and five years, the dataset allows for an assessment of the impacts of the compulsory entrepreneurship training that was introduced in the Nigerian university system at about the time of the first survey. It can also be used to quantify the potential pool of future entrepreneurs among the highly educated Nigerian youth. Additionally, the dataset presents a full entrepreneurship profile of a very large pooled cross-sectional sample of educated young people in the largest and most populous nation in sub-Saharan Africa. Consequently, researchers, policymakers, donors and other development practitioners seeking to characterize and design appropriate interventions for youths in the developing world will find this dataset valuable.</ce:simple-para></ce:abstract-sec></ce:abstract><ce:keywords id="keys0001" view="all" class="keyword"><ce:section-title id="cesectitle0002">Keywords</ce:section-title><ce:keyword id="key0001"><ce:text id="cetext0002">Entrepreneurship interest</ce:text></ce:keyword><ce:keyword id="key0002"><ce:text id="cetext0003">Entrepreneurship experience</ce:text></ce:keyword><ce:keyword id="key0003"><ce:text id="cetext0004">Undergraduates</ce:text></ce:keyword><ce:keyword id="key0004"><ce:text id="cetext0005">Nigeria</ce:text></ce:keyword></ce:keywords><ce:keywords id="keys0002" class="abr" view="all"><ce:section-title id="cesectitle0003">Abbreviations</ce:section-title><ce:keyword id="key0005"><ce:text id="cetext0006">ABU</ce:text><ce:keyword id="key6a"><ce:text id="cetext6a">Ahmadu-Belllo University</ce:text></ce:keyword></ce:keyword><ce:keyword id="key0006"><ce:text id="cetext0007">CEPR</ce:text><ce:keyword id="key7a"><ce:text id="cetext7a">Centre for Economic Policy Research</ce:text></ce:keyword></ce:keyword><ce:keyword id="key0007"><ce:text id="cetext0008">CGPA</ce:text><ce:keyword id="key8a"><ce:text id="cetext8a">Cumulative Grade Point Average</ce:text></ce:keyword></ce:keyword><ce:keyword id="key0008"><ce:text id="cetext0009">CU</ce:text><ce:keyword id="key9a"><ce:text id="cetext9a">Covenant University</ce:text></ce:keyword></ce:keyword><ce:keyword id="key0009"><ce:text id="cetext0010">DFID</ce:text><ce:keyword id="key10a"><ce:text id="cetext10a">Department for International Development</ce:text></ce:keyword></ce:keyword><ce:keyword id="key0010"><ce:text id="cetext0011">DiD</ce:text><ce:keyword id="key11a"><ce:text id="cetext11a">Difference-in-Differences</ce:text></ce:keyword></ce:keyword><ce:keyword id="key0011"><ce:text id="cetext0012">EDC</ce:text><ce:keyword id="key12a"><ce:text id="cetext12a">Entrepreneurship Development Centre</ce:text></ce:keyword></ce:keyword><ce:keyword id="key0012"><ce:text id="cetext0013">FMST</ce:text><ce:keyword id="key13a"><ce:text id="cetext13a">Federal Ministry of Science and Technology</ce:text></ce:keyword></ce:keyword><ce:keyword id="key0013"><ce:text id="cetext0014">FUNAAB</ce:text><ce:keyword id="key14a"><ce:text id="cetext14a">Federal University of Agriculture, Abeokuta</ce:text></ce:keyword></ce:keyword><ce:keyword id="key0014"><ce:text id="cetext0015">FUTMinna</ce:text><ce:keyword id="key15a"><ce:text id="cetext15a">Federal University of Technology, Minna</ce:text></ce:keyword></ce:keyword><ce:keyword id="key0015"><ce:text id="cetext0016">GEM</ce:text><ce:keyword id="key16a"><ce:text id="cetext16a">Global Entrepreneurship Monitor</ce:text></ce:keyword></ce:keyword><ce:keyword id="key0016"><ce:text id="cetext0017">GUESSS</ce:text><ce:keyword id="key17a"><ce:text id="cetext17a">Global University Entrepreneurial Spirit Students&#x2019; Survey</ce:text></ce:keyword></ce:keyword><ce:keyword id="key0017"><ce:text id="cetext0018">JAMB</ce:text><ce:keyword id="key18a"><ce:text id="cetext18a">Joint Admissions and Matriculations Board</ce:text></ce:keyword></ce:keyword><ce:keyword id="key0018"><ce:text id="cetext0019">NACETEM</ce:text><ce:keyword id="key19a"><ce:text id="cetext19a">National Centre for Technology Management</ce:text></ce:keyword></ce:keyword><ce:keyword id="key0019"><ce:text id="cetext0020">NUC</ce:text><ce:keyword id="key20a"><ce:text id="cetext20a">National Universities Commission</ce:text></ce:keyword></ce:keyword><ce:keyword id="key0020"><ce:text id="cetext0021">OAU</ce:text><ce:keyword id="key21a"><ce:text id="cetext21a">Obafemi Awolowo University</ce:text></ce:keyword></ce:keyword><ce:keyword id="key0021"><ce:text id="cetext0022">PECS</ce:text><ce:keyword id="key22a"><ce:text id="cetext22a">Personal Entrepreneurship Characteristics</ce:text></ce:keyword></ce:keyword><ce:keyword id="key0022"><ce:text id="cetext0023">PEDL</ce:text><ce:keyword id="key23a"><ce:text id="cetext23a">Private Enterprise Development in Low-Income Countries</ce:text></ce:keyword></ce:keyword><ce:keyword id="key0023"><ce:text id="cetext0024">STEP-B</ce:text><ce:keyword id="key24a"><ce:text id="cetext24a">Science and Technology Education Post-Basic</ce:text></ce:keyword></ce:keyword><ce:keyword id="key0024"><ce:text id="cetext0025">UNILAG</ce:text><ce:keyword id="key25a"><ce:text id="cetext25a">University of Lagos</ce:text></ce:keyword></ce:keyword></ce:keywords></ja:head></ja:article></doc:document>
