<doc:document xmlns:doc="http://www.elsevier.com/xml/document/schema" xmlns:dp="http://www.elsevier.com/xml/common/doc-properties/schema" xmlns:cps="http://www.elsevier.com/xml/common/consyn-properties/schema" xmlns:rdf="http://www.w3.org/1999/02/22-rdf-syntax-ns#" xmlns:dct="http://purl.org/dc/terms/" xmlns:prism="http://prismstandard.org/namespaces/basic/2.0/" xmlns:oa="http://vtw.elsevier.com/data/ns/properties/OpenAccess-1/" xmlns:bam="http://vtw.elsevier.com/data/voc/ns/bam-vtw-1/" xmlns:cp="http://vtw.elsevier.com/data/ns/properties/Copyright-1/" xmlns:cja="http://www.elsevier.com/xml/cja/schema" xmlns:ja="http://www.elsevier.com/xml/ja/schema" xmlns:bk="http://www.elsevier.com/xml/bk/schema" xmlns:ce="http://www.elsevier.com/xml/common/schema" xmlns:mml="http://www.w3.org/1998/Math/MathML" xmlns:cals="http://www.elsevier.com/xml/common/cals/schema" xmlns:tb="http://www.elsevier.com/xml/common/table/schema" xmlns:sa="http://www.elsevier.com/xml/common/struct-aff/schema" xmlns:sb="http://www.elsevier.com/xml/common/struct-bib/schema" xmlns:xlink="http://www.w3.org/1999/xlink"><rdf:RDF><rdf:Description rdf:about="http://dx.doi.org/10.1016/j.dib.2021.107758"><dct:format>application/xml</dct:format><dct:title>Dataset regarding the mechanical properties of roads unbound treated with synthetic fluid based on isoalkane and tall oil</dct:title><dct:creator>Diego Maria Barbieri</dct:creator><dct:creator>Baowen Lou</dct:creator><dct:creator>Robert Jason Dyke</dct:creator><dct:creator>Hao Chen</dct:creator><dct:creator>Fusong Wang</dct:creator><dct:creator>Billy Connor</dct:creator><dct:creator>Inge Hoff</dct:creator><dct:subject><rdf:Bag><rdf:li>Stabilized roads unbound</rdf:li><rdf:li>Isoalkane</rdf:li><rdf:li>Tall oil pitch</rdf:li><rdf:li>Repeated load triaxial test</rdf:li><rdf:li>Freeze-thaw cycles</rdf:li><rdf:li>Rolling bottle test</rdf:li></rdf:Bag></dct:subject><dct:description>Data in Brief 40 (2022). doi:10.1016/j.dib.2021.107758</dct:description><prism:aggregationType>journal</prism:aggregationType><prism:publicationName>Data in Brief</prism:publicationName><prism:copyright>&#169; 2021 The Author(s). Published by Elsevier Inc.</prism:copyright><dct:publisher>Elsevier Inc.</dct:publisher><prism:issn>2352-3409</prism:issn><prism:volume>40</prism:volume><prism:coverDisplayDate>February 2022</prism:coverDisplayDate><prism:doi>10.1016/j.dib.2021.107758</prism:doi><prism:url>http://dx.doi.org/10.1016/j.dib.2021.107758</prism:url><dct:identifier>doi:10.1016/j.dib.2021.107758</dct:identifier><bam:articleNumber>107758</bam:articleNumber><oa:openAccessInformation><oa:openAccessStatus xmlns:xsi="http://www.w3.org/2001/XMLSchema-instance">http://vtw.elsevier.com/data/voc/oa/OpenAccessStatus#Full</oa:openAccessStatus><oa:openAccessEffective xmlns:xsi="http://www.w3.org/2001/XMLSchema-instance">2021-12-22T19:20:05Z</oa:openAccessEffective><oa:sponsor xmlns:xsi="http://www.w3.org/2001/XMLSchema-instance"><oa:sponsorName>Norway institutes 2021</oa:sponsorName><oa:sponsorType>http://vtw.elsevier.com/data/voc/oa/SponsorType#FundingBody</oa:sponsorType></oa:sponsor><oa:userLicense xmlns:xsi="http://www.w3.org/2001/XMLSchema-instance">http://creativecommons.org/licenses/by/4.0/</oa:userLicense></oa:openAccessInformation><cp:licenseLine xmlns:xsi="http://www.w3.org/2001/XMLSchema-instance">This is an open access article under the CC BY license.</cp:licenseLine></rdf:Description></rdf:RDF><dp:document-properties><dp:aggregation-type>Journals</dp:aggregation-type><dp:version-number>S300.1</dp:version-number></dp:document-properties><ja:article docsubtype="dat" version="5.6" xml:lang="en"><ja:item-info><ja:jid>DIB</ja:jid><ja:aid>107758</ja:aid><ce:article-number>107758</ce:article-number><ce:pii>S2352-3409(21)01033-7</ce:pii><ce:doi>10.1016/j.dib.2021.107758</ce:doi><ce:document-thread><ce:refers-to-document id="ref0001"><ce:pii>S2214-3912(21)00191-4</ce:pii><ce:doi>10.1016/j.trgeo.2021.100701</ce:doi></ce:refers-to-document></ce:document-thread><ce:copyright type="unknown" year="2021"/></ja:item-info><ja:head><ce:article-footnote><ce:note-para id="notep0008" view="all">Co-submitted with: Mechanical Properties of Roads Unbound Treated with Synthetic Fluid Based on Isoalkane and Tall Oil, Transportation Geotechnics</ce:note-para></ce:article-footnote><ce:dochead id="dchd0001"><ce:textfn id="dhtxt0001">Data Article</ce:textfn></ce:dochead><ce:title id="tte0002">Dataset regarding the mechanical properties of roads unbound treated with synthetic fluid based on isoalkane and tall oil</ce:title><ce:author-group id="aut0001"><ce:author id="au0001" author-id="S2352340921010337-dff012c91d3e90ee128f7d61f7eed236"><ce:given-name>Diego Maria</ce:given-name><ce:surname>Barbieri</ce:surname><ce:cross-ref refid="cor0001"><ce:sup loc="post">&#x204e;</ce:sup></ce:cross-ref><ce:cross-ref refid="aff0001"><ce:sup loc="post">a</ce:sup></ce:cross-ref><ce:e-address id="ead0001" type="email" xlink:href="mailto:diego.barbieri@ntnu.no">diego.barbieri@ntnu.no</ce:e-address></ce:author><ce:author id="au0002" author-id="S2352340921010337-8f7d25a87163aef31499936a31a5c812"><ce:given-name>Baowen</ce:given-name><ce:surname>Lou</ce:surname><ce:cross-ref refid="aff0001"><ce:sup loc="post">a</ce:sup></ce:cross-ref><ce:cross-ref refid="aff0002"><ce:sup loc="post">b</ce:sup></ce:cross-ref><ce:e-address id="ead0002" type="email" xlink:href="mailto:baowen.lou@ntnu.no">baowen.lou@ntnu.no</ce:e-address><ce:e-address id="ead0003" type="email" xlink:href="mailto:loubaowen@chd.edu.cn">loubaowen@chd.edu.cn</ce:e-address></ce:author><ce:author id="au0003" author-id="S2352340921010337-cc42b5ad46550d9f7572ab2566165c8d"><ce:given-name>Robert Jason</ce:given-name><ce:surname>Dyke</ce:surname><ce:cross-ref refid="aff0003"><ce:sup loc="post">c</ce:sup></ce:cross-ref><ce:e-address id="crf0007a" type="email" xlink:href="mailto:dykej.robert@gmail.com">dykej.robert@gmail.com</ce:e-address></ce:author><ce:author id="au0004" author-id="S2352340921010337-b612d2bfd1862326766b0ba5272a3c66"><ce:given-name>Hao</ce:given-name><ce:surname>Chen</ce:surname><ce:cross-ref refid="aff0001"><ce:sup loc="post">a</ce:sup></ce:cross-ref><ce:e-address id="ead0004" type="email" xlink:href="mailto:hao.chen@ntnu.no">hao.chen@ntnu.no</ce:e-address></ce:author><ce:author id="au0005" author-id="S2352340921010337-3b79393f7d79da81567e181da6f67afb"><ce:given-name>Fusong</ce:given-name><ce:surname>Wang</ce:surname><ce:cross-ref refid="aff0004"><ce:sup loc="post">d</ce:sup></ce:cross-ref><ce:e-address id="ead0005" type="email" xlink:href="mailto:wangfs@whut.edu.cn">wangfs@whut.edu.cn</ce:e-address></ce:author><ce:author id="au0006" author-id="S2352340921010337-a900c7e06eec4ddafc4189820f74dfe5"><ce:given-name>Billy</ce:given-name><ce:surname>Connor</ce:surname><ce:cross-ref refid="aff0005"><ce:sup loc="post">e</ce:sup></ce:cross-ref><ce:e-address id="ead0006" type="email" xlink:href="mailto:bgconnor@alaska.edu">bgconnor@alaska.edu</ce:e-address></ce:author><ce:author id="au0007" author-id="S2352340921010337-387ba6528604876479222f9de04aa1bf"><ce:given-name>Inge</ce:given-name><ce:surname>Hoff</ce:surname><ce:cross-ref refid="aff0001"><ce:sup loc="post">a</ce:sup></ce:cross-ref><ce:e-address id="ead0007" type="email" xlink:href="mailto:inge.hoff@ntnu.no">inge.hoff@ntnu.no</ce:e-address></ce:author><ce:affiliation id="aff0001" affiliation-id="S2352340921010337-cb7c0c236102007b271db66691927e9b"><ce:label>a</ce:label><ce:textfn id="cetextfn0001">Norwegian University of Science and Technology, Department of Civil and Environmental Engineering, H&#248;gskoleringen 7A, Trondheim, Tr&#248;ndelag 7491, Norway</ce:textfn><sa:affiliation><sa:organization>Norwegian University of Science and Technology</sa:organization><sa:organization>Department of Civil and Environmental Engineering</sa:organization><sa:address-line>H&#248;gskoleringen 7A</sa:address-line><sa:city>Trondheim</sa:city><sa:state>Tr&#248;ndelag</sa:state><sa:postal-code>7491</sa:postal-code><sa:country>Norway</sa:country></sa:affiliation><ce:source-text id="staff0001">aNorwegian University of Science and Technology, Department of Civil and Environmental Engineering, H&#248;gskoleringen 7A, Trondheim, Tr&#248;ndelag 7491, Norway</ce:source-text></ce:affiliation><ce:affiliation id="aff0002" affiliation-id="S2352340921010337-8348ee681d6785fa67ff8bcbd2073384"><ce:label>b</ce:label><ce:textfn id="cetextfn0003">Chang'an University, School of Highway, Nan Er Huan Road (Mid-section), Xi'an, Shaanxi 710064, China</ce:textfn><sa:affiliation><sa:organization>Chang'an University</sa:organization><sa:organization>School of Highway</sa:organization><sa:address-line>Nan Er Huan Road (Mid-section)</sa:address-line><sa:city>Xi'an</sa:city><sa:state>Shaanxi</sa:state><sa:postal-code>710064</sa:postal-code><sa:country>China</sa:country></sa:affiliation><ce:source-text id="staff0003">cChang'an University, School of Highway, Nan Er Huan Road (Mid-section), Xi'an, Shaanxi 710064, China</ce:source-text></ce:affiliation><ce:affiliation id="aff0003" affiliation-id="S2352340921010337-f8bf85d9951dc67a557f7f6657807a5b"><ce:label>c</ce:label><ce:textfn id="cetextfn0004">Oslo Metropolitan University, Department of Civil Engineering and Energy Technology, Pilestredet 35, Oslo 0166 Norway</ce:textfn><sa:affiliation><sa:organization>Oslo Metropolitan University</sa:organization><sa:organization>Department of Civil Engineering and Energy Technology</sa:organization><sa:address-line>Pilestredet 35</sa:address-line><sa:city>Oslo</sa:city><sa:postal-code>0166</sa:postal-code><sa:country>Norway</sa:country></sa:affiliation><ce:source-text id="staff0004">dOslo Metropolitan University, Department of Civil Engineering and Energy Technology, Pilestredet 35, Oslo 0166 Norway</ce:source-text></ce:affiliation><ce:affiliation id="aff0004" affiliation-id="S2352340921010337-d739f903a152c4354c1cd000702d3dd9"><ce:label>d</ce:label><ce:textfn id="cetextfn0006">State Key Laboratory of Silicate Materials for Architectures, Wuhan University of Technology, Luoshi road 122, Wuhan, Hubei 430070, China</ce:textfn><sa:affiliation><sa:organization>State Key Laboratory of Silicate Materials for Architectures</sa:organization><sa:organization>Wuhan University of Technology</sa:organization><sa:address-line>Luoshi road 122</sa:address-line><sa:city>Wuhan</sa:city><sa:state>Hubei</sa:state><sa:postal-code>430070</sa:postal-code><sa:country>China</sa:country></sa:affiliation><ce:source-text id="staff0006">fState Key Laboratory of Silicate Materials for Architectures, Wuhan University of Technology, Luoshi road 122, Wuhan, Hubei 430070, China</ce:source-text></ce:affiliation><ce:affiliation id="aff0005" affiliation-id="S2352340921010337-36d759f8d32b4f9252800fc4a2daa899"><ce:label>e</ce:label><ce:textfn id="cetextfn0007">College of Engineering and Mines, University of Alaska Fairbanks, Tanan Loop 1760, Fairbanks, Alaska 99709, United States</ce:textfn><sa:affiliation><sa:organization>College of Engineering and Mines</sa:organization><sa:organization>University of Alaska Fairbanks</sa:organization><sa:address-line>Tanan Loop 1760</sa:address-line><sa:city>Fairbanks</sa:city><sa:state>Alaska</sa:state><sa:postal-code>99709</sa:postal-code><sa:country>United States</sa:country></sa:affiliation><ce:source-text id="staff0007">gCollege of Engineering and Mines, University of Alaska Fairbanks, Tanan Loop 1760, Fairbanks, Alaska 99709, United States</ce:source-text></ce:affiliation><ce:correspondence id="cor0001"><ce:label>&#x204e;</ce:label><ce:text id="cetext0001">Corresponding author.</ce:text></ce:correspondence></ce:author-group><ce:date-received day="9" month="12" year="2021"/><ce:date-revised day="20" month="12" year="2021"/><ce:date-accepted day="21" month="12" year="2021"/><ce:abstract id="abs0001" view="all" class="author"><ce:section-title id="cesectitle0001">Abstract</ce:section-title><ce:abstract-sec id="abss0001" view="all"><ce:simple-para id="spara004" view="all">The dataset revolves around the laboratory testing of an innovative additive technology for possible stabilization of unbound courses in road pavements. The product is a synthetic fluid based on isoalkane and tall oil pitch. Two test types are performed. Repeated load triaxial tests evaluate the elastic stiffness and the deformation properties of both untreated and treated aggregates. Moreover, some specimens are also tested before and after being subjected to freezing-thawing actions. A modified version of the rolling bottle test appraises the integrity with stripping loss on loose aggregates covered by the additive. Considering the necessity for road maintenance and rehabilitation worldwide, experimental data dealing with the stabilization potential of an innovative synthetic fluid stabilizer can be relevant for several road stakeholders.</ce:simple-para></ce:abstract-sec></ce:abstract><ce:keywords id="keys0001" view="all" class="keyword"><ce:section-title id="cesectitle0002">Keywords</ce:section-title><ce:keyword id="key0001"><ce:text id="cetext0002">Stabilized roads unbound</ce:text></ce:keyword><ce:keyword id="key0002"><ce:text id="cetext0003">Isoalkane</ce:text></ce:keyword><ce:keyword id="key0003"><ce:text id="cetext0004">Tall oil pitch</ce:text></ce:keyword><ce:keyword id="key0004"><ce:text id="cetext0005">Repeated load triaxial test</ce:text></ce:keyword><ce:keyword id="key0005"><ce:text id="cetext0006">Freeze-thaw cycles</ce:text></ce:keyword><ce:keyword id="key0006"><ce:text id="cetext0007">Rolling bottle test</ce:text></ce:keyword></ce:keywords></ja:head></ja:article></doc:document>
