<doc:document xmlns:doc="http://www.elsevier.com/xml/document/schema" xmlns:dp="http://www.elsevier.com/xml/common/doc-properties/schema" xmlns:cps="http://www.elsevier.com/xml/common/consyn-properties/schema" xmlns:rdf="http://www.w3.org/1999/02/22-rdf-syntax-ns#" xmlns:dct="http://purl.org/dc/terms/" xmlns:prism="http://prismstandard.org/namespaces/basic/2.0/" xmlns:oa="http://vtw.elsevier.com/data/ns/properties/OpenAccess-1/" xmlns:bam="http://vtw.elsevier.com/data/voc/ns/bam-vtw-1/" xmlns:cp="http://vtw.elsevier.com/data/ns/properties/Copyright-1/" xmlns:cja="http://www.elsevier.com/xml/cja/schema" xmlns:ja="http://www.elsevier.com/xml/ja/schema" xmlns:bk="http://www.elsevier.com/xml/bk/schema" xmlns:ce="http://www.elsevier.com/xml/common/schema" xmlns:mml="http://www.w3.org/1998/Math/MathML" xmlns:cals="http://www.elsevier.com/xml/common/cals/schema" xmlns:tb="http://www.elsevier.com/xml/common/table/schema" xmlns:sa="http://www.elsevier.com/xml/common/struct-aff/schema" xmlns:sb="http://www.elsevier.com/xml/common/struct-bib/schema" xmlns:xlink="http://www.w3.org/1999/xlink"><rdf:RDF><rdf:Description rdf:about="http://dx.doi.org/10.1016/j.dib.2021.107563"><dct:format>application/xml</dct:format><dct:title>Experimental dataset from a central composite design to develop mortars with self-compacting properties and high early age strength</dct:title><dct:creator>Lino Maia</dct:creator><dct:subject><rdf:Bag><rdf:li>Cement</rdf:li><rdf:li>Commercial sand</rdf:li><rdf:li>Design of experiments</rdf:li><rdf:li>Mortar</rdf:li><rdf:li>Response model</rdf:li></rdf:Bag></dct:subject><dct:description>Data in Brief 39 (2021). doi:10.1016/j.dib.2021.107563</dct:description><prism:aggregationType>journal</prism:aggregationType><prism:publicationName>Data in Brief</prism:publicationName><prism:copyright>&#169; 2021 The Author(s). Published by Elsevier Inc.</prism:copyright><dct:publisher>Elsevier Inc.</dct:publisher><prism:issn>2352-3409</prism:issn><prism:volume>39</prism:volume><prism:coverDisplayDate>December 2021</prism:coverDisplayDate><prism:doi>10.1016/j.dib.2021.107563</prism:doi><prism:url>http://dx.doi.org/10.1016/j.dib.2021.107563</prism:url><dct:identifier>doi:10.1016/j.dib.2021.107563</dct:identifier><bam:articleNumber>107563</bam:articleNumber><oa:openAccessInformation><oa:openAccessStatus xmlns:xsi="http://www.w3.org/2001/XMLSchema-instance">http://vtw.elsevier.com/data/voc/oa/OpenAccessStatus#Full</oa:openAccessStatus><oa:openAccessEffective xmlns:xsi="http://www.w3.org/2001/XMLSchema-instance">2021-11-09T09:41:20Z</oa:openAccessEffective><oa:sponsor xmlns:xsi="http://www.w3.org/2001/XMLSchema-instance"><oa:sponsorName>Portugal Institutes</oa:sponsorName><oa:sponsorType>http://vtw.elsevier.com/data/voc/oa/SponsorType#FundingBody</oa:sponsorType></oa:sponsor><oa:userLicense xmlns:xsi="http://www.w3.org/2001/XMLSchema-instance">http://creativecommons.org/licenses/by/4.0/</oa:userLicense></oa:openAccessInformation><cp:licenseLine xmlns:xsi="http://www.w3.org/2001/XMLSchema-instance">This is an open access article under the CC BY license.</cp:licenseLine></rdf:Description></rdf:RDF><dp:document-properties><dp:aggregation-type>Journals</dp:aggregation-type><dp:version-number>S300.1</dp:version-number></dp:document-properties><ja:article docsubtype="dat" version="5.6" xml:lang="en"><ja:item-info><ja:jid>DIB</ja:jid><ja:aid>107563</ja:aid><ce:article-number>107563</ce:article-number><ce:pii>S2352-3409(21)00839-8</ce:pii><ce:doi>10.1016/j.dib.2021.107563</ce:doi><ce:copyright type="other" year="2021">The Author(s)</ce:copyright></ja:item-info><ja:head><ce:dochead id="dchd0001"><ce:textfn id="dhtxt0001">Data Article</ce:textfn></ce:dochead><ce:title id="tte0002">Experimental dataset from a central composite design to develop mortars with self-compacting properties and high early age strength</ce:title><ce:author-group id="aut0001"><ce:author id="au0001" author-id="S2352340921008398-66232a8db68496b95ad2ce21352b06f6" orcid="0000-0002-6371-0179"><ce:given-name>Lino</ce:given-name><ce:surname>Maia</ce:surname><ce:cross-ref refid="aff0001"><ce:sup loc="post">a</ce:sup></ce:cross-ref><ce:cross-ref refid="aff0002"><ce:sup loc="post">b</ce:sup></ce:cross-ref><ce:cross-ref refid="cor0001"><ce:sup loc="post">&#x204e;</ce:sup></ce:cross-ref><ce:e-address id="ead0001" type="email" xlink:href="mailto:linomaia@fe.up.pt">linomaia@fe.up.pt</ce:e-address></ce:author><ce:affiliation id="aff0001" affiliation-id="S2352340921008398-b7fd54511afa4f950a8f4e16191ce16b"><ce:label>a</ce:label><ce:textfn id="cetextfn0001">CONSTRUCT-LABEST, Faculty of Engineering (FEUP), University of Porto, Rua Dr. Roberto Frias, Porto 4200-465, Portugal</ce:textfn><sa:affiliation><sa:organization>CONSTRUCT-LABEST</sa:organization><sa:organization>Faculty of Engineering (FEUP)</sa:organization><sa:organization>University of Porto</sa:organization><sa:address-line>Rua Dr. Roberto Frias</sa:address-line><sa:city>Porto</sa:city><sa:postal-code>4200-465</sa:postal-code><sa:country>Portugal</sa:country></sa:affiliation><ce:source-text id="staff0001">aCONSTRUCT-LABEST, Faculty of Engineering (FEUP), University of Porto, Rua Dr. Roberto Frias, Porto 4200-465, Portugal</ce:source-text></ce:affiliation><ce:affiliation id="aff0002" affiliation-id="S2352340921008398-b7d5b7ba6f6f169f74e237a8e3b967cb"><ce:label>b</ce:label><ce:textfn id="cetextfn0002">Faculty of Exact Sciences and Engineering, University of Madeira, Campus da Penteada, Funchal 9020-105, Portugal</ce:textfn><sa:affiliation><sa:organization>Faculty of Exact Sciences and Engineering</sa:organization><sa:organization>University of Madeira</sa:organization><sa:address-line>Campus da Penteada</sa:address-line><sa:city>Funchal</sa:city><sa:postal-code>9020-105</sa:postal-code><sa:country>Portugal</sa:country></sa:affiliation><ce:source-text id="staff0002">bFaculty of Exact Sciences and Engineering, University of Madeira, Campus da Penteada, Funchal 9020-105, Portugal</ce:source-text></ce:affiliation><ce:correspondence id="cor0001"><ce:label>&#x204e;</ce:label><ce:text id="cetext0001">Correspondence to: CONSTRUCT-LABEST, Faculty of Engineering (FEUP), University of Porto, Rua Dr. Roberto Frias, Porto 4200-465, Portugal.</ce:text><sa:affiliation><sa:organization>CONSTRUCT-LABEST</sa:organization><sa:organization>Faculty of Engineering (FEUP)</sa:organization><sa:organization>University of Porto</sa:organization><sa:address-line>Rua Dr. Roberto Frias</sa:address-line><sa:city>Porto</sa:city><sa:postal-code>4200-465</sa:postal-code><sa:country>Portugal</sa:country></sa:affiliation></ce:correspondence></ce:author-group><ce:date-received day="29" month="9" year="2021"/><ce:date-revised day="4" month="11" year="2021"/><ce:date-accepted day="8" month="11" year="2021"/><ce:abstract id="abs0001" view="all" class="author"><ce:section-title id="cesectitle0001">Abstract</ce:section-title><ce:abstract-sec id="abss0001" view="all"><ce:simple-para id="spara002" view="all">The concrete workability and the compressive strength are the principal properties of the fresh and hardened concrete, respectively. When self-compacting properties are required, scientific knowledge is important and appropriate models applied to achieve optimized compositions. Here, experimental data regarding to the mortars is presented. The dataset regards to a design of experiments carried out in mortars with commercial materials through a central composite design with five independent variables: Water<ce:inf loc="post">v</ce:inf>/Cement<ce:inf loc="post">v</ce:inf>, Superplasticyzer<ce:inf loc="post">m</ce:inf>/Powder<ce:inf loc="post">v</ce:inf>, Water<ce:inf loc="post">v</ce:inf>/Powder<ce:inf loc="post">v</ce:inf>, Sand<ce:inf loc="post">v</ce:inf>/Mortar<ce:inf loc="post">v</ce:inf>, FineSand<ce:inf loc="post">v</ce:inf>/Sand<ce:inf loc="post">v</ce:inf>. In total 64 mortar composition were done: 2<ce:sup loc="post">5</ce:sup> factorial design consisting on 32 treatment combinations augmented by 10 axial runs plus 8 central runs, resulting in a central composite design with 50 mortar trial mix composition. Beside 14 extra mixes were done to allow comparing and validating results for the response models to be applied. Four dependent variables were measured: the D-flow and the t-funnel to measure the workability and the tensile strength and the compressive at the age of 24&#160;h to assess the mechanical properties. Since the experiments were run based in a central composite design and extra mixes were prepared, response models can be applied to the dataset in order to find optimized mix compositions.</ce:simple-para></ce:abstract-sec></ce:abstract><ce:keywords id="keys0001" view="all" class="keyword"><ce:section-title id="cesectitle0002">Keywords</ce:section-title><ce:keyword id="key0001"><ce:text id="cetext0002">Cement</ce:text></ce:keyword><ce:keyword id="key0002"><ce:text id="cetext0003">Commercial sand</ce:text></ce:keyword><ce:keyword id="key0003"><ce:text id="cetext0004">Design of experiments</ce:text></ce:keyword><ce:keyword id="key0004"><ce:text id="cetext0005">Mortar</ce:text></ce:keyword><ce:keyword id="key0005"><ce:text id="cetext0006">Response model</ce:text></ce:keyword></ce:keywords></ja:head></ja:article></doc:document>
