<doc:document xmlns:doc="http://www.elsevier.com/xml/document/schema" xmlns:dp="http://www.elsevier.com/xml/common/doc-properties/schema" xmlns:cps="http://www.elsevier.com/xml/common/consyn-properties/schema" xmlns:rdf="http://www.w3.org/1999/02/22-rdf-syntax-ns#" xmlns:dct="http://purl.org/dc/terms/" xmlns:prism="http://prismstandard.org/namespaces/basic/2.0/" xmlns:oa="http://vtw.elsevier.com/data/ns/properties/OpenAccess-1/" xmlns:bam="http://vtw.elsevier.com/data/voc/ns/bam-vtw-1/" xmlns:cp="http://vtw.elsevier.com/data/ns/properties/Copyright-1/" xmlns:cja="http://www.elsevier.com/xml/cja/schema" xmlns:ja="http://www.elsevier.com/xml/ja/schema" xmlns:bk="http://www.elsevier.com/xml/bk/schema" xmlns:ce="http://www.elsevier.com/xml/common/schema" xmlns:mml="http://www.w3.org/1998/Math/MathML" xmlns:cals="http://www.elsevier.com/xml/common/cals/schema" xmlns:tb="http://www.elsevier.com/xml/common/table/schema" xmlns:sa="http://www.elsevier.com/xml/common/struct-aff/schema" xmlns:sb="http://www.elsevier.com/xml/common/struct-bib/schema" xmlns:xlink="http://www.w3.org/1999/xlink"><rdf:RDF><rdf:Description rdf:about="http://dx.doi.org/10.1016/j.dib.2021.107722"><dct:format>application/xml</dct:format><dct:title>Dataset of costs of the mitigation hierarchy and plant translocations in France</dct:title><dct:creator>Margaux Julien</dct:creator><dct:creator>Bruno Colas</dct:creator><dct:creator>Serge Muller</dct:creator><dct:creator>Bertrand Schatz</dct:creator><dct:subject><rdf:Bag><rdf:li>Environmental impact assessment</rdf:li><rdf:li>Offsets</rdf:li><rdf:li>Land planning</rdf:li><rdf:li>Mitigation translocation</rdf:li></rdf:Bag></dct:subject><dct:description>Data in Brief 40 (2022). doi:10.1016/j.dib.2021.107722</dct:description><prism:aggregationType>journal</prism:aggregationType><prism:publicationName>Data in Brief</prism:publicationName><prism:copyright>&#169; 2022 The Authors. Published by Elsevier Inc.</prism:copyright><dct:publisher>Elsevier Inc.</dct:publisher><prism:issn>2352-3409</prism:issn><prism:volume>40</prism:volume><prism:coverDisplayDate>February 2022</prism:coverDisplayDate><prism:doi>10.1016/j.dib.2021.107722</prism:doi><prism:url>http://dx.doi.org/10.1016/j.dib.2021.107722</prism:url><dct:identifier>doi:10.1016/j.dib.2021.107722</dct:identifier><bam:articleNumber>107722</bam:articleNumber><oa:openAccessInformation><oa:openAccessStatus xmlns:xsi="http://www.w3.org/2001/XMLSchema-instance">http://vtw.elsevier.com/data/voc/oa/OpenAccessStatus#Full</oa:openAccessStatus><oa:openAccessEffective xmlns:xsi="http://www.w3.org/2001/XMLSchema-instance">2021-12-14T16:30:58Z</oa:openAccessEffective><oa:sponsor xmlns:xsi="http://www.w3.org/2001/XMLSchema-instance"><oa:sponsorType>http://vtw.elsevier.com/data/voc/oa/SponsorType#ElsevierWaived</oa:sponsorType></oa:sponsor><oa:userLicense xmlns:xsi="http://www.w3.org/2001/XMLSchema-instance">http://creativecommons.org/licenses/by/4.0/</oa:userLicense></oa:openAccessInformation><cp:licenseLine xmlns:xsi="http://www.w3.org/2001/XMLSchema-instance">This is an open access article under the CC BY license.</cp:licenseLine></rdf:Description></rdf:RDF><dp:document-properties><dp:aggregation-type>Journals</dp:aggregation-type><dp:version-number>S300.1</dp:version-number></dp:document-properties><ja:article docsubtype="dat" version="5.6" xml:lang="en"><ja:item-info><ja:jid>DIB</ja:jid><ja:aid>107722</ja:aid><ce:article-number>107722</ce:article-number><ce:pii>S2352-3409(21)00997-5</ce:pii><ce:doi>10.1016/j.dib.2021.107722</ce:doi><ce:document-thread><ce:refers-to-document id="ref0001"><ce:pii>S0301-4797(21)02126-5</ce:pii><ce:doi>10.1016/j.jenvman.2021.114064</ce:doi></ce:refers-to-document></ce:document-thread><ce:copyright type="unknown" year="2021"/></ja:item-info><ja:head><ce:dochead id="dchd0001"><ce:textfn id="dhtxt0001">Data Article</ce:textfn></ce:dochead><ce:title id="tte0002">Dataset of costs of the mitigation hierarchy and plant translocations in France</ce:title><ce:author-group id="aut0001"><ce:author id="au0001" author-id="S2352340921009975-f54e1ceacfe3b3e994561e8512b1cf71" orcid="0000-0003-4105-5545"><ce:given-name>Margaux</ce:given-name><ce:surname>Julien</ce:surname><ce:contributor-role role="http://credit.niso.org/contributor-roles/methodology">Methodology</ce:contributor-role><ce:contributor-role role="http://credit.niso.org/contributor-roles/investigation">Investigation</ce:contributor-role><ce:contributor-role role="http://credit.niso.org/contributor-roles/formal-analysis">Formal analysis</ce:contributor-role><ce:contributor-role role="http://credit.niso.org/contributor-roles/writing-review-editing">Writing &#x2013; review &amp; editing</ce:contributor-role><ce:cross-ref refid="aff0001"><ce:sup loc="post">a</ce:sup></ce:cross-ref><ce:cross-ref refid="aff0002"><ce:sup loc="post">b</ce:sup></ce:cross-ref><ce:cross-ref refid="cor0001"><ce:sup loc="post">&#x204e;</ce:sup></ce:cross-ref><ce:e-address id="ead0001" type="email" xlink:href="mailto:Margaux.julien@cefe.cnrs.fr">Margaux.julien@cefe.cnrs.fr</ce:e-address></ce:author><ce:author id="au0002" author-id="S2352340921009975-571ce390f295d0a810199331b11b9681"><ce:given-name>Bruno</ce:given-name><ce:surname>Colas</ce:surname><ce:contributor-role role="http://credit.niso.org/contributor-roles/validation">Validation</ce:contributor-role><ce:contributor-role role="http://credit.niso.org/contributor-roles/supervision">Supervision</ce:contributor-role><ce:cross-ref refid="aff0003"><ce:sup loc="post">c</ce:sup></ce:cross-ref></ce:author><ce:author id="au0003" author-id="S2352340921009975-0504498b92c177539e849cf0f84fc7c4"><ce:given-name>Serge</ce:given-name><ce:surname>Muller</ce:surname><ce:contributor-role role="http://credit.niso.org/contributor-roles/resources">Resources</ce:contributor-role><ce:contributor-role role="http://credit.niso.org/contributor-roles/validation">Validation</ce:contributor-role><ce:cross-ref refid="aff0004"><ce:sup loc="post">d</ce:sup></ce:cross-ref></ce:author><ce:author id="au0004" author-id="S2352340921009975-8bca2de75e7f9376e0034061b781bd9e"><ce:given-name>Bertrand</ce:given-name><ce:surname>Schatz</ce:surname><ce:contributor-role role="http://credit.niso.org/contributor-roles/methodology">Methodology</ce:contributor-role><ce:contributor-role role="http://credit.niso.org/contributor-roles/validation">Validation</ce:contributor-role><ce:contributor-role role="http://credit.niso.org/contributor-roles/supervision">Supervision</ce:contributor-role><ce:cross-ref refid="aff0001"><ce:sup loc="post">a</ce:sup></ce:cross-ref></ce:author><ce:affiliation id="aff0001" affiliation-id="S2352340921009975-3d4c9878b8f96bd47b6c73652af20da1"><ce:label>a</ce:label><ce:textfn id="cetextfn0001">CEFE, CNRS, Univ Montpellier, EPHE, IRD, Montpellier, France</ce:textfn><sa:affiliation><sa:organization>CEFE</sa:organization><sa:organization>CNRS</sa:organization><sa:organization>Univ Montpellier</sa:organization><sa:organization>EPHE</sa:organization><sa:organization>IRD</sa:organization><sa:city>Montpellier</sa:city><sa:country>France</sa:country></sa:affiliation><ce:source-text id="staff0001">aCEFE, CNRS, Univ Montpellier, EPHE, IRD, Montpellier, France</ce:source-text></ce:affiliation><ce:affiliation id="aff0002" affiliation-id="S2352340921009975-1fc619dbf46f9bd5c4b4fcc6240e0409"><ce:label>b</ce:label><ce:textfn id="cetextfn0002">Ecotonia, 60 rue tourmaline, Eguilles 13510, France</ce:textfn><sa:affiliation><sa:organization>Ecotonia</sa:organization><sa:address-line>60 rue tourmaline</sa:address-line><sa:city>Eguilles</sa:city><sa:postal-code>13510</sa:postal-code><sa:country>France</sa:country></sa:affiliation><ce:source-text id="staff0002">bEcotonia, 60 rue tourmaline, Eguilles 13510, France</ce:source-text></ce:affiliation><ce:affiliation id="aff0003" affiliation-id="S2352340921009975-3a2f9b04cbd0c8784e024ff9b7df9050"><ce:label>c</ce:label><ce:textfn id="cetextfn0003">Universit&#233; Paris-Saclay, CNRS, AgroParisTech, Ecologie Syst&#233;matique et Evolution, Orsay 91405, France</ce:textfn><sa:affiliation><sa:organization>Universit&#233; Paris-Saclay</sa:organization><sa:organization>CNRS</sa:organization><sa:organization>AgroParisTech</sa:organization><sa:organization>Ecologie Syst&#233;matique et Evolution</sa:organization><sa:city>Orsay</sa:city><sa:postal-code>91405</sa:postal-code><sa:country>France</sa:country></sa:affiliation><ce:source-text id="staff0003">cUniversit&#233; Paris-Saclay, CNRS, AgroParisTech, Ecologie Syst&#233;matique et Evolution, Orsay 91405, France</ce:source-text></ce:affiliation><ce:affiliation id="aff0004" affiliation-id="S2352340921009975-3204818c140fee79009dca5c841eedfd"><ce:label>d</ce:label><ce:textfn id="cetextfn0004">Mus&#233;um National d'Histoire Naturelle, UMR 7205, MNHN-CNRS-UPMC-EPHE-UA, CP 39, 16 rue Buffon, Paris 75005, France</ce:textfn><sa:affiliation><sa:organization>Mus&#233;um National d'Histoire Naturelle</sa:organization><sa:address-line>UMR 7205, MNHN-CNRS-UPMC-EPHE-UA, CP 39, 16 rue Buffon</sa:address-line><sa:city>Paris</sa:city><sa:postal-code>75005</sa:postal-code><sa:country>France</sa:country></sa:affiliation><ce:source-text id="staff0004">dMus&#233;um National d'Histoire Naturelle, UMR 7205, MNHN-CNRS-UPMC-EPHE-UA, CP 39, 16 rue Buffon, Paris 75005, France</ce:source-text></ce:affiliation><ce:correspondence id="cor0001"><ce:label>&#x204e;</ce:label><ce:text id="cetext0001">Corresponding author at: CEFE, CNRS, Univ Montpellier, EPHE, IRD, Montpellier, France.</ce:text><sa:affiliation><sa:organization>CEFE</sa:organization><sa:organization>CNRS</sa:organization><sa:organization>Univ Montpellier</sa:organization><sa:organization>EPHE</sa:organization><sa:organization>IRD</sa:organization><sa:city>Montpellier</sa:city><sa:country>France</sa:country></sa:affiliation></ce:correspondence></ce:author-group><ce:date-received day="22" month="11" year="2021"/><ce:date-revised day="10" month="12" year="2021"/><ce:date-accepted day="13" month="12" year="2021"/><ce:abstract id="abs0001" view="all" class="author"><ce:section-title id="cesectitle0001">Abstract</ce:section-title><ce:abstract-sec id="abss0001" view="all"><ce:simple-para id="spara002" view="all">These data are coming from the derogation requests for the destruction of protected species in the context of construction or development work in France. These derogation requests include, among other things, the contents of an environmental impact assessment and the costs of the measures suggested to reduce the impact on the environment. In the article connected to this dataset, we studied the quality of the plant translocation protocols proposed in 95 derogation files (see Julien et&#160;al., 2022). We additionally collected during the reading of the files data that we make available here about the costs of (i) the total project, (ii) the mitigation hierarchy and (iii) the plant translocation operations and monitoring. These data complement our aforementioned paper by documenting how much translocations cost and in what proportion of the other costs reported in the projects we evaluated for quality. These data can be helpful for environmental stakeholders but also to further studies to determine the extent to which the environment is considered in land planning.</ce:simple-para></ce:abstract-sec></ce:abstract><ce:keywords id="keys0001" view="all" class="keyword"><ce:section-title id="cesectitle0002">Keywords</ce:section-title><ce:keyword id="key0001"><ce:text id="cetext0002">Environmental impact assessment</ce:text></ce:keyword><ce:keyword id="key0001a"><ce:text id="cetext0002a">Offsets</ce:text></ce:keyword><ce:keyword id="key0001b"><ce:text id="cetext0002b">Land planning</ce:text></ce:keyword><ce:keyword id="key0001c"><ce:text id="cetext0002c">Mitigation translocation</ce:text></ce:keyword></ce:keywords></ja:head></ja:article></doc:document>
