<doc:document xmlns:doc="http://www.elsevier.com/xml/document/schema" xmlns:dp="http://www.elsevier.com/xml/common/doc-properties/schema" xmlns:cps="http://www.elsevier.com/xml/common/consyn-properties/schema" xmlns:rdf="http://www.w3.org/1999/02/22-rdf-syntax-ns#" xmlns:dct="http://purl.org/dc/terms/" xmlns:prism="http://prismstandard.org/namespaces/basic/2.0/" xmlns:oa="http://vtw.elsevier.com/data/ns/properties/OpenAccess-1/" xmlns:bam="http://vtw.elsevier.com/data/voc/ns/bam-vtw-1/" xmlns:cp="http://vtw.elsevier.com/data/ns/properties/Copyright-1/" xmlns:cja="http://www.elsevier.com/xml/cja/schema" xmlns:ja="http://www.elsevier.com/xml/ja/schema" xmlns:bk="http://www.elsevier.com/xml/bk/schema" xmlns:ce="http://www.elsevier.com/xml/common/schema" xmlns:mml="http://www.w3.org/1998/Math/MathML" xmlns:cals="http://www.elsevier.com/xml/common/cals/schema" xmlns:tb="http://www.elsevier.com/xml/common/table/schema" xmlns:sa="http://www.elsevier.com/xml/common/struct-aff/schema" xmlns:sb="http://www.elsevier.com/xml/common/struct-bib/schema" xmlns:xlink="http://www.w3.org/1999/xlink"><rdf:RDF><rdf:Description rdf:about="http://dx.doi.org/10.1016/j.dib.2021.107788"><dct:format>application/xml</dct:format><dct:title>Investigating students&#x2019; attitudes toward poverty and impoverished persons - A case study: Ho Chi Minh City Open University, data of Vietnam</dct:title><dct:creator>Le Minh Tien</dct:creator><dct:subject><rdf:Bag><rdf:li>Social sciences</rdf:li><rdf:li>Social work</rdf:li><rdf:li>Students</rdf:li><rdf:li>Poverty</rdf:li><rdf:li>Attitudes</rdf:li><rdf:li>Vietnam</rdf:li></rdf:Bag></dct:subject><dct:description>Data in Brief 40 (2022). doi:10.1016/j.dib.2021.107788</dct:description><prism:aggregationType>journal</prism:aggregationType><prism:publicationName>Data in Brief</prism:publicationName><prism:copyright>&#169; 2022 The Author(s). Published by Elsevier Inc.</prism:copyright><dct:publisher>Elsevier Inc.</dct:publisher><prism:issn>2352-3409</prism:issn><prism:volume>40</prism:volume><prism:coverDisplayDate>February 2022</prism:coverDisplayDate><prism:doi>10.1016/j.dib.2021.107788</prism:doi><prism:url>http://dx.doi.org/10.1016/j.dib.2021.107788</prism:url><dct:identifier>doi:10.1016/j.dib.2021.107788</dct:identifier><bam:articleNumber>107788</bam:articleNumber><oa:openAccessInformation><oa:openAccessStatus xmlns:xsi="http://www.w3.org/2001/XMLSchema-instance">http://vtw.elsevier.com/data/voc/oa/OpenAccessStatus#Full</oa:openAccessStatus><oa:openAccessEffective xmlns:xsi="http://www.w3.org/2001/XMLSchema-instance">2021-12-31T12:37:06Z</oa:openAccessEffective><oa:sponsor xmlns:xsi="http://www.w3.org/2001/XMLSchema-instance"><oa:sponsorType>http://vtw.elsevier.com/data/voc/oa/SponsorType#Author</oa:sponsorType></oa:sponsor><oa:userLicense xmlns:xsi="http://www.w3.org/2001/XMLSchema-instance">http://creativecommons.org/licenses/by/4.0/</oa:userLicense></oa:openAccessInformation><cp:licenseLine xmlns:xsi="http://www.w3.org/2001/XMLSchema-instance">This is an open access article under the CC BY license.</cp:licenseLine></rdf:Description></rdf:RDF><dp:document-properties><dp:aggregation-type>Journals</dp:aggregation-type><dp:version-number>S300.1</dp:version-number></dp:document-properties><ja:article docsubtype="dat" version="5.6" xml:lang="en"><ja:item-info><ja:jid>DIB</ja:jid><ja:aid>107788</ja:aid><ce:article-number>107788</ce:article-number><ce:pii>S2352-3409(21)01062-3</ce:pii><ce:doi>10.1016/j.dib.2021.107788</ce:doi><ce:copyright type="unknown" year="2022"/></ja:item-info><ja:head><ce:dochead id="dchd0001"><ce:textfn id="dhtxt0001">Data Article</ce:textfn></ce:dochead><ce:title id="tte0002">Investigating students&#x2019; attitudes toward poverty and impoverished persons - A case study: Ho Chi Minh City Open University, data of Vietnam</ce:title><ce:author-group id="aut0001"><ce:author id="au0001" author-id="S2352340921010623-34681e818e15e35eca930aa02cb066bd" orcid="0000-0003-4659-6025"><ce:given-name>Le Minh</ce:given-name><ce:surname>Tien</ce:surname><ce:e-address id="ead0001" type="email" xlink:href="mailto:tien.lm@ou.edu.vn">tien.lm@ou.edu.vn</ce:e-address></ce:author><ce:affiliation id="aff0001" affiliation-id="S2352340921010623-b99c3f0d908817aa1b3b47caa6a8b725"><ce:textfn id="cetextfn0001">Faculty of Sociology-Social Work-Southeast Asian Studies, Ho Chi Minh City Open University, Ho Chi Minh City, Vietnam</ce:textfn><sa:affiliation><sa:organization>Faculty of Sociology-Social Work-Southeast Asian Studies</sa:organization><sa:organization>Ho Chi Minh City Open University</sa:organization><sa:city>Ho Chi Minh City</sa:city><sa:country>Viet Nam</sa:country></sa:affiliation><ce:source-text id="staff0001">Faculty of Sociology-Social Work-Southeast Asian Studies, Ho Chi Minh City Open University, Ho Chi Minh City, Viet Nam</ce:source-text></ce:affiliation></ce:author-group><ce:date-received day="2" month="2" year="2021"/><ce:date-revised day="31" month="10" year="2021"/><ce:date-accepted day="30" month="12" year="2021"/><ce:abstract id="abs0001" view="all" class="author"><ce:section-title id="cesectitle0001">Abstract</ce:section-title><ce:abstract-sec id="abss0001" view="all"><ce:simple-para id="spara007" view="all">Efforts to understand&#160;the causes of poverty, how poverty&#160;is perceived&#160;have become important in the fight to mitigate poverty. In Vietnam, studies on the attitudes of poverty in specific populations, such as Vietnamese students, are rare. Thus, this dataset reports the results collected from 180 social work students and non-social work students of Ho Chi Minh City Open University through attitudes toward poverty and poor people in Vietnam. The Attitude toward Poverty Short Form 21-item scale, developed by Yun &amp; Weaver, was used for the data collection. The survey results showed that when looking for causes of poverty, social work students and non-social work students put the most emphasis on structural factors of poverty. However, social work students, compared with non-social work students, consider personal deficiency and stigma more important. In future, this dataset can serve as a reference source for comparative studies on student&#x2019; attitudes toward poverty and impoverished persons and for social work education.</ce:simple-para></ce:abstract-sec></ce:abstract><ce:keywords id="keys0001" view="all" class="keyword"><ce:section-title id="cesectitle0002">Keywords</ce:section-title><ce:keyword id="key0001"><ce:text id="cetext0001">Social sciences</ce:text></ce:keyword><ce:keyword id="key0002"><ce:text id="cetext0002">Social work</ce:text></ce:keyword><ce:keyword id="key0003"><ce:text id="cetext0003">Students</ce:text></ce:keyword><ce:keyword id="key0004"><ce:text id="cetext0004">Poverty</ce:text></ce:keyword><ce:keyword id="key0005"><ce:text id="cetext0005">Attitudes</ce:text></ce:keyword><ce:keyword id="key0006"><ce:text id="cetext0006">Vietnam</ce:text></ce:keyword></ce:keywords></ja:head></ja:article></doc:document>
