<doc:document xmlns:doc="http://www.elsevier.com/xml/document/schema" xmlns:dp="http://www.elsevier.com/xml/common/doc-properties/schema" xmlns:cps="http://www.elsevier.com/xml/common/consyn-properties/schema" xmlns:rdf="http://www.w3.org/1999/02/22-rdf-syntax-ns#" xmlns:dct="http://purl.org/dc/terms/" xmlns:prism="http://prismstandard.org/namespaces/basic/2.0/" xmlns:oa="http://vtw.elsevier.com/data/ns/properties/OpenAccess-1/" xmlns:bam="http://vtw.elsevier.com/data/voc/ns/bam-vtw-1/" xmlns:cp="http://vtw.elsevier.com/data/ns/properties/Copyright-1/" xmlns:cja="http://www.elsevier.com/xml/cja/schema" xmlns:ja="http://www.elsevier.com/xml/ja/schema" xmlns:bk="http://www.elsevier.com/xml/bk/schema" xmlns:ce="http://www.elsevier.com/xml/common/schema" xmlns:mml="http://www.w3.org/1998/Math/MathML" xmlns:cals="http://www.elsevier.com/xml/common/cals/schema" xmlns:tb="http://www.elsevier.com/xml/common/table/schema" xmlns:sa="http://www.elsevier.com/xml/common/struct-aff/schema" xmlns:sb="http://www.elsevier.com/xml/common/struct-bib/schema" xmlns:xlink="http://www.w3.org/1999/xlink"><rdf:RDF><rdf:Description rdf:about="http://dx.doi.org/10.1016/j.dib.2021.107685"><dct:format>application/xml</dct:format><dct:title>De novo transcriptome assembly and annotation of parthenogenetic lizard Darevskia unisexualis and its parental ancestors Darevskia valentini and Darevskia raddei nairensis</dct:title><dct:creator>Sergei S. Ryakhovsky</dct:creator><dct:creator>Victoria A. Dikaya</dct:creator><dct:creator>Vitaly I. Korchagin</dct:creator><dct:creator>Andrey A. Vergun</dct:creator><dct:creator>Lavrentii G. Danilov</dct:creator><dct:creator>Sofia D. Ochkalova</dct:creator><dct:creator>Anastasiya E. Girnyk</dct:creator><dct:creator>Daria V. Zhernakova</dct:creator><dct:creator>Marine S. Arakelyan</dct:creator><dct:creator>Vladimir B. Brukhin</dct:creator><dct:creator>Aleksey S. Komissarov</dct:creator><dct:creator>Alexey P. Ryskov</dct:creator><dct:subject><rdf:Bag><rdf:li>Darevskia lizards</rdf:li><rdf:li>Parthenogenesis</rdf:li><rdf:li>Transcriptome analysis</rdf:li><rdf:li>Ovaries</rdf:li><rdf:li>AMP</rdf:li></rdf:Bag></dct:subject><dct:description>Data in Brief 39 (2021). doi:10.1016/j.dib.2021.107685</dct:description><prism:aggregationType>journal</prism:aggregationType><prism:publicationName>Data in Brief</prism:publicationName><prism:copyright>&#169; 2021 The Author(s). Published by Elsevier Inc.</prism:copyright><dct:publisher>Elsevier Inc.</dct:publisher><prism:issn>2352-3409</prism:issn><prism:volume>39</prism:volume><prism:coverDisplayDate>December 2021</prism:coverDisplayDate><prism:doi>10.1016/j.dib.2021.107685</prism:doi><prism:url>http://dx.doi.org/10.1016/j.dib.2021.107685</prism:url><dct:identifier>doi:10.1016/j.dib.2021.107685</dct:identifier><bam:articleNumber>107685</bam:articleNumber><oa:openAccessInformation><oa:openAccessStatus xmlns:xsi="http://www.w3.org/2001/XMLSchema-instance">http://vtw.elsevier.com/data/voc/oa/OpenAccessStatus#Full</oa:openAccessStatus><oa:openAccessEffective xmlns:xsi="http://www.w3.org/2001/XMLSchema-instance">2021-12-04T18:47:46Z</oa:openAccessEffective><oa:sponsor xmlns:xsi="http://www.w3.org/2001/XMLSchema-instance"><oa:sponsorName>Russia: LE Tracking</oa:sponsorName><oa:sponsorType>http://vtw.elsevier.com/data/voc/oa/SponsorType#FundingBody</oa:sponsorType></oa:sponsor><oa:userLicense xmlns:xsi="http://www.w3.org/2001/XMLSchema-instance">http://creativecommons.org/licenses/by/4.0/</oa:userLicense></oa:openAccessInformation><cp:licenseLine xmlns:xsi="http://www.w3.org/2001/XMLSchema-instance">This is an open access article under the CC BY license.</cp:licenseLine></rdf:Description></rdf:RDF><dp:document-properties><dp:aggregation-type>Journals</dp:aggregation-type><dp:version-number>S300.1</dp:version-number></dp:document-properties><ja:article docsubtype="dat" version="5.6" xml:lang="en"><ja:item-info><ja:jid>DIB</ja:jid><ja:aid>107685</ja:aid><ce:article-number>107685</ce:article-number><ce:pii>S2352-3409(21)00960-4</ce:pii><ce:doi>10.1016/j.dib.2021.107685</ce:doi><ce:copyright type="unknown" year="2021"/></ja:item-info><ja:head><ce:dochead id="dchd0001"><ce:textfn id="dhtxt0001">Data Article</ce:textfn></ce:dochead><ce:title id="tte0002">De novo transcriptome assembly and annotation of parthenogenetic lizard <ce:italic>Darevskia unisexualis</ce:italic> and its parental ancestors <ce:italic>Darevskia valentini</ce:italic> and <ce:italic>Darevskia raddei nairensis</ce:italic></ce:title><ce:author-group id="aut0001"><ce:author id="au0001" author-id="S2352340921009604-708bdfe4e03ae84c7846cf85d6476470" orcid="0000-0001-5517-0283"><ce:given-name>Sergei S.</ce:given-name><ce:surname>Ryakhovsky</ce:surname><ce:contributor-role role="http://credit.niso.org/contributor-roles/formal-analysis">Formal analysis</ce:contributor-role><ce:contributor-role role="http://credit.niso.org/contributor-roles/writing-original-draft">Writing &#x2013; original draft</ce:contributor-role><ce:contributor-role role="http://credit.niso.org/contributor-roles/writing-review-editing">Writing &#x2013; review &amp; editing</ce:contributor-role><ce:cross-ref refid="aff0001"><ce:sup loc="post">a</ce:sup></ce:cross-ref><ce:cross-ref refid="aff0002"><ce:sup loc="post">b</ce:sup></ce:cross-ref><ce:cross-ref refid="cor0001"><ce:sup loc="post">&#x204e;</ce:sup></ce:cross-ref><ce:e-address id="ead0001" type="email" xlink:href="mailto:ryakhovsky@scamt-itmo.ru">ryakhovsky@scamt-itmo.ru</ce:e-address></ce:author><ce:author id="au0002" author-id="S2352340921009604-aa9f91adb125e16d67185776110e6774"><ce:given-name>Victoria A.</ce:given-name><ce:surname>Dikaya</ce:surname><ce:contributor-role role="http://credit.niso.org/contributor-roles/formal-analysis">Formal analysis</ce:contributor-role><ce:cross-ref refid="aff0002"><ce:sup loc="post">b</ce:sup></ce:cross-ref></ce:author><ce:author id="au0003" author-id="S2352340921009604-a45c0b31c80bb1c986c5859a09d66d96"><ce:given-name>Vitaly I.</ce:given-name><ce:surname>Korchagin</ce:surname><ce:contributor-role role="http://credit.niso.org/contributor-roles/data-curation">Data curation</ce:contributor-role><ce:cross-ref refid="aff0001"><ce:sup loc="post">a</ce:sup></ce:cross-ref></ce:author><ce:author id="au0004" author-id="S2352340921009604-568b564ed8fd8eb9be40214fe454fe1a"><ce:given-name>Andrey A.</ce:given-name><ce:surname>Vergun</ce:surname><ce:contributor-role role="http://credit.niso.org/contributor-roles/writing-original-draft">Writing &#x2013; original draft</ce:contributor-role><ce:contributor-role role="http://credit.niso.org/contributor-roles/writing-review-editing">Writing &#x2013; review &amp; editing</ce:contributor-role><ce:contributor-role role="http://credit.niso.org/contributor-roles/data-curation">Data curation</ce:contributor-role><ce:contributor-role role="http://credit.niso.org/contributor-roles/methodology">Methodology</ce:contributor-role><ce:cross-ref refid="aff0001"><ce:sup loc="post">a</ce:sup></ce:cross-ref><ce:cross-ref refid="aff0003"><ce:sup loc="post">c</ce:sup></ce:cross-ref></ce:author><ce:author id="au0005" author-id="S2352340921009604-55643dc81d6e0c9d2310638382cec30f"><ce:given-name>Lavrentii G.</ce:given-name><ce:surname>Danilov</ce:surname><ce:contributor-role role="http://credit.niso.org/contributor-roles/formal-analysis">Formal analysis</ce:contributor-role><ce:contributor-role role="http://credit.niso.org/contributor-roles/writing-original-draft">Writing &#x2013; original draft</ce:contributor-role><ce:contributor-role role="http://credit.niso.org/contributor-roles/writing-review-editing">Writing &#x2013; review &amp; editing</ce:contributor-role><ce:cross-ref refid="aff0004"><ce:sup loc="post">d</ce:sup></ce:cross-ref></ce:author><ce:author id="au0006" author-id="S2352340921009604-7e20e36177f67e9a6a86233cccd8ae63"><ce:given-name>Sofia D.</ce:given-name><ce:surname>Ochkalova</ce:surname><ce:cross-ref refid="aff0001"><ce:sup loc="post">a</ce:sup></ce:cross-ref><ce:cross-ref refid="aff0002"><ce:sup loc="post">b</ce:sup></ce:cross-ref></ce:author><ce:author id="au0007" author-id="S2352340921009604-f27869e15ba0212d82c6b17c4f7e2a7e"><ce:given-name>Anastasiya E.</ce:given-name><ce:surname>Girnyk</ce:surname><ce:contributor-role role="http://credit.niso.org/contributor-roles/data-curation">Data curation</ce:contributor-role><ce:cross-ref refid="aff0001"><ce:sup loc="post">a</ce:sup></ce:cross-ref></ce:author><ce:author id="au0008" author-id="S2352340921009604-a1302ef1e333131d91fab36d3308924c"><ce:given-name>Daria V.</ce:given-name><ce:surname>Zhernakova</ce:surname><ce:contributor-role role="http://credit.niso.org/contributor-roles/conceptualization">Conceptualization</ce:contributor-role><ce:contributor-role role="http://credit.niso.org/contributor-roles/visualization">Visualization</ce:contributor-role><ce:cross-ref refid="aff0001"><ce:sup loc="post">a</ce:sup></ce:cross-ref><ce:cross-ref refid="aff0005"><ce:sup loc="post">e</ce:sup></ce:cross-ref></ce:author><ce:author id="au0009" author-id="S2352340921009604-ecabcf1aed608b827a8338d50bc1fee4"><ce:given-name>Marine S.</ce:given-name><ce:surname>Arakelyan</ce:surname><ce:contributor-role role="http://credit.niso.org/contributor-roles/methodology">Methodology</ce:contributor-role><ce:contributor-role role="http://credit.niso.org/contributor-roles/supervision">Supervision</ce:contributor-role><ce:cross-ref refid="aff0006"><ce:sup loc="post">f</ce:sup></ce:cross-ref></ce:author><ce:author id="au0010" author-id="S2352340921009604-57bfcfba0168c53430f5bfbb2e62db72"><ce:given-name>Vladimir B.</ce:given-name><ce:surname>Brukhin</ce:surname><ce:contributor-role role="http://credit.niso.org/contributor-roles/writing-original-draft">Writing &#x2013; original draft</ce:contributor-role><ce:contributor-role role="http://credit.niso.org/contributor-roles/writing-review-editing">Writing &#x2013; review &amp; editing</ce:contributor-role><ce:cross-ref refid="aff0007"><ce:sup loc="post">g</ce:sup></ce:cross-ref></ce:author><ce:author id="au0011" author-id="S2352340921009604-f66388e2fbdc4182a316fdd62923f6c8"><ce:given-name>Aleksey S.</ce:given-name><ce:surname>Komissarov</ce:surname><ce:contributor-role role="http://credit.niso.org/contributor-roles/project-administration">Project administration</ce:contributor-role><ce:contributor-role role="http://credit.niso.org/contributor-roles/conceptualization">Conceptualization</ce:contributor-role><ce:contributor-role role="http://credit.niso.org/contributor-roles/visualization">Visualization</ce:contributor-role><ce:contributor-role role="http://credit.niso.org/contributor-roles/data-curation">Data curation</ce:contributor-role><ce:contributor-role role="http://credit.niso.org/contributor-roles/writing-original-draft">Writing &#x2013; original draft</ce:contributor-role><ce:contributor-role role="http://credit.niso.org/contributor-roles/writing-review-editing">Writing &#x2013; review &amp; editing</ce:contributor-role><ce:contributor-role role="http://credit.niso.org/contributor-roles/supervision">Supervision</ce:contributor-role><ce:cross-ref refid="aff0001"><ce:sup loc="post">a</ce:sup></ce:cross-ref><ce:cross-ref refid="aff0002"><ce:sup loc="post">b</ce:sup></ce:cross-ref><ce:e-address id="ead0002" type="email" xlink:href="mailto:komissarov@scamt-itmo.ru">komissarov@scamt-itmo.ru</ce:e-address></ce:author><ce:author id="au0012" author-id="S2352340921009604-717fa365fcbfbf07961ea6a436afd68f"><ce:given-name>Alexey P.</ce:given-name><ce:surname>Ryskov</ce:surname><ce:contributor-role role="http://credit.niso.org/contributor-roles/project-administration">Project administration</ce:contributor-role><ce:contributor-role role="http://credit.niso.org/contributor-roles/conceptualization">Conceptualization</ce:contributor-role><ce:contributor-role role="http://credit.niso.org/contributor-roles/writing-original-draft">Writing &#x2013; original draft</ce:contributor-role><ce:contributor-role role="http://credit.niso.org/contributor-roles/writing-review-editing">Writing &#x2013; review &amp; editing</ce:contributor-role><ce:contributor-role role="http://credit.niso.org/contributor-roles/supervision">Supervision</ce:contributor-role><ce:contributor-role role="http://credit.niso.org/contributor-roles/funding-acquisition">Funding acquisition</ce:contributor-role><ce:cross-ref refid="aff0001"><ce:sup loc="post">a</ce:sup></ce:cross-ref><ce:e-address id="ead0003" type="email" xlink:href="mailto:ryskov@mail.ru">ryskov@mail.ru</ce:e-address></ce:author><ce:affiliation id="aff0001" affiliation-id="S2352340921009604-6fc99c8dc85da3a10df57ce827469ac2"><ce:label>a</ce:label><ce:textfn id="cetextfn0001">Laboratory of Genome Organization, Institute of Gene Biology of the Russian Academy of Sciences, Vavilova Str., 34/5, Moscow 119334, Russia</ce:textfn><sa:affiliation><sa:organization>Laboratory of Genome Organization</sa:organization><sa:organization>Institute of Gene Biology of the Russian Academy of Sciences</sa:organization><sa:address-line>Vavilova Str.34/5</sa:address-line><sa:city>Moscow</sa:city><sa:postal-code>119334</sa:postal-code><sa:country>Russia</sa:country></sa:affiliation><ce:source-text id="staff0001">aLaboratory of Genome Organization, Institute of Gene Biology of the Russian Academy of Sciences, Vavilova Str., 34/5, Moscow 119334, Russia</ce:source-text></ce:affiliation><ce:affiliation id="aff0002" affiliation-id="S2352340921009604-fcb3eb3d630703989bf217ac66165072"><ce:label>b</ce:label><ce:textfn id="cetextfn0002">Applied Genomics Laboratory, SCAMT Institute, ITMO University, Lomonosova 9 Str., Saint Petersburg 197101, Russia</ce:textfn><sa:affiliation><sa:organization>Applied Genomics Laboratory</sa:organization><sa:organization>SCAMT Institute</sa:organization><sa:organization>ITMO University</sa:organization><sa:address-line>Lomonosova 9 Str.</sa:address-line><sa:city>Saint Petersburg</sa:city><sa:postal-code>197101</sa:postal-code><sa:country>Russia</sa:country></sa:affiliation><ce:source-text id="staff0002">bApplied Genomics Laboratory, SCAMT Institute, ITMO University, Lomonosova 9 Str., Saint Petersburg 197101, Russia</ce:source-text></ce:affiliation><ce:affiliation id="aff0003" affiliation-id="S2352340921009604-a6ad54c9e992c42c7ba39fd357ebfdfe"><ce:label>c</ce:label><ce:textfn id="cetextfn0003">Department of Biochemistry, Molecular biology and Genetics, Moscow Pedagogical State University, 1/1 M.Pirogovskaya Str., Moscow 119991, Russia</ce:textfn><sa:affiliation><sa:organization>Department of Biochemistry</sa:organization><sa:organization>Molecular biology and Genetics</sa:organization><sa:organization>Moscow Pedagogical State University</sa:organization><sa:address-line>1/1 M.Pirogovskaya Str.</sa:address-line><sa:city>Moscow</sa:city><sa:postal-code>119991</sa:postal-code><sa:country>Russia</sa:country></sa:affiliation><ce:source-text id="staff0003">cDepartment of Biochemistry, Molecular biology and Genetics, Moscow Pedagogical State University, 1/1 M.Pirogovskaya Str., Moscow 119991, Russia</ce:source-text></ce:affiliation><ce:affiliation id="aff0004" affiliation-id="S2352340921009604-f0e90b5219a25ee67dcab5dfe4e8b46c"><ce:label>d</ce:label><ce:textfn id="cetextfn0004">Department of Genetics and Biotechnology, St.&#160;Petersburg State University, 7/9 Universitetskaya Nab., St.&#160;Petersburg 199034, Russia</ce:textfn><sa:affiliation><sa:organization>Department of Genetics and Biotechnology</sa:organization><sa:organization>St.&#160;Petersburg State University</sa:organization><sa:address-line>7/9 Universitetskaya Nab.</sa:address-line><sa:city>St.&#160;Petersburg</sa:city><sa:postal-code>199034</sa:postal-code><sa:country>Russia</sa:country></sa:affiliation><ce:source-text id="staff0004">dDepartment of Genetics and Biotechnology, St.&#160;Petersburg State University, 7/9 Universitetskaya Nab., St.&#160;Petersburg 199034, Russia</ce:source-text></ce:affiliation><ce:affiliation id="aff0005" affiliation-id="S2352340921009604-afe079064e09d03028dcc58df5b57e75"><ce:label>e</ce:label><ce:textfn id="cetextfn0005">Laboratory of Genomic Diversity, Center for Computer Technologies, ITMO University, Kronverksky Ave. 49, St.&#160;Petersburg 197101, Russia</ce:textfn><sa:affiliation><sa:organization>Laboratory of Genomic Diversity</sa:organization><sa:organization>Center for Computer Technologies</sa:organization><sa:organization>ITMO University</sa:organization><sa:address-line>Kronverksky Ave. 49</sa:address-line><sa:city>St.&#160;Petersburg</sa:city><sa:postal-code>197101</sa:postal-code><sa:country>Russia</sa:country></sa:affiliation><ce:source-text id="staff0005">eLaboratory of Genomic Diversity, Center for Computer Technologies, ITMO University, Kronverksky Ave. 49, St.&#160;Petersburg 197101, Russia</ce:source-text></ce:affiliation><ce:affiliation id="aff0006" affiliation-id="S2352340921009604-0e020f96b092f7922db3e3ba7d7c5419"><ce:label>f</ce:label><ce:textfn id="cetextfn0006">Faculty of Biology, Yerevan State University, 1 Alex Manoogian, 0025, Yerevan , Armenia</ce:textfn><sa:affiliation><sa:organization>Faculty of Biology</sa:organization><sa:organization>Yerevan State University</sa:organization><sa:address-line>1 Alex Manoogian, 0025</sa:address-line><sa:city>Yerevan</sa:city><sa:country>Armenia</sa:country></sa:affiliation><ce:source-text id="staff0006">fFaculty of Biology, Yerevan State University, 1 Alex Manoogian, 0025, Yerevan , Armenia</ce:source-text></ce:affiliation><ce:affiliation id="aff0007" affiliation-id="S2352340921009604-070ee787c4d27dbb819141d0fb9ead05"><ce:label>g</ce:label><ce:textfn id="cetextfn0007">Plant Genomics Laboratory, SCAMT Institute, ITMO University, Saint Petersburg 197101, Russia</ce:textfn><sa:affiliation><sa:organization>Plant Genomics Laboratory</sa:organization><sa:organization>SCAMT Institute</sa:organization><sa:organization>ITMO University</sa:organization><sa:city>Saint Petersburg</sa:city><sa:postal-code>197101</sa:postal-code><sa:country>Russia</sa:country></sa:affiliation><ce:source-text id="staff0007">gPlant Genomics Laboratory, SCAMT Institute, ITMO University, Saint Petersburg 197101, Russia</ce:source-text></ce:affiliation><ce:correspondence id="cor0001"><ce:label>&#x204e;</ce:label><ce:text id="cetext0001">Corresponding author at: Laboratory of Genome Organization, Institute of Gene Biology of the Russian Academy of Sciences, Vavilova Str., 34/5, Moscow 119334, Russia.</ce:text><sa:affiliation><sa:organization>Laboratory of Genome Organization</sa:organization><sa:organization>Institute of Gene Biology of the Russian Academy of Sciences</sa:organization><sa:address-line>Vavilova Str. 34/5</sa:address-line><sa:city>Moscow</sa:city><sa:postal-code>119334</sa:postal-code><sa:country>Russia</sa:country></sa:affiliation></ce:correspondence></ce:author-group><ce:date-received day="6" month="11" year="2021"/><ce:date-revised day="2" month="12" year="2021"/><ce:date-accepted day="3" month="12" year="2021"/><ce:abstract id="abs0001" view="all" class="author"><ce:section-title id="cesectitle0001">Abstract</ce:section-title><ce:abstract-sec id="abss0001" view="all"><ce:simple-para id="spara008" view="all"><ce:italic>Darevskia</ce:italic> rock lizards include 29 sexual and seven parthenogenetic species of hybrid origin distributed in the Caucasus. All seven parthenogenetic species of the genus <ce:italic>Darevskia</ce:italic> were formed as a result of interspecific hybridization of only four sexual species. It remains unknown what are the main advantages of interspecific hybridization along with switching on parthenogenetic reproduction in evolution of reptiles. Data on whole transcriptome sequencing of parthenogens and their parental ancestors can provide value impact in solving this problem. Here we have sequenced ovary tissue transcriptomes from unisexual parthenogenetic lizard <ce:italic>D. unisexualis</ce:italic> and its parental bisexual ancestors to facilitate the subsequent annotation and to obtain the collinear characteristics for comparison with other lizard species. Here we report generated RNAseq data from total mRNA of ovary tissues of <ce:italic>D. unisexualis, D. valentini</ce:italic> and <ce:italic>D. raddei</ce:italic> with 58932755, 51634041 and 62788216 reads. Obtained RNA reads were assembled by Trinity assembler and 95141, 62123, 61836 contigs were identified with N50 values of 2409, 2801 and 2827 respectively. For further analysis top Gene Ontology terms were annotated for all species and transcript number was calculated. The raw data were deposited in the NCBI SRA database (BioProject <ce:inter-ref id="interref0001" xlink:href="https://www.ncbi.nlm.nih.gov/bioproject/PRJNA773939" xlink:type="simple">PRJNA773939</ce:inter-ref>). The assemblies are available in Mendeley Data and can be accessed via doi:<ce:inter-ref id="interref0001a" xlink:href="https://doi.org/10.17632/rtd8cx7zc3.1" xlink:type="simple">10.17632/rtd8cx7zc3.1</ce:inter-ref>.</ce:simple-para></ce:abstract-sec></ce:abstract><ce:keywords id="keys0001" view="all" class="keyword"><ce:section-title id="cesectitle0002">Keywords</ce:section-title><ce:keyword id="key0001"><ce:text id="cetext0002"><ce:italic>Darevskia</ce:italic> lizards</ce:text></ce:keyword><ce:keyword id="key0002"><ce:text id="cetext0003">Parthenogenesis</ce:text></ce:keyword><ce:keyword id="key0003"><ce:text id="cetext0004">Transcriptome analysis</ce:text></ce:keyword><ce:keyword id="key0004"><ce:text id="cetext0005">Ovaries</ce:text></ce:keyword><ce:keyword id="key0005"><ce:text id="cetext0006">AMP</ce:text></ce:keyword></ce:keywords></ja:head></ja:article></doc:document>
