<doc:document xmlns:doc="http://www.elsevier.com/xml/document/schema" xmlns:dp="http://www.elsevier.com/xml/common/doc-properties/schema" xmlns:cps="http://www.elsevier.com/xml/common/consyn-properties/schema" xmlns:rdf="http://www.w3.org/1999/02/22-rdf-syntax-ns#" xmlns:dct="http://purl.org/dc/terms/" xmlns:prism="http://prismstandard.org/namespaces/basic/2.0/" xmlns:oa="http://vtw.elsevier.com/data/ns/properties/OpenAccess-1/" xmlns:bam="http://vtw.elsevier.com/data/voc/ns/bam-vtw-1/" xmlns:cp="http://vtw.elsevier.com/data/ns/properties/Copyright-1/" xmlns:cja="http://www.elsevier.com/xml/cja/schema" xmlns:ja="http://www.elsevier.com/xml/ja/schema" xmlns:bk="http://www.elsevier.com/xml/bk/schema" xmlns:ce="http://www.elsevier.com/xml/common/schema" xmlns:mml="http://www.w3.org/1998/Math/MathML" xmlns:cals="http://www.elsevier.com/xml/common/cals/schema" xmlns:tb="http://www.elsevier.com/xml/common/table/schema" xmlns:sa="http://www.elsevier.com/xml/common/struct-aff/schema" xmlns:sb="http://www.elsevier.com/xml/common/struct-bib/schema" xmlns:xlink="http://www.w3.org/1999/xlink"><rdf:RDF><rdf:Description rdf:about="http://dx.doi.org/10.1016/j.dib.2021.107768"><dct:format>application/xml</dct:format><dct:title>Dataset for corruption risk assessment in a public administration</dct:title><dct:creator>Marcelo Oliveira Vasconcelos</dct:creator><dct:creator>Lu&#237;s Cavique</dct:creator><dct:subject><rdf:Bag><rdf:li>Data enrichment</rdf:li><rdf:li>Imbalanced learning</rdf:li><rdf:li>Corruption</rdf:li><rdf:li>Public administration</rdf:li><rdf:li>Risk</rdf:li></rdf:Bag></dct:subject><dct:description>Data in Brief 40 (2022). doi:10.1016/j.dib.2021.107768</dct:description><prism:aggregationType>journal</prism:aggregationType><prism:publicationName>Data in Brief</prism:publicationName><prism:copyright>&#169; 2022 The Authors. Published by Elsevier Inc.</prism:copyright><dct:publisher>Elsevier Inc.</dct:publisher><prism:issn>2352-3409</prism:issn><prism:volume>40</prism:volume><prism:coverDisplayDate>February 2022</prism:coverDisplayDate><prism:doi>10.1016/j.dib.2021.107768</prism:doi><prism:url>http://dx.doi.org/10.1016/j.dib.2021.107768</prism:url><dct:identifier>doi:10.1016/j.dib.2021.107768</dct:identifier><bam:articleNumber>107768</bam:articleNumber><oa:openAccessInformation><oa:openAccessStatus xmlns:xsi="http://www.w3.org/2001/XMLSchema-instance">http://vtw.elsevier.com/data/voc/oa/OpenAccessStatus#Full</oa:openAccessStatus><oa:openAccessEffective xmlns:xsi="http://www.w3.org/2001/XMLSchema-instance">2021-12-28T17:53:57Z</oa:openAccessEffective><oa:sponsor xmlns:xsi="http://www.w3.org/2001/XMLSchema-instance"><oa:sponsorName>Portugal Institutes</oa:sponsorName><oa:sponsorType>http://vtw.elsevier.com/data/voc/oa/SponsorType#FundingBody</oa:sponsorType></oa:sponsor><oa:userLicense xmlns:xsi="http://www.w3.org/2001/XMLSchema-instance">http://creativecommons.org/licenses/by-nc-nd/4.0/</oa:userLicense></oa:openAccessInformation><cp:licenseLine xmlns:xsi="http://www.w3.org/2001/XMLSchema-instance">This is an open access article under the CC BY-NC-ND license.</cp:licenseLine></rdf:Description></rdf:RDF><dp:document-properties><dp:aggregation-type>Journals</dp:aggregation-type><dp:version-number>S300.1</dp:version-number></dp:document-properties><ja:article docsubtype="dat" version="5.6" xml:lang="en"><ja:item-info><ja:jid>DIB</ja:jid><ja:aid>107768</ja:aid><ce:article-number>107768</ce:article-number><ce:pii>S2352-3409(21)01042-8</ce:pii><ce:doi>10.1016/j.dib.2021.107768</ce:doi><ce:copyright type="unknown" year="2021"/></ja:item-info><ja:head><ce:dochead id="dchd0001"><ce:textfn id="dhtxt0001">Data Article</ce:textfn></ce:dochead><ce:title id="tte0002">Dataset for corruption risk assessment in a public administration</ce:title><ce:author-group id="aut0001"><ce:author id="au0001" author-id="S2352340921010428-023fbc52abbb2dfa571f73429952ed83" orcid="0000-0002-8563-1404"><ce:given-name>Marcelo Oliveira</ce:given-name><ce:surname>Vasconcelos</ce:surname><ce:contributor-role role="http://credit.niso.org/contributor-roles/conceptualization">Conceptualization</ce:contributor-role><ce:contributor-role role="http://credit.niso.org/contributor-roles/methodology">Methodology</ce:contributor-role><ce:contributor-role role="http://credit.niso.org/contributor-roles/software">Software</ce:contributor-role><ce:contributor-role role="http://credit.niso.org/contributor-roles/data-curation">Data curation</ce:contributor-role><ce:contributor-role role="http://credit.niso.org/contributor-roles/writing-original-draft">Writing &#x2013; original draft</ce:contributor-role><ce:contributor-role role="http://credit.niso.org/contributor-roles/visualization">Visualization</ce:contributor-role><ce:cross-ref refid="aff0001"><ce:sup loc="post">a</ce:sup></ce:cross-ref><ce:cross-ref refid="aff0002"><ce:sup loc="post">b</ce:sup></ce:cross-ref><ce:cross-ref refid="cor0001"><ce:sup loc="post">&#x204e;</ce:sup></ce:cross-ref><ce:e-address id="ead0001" type="email" xlink:href="mailto:mov@tc.df.gov.br">mov@tc.df.gov.br</ce:e-address></ce:author><ce:author id="au0002" author-id="S2352340921010428-85311c2d2edf0c6e22de46b1531692e3"><ce:given-name>Lu&#237;s</ce:given-name><ce:surname>Cavique</ce:surname><ce:contributor-role role="http://credit.niso.org/contributor-roles/supervision">Supervision</ce:contributor-role><ce:contributor-role role="http://credit.niso.org/contributor-roles/writing-review-editing">Writing &#x2013; review &amp; editing</ce:contributor-role><ce:cross-ref refid="aff0002"><ce:sup loc="post">b</ce:sup></ce:cross-ref><ce:cross-ref refid="aff0003"><ce:sup loc="post">c</ce:sup></ce:cross-ref></ce:author><ce:affiliation id="aff0001" affiliation-id="S2352340921010428-9d0208048dfef15709e15f02a526b591"><ce:label>a</ce:label><ce:textfn id="cetextfn0001">Tribunal de Contas do Distrito Federal, Bras&#237;lia, Brazil</ce:textfn><sa:affiliation><sa:organization>Tribunal de Contas do Distrito Federal</sa:organization><sa:city>Bras&#237;lia</sa:city><sa:country>Brazil</sa:country></sa:affiliation><ce:source-text id="staff0001">aTribunal de Contas do Distrito Federal, Bras&#237;lia, Brazil</ce:source-text></ce:affiliation><ce:affiliation id="aff0002" affiliation-id="S2352340921010428-57aa78ea71019ce10ca5b05dcb24a895"><ce:label>b</ce:label><ce:textfn id="cetextfn0002">Universidade Aberta, Lisboa, Portugal</ce:textfn><sa:affiliation><sa:organization>Universidade Aberta</sa:organization><sa:city>Lisboa</sa:city><sa:country>Portugal</sa:country></sa:affiliation><ce:source-text id="staff0002">bUniversidade Aberta, Lisboa, Portugal</ce:source-text></ce:affiliation><ce:affiliation id="aff0003" affiliation-id="S2352340921010428-9d858c69e4705dc9c28ce5c8ea89dedb"><ce:label>c</ce:label><ce:textfn id="cetextfn0003">LASIGE, Lisboa, Portugal</ce:textfn><sa:affiliation><sa:organization>LASIGE</sa:organization><sa:city>Lisboa</sa:city><sa:country>Portugal</sa:country></sa:affiliation><ce:source-text id="staff0003">cLASIGE, Lisboa, Portugal</ce:source-text></ce:affiliation><ce:correspondence id="cor0001"><ce:label>&#x204e;</ce:label><ce:text id="cetext0001">Corresponding author at: Tribunal de Contas do Distrito Federal, Bras&#237;lia, Brazil.</ce:text><sa:affiliation><sa:organization>Tribunal de Contas do Distrito Federal</sa:organization><sa:city>Bras&#237;lia</sa:city><sa:country>Brazil</sa:country></sa:affiliation></ce:correspondence></ce:author-group><ce:date-received day="30" month="8" year="2021"/><ce:date-revised day="24" month="12" year="2021"/><ce:date-accepted day="27" month="12" year="2021"/><ce:abstract id="abs0001" view="all" class="author"><ce:section-title id="cesectitle0001">Abstract</ce:section-title><ce:abstract-sec id="abss0001" view="all"><ce:simple-para id="spara010" view="all">This data article describes a dataset of corruption approach and possible variables related, and this dataset was created by integrating eight different systems of Brazilian federal government and Federal District. We present real data from civil servants and militaries to comply with GDPR legislation, the attributes that could identify a person were removed, making the data anonymized.</ce:simple-para></ce:abstract-sec></ce:abstract><ce:keywords id="keys0001" view="all" class="keyword"><ce:section-title id="cesectitle0002">Keywords</ce:section-title><ce:keyword id="key0001"><ce:text id="cetext0002">Data enrichment</ce:text></ce:keyword><ce:keyword id="key0002"><ce:text id="cetext0003">Imbalanced learning</ce:text></ce:keyword><ce:keyword id="key0003"><ce:text id="cetext0004">Corruption</ce:text></ce:keyword><ce:keyword id="key0004"><ce:text id="cetext0005">Public administration</ce:text></ce:keyword><ce:keyword id="key0005"><ce:text id="cetext0006">Risk</ce:text></ce:keyword></ce:keywords></ja:head></ja:article></doc:document>
