<doc:document xmlns:doc="http://www.elsevier.com/xml/document/schema" xmlns:dp="http://www.elsevier.com/xml/common/doc-properties/schema" xmlns:cps="http://www.elsevier.com/xml/common/consyn-properties/schema" xmlns:rdf="http://www.w3.org/1999/02/22-rdf-syntax-ns#" xmlns:dct="http://purl.org/dc/terms/" xmlns:prism="http://prismstandard.org/namespaces/basic/2.0/" xmlns:oa="http://vtw.elsevier.com/data/ns/properties/OpenAccess-1/" xmlns:bam="http://vtw.elsevier.com/data/voc/ns/bam-vtw-1/" xmlns:cp="http://vtw.elsevier.com/data/ns/properties/Copyright-1/" xmlns:cja="http://www.elsevier.com/xml/cja/schema" xmlns:ja="http://www.elsevier.com/xml/ja/schema" xmlns:bk="http://www.elsevier.com/xml/bk/schema" xmlns:ce="http://www.elsevier.com/xml/common/schema" xmlns:mml="http://www.w3.org/1998/Math/MathML" xmlns:cals="http://www.elsevier.com/xml/common/cals/schema" xmlns:tb="http://www.elsevier.com/xml/common/table/schema" xmlns:sa="http://www.elsevier.com/xml/common/struct-aff/schema" xmlns:sb="http://www.elsevier.com/xml/common/struct-bib/schema" xmlns:xlink="http://www.w3.org/1999/xlink"><rdf:RDF><rdf:Description rdf:about="http://dx.doi.org/10.1016/j.dib.2021.107696"><dct:format>application/xml</dct:format><dct:title>Dataset for the synthesis, characterisation and application of cobalt and nitrogen co-doped TiO2anatase nanoparticles on triclosan photodegradation using visible LED light</dct:title><dct:creator>Olga Ferreira</dct:creator><dct:creator>Olinda C. Monteiro</dct:creator><dct:creator>Ana M. Botelho do Rego</dct:creator><dct:creator>Ana M. Ferraria</dct:creator><dct:creator>Mary Batista</dct:creator><dct:creator>Elisabete R. Silva</dct:creator><dct:subject><rdf:Bag><rdf:li>Titanium dioxide</rdf:li><rdf:li>co-doping</rdf:li><rdf:li>Cobalt</rdf:li><rdf:li>Nitrogen</rdf:li><rdf:li>Visible-light active</rdf:li><rdf:li>Photocatalysis</rdf:li><rdf:li>Triclosan degradation</rdf:li><rdf:li>Monochromatic LED lights</rdf:li></rdf:Bag></dct:subject><dct:description>Data in Brief 40 (2022). doi:10.1016/j.dib.2021.107696</dct:description><prism:aggregationType>journal</prism:aggregationType><prism:publicationName>Data in Brief</prism:publicationName><prism:copyright>&#169; 2021 The Authors. Published by Elsevier Inc.</prism:copyright><dct:publisher>Elsevier Inc.</dct:publisher><prism:issn>2352-3409</prism:issn><prism:volume>40</prism:volume><prism:coverDisplayDate>February 2022</prism:coverDisplayDate><prism:doi>10.1016/j.dib.2021.107696</prism:doi><prism:url>http://dx.doi.org/10.1016/j.dib.2021.107696</prism:url><dct:identifier>doi:10.1016/j.dib.2021.107696</dct:identifier><bam:articleNumber>107696</bam:articleNumber><oa:openAccessInformation><oa:openAccessStatus xmlns:xsi="http://www.w3.org/2001/XMLSchema-instance">http://vtw.elsevier.com/data/voc/oa/OpenAccessStatus#Full</oa:openAccessStatus><oa:openAccessEffective xmlns:xsi="http://www.w3.org/2001/XMLSchema-instance">2021-12-08T14:54:02Z</oa:openAccessEffective><oa:sponsor xmlns:xsi="http://www.w3.org/2001/XMLSchema-instance"><oa:sponsorName>Portugal Institutes</oa:sponsorName><oa:sponsorType>http://vtw.elsevier.com/data/voc/oa/SponsorType#FundingBody</oa:sponsorType></oa:sponsor><oa:userLicense xmlns:xsi="http://www.w3.org/2001/XMLSchema-instance">http://creativecommons.org/licenses/by-nc-nd/4.0/</oa:userLicense></oa:openAccessInformation><cp:licenseLine xmlns:xsi="http://www.w3.org/2001/XMLSchema-instance">This is an open access article under the CC BY-NC-ND license.</cp:licenseLine></rdf:Description></rdf:RDF><dp:document-properties><dp:aggregation-type>Journals</dp:aggregation-type><dp:version-number>S300.1</dp:version-number></dp:document-properties><ja:article docsubtype="dat" version="5.6" xml:lang="en"><ja:item-info><ja:jid>DIB</ja:jid><ja:aid>107696</ja:aid><ce:article-number>107696</ce:article-number><ce:pii>S2352-3409(21)00971-9</ce:pii><ce:doi>10.1016/j.dib.2021.107696</ce:doi><ce:document-thread><ce:refers-to-document id="ref0001"><ce:pii>S2213-3437(21)01712-7</ce:pii><ce:doi>10.1016/j.jece.2021.106735</ce:doi></ce:refers-to-document></ce:document-thread><ce:copyright type="other" year="2021">The Authors</ce:copyright></ja:item-info><ja:head><ce:dochead id="dchd0001"><ce:textfn id="dhtxt0001">Data Article</ce:textfn></ce:dochead><ce:title id="tte0002">Dataset for the synthesis, characterisation and application of cobalt and nitrogen co-doped TiO<ce:inf loc="post">2</ce:inf><ce:italic>anatase</ce:italic> nanoparticles on triclosan photodegradation using visible LED light</ce:title><ce:author-group id="aut0001"><ce:author id="au0001" author-id="S2352340921009719-d68440a075214ed9e55f4b3fce19a5ba"><ce:given-name>Olga</ce:given-name><ce:surname>Ferreira</ce:surname><ce:contributor-role role="http://credit.niso.org/contributor-roles/formal-analysis">Formal analysis</ce:contributor-role><ce:contributor-role role="http://credit.niso.org/contributor-roles/investigation">Investigation</ce:contributor-role><ce:contributor-role role="http://credit.niso.org/contributor-roles/data-curation">Data curation</ce:contributor-role><ce:contributor-role role="http://credit.niso.org/contributor-roles/writing-original-draft">Writing &#x2013; original draft</ce:contributor-role><ce:cross-ref refid="aff0001"><ce:sup loc="post">a</ce:sup></ce:cross-ref><ce:cross-ref refid="aff0002"><ce:sup loc="post">b</ce:sup></ce:cross-ref></ce:author><ce:author id="au0002" author-id="S2352340921009719-1b21e6e66b2731ff07309ecb31236dfa"><ce:given-name>Olinda C.</ce:given-name><ce:surname>Monteiro</ce:surname><ce:contributor-role role="http://credit.niso.org/contributor-roles/resources">Resources</ce:contributor-role><ce:cross-ref refid="aff0003"><ce:sup loc="post">c</ce:sup></ce:cross-ref><ce:cross-ref refid="aff0004"><ce:sup loc="post">d</ce:sup></ce:cross-ref></ce:author><ce:author id="au0003" author-id="S2352340921009719-6aaed2ced52055cbafec0bdcaf00675f"><ce:given-name>Ana M.</ce:given-name><ce:surname>Botelho do Rego</ce:surname><ce:contributor-role role="http://credit.niso.org/contributor-roles/resources">Resources</ce:contributor-role><ce:contributor-role role="http://credit.niso.org/contributor-roles/data-curation">Data curation</ce:contributor-role><ce:contributor-role role="http://credit.niso.org/contributor-roles/writing-review-editing">Writing &#x2013; review &amp; editing</ce:contributor-role><ce:cross-ref refid="aff0005"><ce:sup loc="post">e</ce:sup></ce:cross-ref><ce:cross-ref refid="aff0006"><ce:sup loc="post">f</ce:sup></ce:cross-ref></ce:author><ce:author id="au0004" author-id="S2352340921009719-7caf955fc8e8176b394c08d69269444a"><ce:given-name>Ana M.</ce:given-name><ce:surname>Ferraria</ce:surname><ce:contributor-role role="http://credit.niso.org/contributor-roles/formal-analysis">Formal analysis</ce:contributor-role><ce:contributor-role role="http://credit.niso.org/contributor-roles/writing-review-editing">Writing &#x2013; review &amp; editing</ce:contributor-role><ce:cross-ref refid="aff0005"><ce:sup loc="post">e</ce:sup></ce:cross-ref><ce:cross-ref refid="aff0006"><ce:sup loc="post">f</ce:sup></ce:cross-ref></ce:author><ce:author id="au0005" author-id="S2352340921009719-161f43b7157d7be01d7081322627b8f4"><ce:given-name>Mary</ce:given-name><ce:surname>Batista</ce:surname><ce:contributor-role role="http://credit.niso.org/contributor-roles/formal-analysis">Formal analysis</ce:contributor-role><ce:cross-ref refid="aff0003"><ce:sup loc="post">c</ce:sup></ce:cross-ref></ce:author><ce:author id="au0006" author-id="S2352340921009719-8a1ad648da2bd6e74fec49a9f7de210e"><ce:given-name>Elisabete R.</ce:given-name><ce:surname>Silva</ce:surname><ce:contributor-role role="http://credit.niso.org/contributor-roles/conceptualization">Conceptualization</ce:contributor-role><ce:contributor-role role="http://credit.niso.org/contributor-roles/methodology">Methodology</ce:contributor-role><ce:contributor-role role="http://credit.niso.org/contributor-roles/investigation">Investigation</ce:contributor-role><ce:contributor-role role="http://credit.niso.org/contributor-roles/resources">Resources</ce:contributor-role><ce:contributor-role role="http://credit.niso.org/contributor-roles/data-curation">Data curation</ce:contributor-role><ce:contributor-role role="http://credit.niso.org/contributor-roles/writing-review-editing">Writing &#x2013; review &amp; editing</ce:contributor-role><ce:contributor-role role="http://credit.niso.org/contributor-roles/supervision">Supervision</ce:contributor-role><ce:cross-ref refid="aff0001"><ce:sup loc="post">a</ce:sup></ce:cross-ref><ce:cross-ref refid="aff0002"><ce:sup loc="post">b</ce:sup></ce:cross-ref><ce:cross-ref refid="aff0004"><ce:sup loc="post">d</ce:sup></ce:cross-ref><ce:cross-ref refid="cor0001"><ce:sup loc="post">&#x204e;</ce:sup></ce:cross-ref><ce:e-address id="ead0001" type="email" xlink:href="mailto:ersilva@fc.ul.pt">ersilva@fc.ul.pt</ce:e-address></ce:author><ce:affiliation id="aff0001" affiliation-id="S2352340921009719-90182a880331c61a080ffc2b85b62d7f"><ce:label>a</ce:label><ce:textfn id="cetextfn0001">BioISI- Biosystems and Integrative Sciences Institute, Faculdade de Ci&#234;ncias, Universidade de Lisboa, Campo Grande, Lisboa 1749-016, Portugal</ce:textfn><sa:affiliation><sa:organization>BioISI- Biosystems and Integrative Sciences Institute</sa:organization><sa:organization>Faculdade de Ci&#234;ncias</sa:organization><sa:organization>Universidade de Lisboa</sa:organization><sa:city>Campo Grande</sa:city><sa:state>Lisboa</sa:state><sa:postal-code>1749-016</sa:postal-code><sa:country>Portugal</sa:country></sa:affiliation><ce:source-text id="staff0001">aBioISI- Biosystems and Integrative Sciences Institute, Faculdade de Ci&#234;ncias, Universidade de Lisboa, Campo Grande, Lisboa 1749-016, Portugal</ce:source-text></ce:affiliation><ce:affiliation id="aff0002" affiliation-id="S2352340921009719-038b7c8234d2c2608e645f1b6494a2bb"><ce:label>b</ce:label><ce:textfn id="cetextfn0002">CERENA- Centro de Recursos Naturais e Ambientais, Instituto Superior T&#233;cnico, Universidade de Lisboa, Avenida Rovisco Pais 1, Lisboa 1049-001, Portugal</ce:textfn><sa:affiliation><sa:organization>CERENA- Centro de Recursos Naturais e Ambientais</sa:organization><sa:organization>Instituto Superior T&#233;cnico</sa:organization><sa:organization>Universidade de Lisboa</sa:organization><sa:address-line>Avenida Rovisco Pais 1</sa:address-line><sa:city>Lisboa</sa:city><sa:postal-code>1049-001</sa:postal-code><sa:country>Portugal</sa:country></sa:affiliation><ce:source-text id="staff0002">bCERENA- Centro de Recursos Naturais e Ambientais, Instituto Superior T&#233;cnico, Universidade de Lisboa, Avenida Rovisco Pais 1, Lisboa 1049-001, Portugal</ce:source-text></ce:affiliation><ce:affiliation id="aff0003" affiliation-id="S2352340921009719-3dcc2fc187aa254ca18f33bd857e7677"><ce:label>c</ce:label><ce:textfn id="cetextfn0003">Centro de Qu&#237;mica Estrutural, Faculdade de Ci&#234;ncias, Universidade de Lisboa, Campo Grande, Lisboa 1749-016, Portugal</ce:textfn><sa:affiliation><sa:organization>Centro de Qu&#237;mica Estrutural</sa:organization><sa:organization>Faculdade de Ci&#234;ncias</sa:organization><sa:organization>Universidade de Lisboa</sa:organization><sa:city>Campo Grande</sa:city><sa:state>Lisboa</sa:state><sa:postal-code>1749-016</sa:postal-code><sa:country>Portugal</sa:country></sa:affiliation><ce:source-text id="staff0003">cCentro de Qu&#237;mica Estrutural, Faculdade de Ci&#234;ncias, Universidade de Lisboa, Campo Grande, Lisboa 1749-016, Portugal</ce:source-text></ce:affiliation><ce:affiliation id="aff0004" affiliation-id="S2352340921009719-c30641f0ec9487198331eea8457a0c6b"><ce:label>d</ce:label><ce:textfn id="cetextfn0004">Departamento de Qu&#237;mica e Bioqu&#237;mica, Faculdade de Ci&#234;ncias, Universidade de Lisboa, Campo Grande, Lisboa 1749-016, Portugal</ce:textfn><sa:affiliation><sa:organization>Departamento de Qu&#237;mica e Bioqu&#237;mica</sa:organization><sa:organization>Faculdade de Ci&#234;ncias</sa:organization><sa:organization>Universidade de Lisboa</sa:organization><sa:city>Campo Grande</sa:city><sa:state>Lisboa</sa:state><sa:postal-code>1749-016</sa:postal-code><sa:country>Portugal</sa:country></sa:affiliation><ce:source-text id="staff0004">dDepartamento de Qu&#237;mica e Bioqu&#237;mica, Faculdade de Ci&#234;ncias, Universidade de Lisboa, Campo Grande, Lisboa 1749-016, Portugal</ce:source-text></ce:affiliation><ce:affiliation id="aff0005" affiliation-id="S2352340921009719-03ca6575fc6fa69b889fc0d4a079bdd5"><ce:label>e</ce:label><ce:textfn id="cetextfn0005">BSIRG, iBB, DEQ, Instituto Superior T&#233;cnico, Universidade de Lisboa, Av. Rovisco Pais, Lisboa 1049-001, Portugal</ce:textfn><sa:affiliation><sa:organization>BSIRG, iBB, DEQ</sa:organization><sa:organization>Instituto Superior T&#233;cnico</sa:organization><sa:organization>Universidade de Lisboa</sa:organization><sa:address-line>Av. Rovisco Pais</sa:address-line><sa:city>Lisboa</sa:city><sa:postal-code>1049-001</sa:postal-code><sa:country>Portugal</sa:country></sa:affiliation><ce:source-text id="staff0005">eBSIRG, iBB, DEQ, Instituto Superior T&#233;cnico, Universidade de Lisboa, Av. Rovisco Pais, Lisboa 1049-001, Portugal</ce:source-text></ce:affiliation><ce:affiliation id="aff0006" affiliation-id="S2352340921009719-962d539f5ebbafa9233cbabdca69997a"><ce:label>f</ce:label><ce:textfn id="cetextfn0006">Associate Laboratory i4HB- Institute for Health and Bioeconomy at Instituto Superior T&#233;cnico, Universidade de Lisboa, Av. Rovisco Pais, Lisboa 1049-001, Portugal</ce:textfn><sa:affiliation><sa:organization>Associate Laboratory i4HB- Institute for Health and Bioeconomy at Instituto Superior T&#233;cnico</sa:organization><sa:organization>Universidade de Lisboa</sa:organization><sa:address-line>Av. Rovisco Pais</sa:address-line><sa:city>Lisboa</sa:city><sa:postal-code>1049-001</sa:postal-code><sa:country>Portugal</sa:country></sa:affiliation><ce:source-text id="staff0006">fAssociate Laboratory i4HB- Institute for Health and Bioeconomy at Instituto Superior T&#233;cnico, Universidade de Lisboa, Av. Rovisco Pais, Lisboa 1049-001, Portugal</ce:source-text></ce:affiliation><ce:correspondence id="cor0001"><ce:label>&#x204e;</ce:label><ce:text id="cetext0001">Corresponding author at: BioISI- Biosystems &amp; Integrative Sciences Institute, Faculdade de Ci&#234;ncias, Universidade de Lisboa, Campo Grande, Lisboa 1749-016, Portugal</ce:text><sa:affiliation><sa:organization>BioISI- Biosystems &amp; Integrative Sciences Institute</sa:organization><sa:organization>Faculdade de Ci&#234;ncias</sa:organization><sa:organization>Universidade de Lisboa</sa:organization><sa:city>Campo Grande</sa:city><sa:state>Lisboa</sa:state><sa:postal-code>1749-016</sa:postal-code><sa:country>Portugal</sa:country></sa:affiliation></ce:correspondence></ce:author-group><ce:date-received day="17" month="11" year="2021"/><ce:date-revised day="3" month="12" year="2021"/><ce:date-accepted day="7" month="12" year="2021"/><ce:abstract id="abs0001" view="all" class="author"><ce:section-title id="cesectitle0001">Abstract</ce:section-title><ce:abstract-sec id="abss0001" view="all"><ce:simple-para id="spara013" view="all">The growing threat of emerging waterborne contaminants is a global concern, fuelled in part by the ineffectiveness of current remediation strategies. One of the most prominent remediation strategies is catalytic photodegradation, particularly with TiO<ce:inf loc="post">2</ce:inf> nanoparticles (NPs), but its full utilization is hampered by using only UV radiation, which is scarce in sunlight. To fully benefit from the sunlight abundance, several efforts are focused on the tailoring of TiO<ce:inf loc="post">2</ce:inf> to make it more active in visible (Vis) light. However, this target is yet to be met, sought for new developments. In a recent research paper entitled &#x201c;<ce:bold>Visible light-driven photodegradation of triclosan and antimicrobial activity against <ce:italic>Legionella pneumophila</ce:italic> with cobalt and nitrogen co-doped TiO<ce:inf loc="post">2</ce:inf><ce:italic>anatase</ce:italic> nanoparticles&#x201d; [</ce:bold><ce:bold>1</ce:bold><ce:bold>],</ce:bold> we investigated the co-doping potential of cobalt and nitrogen in TiO<ce:inf loc="post">2</ce:inf> NPs for water decontamination, focusing on its application for the degradation of triclosan (TCS) under Vis LED light irradiation. Herein, the synthesis methodology for the preparation of doped TiO<ce:inf loc="post">2</ce:inf> with nitrogen is described in detail, along with complementary data on the characterisation of all previously synthesised photocatalysts in the form of specific surface area determination (B.E.T. method) based on the obtained physisorption isotherms, X-ray photoelectron spectroscopy (XPS), and the automatic determination of bandgap energy through the diffuse reflectance spectra (DRS) analysis by using the GapExtractor&#169; software. This dataset article also includes optimised photocatalytic reaction conditions, specifically conducted under monochromatic LED light irradiation. The employed LED irradiation conditions can support photocatalytic research in the field, since LED systems are costless and have a long-life span compared to most conventional UV-Vis systems. In addition, raw UV-Vis spectra and high-performance liquid chromatography (HPLC) chromatograms for monitoring the TCS degradation reaction are also included, as are powder X-ray diffractograms (XRD) of recycled doped-TiO<ce:inf loc="post">2</ce:inf> photocatalysts, confirming the renewable efficiency of the synthesised photocatalysts to pursue green chemistry principles.</ce:simple-para></ce:abstract-sec></ce:abstract><ce:keywords id="keys0001" view="all" class="keyword"><ce:section-title id="cesectitle0002">Keywords</ce:section-title><ce:keyword id="key0001"><ce:text id="cetext0002">Titanium dioxide</ce:text></ce:keyword><ce:keyword id="key0002"><ce:text id="cetext0003">co-doping</ce:text></ce:keyword><ce:keyword id="key0003"><ce:text id="cetext0004">Cobalt</ce:text></ce:keyword><ce:keyword id="key0004"><ce:text id="cetext0005">Nitrogen</ce:text></ce:keyword><ce:keyword id="key0005"><ce:text id="cetext0006">Visible-light active</ce:text></ce:keyword><ce:keyword id="key0006"><ce:text id="cetext0007">Photocatalysis</ce:text></ce:keyword><ce:keyword id="key0007"><ce:text id="cetext0008">Triclosan degradation</ce:text></ce:keyword><ce:keyword id="key0008"><ce:text id="cetext0009">Monochromatic LED lights</ce:text></ce:keyword></ce:keywords></ja:head></ja:article></doc:document>
