<doc:document xmlns:doc="http://www.elsevier.com/xml/document/schema" xmlns:dp="http://www.elsevier.com/xml/common/doc-properties/schema" xmlns:cps="http://www.elsevier.com/xml/common/consyn-properties/schema" xmlns:rdf="http://www.w3.org/1999/02/22-rdf-syntax-ns#" xmlns:dct="http://purl.org/dc/terms/" xmlns:prism="http://prismstandard.org/namespaces/basic/2.0/" xmlns:oa="http://vtw.elsevier.com/data/ns/properties/OpenAccess-1/" xmlns:bam="http://vtw.elsevier.com/data/voc/ns/bam-vtw-1/" xmlns:cp="http://vtw.elsevier.com/data/ns/properties/Copyright-1/" xmlns:cja="http://www.elsevier.com/xml/cja/schema" xmlns:ja="http://www.elsevier.com/xml/ja/schema" xmlns:bk="http://www.elsevier.com/xml/bk/schema" xmlns:ce="http://www.elsevier.com/xml/common/schema" xmlns:mml="http://www.w3.org/1998/Math/MathML" xmlns:cals="http://www.elsevier.com/xml/common/cals/schema" xmlns:tb="http://www.elsevier.com/xml/common/table/schema" xmlns:sa="http://www.elsevier.com/xml/common/struct-aff/schema" xmlns:sb="http://www.elsevier.com/xml/common/struct-bib/schema" xmlns:xlink="http://www.w3.org/1999/xlink"><rdf:RDF><rdf:Description rdf:about="http://dx.doi.org/10.1016/j.hnm.2022.200139"><dct:format>application/xml</dct:format><dct:title>The impact of taxes on soft drinks on adult consumption and weight outcomes in Medina, Saudi Arabia</dct:title><dct:creator>Rola Adnan Jalloun</dct:creator><dct:creator>Moataz Abdulsattar Qurban</dct:creator><dct:subject><rdf:Bag><rdf:li>Obesity</rdf:li><rdf:li>Lean</rdf:li><rdf:li>Taxation</rdf:li><rdf:li>Sugar-sweetened beverages</rdf:li><rdf:li>Soft drinks</rdf:li></rdf:Bag></dct:subject><dct:description>Human Nutrition &amp; Metabolism, Journal Pre-proof. doi:10.1016/j.hnm.2022.200139</dct:description><prism:aggregationType>journal</prism:aggregationType><prism:publicationName>Human Nutrition &amp; Metabolism</prism:publicationName><prism:copyright>&#169; 2022 Published by Elsevier Inc.</prism:copyright><dct:publisher>Elsevier Inc.</dct:publisher><prism:issn>2666-1497</prism:issn><prism:doi>10.1016/j.hnm.2022.200139</prism:doi><prism:url>http://dx.doi.org/10.1016/j.hnm.2022.200139</prism:url><dct:identifier>doi:10.1016/j.hnm.2022.200139</dct:identifier><bam:articleNumber>200139</bam:articleNumber><oa:openAccessInformation><oa:openAccessStatus xmlns:xsi="http://www.w3.org/2001/XMLSchema-instance">http://vtw.elsevier.com/data/voc/oa/OpenAccessStatus#Full</oa:openAccessStatus><oa:openAccessEffective xmlns:xsi="http://www.w3.org/2001/XMLSchema-instance">2022-01-22T16:17:49Z</oa:openAccessEffective><oa:sponsor xmlns:xsi="http://www.w3.org/2001/XMLSchema-instance"><oa:sponsorType>http://vtw.elsevier.com/data/voc/oa/SponsorType#ElsevierWaived</oa:sponsorType></oa:sponsor><oa:userLicense xmlns:xsi="http://www.w3.org/2001/XMLSchema-instance">http://creativecommons.org/licenses/by-nc-nd/4.0/</oa:userLicense></oa:openAccessInformation><cp:licenseLine xmlns:xsi="http://www.w3.org/2001/XMLSchema-instance">This is an open access article under the CC BY-NC-ND license.</cp:licenseLine></rdf:Description></rdf:RDF><dp:document-properties><dp:aggregation-type>Journals</dp:aggregation-type><dp:version-number>S5.1</dp:version-number></dp:document-properties><ja:article docsubtype="fla" version="5.6" xml:lang="en"><ja:item-info><ja:jid>HNM</ja:jid><ja:aid>200139</ja:aid><ce:article-number>200139</ce:article-number><ce:pii>S2666-1497(22)00002-0</ce:pii><ce:doi>10.1016/j.hnm.2022.200139</ce:doi><ce:copyright type="unknown" year="2022"/></ja:item-info><ja:head><ce:title id="title0010">The impact of taxes on soft drinks on adult consumption and weight outcomes in Medina, Saudi Arabia</ce:title><ce:author-group id="augrp0010"><ce:author id="au1" author-id="S2666149722000020-e3d14e193729aea4d62659ecdd0a448a"><ce:given-name>Rola Adnan</ce:given-name><ce:surname>Jalloun</ce:surname><ce:cross-ref refid="aff1"><ce:sup loc="post">a</ce:sup></ce:cross-ref><ce:cross-ref refid="cor1"><ce:sup loc="post">&#x2217;</ce:sup></ce:cross-ref><ce:e-address type="email" xlink:href="mailto:rajalloun@taibahu.edu.sa" id="eadd0010">rajalloun@taibahu.edu.sa</ce:e-address></ce:author><ce:author id="au2" orcid="0000-0001-6366-8145" author-id="S2666149722000020-ed3ad2aebf4b2e5410b49b81d68faa18"><ce:given-name>Moataz Abdulsattar</ce:given-name><ce:surname>Qurban</ce:surname><ce:cross-ref refid="aff2"><ce:sup loc="post">b</ce:sup></ce:cross-ref><ce:e-address type="email" xlink:href="mailto:mqurban@moh.gov.sa" id="eadd0015">mqurban@moh.gov.sa</ce:e-address></ce:author><ce:affiliation id="aff1" affiliation-id="S2666149722000020-8fc33f7741cd5895b635c854628fa35b"><ce:label>a</ce:label><ce:textfn>Assistant Professor of Nutrition and Food Science Department, Taibah University, Al-Madinah Al-Munawara, 42353, Saudi Arabia</ce:textfn><sa:affiliation><sa:organization>Assistant Professor of Nutrition and Food Science Department</sa:organization><sa:organization>Taibah University</sa:organization><sa:address-line>Al-Madinah Al-Munawara</sa:address-line><sa:postal-code>42353</sa:postal-code><sa:country>Saudi Arabia</sa:country></sa:affiliation><ce:source-text id="srct0010">Assistant Professor of Nutrition and Food Science Department, Taibah University, Al-Madinah Al-Munawara, 42353, Kingdom of Saudi Arabia</ce:source-text></ce:affiliation><ce:affiliation id="aff2" affiliation-id="S2666149722000020-52e1fa1765b3df6a923c675290a96ee8"><ce:label>b</ce:label><ce:textfn>Nutrition Department, King Fahad Hospital, Al-Madinah Al-Munawara, 42351, Saudi Arabia</ce:textfn><sa:affiliation><sa:organization>Nutrition Department</sa:organization><sa:organization>King Fahad Hospital</sa:organization><sa:address-line>Al-Madinah Al-Munawara</sa:address-line><sa:postal-code>42351</sa:postal-code><sa:country>Saudi Arabia</sa:country></sa:affiliation><ce:source-text id="srct0015">Nutrition Department, King Fahad Hospital, Al-Madinah Al-Munawara, 42351, Kingdom of Saudi Arabia</ce:source-text></ce:affiliation><ce:correspondence id="cor1"><ce:label>&#x2217;</ce:label><ce:text>Corresponding author.</ce:text></ce:correspondence></ce:author-group><ce:date-received day="26" month="7" year="2020"/><ce:date-revised day="28" month="8" year="2021"/><ce:date-accepted day="22" month="1" year="2022"/><ce:abstract xml:lang="en" id="abs0010" view="all" class="author"><ce:section-title id="sectitle0010">Abstract</ce:section-title><ce:abstract-sec role="background" id="abssec0010" view="all"><ce:section-title id="sectitle0015">Background</ce:section-title><ce:simple-para id="abspara0010" view="all">Over recent decades, most governments have implemented taxes on unhealthy food and beverages to decrease obesity risk. The aim of this study was to assess the effect of soft drink consumption on obesity risk in the Kingdom of Saudi Arabia before and after soft drink taxation.</ce:simple-para></ce:abstract-sec><ce:abstract-sec id="abssec0015" view="all"><ce:section-title id="sectitle0020">Methods</ce:section-title><ce:simple-para id="abspara0015" view="all">This cross-sectional study included 200 adults of both genders. The study was conducted in Medina 3 months before Saudi soft drink taxation was implemented. Participants were invited to complete a survey via a link sent to their phones before and after soft drink taxation was implemented. Multiple logistic regression was performed to evaluate the risk of obesity among soft drink consumers vs. nonconsumers.</ce:simple-para></ce:abstract-sec><ce:abstract-sec role="results" id="abssec0020" view="all"><ce:section-title id="sectitle0025">Results</ce:section-title><ce:simple-para id="abspara0020" view="all">The study showed that after taxation, soft drink consumption decreased by 19% among participants. The decrease was 75% greater among obese participants than among lean and normal subjects. After controlling for potential confounding variables, normal and obese participants were compared. Before taxation, not consuming soft drinks decreased the risk of obesity by 16% (aOR&#x202f;=&#x202f;0.727, 95% CI 0.048&#x2013;0.909). After taxation, not consuming soft drinks decreased the risk of obesity by 32% (aOR&#x202f;=&#x202f;0.688, 95% CI 0.048&#x2013;0.989).</ce:simple-para></ce:abstract-sec><ce:abstract-sec role="conclusion" id="abssec0025" view="all"><ce:section-title id="sectitle0030">Conclusions</ce:section-title><ce:simple-para id="abspara0025" view="all">Regardless of participants' BMI, the soft drink tax may significantly decrease the obesity risk by reducing the consumption of unhealthy beverages, especially soft drinks. This change in consumption habits could lead to decreased health problems, improve individuals' lifestyles, and support individuals&#x2019; quality of life.</ce:simple-para></ce:abstract-sec></ce:abstract><ce:abstract class="graphical" id="abs0015" view="all"><ce:section-title id="sectitle0035">Graphical abstract</ce:section-title><ce:abstract-sec id="abssec0030" view="all"><ce:simple-para id="abspara0030" view="all"> [Display omitted] </ce:simple-para></ce:abstract-sec></ce:abstract><ce:abstract class="author-highlights" xml:lang="en" id="abs0020" view="all"><ce:section-title id="sectitle0040">Highlights</ce:section-title><ce:abstract-sec id="abssec0035" view="all"><ce:simple-para id="abspara0035" view="all"><ce:list id="ulist0010"><ce:list-item id="u0010"><ce:label>&#x2022;</ce:label><ce:para id="p0010" view="all">Most of soft drinks consumption are more likely to be obese.</ce:para></ce:list-item><ce:list-item id="u0015"><ce:label>&#x2022;</ce:label><ce:para id="p0015" view="all">Soft drink consumption decreases after taxation among participants.</ce:para></ce:list-item><ce:list-item id="u0020"><ce:label>&#x2022;</ce:label><ce:para id="p0020" view="all">Soft drink tax implantation was found to significantly decrease the obesity risk.</ce:para></ce:list-item></ce:list></ce:simple-para></ce:abstract-sec></ce:abstract><ce:keywords xml:lang="en" id="kwrds0010" view="all" class="keyword"><ce:section-title id="sectitle0045">Keywords</ce:section-title><ce:keyword id="kwrd0010"><ce:text>Obesity</ce:text></ce:keyword><ce:keyword id="kwrd0015"><ce:text>Lean</ce:text></ce:keyword><ce:keyword id="kwrd0020"><ce:text>Taxation</ce:text></ce:keyword><ce:keyword id="kwrd0025"><ce:text>Sugar-sweetened beverages</ce:text></ce:keyword><ce:keyword id="kwrd0030"><ce:text>Soft drinks</ce:text></ce:keyword></ce:keywords></ja:head></ja:article></doc:document>
