<doc:document xmlns:doc="http://www.elsevier.com/xml/document/schema" xmlns:dp="http://www.elsevier.com/xml/common/doc-properties/schema" xmlns:cps="http://www.elsevier.com/xml/common/consyn-properties/schema" xmlns:rdf="http://www.w3.org/1999/02/22-rdf-syntax-ns#" xmlns:dct="http://purl.org/dc/terms/" xmlns:prism="http://prismstandard.org/namespaces/basic/2.0/" xmlns:oa="http://vtw.elsevier.com/data/ns/properties/OpenAccess-1/" xmlns:bam="http://vtw.elsevier.com/data/voc/ns/bam-vtw-1/" xmlns:cp="http://vtw.elsevier.com/data/ns/properties/Copyright-1/" xmlns:cja="http://www.elsevier.com/xml/cja/schema" xmlns:ja="http://www.elsevier.com/xml/ja/schema" xmlns:bk="http://www.elsevier.com/xml/bk/schema" xmlns:ce="http://www.elsevier.com/xml/common/schema" xmlns:mml="http://www.w3.org/1998/Math/MathML" xmlns:cals="http://www.elsevier.com/xml/common/cals/schema" xmlns:tb="http://www.elsevier.com/xml/common/table/schema" xmlns:sa="http://www.elsevier.com/xml/common/struct-aff/schema" xmlns:sb="http://www.elsevier.com/xml/common/struct-bib/schema" xmlns:xlink="http://www.w3.org/1999/xlink"><rdf:RDF><rdf:Description rdf:about="http://dx.doi.org/10.1016/j.dib.2022.107867"><dct:format>application/xml</dct:format><dct:title>Data on the adoption of pesticide-free wheat production in Switzerland</dct:title><dct:creator>Niklas M&#246;hring</dct:creator><dct:creator>Robert Finger</dct:creator><dct:subject><rdf:Bag><rdf:li>Pesticide</rdf:li><rdf:li>Pesticide-free</rdf:li><rdf:li>Sustainable agriculture</rdf:li><rdf:li>Adoption</rdf:li><rdf:li>Wheat</rdf:li><rdf:li>Public-private</rdf:li><rdf:li>Sustainability standard</rdf:li><rdf:li>Switzerland</rdf:li></rdf:Bag></dct:subject><dct:description>Data in Brief 41 (2022). doi:10.1016/j.dib.2022.107867</dct:description><prism:aggregationType>journal</prism:aggregationType><prism:publicationName>Data in Brief</prism:publicationName><prism:copyright>&#169; 2022 The Author(s). Published by Elsevier Inc.</prism:copyright><dct:publisher>Elsevier Inc.</dct:publisher><prism:issn>2352-3409</prism:issn><prism:volume>41</prism:volume><prism:coverDisplayDate>April 2022</prism:coverDisplayDate><prism:doi>10.1016/j.dib.2022.107867</prism:doi><prism:url>http://dx.doi.org/10.1016/j.dib.2022.107867</prism:url><dct:identifier>doi:10.1016/j.dib.2022.107867</dct:identifier><bam:articleNumber>107867</bam:articleNumber><oa:openAccessInformation><oa:openAccessStatus xmlns:xsi="http://www.w3.org/2001/XMLSchema-instance">http://vtw.elsevier.com/data/voc/oa/OpenAccessStatus#Full</oa:openAccessStatus><oa:openAccessEffective xmlns:xsi="http://www.w3.org/2001/XMLSchema-instance">2022-01-20T11:34:59Z</oa:openAccessEffective><oa:sponsor xmlns:xsi="http://www.w3.org/2001/XMLSchema-instance"><oa:sponsorName>Swiss institutions 2021</oa:sponsorName><oa:sponsorType>http://vtw.elsevier.com/data/voc/oa/SponsorType#FundingBody</oa:sponsorType></oa:sponsor><oa:userLicense xmlns:xsi="http://www.w3.org/2001/XMLSchema-instance">http://creativecommons.org/licenses/by/4.0/</oa:userLicense></oa:openAccessInformation><cp:licenseLine xmlns:xsi="http://www.w3.org/2001/XMLSchema-instance">This is an open access article under the CC BY license.</cp:licenseLine></rdf:Description></rdf:RDF><dp:document-properties><dp:aggregation-type>Journals</dp:aggregation-type><dp:version-number>S250.1</dp:version-number></dp:document-properties><ja:article docsubtype="dat" version="5.6" xml:lang="en"><ja:item-info><ja:jid>DIB</ja:jid><ja:aid>107867</ja:aid><ce:article-number>107867</ce:article-number><ce:pii>S2352-3409(22)00079-8</ce:pii><ce:doi>10.1016/j.dib.2022.107867</ce:doi><ce:document-thread><ce:refers-to-document id="ref0001"><ce:pii>S0306-9192(21)00167-6</ce:pii><ce:doi>10.1016/j.foodpol.2021.102188</ce:doi></ce:refers-to-document></ce:document-thread><ce:copyright type="unknown" year="2022"/></ja:item-info><ja:head><ce:dochead id="dchd0001"><ce:textfn id="dhtxt0001">Data Article</ce:textfn></ce:dochead><ce:title id="tte0002">Data on the adoption of pesticide-free wheat production in Switzerland</ce:title><ce:author-group id="aut0001"><ce:author id="au0001" author-id="S2352340922000798-be676122cbc4c12e0ad42c98d896a838" orcid="0000-0003-0292-4402"><ce:given-name>Niklas</ce:given-name><ce:surname>M&#246;hring</ce:surname><ce:cross-ref refid="aff0001"><ce:sup loc="post">a</ce:sup></ce:cross-ref><ce:cross-ref refid="aff0002"><ce:sup loc="post">b</ce:sup></ce:cross-ref><ce:cross-ref refid="cor0001"><ce:sup loc="post">&#x204e;</ce:sup></ce:cross-ref><ce:e-address id="ead0001" type="email" xlink:href="mailto:nmoehring@ethz.ch">nmoehring@ethz.ch</ce:e-address></ce:author><ce:author id="au0002" author-id="S2352340922000798-2aad0ef8c10e626d57f7b26b9168a86e"><ce:given-name>Robert</ce:given-name><ce:surname>Finger</ce:surname><ce:cross-ref refid="aff0001"><ce:sup loc="post">a</ce:sup></ce:cross-ref><ce:e-address id="ea3" type="social-media" xlink:href="https://twitter.com/RobertFinger1">@RobertFinger1</ce:e-address></ce:author><ce:affiliation id="aff0001" affiliation-id="S2352340922000798-158347c83b8d9774977ff3a7cb952d41"><ce:label>a</ce:label><ce:textfn id="cetextfn0001">Agricultural Economics and Policy Group, ETH Z&#252;rich, Sonneggstrasse 33, 8006 Z&#252;rich, Switzerland</ce:textfn><sa:affiliation><sa:organization>Agricultural Economics and Policy Group</sa:organization><sa:organization>ETH Z&#252;rich</sa:organization><sa:address-line>Sonneggstrasse 33</sa:address-line><sa:city>Z&#252;rich</sa:city><sa:postal-code>8006</sa:postal-code><sa:country>Switzerland</sa:country></sa:affiliation><ce:source-text id="staff0001">aAgricultural Economics and Policy Group, ETH Z&#252;rich, Sonneggstrasse 33, 8006 Z&#252;rich, Switzerland</ce:source-text></ce:affiliation><ce:affiliation id="aff0002" affiliation-id="S2352340922000798-631133cbc4d99892a64052c128841aaf"><ce:label>b</ce:label><ce:textfn id="cetextfn0002">Centre d'Etudes Biologiques de Chiz&#233;, UMR 7372, CNRS and La Rochelle Universit&#233;, Beauvoir-sur-Niort, France</ce:textfn><sa:affiliation><sa:organization>Centre d'Etudes Biologiques de Chiz&#233;</sa:organization><sa:organization>UMR 7372</sa:organization><sa:organization>CNRS and La Rochelle Universit&#233;</sa:organization><sa:city>Beauvoir-sur-Niort</sa:city><sa:country>France</sa:country></sa:affiliation><ce:source-text id="staff0002">bCentre d'Etudes Biologiques de Chiz&#233;, UMR 7372, CNRS and La Rochelle Universit&#233;, Beauvoir-sur-Niort, France</ce:source-text></ce:affiliation><ce:correspondence id="cor0001"><ce:label>&#x204e;</ce:label><ce:text id="cetext0001">Corresponding author.</ce:text></ce:correspondence></ce:author-group><ce:date-received day="24" month="11" year="2021"/><ce:date-revised day="14" month="1" year="2022"/><ce:date-accepted day="19" month="1" year="2022"/><ce:abstract id="abs0001" view="all" class="author"><ce:section-title id="cesectitle0001">Abstract</ce:section-title><ce:abstract-sec id="abss0001" view="all"><ce:simple-para id="spara003" view="all">The reduction of environmental and health risks from pesticide use is on top of the agenda of the food-value chain actors. The establishment of pesticide-free production systems could be a cornerstone for the sustainable intensification of agriculture. In Switzerland, a pesticide-free but non-organic wheat production standard is currently being introduced. We present survey data of 1105 IP-SUISSE producers on adoption, future adoption, expectations and perceptions of the program, structural farm, and farmers' characteristics, and producers' risk preferences, farming objectives, attitudes and goals, self-efficacy, and locus of control. The data was collected to identify adoption determinants, barriers, and incentives for pesticide-free wheat production. The data is combined with publicly available data on soil properties, climate, weed pressure, and spread of herbicide resistance.</ce:simple-para></ce:abstract-sec></ce:abstract><ce:keywords id="keys0001" view="all" class="keyword"><ce:section-title id="cesectitle0002">Keywords</ce:section-title><ce:keyword id="key0001"><ce:text id="cetext0002">Pesticide</ce:text></ce:keyword><ce:keyword id="key0002"><ce:text id="cetext0003">Pesticide-free</ce:text></ce:keyword><ce:keyword id="key0003"><ce:text id="cetext0004">Sustainable agriculture</ce:text></ce:keyword><ce:keyword id="key0004"><ce:text id="cetext0005">Adoption</ce:text></ce:keyword><ce:keyword id="key0005"><ce:text id="cetext0006">Wheat</ce:text></ce:keyword><ce:keyword id="key0006"><ce:text id="cetext0007">Public-private</ce:text></ce:keyword><ce:keyword id="key0007"><ce:text id="cetext0008">Sustainability standard</ce:text></ce:keyword><ce:keyword id="key0008"><ce:text id="cetext0009">Switzerland</ce:text></ce:keyword></ce:keywords></ja:head></ja:article></doc:document>
