<doc:document xmlns:doc="http://www.elsevier.com/xml/document/schema" xmlns:dp="http://www.elsevier.com/xml/common/doc-properties/schema" xmlns:cps="http://www.elsevier.com/xml/common/consyn-properties/schema" xmlns:rdf="http://www.w3.org/1999/02/22-rdf-syntax-ns#" xmlns:dct="http://purl.org/dc/terms/" xmlns:prism="http://prismstandard.org/namespaces/basic/2.0/" xmlns:oa="http://vtw.elsevier.com/data/ns/properties/OpenAccess-1/" xmlns:bam="http://vtw.elsevier.com/data/voc/ns/bam-vtw-1/" xmlns:cp="http://vtw.elsevier.com/data/ns/properties/Copyright-1/" xmlns:cja="http://www.elsevier.com/xml/cja/schema" xmlns:ja="http://www.elsevier.com/xml/ja/schema" xmlns:bk="http://www.elsevier.com/xml/bk/schema" xmlns:ce="http://www.elsevier.com/xml/common/schema" xmlns:mml="http://www.w3.org/1998/Math/MathML" xmlns:cals="http://www.elsevier.com/xml/common/cals/schema" xmlns:tb="http://www.elsevier.com/xml/common/table/schema" xmlns:sa="http://www.elsevier.com/xml/common/struct-aff/schema" xmlns:sb="http://www.elsevier.com/xml/common/struct-bib/schema" xmlns:xlink="http://www.w3.org/1999/xlink"><rdf:RDF><rdf:Description rdf:about="http://dx.doi.org/10.1016/j.dib.2021.107668"><dct:format>application/xml</dct:format><dct:title>Fracture resistance dataset of composites under mixed-mode non-proportional loading</dct:title><dct:creator>Stergios Goutianos</dct:creator><dct:subject><rdf:Bag><rdf:li>Mixed mode fracture</rdf:li><rdf:li>Path-independent fracture</rdf:li><rdf:li>Non-proportional loading</rdf:li><rdf:li>Cohesive laws</rdf:li></rdf:Bag></dct:subject><dct:description>Data in Brief 39 (2021). doi:10.1016/j.dib.2021.107668</dct:description><prism:aggregationType>journal</prism:aggregationType><prism:publicationName>Data in Brief</prism:publicationName><prism:copyright>&#169; 2021 The Author(s). Published by Elsevier Inc.</prism:copyright><dct:publisher>Elsevier Inc.</dct:publisher><prism:issn>2352-3409</prism:issn><prism:volume>39</prism:volume><prism:coverDisplayDate>December 2021</prism:coverDisplayDate><prism:doi>10.1016/j.dib.2021.107668</prism:doi><prism:url>http://dx.doi.org/10.1016/j.dib.2021.107668</prism:url><dct:identifier>doi:10.1016/j.dib.2021.107668</dct:identifier><bam:articleNumber>107668</bam:articleNumber><oa:openAccessInformation><oa:openAccessStatus xmlns:xsi="http://www.w3.org/2001/XMLSchema-instance">http://vtw.elsevier.com/data/voc/oa/OpenAccessStatus#Full</oa:openAccessStatus><oa:openAccessEffective xmlns:xsi="http://www.w3.org/2001/XMLSchema-instance">2021-12-01T16:28:38Z</oa:openAccessEffective><oa:sponsor xmlns:xsi="http://www.w3.org/2001/XMLSchema-instance"><oa:sponsorName>Norway institutes 2021</oa:sponsorName><oa:sponsorType>http://vtw.elsevier.com/data/voc/oa/SponsorType#FundingBody</oa:sponsorType></oa:sponsor><oa:userLicense xmlns:xsi="http://www.w3.org/2001/XMLSchema-instance">http://creativecommons.org/licenses/by/4.0/</oa:userLicense></oa:openAccessInformation><cp:licenseLine xmlns:xsi="http://www.w3.org/2001/XMLSchema-instance">This is an open access article under the CC BY license.</cp:licenseLine></rdf:Description></rdf:RDF><dp:document-properties><dp:aggregation-type>Journals</dp:aggregation-type><dp:version-number>S300.1</dp:version-number></dp:document-properties><ja:article docsubtype="dat" xml:lang="en" version="5.6"><ja:item-info><ja:jid>DIB</ja:jid><ja:aid>107668</ja:aid><ce:article-number>107668</ce:article-number><ce:pii>S2352-3409(21)00943-4</ce:pii><ce:doi>10.1016/j.dib.2021.107668</ce:doi><ce:copyright type="other" year="2021">The Author(s)</ce:copyright></ja:item-info><ja:head><ce:article-footnote><ce:label>&#x2606;</ce:label><ce:note-para id="np0001" view="all">Fracture under non-proportional loading.</ce:note-para></ce:article-footnote><ce:dochead id="dh1"><ce:textfn id="textfn0001">Data Article</ce:textfn></ce:dochead><ce:title id="ct0001">Fracture resistance dataset of composites under mixed-mode non-proportional loading</ce:title><ce:short-title id="stitle0010">Fracture resistance dataset of composites under mixed-mode non-proportional loading</ce:short-title><ce:author-group id="aut0001"><ce:author id="au0001" author-id="S2352340921009434-21e6a353fabce5e0729a23f64254e885" orcid="0000-0001-6015-5416"><ce:given-name>Stergios</ce:given-name><ce:surname>Goutianos</ce:surname><ce:contributor-role role="http://credit.niso.org/contributor-roles/conceptualization">Conceptualization</ce:contributor-role><ce:contributor-role role="http://credit.niso.org/contributor-roles/methodology">Methodology</ce:contributor-role><ce:contributor-role role="http://credit.niso.org/contributor-roles/writing-review-editing">Writing &#x2013; review &amp; editing</ce:contributor-role><ce:contributor-role role="http://credit.niso.org/contributor-roles/writing-original-draft">Writing &#x2013; original draft</ce:contributor-role><ce:e-address type="email" xlink:href="mailto:stergios.goutianos@ntnu.no" id="ead0001">stergios.goutianos@ntnu.no</ce:e-address></ce:author><ce:affiliation id="aff0001" affiliation-id="S2352340921009434-42204c31925b475e24e5ccb43b770595"><ce:textfn id="textfn0002">Department of Manufacturing and Civil Engineering, Norwegian University of Science and Technology, Teknologivegen 22, Gj&#248; vik 2815, Norway</ce:textfn><sa:affiliation><sa:organization>Department of Manufacturing and Civil Engineering</sa:organization><sa:organization>Norwegian University of Science and Technology</sa:organization><sa:address-line>Teknologivegen 22</sa:address-line><sa:city>Gj&#248; vik</sa:city><sa:postal-code>2815</sa:postal-code><sa:country>Norway</sa:country></sa:affiliation><ce:source-text id="st0001">Department of Manufacturing and Civil Engineering, Norwegian University of Science and Technology, Teknologivegen 22, Gj&#248; vik 2815, Norway</ce:source-text></ce:affiliation></ce:author-group><ce:date-received day="18" month="11" year="2021"/><ce:date-revised day="28" month="11" year="2021"/><ce:date-accepted day="30" month="11" year="2021"/><ce:abstract id="abs0001" class="author" view="all"><ce:section-title id="sctt0001">Abstract</ce:section-title><ce:abstract-sec id="abssec0001" view="all"><ce:simple-para id="sp0001" view="all">Cohesive zone modelling is one of the main tools to simulate fracture of materials and structures. As a result a number of cohesive laws are being developed continuously. In most cases, due to experimental challenges, the response under mixed-mode fracture is assumed based on various models and it is unclear if fracture is path independent or not. In the co-submitted publication (Goutianos, 2021) it is shown, based on mixed mode fracture experiments under non-proportional loading, that for unidirectional composites path independence is to a large extent a reasonable assumption. The datasets of this publication are presented here with the aim to provide a set of experimental data, mixed-mode fracture under non-proportional loading, for testing the predictive capabilities of developed mixed-mode cohesive laws. The datasets include the raw mechanical data (force and end-opening displacement), analysed data (fracture resistance from the raw mechanical data), video recordings of the experiments and data from acoustic emission sensors.</ce:simple-para></ce:abstract-sec></ce:abstract><ce:keywords id="keys0001" class="keyword" view="all"><ce:section-title id="sctt0002">Keywords</ce:section-title><ce:keyword id="key0002"><ce:text id="txt0001">Mixed mode fracture</ce:text></ce:keyword><ce:keyword id="key0003"><ce:text id="txt0002">Path-independent fracture</ce:text></ce:keyword><ce:keyword id="key0004"><ce:text id="txt0003">Non-proportional loading</ce:text></ce:keyword><ce:keyword id="key0005"><ce:text id="txt0004">Cohesive laws</ce:text></ce:keyword></ce:keywords></ja:head></ja:article></doc:document>
