<doc:document xmlns:doc="http://www.elsevier.com/xml/document/schema" xmlns:dp="http://www.elsevier.com/xml/common/doc-properties/schema" xmlns:cps="http://www.elsevier.com/xml/common/consyn-properties/schema" xmlns:rdf="http://www.w3.org/1999/02/22-rdf-syntax-ns#" xmlns:dct="http://purl.org/dc/terms/" xmlns:prism="http://prismstandard.org/namespaces/basic/2.0/" xmlns:oa="http://vtw.elsevier.com/data/ns/properties/OpenAccess-1/" xmlns:bam="http://vtw.elsevier.com/data/voc/ns/bam-vtw-1/" xmlns:cp="http://vtw.elsevier.com/data/ns/properties/Copyright-1/" xmlns:cja="http://www.elsevier.com/xml/cja/schema" xmlns:ja="http://www.elsevier.com/xml/ja/schema" xmlns:bk="http://www.elsevier.com/xml/bk/schema" xmlns:ce="http://www.elsevier.com/xml/common/schema" xmlns:mml="http://www.w3.org/1998/Math/MathML" xmlns:cals="http://www.elsevier.com/xml/common/cals/schema" xmlns:tb="http://www.elsevier.com/xml/common/table/schema" xmlns:sa="http://www.elsevier.com/xml/common/struct-aff/schema" xmlns:sb="http://www.elsevier.com/xml/common/struct-bib/schema" xmlns:xlink="http://www.w3.org/1999/xlink"><rdf:RDF><rdf:Description rdf:about="http://dx.doi.org/10.1016/j.dib.2021.107651"><dct:format>application/xml</dct:format><dct:title>The connection between risk of smartphone addiction, type of smartphone use, life satisfaction, and perceived stress dataset</dct:title><dct:creator>Aleksandar Vuji&#x0107;</dct:creator><dct:creator>Attila Szabo</dct:creator><dct:subject><rdf:Bag><rdf:li>Hedonic use</rdf:li><rdf:li>Mobile phone</rdf:li><rdf:li>Problematic use</rdf:li><rdf:li>Perceived stress</rdf:li><rdf:li>Satisfaction with life</rdf:li></rdf:Bag></dct:subject><dct:description>Data in Brief 39 (2021). doi:10.1016/j.dib.2021.107651</dct:description><prism:aggregationType>journal</prism:aggregationType><prism:publicationName>Data in Brief</prism:publicationName><prism:copyright>&#169; 2021 The Author(s). Published by Elsevier Inc.</prism:copyright><dct:publisher>Elsevier Inc.</dct:publisher><prism:issn>2352-3409</prism:issn><prism:volume>39</prism:volume><prism:coverDisplayDate>December 2021</prism:coverDisplayDate><prism:doi>10.1016/j.dib.2021.107651</prism:doi><prism:url>http://dx.doi.org/10.1016/j.dib.2021.107651</prism:url><dct:identifier>doi:10.1016/j.dib.2021.107651</dct:identifier><bam:articleNumber>107651</bam:articleNumber><oa:openAccessInformation><oa:openAccessStatus xmlns:xsi="http://www.w3.org/2001/XMLSchema-instance">http://vtw.elsevier.com/data/voc/oa/OpenAccessStatus#Full</oa:openAccessStatus><oa:openAccessEffective xmlns:xsi="http://www.w3.org/2001/XMLSchema-instance">2021-11-25T17:11:07Z</oa:openAccessEffective><oa:sponsor xmlns:xsi="http://www.w3.org/2001/XMLSchema-instance"><oa:sponsorName>Hungary institutions 2021</oa:sponsorName><oa:sponsorType>http://vtw.elsevier.com/data/voc/oa/SponsorType#FundingBody</oa:sponsorType></oa:sponsor><oa:userLicense xmlns:xsi="http://www.w3.org/2001/XMLSchema-instance">http://creativecommons.org/licenses/by-nc-nd/4.0/</oa:userLicense></oa:openAccessInformation><cp:licenseLine xmlns:xsi="http://www.w3.org/2001/XMLSchema-instance">This is an open access article under the CC BY-NC-ND license.</cp:licenseLine></rdf:Description></rdf:RDF><dp:document-properties><dp:aggregation-type>Journals</dp:aggregation-type><dp:version-number>S300.1</dp:version-number></dp:document-properties><ja:article docsubtype="dat" version="5.6" xml:lang="en"><ja:item-info><ja:jid>DIB</ja:jid><ja:aid>107651</ja:aid><ce:article-number>107651</ce:article-number><ce:pii>S2352-3409(21)00926-4</ce:pii><ce:doi>10.1016/j.dib.2021.107651</ce:doi><ce:copyright type="unknown" year="2021"/></ja:item-info><ja:head><ce:dochead id="dchd0001"><ce:textfn id="dhtxt0001">Data Article</ce:textfn></ce:dochead><ce:title id="tte0002">The connection between risk of smartphone addiction, type of smartphone use, life satisfaction, and perceived stress dataset</ce:title><ce:author-group id="aut0001"><ce:author id="au0001" author-id="S2352340921009264-d7b43fcf4242989e11fda2a5e0763ab3" orcid="0000-0002-5235-114X"><ce:given-name>Aleksandar</ce:given-name><ce:surname>Vuji&#x0107;</ce:surname><ce:contributor-role role="http://credit.niso.org/contributor-roles/conceptualization">Conceptualization</ce:contributor-role><ce:contributor-role role="http://credit.niso.org/contributor-roles/methodology">Methodology</ce:contributor-role><ce:contributor-role role="http://credit.niso.org/contributor-roles/formal-analysis">Formal analysis</ce:contributor-role><ce:contributor-role role="http://credit.niso.org/contributor-roles/writing-original-draft">Writing &#x2013; original draft</ce:contributor-role><ce:cross-ref refid="aff0001"><ce:sup loc="post">a</ce:sup></ce:cross-ref><ce:cross-ref refid="aff0002"><ce:sup loc="post">b</ce:sup></ce:cross-ref></ce:author><ce:author id="au0002" author-id="S2352340921009264-0d5bb526f1c29325b005f4127e399a32" orcid="0000-0003-2788-4304"><ce:given-name>Attila</ce:given-name><ce:surname>Szabo</ce:surname><ce:contributor-role role="http://credit.niso.org/contributor-roles/conceptualization">Conceptualization</ce:contributor-role><ce:contributor-role role="http://credit.niso.org/contributor-roles/data-curation">Data curation</ce:contributor-role><ce:contributor-role role="http://credit.niso.org/contributor-roles/writing-review-editing">Writing &#x2013; review &amp; editing</ce:contributor-role><ce:cross-ref refid="aff0002"><ce:sup loc="post">b</ce:sup></ce:cross-ref><ce:cross-ref refid="aff0003"><ce:sup loc="post">c</ce:sup></ce:cross-ref><ce:cross-ref refid="cor0001"><ce:sup loc="post">&#x204e;</ce:sup></ce:cross-ref><ce:e-address id="ead0001" type="email" xlink:href="mailto:szabo.attila@ppk.elte.hu">szabo.attila@ppk.elte.hu</ce:e-address><ce:e-address id="ea3" type="social-media" xlink:href="https://twitter.com/drattilaszabo">@drattilaszabo</ce:e-address></ce:author><ce:affiliation id="aff0001" affiliation-id="S2352340921009264-8b2b1e7132fb854f2ff3d909fe18b3ef"><ce:label>a</ce:label><ce:textfn id="cetextfn0001">Doctoral School of Psychology, Faculty of Education and Psychology, E&#246;tv&#246;s Lor&#225;nd University, Budapest, Hungary</ce:textfn><sa:affiliation><sa:organization>Doctoral School of Psychology</sa:organization><sa:organization>Faculty of Education and Psychology</sa:organization><sa:organization>E&#246;tv&#246;s Lor&#225;nd University</sa:organization><sa:city>Budapest</sa:city><sa:country>Hungary</sa:country></sa:affiliation><ce:source-text id="staff0001">aDoctoral School of Psychology, Faculty of Education and Psychology, E&#246;tv&#246;s Lor&#225;nd University, Budapest, Hungary</ce:source-text></ce:affiliation><ce:affiliation id="aff0002" affiliation-id="S2352340921009264-806cf470acc43e3289aa7b489ba05a7a"><ce:label>b</ce:label><ce:textfn id="cetextfn0002">Institute of Psychology, ELTE E&#246;tv&#246;s Lor&#225;nd University, Budapest, Hungary</ce:textfn><sa:affiliation><sa:organization>Institute of Psychology</sa:organization><sa:organization>ELTE E&#246;tv&#246;s Lor&#225;nd University</sa:organization><sa:city>Budapest</sa:city><sa:country>Hungary</sa:country></sa:affiliation><ce:source-text id="staff0002">bInstitute of Psychology, ELTE E&#246;tv&#246;s Lor&#225;nd University, Budapest, Hungary</ce:source-text></ce:affiliation><ce:affiliation id="aff0003" affiliation-id="S2352340921009264-001524973010579831b42ef0e6c37004"><ce:label>c</ce:label><ce:textfn id="cetextfn0003">Institute of Health Promotion and Sport Sciences, ELTE E&#246;tv&#246;s Lor&#225;nd University, Budapest, Hungary</ce:textfn><sa:affiliation><sa:organization>Institute of Health Promotion and Sport Sciences</sa:organization><sa:organization>ELTE E&#246;tv&#246;s Lor&#225;nd University</sa:organization><sa:city>Budapest</sa:city><sa:country>Hungary</sa:country></sa:affiliation><ce:source-text id="staff0003">cInstitute of Health Promotion and Sport Sciences, ELTE E&#246;tv&#246;s Lor&#225;nd University, Budapest, Hungary</ce:source-text></ce:affiliation><ce:correspondence id="cor0001"><ce:label>&#x204e;</ce:label><ce:text id="cetext0001">Corresponding author at: Institute of Health Promotion and Sports Sciences, ELTE E&#246;tv&#246;s Lor&#225;nd University, 1117 Budapest, Prielle Korn&#233;lia St. 47, 3rd floor, Hungary.</ce:text><sa:affiliation><sa:organization>Institute of Health Promotion and Sports Sciences</sa:organization><sa:organization>ELTE E&#246;tv&#246;s Lor&#225;nd University</sa:organization><sa:address-line>1117 Budapest</sa:address-line><sa:address-line>Prielle Korn&#233;lia St. 47</sa:address-line><sa:address-line>3rd floor</sa:address-line><sa:country>Hungary</sa:country></sa:affiliation></ce:correspondence></ce:author-group><ce:date-received day="5" month="10" year="2021"/><ce:date-revised day="8" month="11" year="2021"/><ce:date-accepted day="24" month="11" year="2021"/><ce:abstract id="abs0001" view="all" class="author"><ce:section-title id="cesectitle0001">Abstract</ce:section-title><ce:abstract-sec id="abss0001" view="all"><ce:simple-para id="spara008" view="all">The data were collected to test the hypothesis that problematic smartphone use, defined as the risk of smartphone addiction, is positively related to the type/purpose of device use (hedonic, meaning pleasure/gratification) and perceived stress, while it is negatively related to life satisfaction. The data were collected online between October 2020 and January 2021, using Qualtrics online research platform. The participants were aged 18 years or over, had a good command of the English language. They were recruited by posting the survey link on popular social media platforms, such as Facebook, LinkedIn, and Twitter, as well as by using applications such as WhatsApp and Instagram. Participation was voluntary, anonymous, and without material compensation. In addition to demographic questions (age, gender, level of education), respondents completed three questionnaires, including the Smartphone Application-Based Addiction Questionnaire (SABAS), Satisfaction with Life Scale (SWLS), Perceived Stress Scale (PSS), and answered two questions about the proportion of time they use their smartphone to access the Internet and the proportion of time they use smartphone for hedonic purposes. In the course of the data analysis, our aim was to predict the risk of smartphone addiction by the type or purpose of smartphone use, perceived stress, life satisfaction, age, and gender. The reuse potential of the data lies in the possibility to examine the relationships between the hedonic use of smartphones and other variables in the dataset. Researchers could also examine differences of gender or education level in the specific components of smartphone addiction, since each item of the SABAS represents a distinct component in the &#x2018;Components model&#x2019; of addiction [4]. Furthermore, since we have data on Internet access via a tablet, laptop, and desktop computer, it is possible to analyse the relationships of the dependent variables with these paths of accessing the Internet.</ce:simple-para></ce:abstract-sec></ce:abstract><ce:keywords id="keys0001" view="all" class="keyword"><ce:section-title id="cesectitle0002">Keywords</ce:section-title><ce:keyword id="key0001"><ce:text id="cetext0002">Hedonic use</ce:text></ce:keyword><ce:keyword id="key0002"><ce:text id="cetext0003">Mobile phone</ce:text></ce:keyword><ce:keyword id="key0003"><ce:text id="cetext0004">Problematic use</ce:text></ce:keyword><ce:keyword id="key0004"><ce:text id="cetext0005">Perceived stress</ce:text></ce:keyword><ce:keyword id="key0005"><ce:text id="cetext0006">Satisfaction with life</ce:text></ce:keyword></ce:keywords></ja:head></ja:article></doc:document>
