<doc:document xmlns:doc="http://www.elsevier.com/xml/document/schema" xmlns:dp="http://www.elsevier.com/xml/common/doc-properties/schema" xmlns:cps="http://www.elsevier.com/xml/common/consyn-properties/schema" xmlns:rdf="http://www.w3.org/1999/02/22-rdf-syntax-ns#" xmlns:dct="http://purl.org/dc/terms/" xmlns:prism="http://prismstandard.org/namespaces/basic/2.0/" xmlns:oa="http://vtw.elsevier.com/data/ns/properties/OpenAccess-1/" xmlns:bam="http://vtw.elsevier.com/data/voc/ns/bam-vtw-1/" xmlns:cp="http://vtw.elsevier.com/data/ns/properties/Copyright-1/" xmlns:cja="http://www.elsevier.com/xml/cja/schema" xmlns:ja="http://www.elsevier.com/xml/ja/schema" xmlns:bk="http://www.elsevier.com/xml/bk/schema" xmlns:ce="http://www.elsevier.com/xml/common/schema" xmlns:mml="http://www.w3.org/1998/Math/MathML" xmlns:cals="http://www.elsevier.com/xml/common/cals/schema" xmlns:tb="http://www.elsevier.com/xml/common/table/schema" xmlns:sa="http://www.elsevier.com/xml/common/struct-aff/schema" xmlns:sb="http://www.elsevier.com/xml/common/struct-bib/schema" xmlns:xlink="http://www.w3.org/1999/xlink"><rdf:RDF><rdf:Description rdf:about="http://dx.doi.org/10.1016/j.soisec.2022.100039"><dct:format>application/xml</dct:format><dct:title>&#x201c;Soil governance and the control of mining pollution in zambia&#x201d;</dct:title><dct:creator>Chipasha Mulenga</dct:creator><dct:subject><rdf:Bag><rdf:li>Mining</rdf:li><rdf:li>Soil pollution</rdf:li><rdf:li>Soil governance</rdf:li><rdf:li>Zambia</rdf:li></rdf:Bag></dct:subject><dct:description>Soil Security 6 (2022). doi:10.1016/j.soisec.2022.100039</dct:description><prism:aggregationType>journal</prism:aggregationType><prism:publicationName>Soil Security</prism:publicationName><prism:copyright>&#169; 2022 The Author(s). Published by Elsevier Ltd.</prism:copyright><dct:publisher>Elsevier Ltd</dct:publisher><prism:issn>2667-0062</prism:issn><prism:volume>6</prism:volume><prism:coverDisplayDate>March 2022</prism:coverDisplayDate><prism:doi>10.1016/j.soisec.2022.100039</prism:doi><prism:url>http://dx.doi.org/10.1016/j.soisec.2022.100039</prism:url><dct:identifier>doi:10.1016/j.soisec.2022.100039</dct:identifier><bam:articleNumber>100039</bam:articleNumber><oa:openAccessInformation><oa:openAccessStatus xmlns:xsi="http://www.w3.org/2001/XMLSchema-instance">http://vtw.elsevier.com/data/voc/oa/OpenAccessStatus#Full</oa:openAccessStatus><oa:openAccessEffective xmlns:xsi="http://www.w3.org/2001/XMLSchema-instance">2022-01-09T23:07:49Z</oa:openAccessEffective><oa:sponsor xmlns:xsi="http://www.w3.org/2001/XMLSchema-instance"><oa:sponsorType>http://vtw.elsevier.com/data/voc/oa/SponsorType#Author</oa:sponsorType></oa:sponsor><oa:userLicense xmlns:xsi="http://www.w3.org/2001/XMLSchema-instance">http://creativecommons.org/licenses/by-nc-nd/4.0/</oa:userLicense></oa:openAccessInformation><cp:licenseLine xmlns:xsi="http://www.w3.org/2001/XMLSchema-instance">This is an open access article under the CC BY-NC-ND license.</cp:licenseLine></rdf:Description></rdf:RDF><dp:document-properties><dp:aggregation-type>Journals</dp:aggregation-type><dp:version-number>S250.1</dp:version-number></dp:document-properties><ja:article docsubtype="fla" version="5.6" xml:lang="en"><ja:item-info><ja:jid>SOISEC</ja:jid><ja:aid>100039</ja:aid><ce:article-number>100039</ce:article-number><ce:pii>S2667-0062(22)00006-5</ce:pii><ce:doi>10.1016/j.soisec.2022.100039</ce:doi><ce:copyright type="other" year="2022">The Author(s)</ce:copyright></ja:item-info><ja:head><ce:title id="tte0002">&#x201c;Soil governance and the control of mining pollution in zambia&#x201d;</ce:title><ce:author-group id="aut0001"><ce:author id="au0001" author-id="S2667006222000065-fe8b1f4afa919d9a0ce109ee8801f8ac"><ce:given-name>Chipasha</ce:given-name><ce:surname>Mulenga</ce:surname><ce:e-address type="email" xlink:href="mailto:cmulenga@unilus.ac.zm" id="ead0001">cmulenga@unilus.ac.zm</ce:e-address></ce:author><ce:affiliation id="aff0001" affiliation-id="S2667006222000065-c0ae5b5996bd40453fb9efa1cb94c80b"><ce:textfn id="cetextfn0001">Lecturer, Dean&#x2013;School of Law, University of Lusaka, Zambia</ce:textfn><sa:affiliation><sa:organization>Lecturer</sa:organization><sa:organization>Dean&#x2013;School of Law</sa:organization><sa:organization>University of Lusaka</sa:organization><sa:country>Zambia</sa:country></sa:affiliation><ce:source-text id="staff0001">Lecturer, Dean&#x2013;School of Law, University of Lusaka, Zambia</ce:source-text></ce:affiliation></ce:author-group><ce:date-received day="7" month="11" year="2021"/><ce:date-revised day="24" month="12" year="2021"/><ce:date-accepted day="9" month="1" year="2022"/><ce:abstract id="abs0001" view="all" class="author"><ce:section-title id="cesectitle0001">ABSTRACT</ce:section-title><ce:abstract-sec id="abss0001" view="all"><ce:simple-para id="spara001" view="all">Soil governance is amongst the foremost discussed environmental issues today. It has generated a debate that questions the efficacy of the measures put in place by countries to protect the soil from adverse effects of industrial activities. Pollution of the soil can lead to ecosystems imbalance and the spread of antimicrobial-resistant bacteria which limit a human being's ability to withstand diseases. It can also affect crop yields due to high toxicity levels and where crops are grown in polluted soils, they become unsafe for consumption by animals and human beings whose survival is connected to the use of unpolluted soils. Mining activities potentially pollute the soil and it is, therefore, unsurprising that regulatory and institutional mechanisms have been put in place to mitigate or control ongoing and also post-mining activities. This is based on the premise that soil governance requires adequate measures put in place to deal with soil pollution whose consequence, if not curtailed, may have a debilitating effect. The article examines the adequacy of the current framework on soil governance in so far as soil protection from mining activities is concerned. It finds that, though there are policy and legislative measures, they are crafted in general terms and, in some instances, bereft of specificity on soil governance. It is concluded that the current legal framework on soil governance is inadequate to guard against soil pollution resulting from mining activities.</ce:simple-para></ce:abstract-sec></ce:abstract><ce:keywords id="keys0001" view="all" class="keyword"><ce:section-title id="cesectitle0002">Keywords</ce:section-title><ce:keyword id="key0001"><ce:text id="cetext0001">Mining</ce:text></ce:keyword><ce:keyword id="key0002"><ce:text id="cetext0002">Soil pollution</ce:text></ce:keyword><ce:keyword id="key0003"><ce:text id="cetext0003">Soil governance</ce:text></ce:keyword><ce:keyword id="key0004"><ce:text id="cetext0004">Zambia</ce:text></ce:keyword></ce:keywords></ja:head></ja:article></doc:document>
