<doc:document xmlns:doc="http://www.elsevier.com/xml/document/schema" xmlns:dp="http://www.elsevier.com/xml/common/doc-properties/schema" xmlns:cps="http://www.elsevier.com/xml/common/consyn-properties/schema" xmlns:rdf="http://www.w3.org/1999/02/22-rdf-syntax-ns#" xmlns:dct="http://purl.org/dc/terms/" xmlns:prism="http://prismstandard.org/namespaces/basic/2.0/" xmlns:oa="http://vtw.elsevier.com/data/ns/properties/OpenAccess-1/" xmlns:bam="http://vtw.elsevier.com/data/voc/ns/bam-vtw-1/" xmlns:cp="http://vtw.elsevier.com/data/ns/properties/Copyright-1/" xmlns:cja="http://www.elsevier.com/xml/cja/schema" xmlns:ja="http://www.elsevier.com/xml/ja/schema" xmlns:bk="http://www.elsevier.com/xml/bk/schema" xmlns:ce="http://www.elsevier.com/xml/common/schema" xmlns:mml="http://www.w3.org/1998/Math/MathML" xmlns:cals="http://www.elsevier.com/xml/common/cals/schema" xmlns:tb="http://www.elsevier.com/xml/common/table/schema" xmlns:sa="http://www.elsevier.com/xml/common/struct-aff/schema" xmlns:sb="http://www.elsevier.com/xml/common/struct-bib/schema" xmlns:xlink="http://www.w3.org/1999/xlink"><rdf:RDF><rdf:Description rdf:about="http://dx.doi.org/10.1016/j.dib.2022.107839"><dct:format>application/xml</dct:format><dct:title>Non-invasive auditory brain stimulation for gamma-band entrainment in dementia patients: An EEG dataset</dct:title><dct:creator>Mojtaba Lahijanian</dct:creator><dct:creator>Mohammad Javad Sedghizadeh</dct:creator><dct:creator>Hamid Aghajan</dct:creator><dct:creator>Zahra Vahabi</dct:creator><dct:subject><rdf:Bag><rdf:li>Brain oscillations</rdf:li><rdf:li>Alzheimer's disease</rdf:li><rdf:li>Dementia therapy</rdf:li><rdf:li>Brain entrainment</rdf:li><rdf:li>Non-invasive auditory brain stimulation</rdf:li><rdf:li>Network-level synchronization</rdf:li></rdf:Bag></dct:subject><dct:description>Data in Brief 41 (2022). doi:10.1016/j.dib.2022.107839</dct:description><prism:aggregationType>journal</prism:aggregationType><prism:publicationName>Data in Brief</prism:publicationName><prism:copyright>&#169; 2022 The Author(s). Published by Elsevier Inc.</prism:copyright><dct:publisher>Elsevier Inc.</dct:publisher><prism:issn>2352-3409</prism:issn><prism:volume>41</prism:volume><prism:coverDisplayDate>April 2022</prism:coverDisplayDate><prism:doi>10.1016/j.dib.2022.107839</prism:doi><prism:url>http://dx.doi.org/10.1016/j.dib.2022.107839</prism:url><dct:identifier>doi:10.1016/j.dib.2022.107839</dct:identifier><bam:articleNumber>107839</bam:articleNumber><oa:openAccessInformation><oa:openAccessStatus xmlns:xsi="http://www.w3.org/2001/XMLSchema-instance">http://vtw.elsevier.com/data/voc/oa/OpenAccessStatus#Full</oa:openAccessStatus><oa:openAccessEffective xmlns:xsi="http://www.w3.org/2001/XMLSchema-instance">2022-01-16T12:56:24Z</oa:openAccessEffective><oa:sponsor xmlns:xsi="http://www.w3.org/2001/XMLSchema-instance"><oa:sponsorType>http://vtw.elsevier.com/data/voc/oa/SponsorType#Author</oa:sponsorType></oa:sponsor><oa:userLicense xmlns:xsi="http://www.w3.org/2001/XMLSchema-instance">http://creativecommons.org/licenses/by-nc-nd/4.0/</oa:userLicense></oa:openAccessInformation><cp:licenseLine xmlns:xsi="http://www.w3.org/2001/XMLSchema-instance">This is an open access article under the CC BY-NC-ND license.</cp:licenseLine></rdf:Description></rdf:RDF><dp:document-properties><dp:aggregation-type>Journals</dp:aggregation-type><dp:version-number>S250.1</dp:version-number></dp:document-properties><ja:article docsubtype="dat" version="5.6" xml:lang="en"><ja:item-info><ja:jid>DIB</ja:jid><ja:aid>107839</ja:aid><ce:article-number>107839</ce:article-number><ce:pii>S2352-3409(22)00051-8</ce:pii><ce:doi>10.1016/j.dib.2022.107839</ce:doi><ce:copyright type="other" year="2022">The Author(s)</ce:copyright></ja:item-info><ja:head><ce:dochead id="dchd0001"><ce:textfn id="dhtxt0001">Data Article</ce:textfn></ce:dochead><ce:title id="tte0002">Non-invasive auditory brain stimulation for gamma-band entrainment in dementia patients: An EEG dataset</ce:title><ce:author-group id="aut0001"><ce:author id="au0001" author-id="S2352340922000518-dd029a9615048d776a3a5cc1cfd9bf2b"><ce:given-name>Mojtaba</ce:given-name><ce:surname>Lahijanian</ce:surname><ce:contributor-role role="http://credit.niso.org/contributor-roles/methodology">Methodology</ce:contributor-role><ce:contributor-role role="http://credit.niso.org/contributor-roles/software">Software</ce:contributor-role><ce:contributor-role role="http://credit.niso.org/contributor-roles/formal-analysis">Formal analysis</ce:contributor-role><ce:contributor-role role="http://credit.niso.org/contributor-roles/investigation">Investigation</ce:contributor-role><ce:contributor-role role="http://credit.niso.org/contributor-roles/data-curation">Data curation</ce:contributor-role><ce:contributor-role role="http://credit.niso.org/contributor-roles/writing-original-draft">Writing &#x2013; original draft</ce:contributor-role><ce:cross-ref refid="aff0001"><ce:sup loc="post">a</ce:sup></ce:cross-ref></ce:author><ce:author id="au0002" author-id="S2352340922000518-2d468d37abcf59fd0eedc614435bc608"><ce:given-name>Mohammad Javad</ce:given-name><ce:surname>Sedghizadeh</ce:surname><ce:contributor-role role="http://credit.niso.org/contributor-roles/data-curation">Data curation</ce:contributor-role><ce:cross-ref refid="aff0001"><ce:sup loc="post">a</ce:sup></ce:cross-ref></ce:author><ce:author id="au0003" author-id="S2352340922000518-9dbf9069e80d1e249f381128b505accb" orcid="0000-0001-9054-5642"><ce:given-name>Hamid</ce:given-name><ce:surname>Aghajan</ce:surname><ce:contributor-role role="http://credit.niso.org/contributor-roles/conceptualization">Conceptualization</ce:contributor-role><ce:contributor-role role="http://credit.niso.org/contributor-roles/methodology">Methodology</ce:contributor-role><ce:contributor-role role="http://credit.niso.org/contributor-roles/writing-original-draft">Writing &#x2013; original draft</ce:contributor-role><ce:contributor-role role="http://credit.niso.org/contributor-roles/writing-review-editing">Writing &#x2013; review &amp; editing</ce:contributor-role><ce:contributor-role role="http://credit.niso.org/contributor-roles/supervision">Supervision</ce:contributor-role><ce:contributor-role role="http://credit.niso.org/contributor-roles/project-administration">Project administration</ce:contributor-role><ce:contributor-role role="http://credit.niso.org/contributor-roles/funding-acquisition">Funding acquisition</ce:contributor-role><ce:cross-ref refid="aff0001"><ce:sup loc="post">a</ce:sup></ce:cross-ref><ce:cross-ref refid="cor0001"><ce:sup loc="post">&#x204e;</ce:sup></ce:cross-ref><ce:e-address id="ead0001" type="email" xlink:href="mailto:aghajan@ee.sharif.edu">aghajan@ee.sharif.edu</ce:e-address></ce:author><ce:author id="au0004" author-id="S2352340922000518-eab907fa46a46e77ee3c5fa26a516751"><ce:given-name>Zahra</ce:given-name><ce:surname>Vahabi</ce:surname><ce:contributor-role role="http://credit.niso.org/contributor-roles/data-curation">Data curation</ce:contributor-role><ce:contributor-role role="http://credit.niso.org/contributor-roles/supervision">Supervision</ce:contributor-role><ce:cross-ref refid="aff0002"><ce:sup loc="post">b</ce:sup></ce:cross-ref></ce:author><ce:affiliation id="aff0001" affiliation-id="S2352340922000518-1649ccfe968e2a7ddd6bee1f9ad350dd"><ce:label>a</ce:label><ce:textfn id="cetextfn0001">Department of Electrical Engineering, Sharif University of Technology, Tehran, Iran</ce:textfn><sa:affiliation><sa:organization>Department of Electrical Engineering</sa:organization><sa:organization>Sharif University of Technology</sa:organization><sa:city>Tehran</sa:city><sa:country>Iran</sa:country></sa:affiliation><ce:source-text id="staff0001">aDepartment of Electrical Engineering, Sharif University of Technology, Tehran, Iran</ce:source-text></ce:affiliation><ce:affiliation id="aff0002" affiliation-id="S2352340922000518-4b52d582652a1265e42a15eea46d181d"><ce:label>b</ce:label><ce:textfn id="cetextfn0002">Department of Geriatric Medicine, Ziaeian Hospital, Tehran University of Medical Sciences, Tehran, Iran</ce:textfn><sa:affiliation><sa:organization>Department of Geriatric Medicine</sa:organization><sa:organization>Ziaeian Hospital</sa:organization><sa:organization>Tehran University of Medical Sciences</sa:organization><sa:city>Tehran</sa:city><sa:country>Iran</sa:country></sa:affiliation><ce:source-text id="staff0002">bDepartment of Geriatric Medicine, Ziaeian Hospital, Tehran University of Medical Sciences, Tehran, Iran</ce:source-text></ce:affiliation><ce:correspondence id="cor0001"><ce:label>&#x204e;</ce:label><ce:text id="cetext0001">Corresponding author.</ce:text></ce:correspondence></ce:author-group><ce:date-received day="11" month="11" year="2021"/><ce:date-revised day="9" month="1" year="2022"/><ce:date-accepted day="14" month="1" year="2022"/><ce:abstract id="abs0001" view="all" class="author"><ce:section-title id="cesectitle0001">Abstract</ce:section-title><ce:abstract-sec id="abss0001" view="all"><ce:simple-para id="spara003" view="all">Gamma entrainment has been shown to enhance beta amyloid (A&#x03b2;) uptake in mouse models of Alzheimer's disease (AD) as well as improve cognitive symptoms of dementia in both humans and mice. Similar improvements have been reported for both invasive and non-invasive brain stimulation in the gamma oscillatory band, with 40&#160;Hz auditory and visual sensory stimulants employed in non-invasive approaches. Non-invasive stimulation techniques possess the clear advantage of not requiring surgical procedures and can hence be applicable to a wider set of patients. The dataset introduced here was acquired with the aim of examining the network-level mechanisms governing the production of the brain's oscillatory activity during non-invasive auditory gamma-band stimulation, and thereby helping to explain the reported therapeutic effects of entrainment in AD patients.</ce:simple-para><ce:simple-para id="spara004" view="all">Thirteen elderly participants with memory complaints whose conditions were diagnosed as normal aging (non-AD) or mild AD based on the standard criteria for the diagnosis of AD including the mini-mental state exam (MMSE) took part in data collection in which EEG signals were recorded during auditory stimulation of the brain. The data collection session consisted of an initial one-minute rest followed by an alternating set of six stimulation trials interleaved with five rest trials. During each stimulation trial, an auditory stimulant in the form of a 40&#160;Hz chirp was presented to the participant.</ce:simple-para><ce:simple-para id="spara005" view="all">The collected data from all participants were preprocessed following the full pipeline of Makoto with the use of EEGLAB and posted as a dataset named: Auditory Gamma Entrainment at OpenNeuro repository. The data record for each participant includes the EEG signal represented in standard BIDS format for one-minute rest followed by the auditory task data. A copy of the source EEG data is also provided in .txt format.</ce:simple-para><ce:simple-para id="spara006" view="all">The dataset can be used to study the characteristics of brain oscillations during entrainment, as well as for studies on auditory perception, analysis of resting state potentials in dementia patients, comparison of auditory evoked potentials with resting state potentials, ERP, ERSP, and SSAVP analysis of auditory response in dementia patients, time series analysis of the stimulation and rest trials, and brain connectivity analysis in dementia patients.</ce:simple-para></ce:abstract-sec></ce:abstract><ce:keywords id="keys0001" view="all" class="keyword"><ce:section-title id="cesectitle0002">Keywords</ce:section-title><ce:keyword id="key0001"><ce:text id="cetext0002">Brain oscillations</ce:text></ce:keyword><ce:keyword id="key0002"><ce:text id="cetext0003">Alzheimer's disease</ce:text></ce:keyword><ce:keyword id="key0003"><ce:text id="cetext0004">Dementia therapy</ce:text></ce:keyword><ce:keyword id="key0004"><ce:text id="cetext0005">Brain entrainment</ce:text></ce:keyword><ce:keyword id="key0005"><ce:text id="cetext0006">Non-invasive auditory brain stimulation</ce:text></ce:keyword><ce:keyword id="key0006"><ce:text id="cetext0007">Network-level synchronization</ce:text></ce:keyword></ce:keywords></ja:head></ja:article></doc:document>
