<doc:document xmlns:doc="http://www.elsevier.com/xml/document/schema" xmlns:dp="http://www.elsevier.com/xml/common/doc-properties/schema" xmlns:cps="http://www.elsevier.com/xml/common/consyn-properties/schema" xmlns:rdf="http://www.w3.org/1999/02/22-rdf-syntax-ns#" xmlns:dct="http://purl.org/dc/terms/" xmlns:prism="http://prismstandard.org/namespaces/basic/2.0/" xmlns:oa="http://vtw.elsevier.com/data/ns/properties/OpenAccess-1/" xmlns:bam="http://vtw.elsevier.com/data/voc/ns/bam-vtw-1/" xmlns:cp="http://vtw.elsevier.com/data/ns/properties/Copyright-1/" xmlns:cja="http://www.elsevier.com/xml/cja/schema" xmlns:ja="http://www.elsevier.com/xml/ja/schema" xmlns:bk="http://www.elsevier.com/xml/bk/schema" xmlns:ce="http://www.elsevier.com/xml/common/schema" xmlns:mml="http://www.w3.org/1998/Math/MathML" xmlns:cals="http://www.elsevier.com/xml/common/cals/schema" xmlns:tb="http://www.elsevier.com/xml/common/table/schema" xmlns:sa="http://www.elsevier.com/xml/common/struct-aff/schema" xmlns:sb="http://www.elsevier.com/xml/common/struct-bib/schema" xmlns:xlink="http://www.w3.org/1999/xlink"><rdf:RDF><rdf:Description rdf:about="http://dx.doi.org/10.1016/j.dib.2021.107561"><dct:format>application/xml</dct:format><dct:title>Corrigendum to &#x2018;A 60 year wave hindcast dataset in the Caribbean Sea&#x2019; Data in Brief, 37 (2021)/ 107153</dct:title><dct:creator>Andr&#233;s F. Orejarena-Rond&#243;n</dct:creator><dct:creator>Alejandro Orfila</dct:creator><dct:creator>Juan C. Restrepo</dct:creator><dct:creator>Isabel M. Ramos</dct:creator><dct:creator>Ismael Hernandez-Carrasco</dct:creator><dct:description>Data in Brief 39 (2021). doi:10.1016/j.dib.2021.107561</dct:description><prism:aggregationType>journal</prism:aggregationType><prism:publicationName>Data in Brief</prism:publicationName><prism:copyright>&#169; 2021 The Author(s). Published by Elsevier Inc.</prism:copyright><dct:publisher>Elsevier Inc.</dct:publisher><prism:issn>2352-3409</prism:issn><prism:volume>39</prism:volume><prism:coverDisplayDate>December 2021</prism:coverDisplayDate><prism:doi>10.1016/j.dib.2021.107561</prism:doi><prism:url>http://dx.doi.org/10.1016/j.dib.2021.107561</prism:url><dct:identifier>doi:10.1016/j.dib.2021.107561</dct:identifier><bam:articleNumber>107561</bam:articleNumber><oa:openAccessInformation><oa:openAccessStatus xmlns:xsi="http://www.w3.org/2001/XMLSchema-instance">http://vtw.elsevier.com/data/voc/oa/OpenAccessStatus#Full</oa:openAccessStatus><oa:openAccessEffective xmlns:xsi="http://www.w3.org/2001/XMLSchema-instance">2021-11-07T20:15:09Z</oa:openAccessEffective><oa:sponsor xmlns:xsi="http://www.w3.org/2001/XMLSchema-instance"><oa:sponsorType>http://vtw.elsevier.com/data/voc/oa/SponsorType#ElsevierWaived</oa:sponsorType></oa:sponsor><oa:userLicense xmlns:xsi="http://www.w3.org/2001/XMLSchema-instance">http://creativecommons.org/licenses/by/4.0/</oa:userLicense></oa:openAccessInformation><cp:licenseLine xmlns:xsi="http://www.w3.org/2001/XMLSchema-instance">This is an open access article under the CC BY license.</cp:licenseLine></rdf:Description></rdf:RDF><dp:document-properties><dp:aggregation-type>Journals</dp:aggregation-type><dp:version-number>S300.1</dp:version-number></dp:document-properties><ja:article docsubtype="err" version="5.6" xml:lang="en"><ja:item-info><ja:jid>DIB</ja:jid><ja:aid>107561</ja:aid><ce:article-number>107561</ce:article-number><ce:pii>S2352-3409(21)00837-4</ce:pii><ce:doi>10.1016/j.dib.2021.107561</ce:doi><ce:document-thread><ce:refers-to-document id="ref0001"><ce:pii>S2352-3409(21)00437-6</ce:pii><ce:doi>10.1016/j.dib.2021.107153</ce:doi></ce:refers-to-document></ce:document-thread><ce:copyright type="other" year="2021">The Authors</ce:copyright></ja:item-info><ja:head><ce:dochead id="dchd0001"><ce:textfn id="dhtxt0001">Corrigendum</ce:textfn></ce:dochead><ce:title id="tte0002">Corrigendum to &#x2018;A 60 year wave hindcast dataset in the Caribbean Sea&#x2019; Data in Brief, 37 (2021)/ 107153</ce:title><ce:author-group id="aut0001"><ce:author id="au0001" author-id="S2352340921008374-f39ee95eaebfbc28b53b42d13fa12a12"><ce:given-name>Andr&#233;s F.</ce:given-name><ce:surname>Orejarena-Rond&#243;n</ce:surname><ce:cross-ref refid="aff0001"><ce:sup loc="post">a</ce:sup></ce:cross-ref><ce:cross-ref refid="cor0001"><ce:sup loc="post">&#x204e;</ce:sup></ce:cross-ref><ce:e-address id="ead0001a" type="email" xlink:href="mailto:orejarenaa@uninorte.edu.co">orejarenaa@uninorte.edu.co</ce:e-address></ce:author><ce:author id="au0002" author-id="S2352340921008374-849dcfa41a310c37e13345a98874b402"><ce:given-name>Alejandro</ce:given-name><ce:surname>Orfila</ce:surname><ce:cross-ref refid="aff0002"><ce:sup loc="post">b</ce:sup></ce:cross-ref><ce:cross-ref refid="cor0001"><ce:sup loc="post">&#x204e;</ce:sup></ce:cross-ref><ce:e-address id="ead0001" type="email" xlink:href="mailto:alejandro.orfila@csic.es">alejandro.orfila@csic.es</ce:e-address></ce:author><ce:author id="au0003" author-id="S2352340921008374-14e099d5b20d7b2c656247a89d50737d"><ce:given-name>Juan C.</ce:given-name><ce:surname>Restrepo</ce:surname><ce:cross-ref refid="aff0001"><ce:sup loc="post">a</ce:sup></ce:cross-ref></ce:author><ce:author id="au0004" author-id="S2352340921008374-30ad8fbb8e7f6cfd6309a7376ff7ee9d"><ce:given-name>Isabel M.</ce:given-name><ce:surname>Ramos</ce:surname><ce:cross-ref refid="aff0001"><ce:sup loc="post">a</ce:sup></ce:cross-ref></ce:author><ce:author id="au0005" author-id="S2352340921008374-6d6d545503993fb2414fb1c17ab61342"><ce:given-name>Ismael</ce:given-name><ce:surname>Hernandez-Carrasco</ce:surname><ce:cross-ref refid="aff0002"><ce:sup loc="post">b</ce:sup></ce:cross-ref><ce:cross-ref refid="aff0003"><ce:sup loc="post">c</ce:sup></ce:cross-ref></ce:author><ce:affiliation id="aff0001" affiliation-id="S2352340921008374-b1c7ade6a6f807dfe7691b15c18c86da"><ce:label>a</ce:label><ce:textfn id="cetextfn0001">Departamento de F&#237;sica y Geociencias, Grupo de Investigaci&#243;n en Geociencias GEO4, Universidad del Norte, km 5, V&#237;a Puerto Colombia, 081007, Colombia</ce:textfn><sa:affiliation><sa:organization>Departamento de F&#237;sica y Geociencias</sa:organization><sa:organization>Grupo de Investigaci&#243;n en Geociencias GEO4</sa:organization><sa:organization>Universidad del Norte</sa:organization><sa:address-line>km 5, V&#237;a Puerto Colombia</sa:address-line><sa:postal-code>081007</sa:postal-code><sa:country>Colombia</sa:country></sa:affiliation><ce:source-text id="staff0001">aDepartamento de F&#237;sica y Geociencias, Grupo de Investigaci&#243;n en Geociencias GEO4, Universidad del Norte, km 5, V&#237;a Puerto Colombia, 081007, Colombia</ce:source-text></ce:affiliation><ce:affiliation id="aff0002" affiliation-id="S2352340921008374-e443d856293926d3e284e30e1927b26b"><ce:label>b</ce:label><ce:textfn id="cetextfn0002">Instituto Mediterr&#225;neo de Estudios Avanzados (CSIC-UIB), Miquel Marqu&#233;s, 21, Esporles 07190, Spain</ce:textfn><sa:affiliation><sa:organization>Instituto Mediterr&#225;neo de Estudios Avanzados (CSIC-UIB)</sa:organization><sa:address-line>Miquel Marqu&#233;s, 21</sa:address-line><sa:city>Esporles</sa:city><sa:postal-code>07190</sa:postal-code><sa:country>Spain</sa:country></sa:affiliation><ce:source-text id="staff0002">bInstituto Mediterr&#225;neo de Estudios Avanzados (CSIC-UIB), Miquel Marqu&#233;s, 21, Esporles 07190, Spain</ce:source-text></ce:affiliation><ce:affiliation id="aff0003" affiliation-id="S2352340921008374-ff8e1215e79b46aef384048270a8b89a"><ce:label>c</ce:label><ce:textfn id="cetextfn0003">Balearic Islands Coastal Observing and Forecasting System (SOCIB), Palma de Mallorca 07021, Spain</ce:textfn><sa:affiliation><sa:organization>Balearic Islands Coastal Observing and Forecasting System (SOCIB)</sa:organization><sa:city>Palma de Mallorca</sa:city><sa:postal-code>07021</sa:postal-code><sa:country>Spain</sa:country></sa:affiliation><ce:source-text id="staff0003">cBalearic Islands Coastal Observing and Forecasting System (SOCIB), Palma de Mallorca 07021, Spain</ce:source-text></ce:affiliation><ce:correspondence id="cor0001"><ce:label>&#x204e;</ce:label><ce:text id="cetext0001">Corresponding authors.</ce:text></ce:correspondence></ce:author-group></ja:head></ja:article></doc:document>
