<doc:document xmlns:doc="http://www.elsevier.com/xml/document/schema" xmlns:dp="http://www.elsevier.com/xml/common/doc-properties/schema" xmlns:cps="http://www.elsevier.com/xml/common/consyn-properties/schema" xmlns:rdf="http://www.w3.org/1999/02/22-rdf-syntax-ns#" xmlns:dct="http://purl.org/dc/terms/" xmlns:prism="http://prismstandard.org/namespaces/basic/2.0/" xmlns:oa="http://vtw.elsevier.com/data/ns/properties/OpenAccess-1/" xmlns:bam="http://vtw.elsevier.com/data/voc/ns/bam-vtw-1/" xmlns:cp="http://vtw.elsevier.com/data/ns/properties/Copyright-1/" xmlns:cja="http://www.elsevier.com/xml/cja/schema" xmlns:ja="http://www.elsevier.com/xml/ja/schema" xmlns:bk="http://www.elsevier.com/xml/bk/schema" xmlns:ce="http://www.elsevier.com/xml/common/schema" xmlns:mml="http://www.w3.org/1998/Math/MathML" xmlns:cals="http://www.elsevier.com/xml/common/cals/schema" xmlns:tb="http://www.elsevier.com/xml/common/table/schema" xmlns:sa="http://www.elsevier.com/xml/common/struct-aff/schema" xmlns:sb="http://www.elsevier.com/xml/common/struct-bib/schema" xmlns:xlink="http://www.w3.org/1999/xlink"><rdf:RDF><rdf:Description rdf:about="http://dx.doi.org/10.1016/j.dib.2022.107834"><dct:format>application/xml</dct:format><dct:title>Basic psychological needs, academic self-efficacy, self-leadership, career adaptability, and life-satisfaction: Data-set from Turkish university students</dct:title><dct:creator>Fatma Uslu G&#252;l&#x015f;en</dct:creator><dct:creator>Ezgi Ekin &#x015e;ahin</dct:creator><dct:subject><rdf:Bag><rdf:li>Career adaptability</rdf:li><rdf:li>College experience</rdf:li><rdf:li>Emotional experience</rdf:li><rdf:li>Educational psychology</rdf:li><rdf:li>Turkey</rdf:li></rdf:Bag></dct:subject><dct:description>Data in Brief 40 (2022). doi:10.1016/j.dib.2022.107834</dct:description><prism:aggregationType>journal</prism:aggregationType><prism:publicationName>Data in Brief</prism:publicationName><prism:copyright>&#169; 2022 Published by Elsevier Inc.</prism:copyright><dct:publisher>Elsevier Inc.</dct:publisher><prism:issn>2352-3409</prism:issn><prism:volume>40</prism:volume><prism:coverDisplayDate>February 2022</prism:coverDisplayDate><prism:doi>10.1016/j.dib.2022.107834</prism:doi><prism:url>http://dx.doi.org/10.1016/j.dib.2022.107834</prism:url><dct:identifier>doi:10.1016/j.dib.2022.107834</dct:identifier><bam:articleNumber>107834</bam:articleNumber><oa:openAccessInformation><oa:openAccessStatus xmlns:xsi="http://www.w3.org/2001/XMLSchema-instance">http://vtw.elsevier.com/data/voc/oa/OpenAccessStatus#Full</oa:openAccessStatus><oa:openAccessEffective xmlns:xsi="http://www.w3.org/2001/XMLSchema-instance">2022-01-13T13:26:05Z</oa:openAccessEffective><oa:sponsor xmlns:xsi="http://www.w3.org/2001/XMLSchema-instance"><oa:sponsorType>http://vtw.elsevier.com/data/voc/oa/SponsorType#ElsevierWaived</oa:sponsorType></oa:sponsor><oa:userLicense xmlns:xsi="http://www.w3.org/2001/XMLSchema-instance">http://creativecommons.org/licenses/by/4.0/</oa:userLicense></oa:openAccessInformation><cp:licenseLine xmlns:xsi="http://www.w3.org/2001/XMLSchema-instance">This is an open access article under the CC BY license.</cp:licenseLine></rdf:Description></rdf:RDF><dp:document-properties><dp:aggregation-type>Journals</dp:aggregation-type><dp:version-number>S300.1</dp:version-number></dp:document-properties><ja:article docsubtype="dat" version="5.6" xml:lang="en"><ja:item-info><ja:jid>DIB</ja:jid><ja:aid>107834</ja:aid><ce:article-number>107834</ce:article-number><ce:pii>S2352-3409(22)00046-4</ce:pii><ce:doi>10.1016/j.dib.2022.107834</ce:doi><ce:copyright type="unknown" year="2022"/></ja:item-info><ja:head><ce:dochead id="dchd0001"><ce:textfn id="dhtxt0001">Data Article</ce:textfn></ce:dochead><ce:title id="tte0002">Basic psychological needs, academic self-efficacy, self-leadership, career adaptability, and life-satisfaction: Data-set from Turkish university students</ce:title><ce:author-group id="aut0001"><ce:author id="au0001" author-id="S2352340922000464-ec88c9eec203f84a21e5b627227ecfb9"><ce:given-name>Fatma Uslu</ce:given-name><ce:surname>G&#252;l&#x015f;en</ce:surname><ce:cross-ref refid="cor0001"><ce:sup loc="post">&#x204e;</ce:sup></ce:cross-ref><ce:e-address id="ead0001" type="email" xlink:href="mailto:fatmauslu@mersin.edu.tr">fatmauslu@mersin.edu.tr</ce:e-address></ce:author><ce:author id="au0002" author-id="S2352340922000464-7ae4afba4a81994366283a2071f5aafb"><ce:given-name>Ezgi Ekin</ce:given-name><ce:surname>&#x015e;ahin</ce:surname></ce:author><ce:affiliation id="aff0001" affiliation-id="S2352340922000464-6a4489f516097f7a272215618c9ae755"><ce:textfn id="cetextfn0001">Mersin University, Faculty of Education, Mersin, Turkey</ce:textfn><sa:affiliation><sa:organization>Mersin University</sa:organization><sa:organization>Faculty of Education</sa:organization><sa:city>Mersin</sa:city><sa:country>Turkey</sa:country></sa:affiliation><ce:source-text id="staff0001">Mersin University, Faculty of Education, Mersin, Turkey</ce:source-text></ce:affiliation><ce:affiliation id="aff0002" affiliation-id="S2352340922000464-e3ecf243cd7600db14292b70168a906c"><ce:textfn id="cetextfn0002">Anadolu University Counseling Center, Eski&#x015f;ehir, Turkey</ce:textfn><sa:affiliation><sa:organization>Anadolu University Counseling Center</sa:organization><sa:city>Eski&#x015f;ehir</sa:city><sa:country>Turkey</sa:country></sa:affiliation><ce:source-text id="staff0002">Anadolu University Counseling Center, Eski&#x015f;ehir, Turkey</ce:source-text></ce:affiliation><ce:correspondence id="cor0001"><ce:label>&#x204e;</ce:label><ce:text id="cetext0001">Corresponding author.</ce:text></ce:correspondence></ce:author-group><ce:date-received day="11" month="12" year="2021"/><ce:date-revised day="12" month="1" year="2022"/><ce:date-accepted day="13" month="1" year="2022"/><ce:abstract id="abs0001" view="all" class="author"><ce:section-title id="cesectitle0001">Abstract</ce:section-title><ce:abstract-sec id="abss0001" view="all"><ce:simple-para id="spara005" view="all">This data article provides data set from variables related to&#160;career adaptability, academic self-efficacy, self-leadership, basic psychological needs, and life satisfaction among college students in Turkey. The data were collected with an online survey from May to July 2021, from a sample of 404 college students&#160;of several universities in Turkey.&#160;Among the participants, there were 272&#160;(67.3%) females and&#160;132 (32.7%) males, with an average age of 22.10 (SD=3.13). Among the participants, 86 (21.3%) were freshmen, 49 (12.1%) were sophomores, 149 (36.9%) were juniors, and 120 (29.7%) were seniors from different faculties. They completed General Need Satisfaction Scale,&#160;Academic Self-Efficacy Scale, The Abbreviated Self-Leadership Questionnaire, Career Adapt-Abilities Scale&#x2013;Short Form, and Satisfaction with Life Scale.&#160;The data was used for quantitative analysis through structural equation modeling to test the&#160;hypothetical model with latent variables. The researchers may be able to use the data to explore the relationships between career adaptability, basic psychological needs, academic self-efficacy, self-leadership, and life satisfaction of college students.</ce:simple-para></ce:abstract-sec></ce:abstract><ce:keywords id="keys0001" view="all" class="keyword"><ce:section-title id="cesectitle0002">Keywords</ce:section-title><ce:keyword id="key0001"><ce:text id="cetext0002">Career adaptability</ce:text></ce:keyword><ce:keyword id="key0002"><ce:text id="cetext0003">College experience</ce:text></ce:keyword><ce:keyword id="key0003"><ce:text id="cetext0004">Emotional experience</ce:text></ce:keyword><ce:keyword id="key0004"><ce:text id="cetext0005">Educational psychology</ce:text></ce:keyword><ce:keyword id="key0005"><ce:text id="cetext0006">Turkey</ce:text></ce:keyword></ce:keywords></ja:head></ja:article></doc:document>
