<doc:document xmlns:doc="http://www.elsevier.com/xml/document/schema" xmlns:dp="http://www.elsevier.com/xml/common/doc-properties/schema" xmlns:cps="http://www.elsevier.com/xml/common/consyn-properties/schema" xmlns:rdf="http://www.w3.org/1999/02/22-rdf-syntax-ns#" xmlns:dct="http://purl.org/dc/terms/" xmlns:prism="http://prismstandard.org/namespaces/basic/2.0/" xmlns:oa="http://vtw.elsevier.com/data/ns/properties/OpenAccess-1/" xmlns:bam="http://vtw.elsevier.com/data/voc/ns/bam-vtw-1/" xmlns:cp="http://vtw.elsevier.com/data/ns/properties/Copyright-1/" xmlns:cja="http://www.elsevier.com/xml/cja/schema" xmlns:ja="http://www.elsevier.com/xml/ja/schema" xmlns:bk="http://www.elsevier.com/xml/bk/schema" xmlns:ce="http://www.elsevier.com/xml/common/schema" xmlns:mml="http://www.w3.org/1998/Math/MathML" xmlns:cals="http://www.elsevier.com/xml/common/cals/schema" xmlns:tb="http://www.elsevier.com/xml/common/table/schema" xmlns:sa="http://www.elsevier.com/xml/common/struct-aff/schema" xmlns:sb="http://www.elsevier.com/xml/common/struct-bib/schema" xmlns:xlink="http://www.w3.org/1999/xlink"><rdf:RDF><rdf:Description rdf:about="http://dx.doi.org/10.1016/j.dib.2022.107882"><dct:format>application/xml</dct:format><dct:title>A georeferenced dataset of nocturnal macrolepidoptera: A tool for forest management and biodiversity conservation</dct:title><dct:creator>Stefano Scalercio</dct:creator><dct:creator>Carlo Di Marco</dct:creator><dct:creator>Nicola Puletti</dct:creator><dct:subject><rdf:Bag><rdf:li>Lepidoptera</rdf:li><rdf:li>Beech</rdf:li><rdf:li>Pine</rdf:li><rdf:li>Natura 2000 network</rdf:li><rdf:li>Sila National Park</rdf:li><rdf:li>Italy</rdf:li></rdf:Bag></dct:subject><dct:description>Data in Brief, Uncorrected proof. doi:10.1016/j.dib.2022.107882</dct:description><prism:aggregationType>journal</prism:aggregationType><prism:publicationName>Data in Brief</prism:publicationName><prism:copyright>&#169; 2022 The Author(s). Published by Elsevier Inc.</prism:copyright><dct:publisher>Elsevier Inc.</dct:publisher><prism:issn>2352-3409</prism:issn><prism:doi>10.1016/j.dib.2022.107882</prism:doi><prism:url>http://dx.doi.org/10.1016/j.dib.2022.107882</prism:url><dct:identifier>doi:10.1016/j.dib.2022.107882</dct:identifier><bam:articleNumber>107882</bam:articleNumber><oa:openAccessInformation><oa:openAccessStatus xmlns:xsi="http://www.w3.org/2001/XMLSchema-instance">http://vtw.elsevier.com/data/voc/oa/OpenAccessStatus#Full</oa:openAccessStatus><oa:openAccessEffective xmlns:xsi="http://www.w3.org/2001/XMLSchema-instance">2022-01-25T10:04:11Z</oa:openAccessEffective><oa:sponsor xmlns:xsi="http://www.w3.org/2001/XMLSchema-instance"><oa:sponsorType>http://vtw.elsevier.com/data/voc/oa/SponsorType#Author</oa:sponsorType></oa:sponsor><oa:userLicense xmlns:xsi="http://www.w3.org/2001/XMLSchema-instance">http://creativecommons.org/licenses/by/4.0/</oa:userLicense></oa:openAccessInformation><cp:licenseLine xmlns:xsi="http://www.w3.org/2001/XMLSchema-instance">This is an open access article under the CC BY license.</cp:licenseLine></rdf:Description></rdf:RDF><dp:document-properties><dp:aggregation-type>Journals</dp:aggregation-type><dp:version-number>S100.1</dp:version-number></dp:document-properties><ja:article docsubtype="dat" version="5.6" xml:lang="en"><ja:item-info><ja:jid>DIB</ja:jid><ja:aid>107882</ja:aid><ce:article-number>107882</ce:article-number><ce:pii>S2352-3409(22)00094-4</ce:pii><ce:doi>10.1016/j.dib.2022.107882</ce:doi><ce:copyright type="unknown" year="2022"/></ja:item-info><ja:head><ce:dochead id="dchd0001"><ce:textfn id="dhtxt0001">Data Article</ce:textfn></ce:dochead><ce:title id="tte0002">A georeferenced dataset of nocturnal macrolepidoptera: A tool for forest management and biodiversity conservation</ce:title><ce:author-group id="aut0001"><ce:author id="au0001" author-id="S2352340922000944-131b456d62ba4f59c9f0f0bd0c9add64" orcid="0000-0002-5838-1315"><ce:given-name>Stefano</ce:given-name><ce:surname>Scalercio</ce:surname><ce:contributor-role role="http://credit.niso.org/contributor-roles/conceptualization">Conceptualization</ce:contributor-role><ce:contributor-role role="http://credit.niso.org/contributor-roles/methodology">Methodology</ce:contributor-role><ce:contributor-role role="http://credit.niso.org/contributor-roles/investigation">Investigation</ce:contributor-role><ce:contributor-role role="http://credit.niso.org/contributor-roles/data-curation">Data curation</ce:contributor-role><ce:contributor-role role="http://credit.niso.org/contributor-roles/writing-original-draft">Writing &#x2013; original draft</ce:contributor-role><ce:contributor-role role="http://credit.niso.org/contributor-roles/supervision">Supervision</ce:contributor-role><ce:cross-ref refid="aff0001"><ce:sup loc="post">a</ce:sup></ce:cross-ref><ce:cross-ref refid="cor0001"><ce:sup loc="post">&#x204e;</ce:sup></ce:cross-ref><ce:e-address id="ead0001" type="email" xlink:href="mailto:stefano.scalercio@crea.gov.it">stefano.scalercio@crea.gov.it</ce:e-address></ce:author><ce:author id="au0002" author-id="S2352340922000944-345bb30fc45232f587906d70b3d902f8"><ce:given-name>Carlo Di</ce:given-name><ce:surname>Marco</ce:surname><ce:contributor-role role="http://credit.niso.org/contributor-roles/methodology">Methodology</ce:contributor-role><ce:contributor-role role="http://credit.niso.org/contributor-roles/investigation">Investigation</ce:contributor-role><ce:cross-ref refid="aff0001"><ce:sup loc="post">a</ce:sup></ce:cross-ref></ce:author><ce:author id="au0003" author-id="S2352340922000944-1b0ac547bfef017835e845129ddcc75a"><ce:given-name>Nicola</ce:given-name><ce:surname>Puletti</ce:surname><ce:contributor-role role="http://credit.niso.org/contributor-roles/conceptualization">Conceptualization</ce:contributor-role><ce:contributor-role role="http://credit.niso.org/contributor-roles/methodology">Methodology</ce:contributor-role><ce:contributor-role role="http://credit.niso.org/contributor-roles/funding-acquisition">Funding acquisition</ce:contributor-role><ce:cross-ref refid="aff0002"><ce:sup loc="post">b</ce:sup></ce:cross-ref></ce:author><ce:affiliation id="aff0001" affiliation-id="S2352340922000944-13be920835d42160e7046d83617806ec"><ce:label>a</ce:label><ce:textfn id="cetextfn0001">Council for Agricultural Research and Economics, Research Centre for Forestry and Wood, Via Settimio Severo 83, Rende I-87036, Italy</ce:textfn><sa:affiliation><sa:organization>Council for Agricultural Research and Economics</sa:organization><sa:organization>Research Centre for Forestry and Wood</sa:organization><sa:address-line>Via Settimio Severo 83</sa:address-line><sa:city>Rende</sa:city><sa:postal-code>I-87036</sa:postal-code><sa:country>Italy</sa:country></sa:affiliation><ce:source-text id="staff0001">aCouncil for Agricultural Research and Economics, Research Centre for Forestry and Wood, Via Settimio Severo 83, Rende I-87036, Italy</ce:source-text></ce:affiliation><ce:affiliation id="aff0002" affiliation-id="S2352340922000944-6e706367211305579c95b42c14fcd771"><ce:label>b</ce:label><ce:textfn id="cetextfn0002">Council for Agricultural Research and Economics, Research Centre for Forestry and Wood, Viale Santa Margherita 80, Arezzo I-52100, Italy</ce:textfn><sa:affiliation><sa:organization>Council for Agricultural Research and Economics</sa:organization><sa:organization>Research Centre for Forestry and Wood</sa:organization><sa:address-line>Viale Santa Margherita 80</sa:address-line><sa:city>Arezzo</sa:city><sa:postal-code>I-52100</sa:postal-code><sa:country>Italy</sa:country></sa:affiliation><ce:source-text id="staff0002">bCouncil for Agricultural Research and Economics, Research Centre for Forestry and Wood, Viale Santa Margherita 80, Arezzo I-52100, Italy</ce:source-text></ce:affiliation><ce:correspondence id="cor0001"><ce:label>&#x204e;</ce:label><ce:text id="cetext0001">Corresponding author.</ce:text></ce:correspondence></ce:author-group><ce:date-received day="11" month="11" year="2021"/><ce:date-revised day="20" month="1" year="2022"/><ce:date-accepted day="24" month="1" year="2022"/><ce:abstract id="abs0001" view="all" class="author"><ce:section-title id="cesectitle0001">Abstract</ce:section-title><ce:abstract-sec id="abss0001" view="all"><ce:simple-para id="spara004" view="all">In this paper we provide a georeferenced dataset of raw data concerning occurrence and abundance of nocturnal macrolepidoptera, an insect group largely recognized as a good ecological indicator of forest ecosystems. Data have been collected by using light traps located in 15 beech and 20 Calabrian black pine forest lots, 20 of which included in Natura 2000 sites. The sampling was carried out monthly lasting from May to late October 2019 and 2020 in order to cover the entire period during which favourable conditions for adult monitoring occurred, and to encompass phenological changes occurring across seasons in moth diversity. The dataset is composed by a total of 42,834 individuals belonging to 363 species. Due to the relatively small attractive radius of used light traps (about 25&#160;m), georeferenced lepidopteran data can be easily correlated to any kind of spatial environmental variables and forest attributes and to their temporal variations being useful to quantify also the effects of long-term ecological drivers.</ce:simple-para></ce:abstract-sec></ce:abstract><ce:keywords id="keys0001" view="all" class="keyword"><ce:section-title id="cesectitle0002">Keywords</ce:section-title><ce:keyword id="key0001"><ce:text id="cetext0002">Lepidoptera</ce:text></ce:keyword><ce:keyword id="key0002"><ce:text id="cetext0003">Beech</ce:text></ce:keyword><ce:keyword id="key0003"><ce:text id="cetext0004">Pine</ce:text></ce:keyword><ce:keyword id="key0004"><ce:text id="cetext0005">Natura 2000 network</ce:text></ce:keyword><ce:keyword id="key0005"><ce:text id="cetext0006">Sila National Park</ce:text></ce:keyword><ce:keyword id="key0006"><ce:text id="cetext0007">Italy</ce:text></ce:keyword></ce:keywords></ja:head></ja:article></doc:document>
