<doc:document xmlns:doc="http://www.elsevier.com/xml/document/schema" xmlns:dp="http://www.elsevier.com/xml/common/doc-properties/schema" xmlns:cps="http://www.elsevier.com/xml/common/consyn-properties/schema" xmlns:rdf="http://www.w3.org/1999/02/22-rdf-syntax-ns#" xmlns:dct="http://purl.org/dc/terms/" xmlns:prism="http://prismstandard.org/namespaces/basic/2.0/" xmlns:oa="http://vtw.elsevier.com/data/ns/properties/OpenAccess-1/" xmlns:bam="http://vtw.elsevier.com/data/voc/ns/bam-vtw-1/" xmlns:cp="http://vtw.elsevier.com/data/ns/properties/Copyright-1/" xmlns:cja="http://www.elsevier.com/xml/cja/schema" xmlns:ja="http://www.elsevier.com/xml/ja/schema" xmlns:bk="http://www.elsevier.com/xml/bk/schema" xmlns:ce="http://www.elsevier.com/xml/common/schema" xmlns:mml="http://www.w3.org/1998/Math/MathML" xmlns:cals="http://www.elsevier.com/xml/common/cals/schema" xmlns:tb="http://www.elsevier.com/xml/common/table/schema" xmlns:sa="http://www.elsevier.com/xml/common/struct-aff/schema" xmlns:sb="http://www.elsevier.com/xml/common/struct-bib/schema" xmlns:xlink="http://www.w3.org/1999/xlink"><rdf:RDF><rdf:Description rdf:about="http://dx.doi.org/10.1016/j.cris.2022.100029"><dct:format>application/xml</dct:format><dct:title>A loop-mediated isothermal amplification (LAMP) assay for rapid identification of Ceratitis capitata and related species</dct:title><dct:creator>Wannes Dermauw</dct:creator><dct:creator>Yannick Van Moerkerke</dct:creator><dct:creator>Negin Ebrahimi</dct:creator><dct:creator>Hans Casteels</dct:creator><dct:creator>Jochem Bonte</dct:creator><dct:creator>Johan Witters</dct:creator><dct:subject><rdf:Bag><rdf:li>Tephritidae</rdf:li><rdf:li>LAMP</rdf:li><rdf:li>quarantine organism</rdf:li><rdf:li>molecular diagnostics</rdf:li></rdf:Bag></dct:subject><dct:description>Current Research in Insect Science 2 (2022). doi:10.1016/j.cris.2022.100029</dct:description><prism:aggregationType>journal</prism:aggregationType><prism:publicationName>Current Research in Insect Science</prism:publicationName><prism:copyright>&#169; 2022 The Author(s). Published by Elsevier B.V.</prism:copyright><dct:publisher>Elsevier B.V.</dct:publisher><prism:issn>2666-5158</prism:issn><prism:volume>2</prism:volume><prism:coverDisplayDate>2022</prism:coverDisplayDate><prism:doi>10.1016/j.cris.2022.100029</prism:doi><prism:url>http://dx.doi.org/10.1016/j.cris.2022.100029</prism:url><dct:identifier>doi:10.1016/j.cris.2022.100029</dct:identifier><bam:articleNumber>100029</bam:articleNumber><oa:openAccessInformation><oa:openAccessStatus xmlns:xsi="http://www.w3.org/2001/XMLSchema-instance">http://vtw.elsevier.com/data/voc/oa/OpenAccessStatus#Full</oa:openAccessStatus><oa:openAccessEffective xmlns:xsi="http://www.w3.org/2001/XMLSchema-instance">2022-01-10T20:06:19Z</oa:openAccessEffective><oa:sponsor xmlns:xsi="http://www.w3.org/2001/XMLSchema-instance"><oa:sponsorType>http://vtw.elsevier.com/data/voc/oa/SponsorType#Author</oa:sponsorType></oa:sponsor><oa:userLicense xmlns:xsi="http://www.w3.org/2001/XMLSchema-instance">http://creativecommons.org/licenses/by-nc-nd/4.0/</oa:userLicense></oa:openAccessInformation><cp:licenseLine xmlns:xsi="http://www.w3.org/2001/XMLSchema-instance">This is an open access article under the CC BY-NC-ND license.</cp:licenseLine></rdf:Description></rdf:RDF><dp:document-properties><dp:aggregation-type>Journals</dp:aggregation-type><dp:version-number>S250.2</dp:version-number></dp:document-properties><ja:article docsubtype="mic" version="5.6" xml:lang="en"><ja:item-info><ja:jid>CRIS</ja:jid><ja:aid>100029</ja:aid><ce:article-number>100029</ce:article-number><ce:pii>S2666-5158(22)00001-4</ce:pii><ce:doi>10.1016/j.cris.2022.100029</ce:doi><ce:copyright type="unknown" year="2022"/></ja:item-info><ja:head><ce:title id="tte0002">A loop-mediated isothermal amplification (LAMP) assay for rapid identification of <ce:italic>Ceratitis capitata</ce:italic> and related species</ce:title><ce:author-group id="aut0001"><ce:author id="au0001" author-id="S2666515822000014-b0353f36c6afcd172a29b7bea368d388" orcid="0000-0003-4612-8969"><ce:given-name>Wannes</ce:given-name><ce:surname>Dermauw</ce:surname><ce:contributor-role role="http://credit.niso.org/contributor-roles/methodology">Methodology</ce:contributor-role><ce:contributor-role role="http://credit.niso.org/contributor-roles/formal-analysis">Formal analysis</ce:contributor-role><ce:contributor-role role="http://credit.niso.org/contributor-roles/writing-original-draft">Writing &#x2013; original draft</ce:contributor-role><ce:cross-ref refid="cor0001"><ce:sup loc="post">#</ce:sup></ce:cross-ref><ce:e-address id="ead0001" type="email" xlink:href="mailto:wannes.dermauw@ilvo.vlaanderen.be">wannes.dermauw@ilvo.vlaanderen.be</ce:e-address></ce:author><ce:author id="au0002" author-id="S2666515822000014-a8107c416704c7b066c4391c6d79408a"><ce:given-name>Yannick</ce:given-name><ce:surname>Van Moerkerke</ce:surname><ce:contributor-role role="http://credit.niso.org/contributor-roles/investigation">Investigation</ce:contributor-role><ce:contributor-role role="http://credit.niso.org/contributor-roles/validation">Validation</ce:contributor-role></ce:author><ce:author id="au0003" author-id="S2666515822000014-27cf0d07d860d90bf3c1189403a78c7a"><ce:given-name>Negin</ce:given-name><ce:surname>Ebrahimi</ce:surname><ce:contributor-role role="http://credit.niso.org/contributor-roles/writing-review-editing">Writing &#x2013; review &amp; editing</ce:contributor-role></ce:author><ce:author id="au0004" author-id="S2666515822000014-0e05f76f2731ab4b87130c6e009e2b67"><ce:given-name>Hans</ce:given-name><ce:surname>Casteels</ce:surname><ce:contributor-role role="http://credit.niso.org/contributor-roles/funding-acquisition">Funding acquisition</ce:contributor-role></ce:author><ce:author id="au0005" author-id="S2666515822000014-8d4e8b7738c540368317303bdd7e947c" orcid="0000-0001-6191-0604"><ce:given-name>Jochem</ce:given-name><ce:surname>Bonte</ce:surname><ce:contributor-role role="http://credit.niso.org/contributor-roles/conceptualization">Conceptualization</ce:contributor-role><ce:contributor-role role="http://credit.niso.org/contributor-roles/writing-review-editing">Writing &#x2013; review &amp; editing</ce:contributor-role></ce:author><ce:author id="au0006" author-id="S2666515822000014-00c176c40108ca0476f75e1801475c95"><ce:given-name>Johan</ce:given-name><ce:surname>Witters</ce:surname><ce:contributor-role role="http://credit.niso.org/contributor-roles/conceptualization">Conceptualization</ce:contributor-role><ce:contributor-role role="http://credit.niso.org/contributor-roles/methodology">Methodology</ce:contributor-role><ce:contributor-role role="http://credit.niso.org/contributor-roles/formal-analysis">Formal analysis</ce:contributor-role><ce:contributor-role role="http://credit.niso.org/contributor-roles/writing-original-draft">Writing &#x2013; original draft</ce:contributor-role><ce:cross-ref refid="cor0001"><ce:sup loc="post">#</ce:sup></ce:cross-ref><ce:e-address id="ead0002" type="email" xlink:href="mailto:johan.witters@ilvo.vlaanderen.be">johan.witters@ilvo.vlaanderen.be</ce:e-address></ce:author><ce:affiliation id="aff0001" affiliation-id="S2666515822000014-8a166ce34501f433bf98cc65c627964a"><ce:textfn id="cetextfn0001">Flanders research institute for Agriculture, Fisheries and Food, Plant Sciences Unit, Burg. Van Gansberghelaan 96, B-9820 Merelbeke, Belgium</ce:textfn><sa:affiliation><sa:organization>Flanders research institute for Agriculture</sa:organization><sa:organization>Fisheries and Food</sa:organization><sa:organization>Plant Sciences Unit</sa:organization><sa:address-line>Burg. Van Gansberghelaan 96</sa:address-line><sa:city>Merelbeke</sa:city><sa:postal-code>B-9820</sa:postal-code><sa:country>Belgium</sa:country></sa:affiliation><ce:source-text id="staff0001">1Flanders research institute for Agriculture, Fisheries and Food, Plant Sciences Unit, Burg. Van Gansberghelaan 96, B-9820 Merelbeke, Belgium</ce:source-text></ce:affiliation><ce:correspondence id="cor0001"><ce:label>#</ce:label><ce:text>Corresponding authors: Wannes Dermauw, Johan Witters, Flanders research institute for Agriculture, Fisheries and Food, Plant Sciences Unit, Burg. Van Gansberghelaan 96, B-9820 Merelbeke, Belgium.</ce:text><sa:affiliation><sa:organization>Flanders research institute for Agriculture, Fisheries and Food, Plant Sciences Unit</sa:organization><sa:address-line>Burg. Van Gansberghelaan 96</sa:address-line><sa:city>Merelbeke</sa:city><sa:postal-code>B-9820</sa:postal-code><sa:country>Belgium</sa:country></sa:affiliation></ce:correspondence></ce:author-group><ce:date-received day="1" month="9" year="2021"/><ce:date-revised day="7" month="1" year="2022"/><ce:date-accepted day="10" month="1" year="2022"/><ce:abstract id="abs0001" class="author-highlights" view="all"><ce:section-title id="cesectitle0001">Highlights</ce:section-title><ce:abstract-sec id="abss0001" view="all"><ce:simple-para id="spara006" view="all"><ce:list id="celist0001"><ce:list-item id="celistitem0001"><ce:label>&#x2022;</ce:label><ce:para id="para0001" view="all"><ce:italic>Ceratitis capitata</ce:italic> is not a quarantine pest in the European Union</ce:para></ce:list-item><ce:list-item id="celistitem0002"><ce:label>&#x2022;</ce:label><ce:para id="para0002" view="all">rapid identification of <ce:italic>C. capitata</ce:italic> at port of entry is needed</ce:para></ce:list-item><ce:list-item id="celistitem0003"><ce:label>&#x2022;</ce:label><ce:para id="para0003" view="all">LAMP assays were developed that could aid in the rapid discrimination of <ce:italic>C. capitata</ce:italic> from related species</ce:para></ce:list-item></ce:list></ce:simple-para></ce:abstract-sec></ce:abstract><ce:abstract id="abs0002" view="all" class="author"><ce:section-title id="cesectitle0002">Abstract</ce:section-title><ce:abstract-sec id="abss0002" view="all"><ce:simple-para id="spara007" view="all">True fruit flies (Tephritidae) are among the most destructive agricultural pests in the world, attacking a wide range of fruits and vegetables. The Mediterranean fruit fly <ce:italic>Ceratitis capitata</ce:italic> is a highly polyphagous species but, being widely established in the Mediterranean region, is not considered as a EU quarantine pest. Hence, it is important to discriminate <ce:italic>Ceratitis capitata</ce:italic> from non-EU tephritid species, present in imported fruit and vegetables, as non-EU species have a quarantine status. However, morphological identification of tephritid larvae, the most frequently intercepted stage in non-EU produce, is difficult and an easy-to-use molecular diagnostic tool would be helpful for rapid species identification. Therefore, a loop-mediated isothermal amplification (LAMP) method was developed for <ce:italic>C. capitata</ce:italic> and non-EU tephritids <ce:italic>Ceratitis cosyra</ce:italic> group1 and <ce:italic>Ceratitis</ce:italic> species from the FARQ complex, <ce:italic>C. fasciventris, C. anonae, C. rosa</ce:italic> and <ce:italic>C. quilicii</ce:italic>. LAMP assays were run with DNA from ILVO collected specimens and DNA samples collected during previous research surveys. LAMP primers were species-specific, with LAMP amplification occurring within 45 minutes for the targeted species. In addition, LAMP assays were successful for all <ce:italic>C. capitata</ce:italic> life stages or a limited amount of tissue. To conclude, the LAMP assays developed in this study were able to distinguish <ce:italic>C. capitata</ce:italic> from non-EU Tephritidae species and could be a useful tool for the rapid identification of <ce:italic>C. capitata</ce:italic>.</ce:simple-para></ce:abstract-sec></ce:abstract><ce:keywords id="keys0001" view="all" class="keyword"><ce:section-title id="cesectitle0003">Keywords</ce:section-title><ce:keyword id="key0001"><ce:text id="cetext0002">Tephritidae</ce:text></ce:keyword><ce:keyword id="key0002"><ce:text id="cetext0003">LAMP</ce:text></ce:keyword><ce:keyword id="key0003"><ce:text id="cetext0004">quarantine organism</ce:text></ce:keyword><ce:keyword id="key0004"><ce:text id="cetext0005">molecular diagnostics</ce:text></ce:keyword></ce:keywords></ja:head></ja:article></doc:document>
