<doc:document xmlns:doc="http://www.elsevier.com/xml/document/schema" xmlns:dp="http://www.elsevier.com/xml/common/doc-properties/schema" xmlns:cps="http://www.elsevier.com/xml/common/consyn-properties/schema" xmlns:rdf="http://www.w3.org/1999/02/22-rdf-syntax-ns#" xmlns:dct="http://purl.org/dc/terms/" xmlns:prism="http://prismstandard.org/namespaces/basic/2.0/" xmlns:oa="http://vtw.elsevier.com/data/ns/properties/OpenAccess-1/" xmlns:bam="http://vtw.elsevier.com/data/voc/ns/bam-vtw-1/" xmlns:cp="http://vtw.elsevier.com/data/ns/properties/Copyright-1/" xmlns:cja="http://www.elsevier.com/xml/cja/schema" xmlns:ja="http://www.elsevier.com/xml/ja/schema" xmlns:bk="http://www.elsevier.com/xml/bk/schema" xmlns:ce="http://www.elsevier.com/xml/common/schema" xmlns:mml="http://www.w3.org/1998/Math/MathML" xmlns:cals="http://www.elsevier.com/xml/common/cals/schema" xmlns:tb="http://www.elsevier.com/xml/common/table/schema" xmlns:sa="http://www.elsevier.com/xml/common/struct-aff/schema" xmlns:sb="http://www.elsevier.com/xml/common/struct-bib/schema" xmlns:xlink="http://www.w3.org/1999/xlink"><rdf:RDF><rdf:Description rdf:about="http://dx.doi.org/10.1016/j.dib.2021.107457"><dct:format>application/xml</dct:format><dct:title>Data on methane concentration collected by underground coal mine sensors</dct:title><dct:creator>Micha&#x0142; Kozielski</dct:creator><dct:creator>Marek Sikora</dct:creator><dct:creator>&#x0141;ukasz Wr&#243;bel</dct:creator><dct:subject><rdf:Bag><rdf:li>Sensory measurements</rdf:li><rdf:li>Coal mine</rdf:li><rdf:li>Methane concentration</rdf:li><rdf:li>Prediction</rdf:li></rdf:Bag></dct:subject><dct:description>Data in Brief 39 (2021). doi:10.1016/j.dib.2021.107457</dct:description><prism:aggregationType>journal</prism:aggregationType><prism:publicationName>Data in Brief</prism:publicationName><prism:copyright>&#169; 2021 The Author(s). Published by Elsevier Inc.</prism:copyright><dct:publisher>Elsevier Inc.</dct:publisher><prism:issn>2352-3409</prism:issn><prism:volume>39</prism:volume><prism:coverDisplayDate>December 2021</prism:coverDisplayDate><prism:doi>10.1016/j.dib.2021.107457</prism:doi><prism:url>http://dx.doi.org/10.1016/j.dib.2021.107457</prism:url><dct:identifier>doi:10.1016/j.dib.2021.107457</dct:identifier><bam:articleNumber>107457</bam:articleNumber><oa:openAccessInformation><oa:openAccessStatus xmlns:xsi="http://www.w3.org/2001/XMLSchema-instance">http://vtw.elsevier.com/data/voc/oa/OpenAccessStatus#Full</oa:openAccessStatus><oa:openAccessEffective xmlns:xsi="http://www.w3.org/2001/XMLSchema-instance">2021-10-05T17:47:04Z</oa:openAccessEffective><oa:sponsor xmlns:xsi="http://www.w3.org/2001/XMLSchema-instance"><oa:sponsorName>Poland institutes 2021</oa:sponsorName><oa:sponsorType>http://vtw.elsevier.com/data/voc/oa/SponsorType#FundingBody</oa:sponsorType></oa:sponsor><oa:userLicense xmlns:xsi="http://www.w3.org/2001/XMLSchema-instance">http://creativecommons.org/licenses/by-nc-nd/4.0/</oa:userLicense></oa:openAccessInformation><cp:licenseLine xmlns:xsi="http://www.w3.org/2001/XMLSchema-instance">This is an open access article under the CC BY-NC-ND license.</cp:licenseLine></rdf:Description></rdf:RDF><dp:document-properties><dp:aggregation-type>Journals</dp:aggregation-type><dp:version-number>S300.1</dp:version-number></dp:document-properties><ja:article docsubtype="dat" version="5.6" xml:lang="en"><ja:item-info><ja:jid>DIB</ja:jid><ja:aid>107457</ja:aid><ce:article-number>107457</ce:article-number><ce:pii>S2352-3409(21)00739-3</ce:pii><ce:doi>10.1016/j.dib.2021.107457</ce:doi><ce:copyright type="other" year="2021">The Author(s)</ce:copyright></ja:item-info><ja:head><ce:dochead id="dchd0001"><ce:textfn id="dhtxt0001">Data Article</ce:textfn></ce:dochead><ce:title id="tte0002">Data on methane concentration collected by underground coal mine sensors</ce:title><ce:author-group id="aut0001"><ce:author id="au0001" author-id="S2352340921007393-42ca3665ca9e65be056b295b2fd0cb68" orcid="0000-0003-3573-7638"><ce:given-name>Micha&#x0142;</ce:given-name><ce:surname>Kozielski</ce:surname><ce:contributor-role role="http://credit.niso.org/contributor-roles/writing-original-draft">Writing &#x2013; original draft</ce:contributor-role><ce:contributor-role role="http://credit.niso.org/contributor-roles/writing-review-editing">Writing &#x2013; review &amp; editing</ce:contributor-role><ce:cross-ref refid="cor0001"><ce:sup loc="post">&#x204e;</ce:sup></ce:cross-ref><ce:e-address id="ead0001" type="email" xlink:href="mailto:michal.kozielski@polsl.pl">michal.kozielski@polsl.pl</ce:e-address></ce:author><ce:author id="au0002" author-id="S2352340921007393-e6d8f9a7c62eedfef06deedada591e0f"><ce:given-name>Marek</ce:given-name><ce:surname>Sikora</ce:surname><ce:contributor-role role="http://credit.niso.org/contributor-roles/conceptualization">Conceptualization</ce:contributor-role><ce:contributor-role role="http://credit.niso.org/contributor-roles/data-curation">Data curation</ce:contributor-role><ce:contributor-role role="http://credit.niso.org/contributor-roles/funding-acquisition">Funding acquisition</ce:contributor-role><ce:contributor-role role="http://credit.niso.org/contributor-roles/supervision">Supervision</ce:contributor-role><ce:contributor-role role="http://credit.niso.org/contributor-roles/writing-review-editing">Writing &#x2013; review &amp; editing</ce:contributor-role></ce:author><ce:author id="au0003" author-id="S2352340921007393-ad4611fa1b9899effc165e98615d3a38" orcid="0000-0002-5715-6239"><ce:given-name>&#x0141;ukasz</ce:given-name><ce:surname>Wr&#243;bel</ce:surname><ce:contributor-role role="http://credit.niso.org/contributor-roles/data-curation">Data curation</ce:contributor-role><ce:contributor-role role="http://credit.niso.org/contributor-roles/investigation">Investigation</ce:contributor-role><ce:contributor-role role="http://credit.niso.org/contributor-roles/methodology">Methodology</ce:contributor-role><ce:contributor-role role="http://credit.niso.org/contributor-roles/software">Software</ce:contributor-role><ce:contributor-role role="http://credit.niso.org/contributor-roles/validation">Validation</ce:contributor-role><ce:contributor-role role="http://credit.niso.org/contributor-roles/writing-review-editing">Writing &#x2013; review &amp; editing</ce:contributor-role></ce:author><ce:affiliation id="aff0001" affiliation-id="S2352340921007393-b37ae74f7693d73849f42e6a0070723f"><ce:textfn id="cetextfn0001">Department of Computer Networks and Systems, Silesian University of Technology, Akademicka 16, Gliwice 44-100, Poland</ce:textfn><sa:affiliation><sa:organization>Department of Computer Networks and Systems</sa:organization><sa:organization>Silesian University of Technology</sa:organization><sa:address-line>Akademicka 16</sa:address-line><sa:city>Gliwice</sa:city><sa:postal-code>44-100</sa:postal-code><sa:country>Poland</sa:country></sa:affiliation><ce:source-text id="staff0001">Department of Computer Networks and Systems, Silesian University of Technology, Akademicka 16, Gliwice 44-100, Poland</ce:source-text></ce:affiliation><ce:correspondence id="cor0001"><ce:label>&#x204e;</ce:label><ce:text id="cetext0001">Corresponding author.</ce:text></ce:correspondence></ce:author-group><ce:date-received day="7" month="5" year="2021"/><ce:date-revised day="29" month="9" year="2021"/><ce:date-accepted day="4" month="10" year="2021"/><ce:abstract id="abs0001" view="all" class="author"><ce:section-title id="cesectitle0001">Abstract</ce:section-title><ce:abstract-sec id="abss0001" view="all"><ce:simple-para id="spara006" view="all">Coal mining requires working in hazardous conditions. Miners in an underground coal mine can face several threats, such as, e.g. methane explosions. To provide protection for people working underground, systems for active monitoring of production processes are typically used. One of their fundamental applications is screening dangerous gas concentrations (methane in particular) to prevent spontaneous explosions. Such a system is the source of the data set containing raw data collected at an underground coal mine. The data is collected from 28 different sensors placed at various locations around the coal mine. All the attributes except one are numeric, and the examples collected form a time series. This data set can be used in a variety of analytical tasks, including classification, regression, time series and stream data analysis.</ce:simple-para></ce:abstract-sec></ce:abstract><ce:keywords id="keys0001" view="all" class="keyword"><ce:section-title id="cesectitle0002">Keywords</ce:section-title><ce:keyword id="key0001"><ce:text id="cetext0002">Sensory measurements</ce:text></ce:keyword><ce:keyword id="key0002"><ce:text id="cetext0003">Coal mine</ce:text></ce:keyword><ce:keyword id="key0003"><ce:text id="cetext0004">Methane concentration</ce:text></ce:keyword><ce:keyword id="key0004"><ce:text id="cetext0005">Prediction</ce:text></ce:keyword></ce:keywords></ja:head></ja:article></doc:document>
