<doc:document xmlns:doc="http://www.elsevier.com/xml/document/schema" xmlns:dp="http://www.elsevier.com/xml/common/doc-properties/schema" xmlns:cps="http://www.elsevier.com/xml/common/consyn-properties/schema" xmlns:rdf="http://www.w3.org/1999/02/22-rdf-syntax-ns#" xmlns:dct="http://purl.org/dc/terms/" xmlns:prism="http://prismstandard.org/namespaces/basic/2.0/" xmlns:oa="http://vtw.elsevier.com/data/ns/properties/OpenAccess-1/" xmlns:bam="http://vtw.elsevier.com/data/voc/ns/bam-vtw-1/" xmlns:cp="http://vtw.elsevier.com/data/ns/properties/Copyright-1/" xmlns:cja="http://www.elsevier.com/xml/cja/schema" xmlns:ja="http://www.elsevier.com/xml/ja/schema" xmlns:bk="http://www.elsevier.com/xml/bk/schema" xmlns:ce="http://www.elsevier.com/xml/common/schema" xmlns:mml="http://www.w3.org/1998/Math/MathML" xmlns:cals="http://www.elsevier.com/xml/common/cals/schema" xmlns:tb="http://www.elsevier.com/xml/common/table/schema" xmlns:sa="http://www.elsevier.com/xml/common/struct-aff/schema" xmlns:sb="http://www.elsevier.com/xml/common/struct-bib/schema" xmlns:xlink="http://www.w3.org/1999/xlink"><rdf:RDF><rdf:Description rdf:about="http://dx.doi.org/10.1016/j.dib.2021.107715"><dct:format>application/xml</dct:format><dct:title>Quantitative proteomic dataset of the moss Physcomitrium patens PSEP3 KO and OE mutant lines</dct:title><dct:creator>Anna Mamaeva</dct:creator><dct:creator>Andrey Knyazev</dct:creator><dct:creator>Anna Glushkevich</dct:creator><dct:creator>Igor Fesenko</dct:creator><dct:subject><rdf:Bag><rdf:li>Long noncoding RNA-encoded peptide</rdf:li><rdf:li>iTRAQ</rdf:li><rdf:li>Proteomics</rdf:li><rdf:li>Physcomitrium patens</rdf:li></rdf:Bag></dct:subject><dct:description>Data in Brief 40 (2022). doi:10.1016/j.dib.2021.107715</dct:description><prism:aggregationType>journal</prism:aggregationType><prism:publicationName>Data in Brief</prism:publicationName><prism:copyright>&#169; 2021 The Author(s). Published by Elsevier Inc.</prism:copyright><dct:publisher>Elsevier Inc.</dct:publisher><prism:issn>2352-3409</prism:issn><prism:volume>40</prism:volume><prism:coverDisplayDate>February 2022</prism:coverDisplayDate><prism:doi>10.1016/j.dib.2021.107715</prism:doi><prism:url>http://dx.doi.org/10.1016/j.dib.2021.107715</prism:url><dct:identifier>doi:10.1016/j.dib.2021.107715</dct:identifier><bam:articleNumber>107715</bam:articleNumber><oa:openAccessInformation><oa:openAccessStatus xmlns:xsi="http://www.w3.org/2001/XMLSchema-instance">http://vtw.elsevier.com/data/voc/oa/OpenAccessStatus#Full</oa:openAccessStatus><oa:openAccessEffective xmlns:xsi="http://www.w3.org/2001/XMLSchema-instance">2021-12-14T17:44:07Z</oa:openAccessEffective><oa:sponsor xmlns:xsi="http://www.w3.org/2001/XMLSchema-instance"><oa:sponsorType>http://vtw.elsevier.com/data/voc/oa/SponsorType#Author</oa:sponsorType></oa:sponsor><oa:userLicense xmlns:xsi="http://www.w3.org/2001/XMLSchema-instance">http://creativecommons.org/licenses/by-nc-nd/4.0/</oa:userLicense></oa:openAccessInformation><cp:licenseLine xmlns:xsi="http://www.w3.org/2001/XMLSchema-instance">This is an open access article under the CC BY-NC-ND license.</cp:licenseLine></rdf:Description></rdf:RDF><dp:document-properties><dp:aggregation-type>Journals</dp:aggregation-type><dp:version-number>S300.1</dp:version-number></dp:document-properties><ja:article docsubtype="dat" version="5.6" xml:lang="en"><ja:item-info><ja:jid>DIB</ja:jid><ja:aid>107715</ja:aid><ce:article-number>107715</ce:article-number><ce:pii>S2352-3409(21)00990-2</ce:pii><ce:doi>10.1016/j.dib.2021.107715</ce:doi><ce:copyright type="unknown" year="2021"/></ja:item-info><ja:head><ce:dochead id="dchd0001"><ce:textfn id="dhtxt0001">Data Article</ce:textfn></ce:dochead><ce:title id="tte0002">Quantitative proteomic dataset of the moss <ce:italic>Physcomitrium patens PSEP3</ce:italic> KO and OE mutant lines</ce:title><ce:author-group id="aut0001"><ce:author id="au0001" author-id="S2352340921009902-e21902dfcdf0083ed7eff4ebdfa08695" orcid="0000-0002-1632-8401"><ce:given-name>Anna</ce:given-name><ce:surname>Mamaeva</ce:surname><ce:contributor-role role="http://credit.niso.org/contributor-roles/investigation">Investigation</ce:contributor-role><ce:contributor-role role="http://credit.niso.org/contributor-roles/writing-original-draft">Writing &#x2013; original draft</ce:contributor-role></ce:author><ce:author id="au0002" author-id="S2352340921009902-2023f5be41f19117822640ab03f54468"><ce:given-name>Andrey</ce:given-name><ce:surname>Knyazev</ce:surname><ce:contributor-role role="http://credit.niso.org/contributor-roles/investigation">Investigation</ce:contributor-role></ce:author><ce:author id="au0003" author-id="S2352340921009902-b4b470ba158d139523d0e5082b2784ec" orcid="0000-0001-8869-7807"><ce:given-name>Anna</ce:given-name><ce:surname>Glushkevich</ce:surname><ce:contributor-role role="http://credit.niso.org/contributor-roles/writing-review-editing">Writing &#x2013; review &amp; editing</ce:contributor-role><ce:contributor-role role="http://credit.niso.org/contributor-roles/visualization">Visualization</ce:contributor-role></ce:author><ce:author id="au0004" author-id="S2352340921009902-1aea3bca53ecc12e6430352fbbcecb67" orcid="0000-0002-5757-8271"><ce:given-name>Igor</ce:given-name><ce:surname>Fesenko</ce:surname><ce:contributor-role role="http://credit.niso.org/contributor-roles/formal-analysis">Formal analysis</ce:contributor-role><ce:contributor-role role="http://credit.niso.org/contributor-roles/writing-review-editing">Writing &#x2013; review &amp; editing</ce:contributor-role><ce:contributor-role role="http://credit.niso.org/contributor-roles/data-curation">Data curation</ce:contributor-role><ce:cross-ref refid="cor0001"><ce:sup loc="post">&#x204e;</ce:sup></ce:cross-ref><ce:e-address id="ead0001" type="email" xlink:href="mailto:moss@ibch.ru">moss@ibch.ru</ce:e-address><ce:e-address id="ea3" type="social-media" xlink:href="https://twitter.com/FesenkoIgor">@FesenkoIgor</ce:e-address></ce:author><ce:affiliation id="aff0001" affiliation-id="S2352340921009902-49a7233679a18be4d065f5284f9ce891"><ce:textfn id="cetextfn0001">Shemyakin-Ovchinnikov Institute of Bioorganic Chemistry of the Russian Academy of Sciences, Moscow, Russia</ce:textfn><sa:affiliation><sa:organization>Shemyakin-Ovchinnikov Institute of Bioorganic Chemistry of the Russian Academy of Sciences</sa:organization><sa:city>Moscow</sa:city><sa:country>Russia</sa:country></sa:affiliation><ce:source-text id="staff0001">Shemyakin-Ovchinnikov Institute of Bioorganic Chemistry of the Russian Academy of Sciences, Moscow, Russia</ce:source-text></ce:affiliation><ce:correspondence id="cor0001"><ce:label>&#x204e;</ce:label><ce:text id="cetext0001">Corresponding author.</ce:text></ce:correspondence></ce:author-group><ce:date-received day="22" month="11" year="2021"/><ce:date-revised day="8" month="12" year="2021"/><ce:date-accepted day="13" month="12" year="2021"/><ce:abstract id="abs0001" view="all" class="author"><ce:section-title id="cesectitle0001">Abstract</ce:section-title><ce:abstract-sec id="abss0001" view="all"><ce:simple-para id="spara005" view="all">Small open reading frames (&lt;100 codons) that are located on long noncoding RNAs (lncRNAs) can encode functional microproteins. These microproteins are shown to play important roles in different cellular processes, such as cell proliferation, development and disease response [1&#x2013;6]. However, there are only a few known lncRNA-encoded functional microproteins in plants. One such microprotein that was named PSEP3, was identified in the moss <ce:italic>Physcomitrium patens</ce:italic> by mass-spectrometry analysis. 57-aa PSEP3 contains Low Complexity Region (LCR) enriched with proline. We have previously shown that PSEP3 is translated in protonemata and gametophores of <ce:italic>P. patens</ce:italic>, and its knockout (KO line) or overexpression (OE line) affects protonemata growth [7]. We performed a quantitative proteomic analysis of the mutant lines with PSEP3 knockout and overexpression. 7-days old protonemata of wild type (WT line) and both mutant lines (KO and OE) were collected and used for iTRAQ-based proteomic experiments. LC-MS/MS data were processed using PEAKS Studio v.8 software with protein identification based on a Phytozome protein database. More analysis of PSEP3 effects on plant growth can be obtained in the paper published in Nucleic Acid Research [8].</ce:simple-para></ce:abstract-sec></ce:abstract><ce:keywords id="keys0001" view="all" class="keyword"><ce:section-title id="cesectitle0002">Keywords</ce:section-title><ce:keyword id="key0001"><ce:text id="cetext0002">Long noncoding RNA-encoded peptide</ce:text></ce:keyword><ce:keyword id="key0002"><ce:text id="cetext0003">iTRAQ</ce:text></ce:keyword><ce:keyword id="key0003"><ce:text id="cetext0004">Proteomics</ce:text></ce:keyword><ce:keyword id="key0004"><ce:text id="cetext0005"><ce:italic>Physcomitrium patens</ce:italic></ce:text></ce:keyword></ce:keywords></ja:head></ja:article></doc:document>
