<doc:document xmlns:doc="http://www.elsevier.com/xml/document/schema" xmlns:dp="http://www.elsevier.com/xml/common/doc-properties/schema" xmlns:cps="http://www.elsevier.com/xml/common/consyn-properties/schema" xmlns:rdf="http://www.w3.org/1999/02/22-rdf-syntax-ns#" xmlns:dct="http://purl.org/dc/terms/" xmlns:prism="http://prismstandard.org/namespaces/basic/2.0/" xmlns:oa="http://vtw.elsevier.com/data/ns/properties/OpenAccess-1/" xmlns:bam="http://vtw.elsevier.com/data/voc/ns/bam-vtw-1/" xmlns:cp="http://vtw.elsevier.com/data/ns/properties/Copyright-1/" xmlns:cja="http://www.elsevier.com/xml/cja/schema" xmlns:ja="http://www.elsevier.com/xml/ja/schema" xmlns:bk="http://www.elsevier.com/xml/bk/schema" xmlns:ce="http://www.elsevier.com/xml/common/schema" xmlns:mml="http://www.w3.org/1998/Math/MathML" xmlns:cals="http://www.elsevier.com/xml/common/cals/schema" xmlns:tb="http://www.elsevier.com/xml/common/table/schema" xmlns:sa="http://www.elsevier.com/xml/common/struct-aff/schema" xmlns:sb="http://www.elsevier.com/xml/common/struct-bib/schema" xmlns:xlink="http://www.w3.org/1999/xlink"><rdf:RDF><rdf:Description rdf:about="http://dx.doi.org/10.1016/j.dib.2021.107772"><dct:format>application/xml</dct:format><dct:title>SAM 40: Dataset of 40 subject EEG recordings to monitor the induced-stress while performing Stroop color-word test, arithmetic task, and mirror image recognition task</dct:title><dct:creator>Rajdeep Ghosh</dct:creator><dct:creator>Nabamita Deb</dct:creator><dct:creator>Kaushik Sengupta</dct:creator><dct:creator>Anurag Phukan</dct:creator><dct:creator>Nitin Choudhury</dct:creator><dct:creator>Sreshtha Kashyap</dct:creator><dct:creator>Souvik Phadikar</dct:creator><dct:creator>Ramesh Saha</dct:creator><dct:creator>Pranesh Das</dct:creator><dct:creator>Nidul Sinha</dct:creator><dct:creator>Priyanka Dutta</dct:creator><dct:subject><rdf:Bag><rdf:li>EEG</rdf:li><rdf:li>Stroop color-word test</rdf:li><rdf:li>Short-term stress monitoring</rdf:li><rdf:li>Emotiv Epoc</rdf:li><rdf:li>Savitzky-Golay filter</rdf:li><rdf:li>Wavelet thresholding</rdf:li><rdf:li>Brain-computer interface</rdf:li></rdf:Bag></dct:subject><dct:description>Data in Brief 40 (2022). doi:10.1016/j.dib.2021.107772</dct:description><prism:aggregationType>journal</prism:aggregationType><prism:publicationName>Data in Brief</prism:publicationName><prism:copyright>&#169; 2021 The Author(s). Published by Elsevier Inc.</prism:copyright><dct:publisher>Elsevier Inc.</dct:publisher><prism:issn>2352-3409</prism:issn><prism:volume>40</prism:volume><prism:coverDisplayDate>February 2022</prism:coverDisplayDate><prism:doi>10.1016/j.dib.2021.107772</prism:doi><prism:url>http://dx.doi.org/10.1016/j.dib.2021.107772</prism:url><dct:identifier>doi:10.1016/j.dib.2021.107772</dct:identifier><bam:articleNumber>107772</bam:articleNumber><oa:openAccessInformation><oa:openAccessStatus xmlns:xsi="http://www.w3.org/2001/XMLSchema-instance">http://vtw.elsevier.com/data/voc/oa/OpenAccessStatus#Full</oa:openAccessStatus><oa:openAccessEffective xmlns:xsi="http://www.w3.org/2001/XMLSchema-instance">2021-12-29T12:03:28Z</oa:openAccessEffective><oa:sponsor xmlns:xsi="http://www.w3.org/2001/XMLSchema-instance"><oa:sponsorType>http://vtw.elsevier.com/data/voc/oa/SponsorType#Author</oa:sponsorType></oa:sponsor><oa:userLicense xmlns:xsi="http://www.w3.org/2001/XMLSchema-instance">http://creativecommons.org/licenses/by/4.0/</oa:userLicense></oa:openAccessInformation><cp:licenseLine xmlns:xsi="http://www.w3.org/2001/XMLSchema-instance">This is an open access article under the CC BY license.</cp:licenseLine></rdf:Description></rdf:RDF><dp:document-properties><dp:aggregation-type>Journals</dp:aggregation-type><dp:version-number>S300.1</dp:version-number></dp:document-properties><ja:article docsubtype="dat" version="5.6" xml:lang="en"><ja:item-info><ja:jid>DIB</ja:jid><ja:aid>107772</ja:aid><ce:article-number>107772</ce:article-number><ce:pii>S2352-3409(21)01046-5</ce:pii><ce:doi>10.1016/j.dib.2021.107772</ce:doi><ce:copyright type="unknown" year="2022"/></ja:item-info><ja:head><ce:dochead id="dchd0001"><ce:textfn id="dhtxt0001">Data Article</ce:textfn></ce:dochead><ce:title id="tte0002">SAM 40: Dataset of 40 subject EEG recordings to monitor the induced-stress while performing Stroop color-word test, arithmetic task, and mirror image recognition task</ce:title><ce:author-group id="aut0001"><ce:author id="au0001" author-id="S2352340921010465-35c7c08de1bdd350aa6f57ca71581ee2" orcid="0000-0002-8045-0137"><ce:given-name>Rajdeep</ce:given-name><ce:surname>Ghosh</ce:surname><ce:contributor-role role="http://credit.niso.org/contributor-roles/conceptualization">Conceptualization</ce:contributor-role><ce:contributor-role role="http://credit.niso.org/contributor-roles/methodology">Methodology</ce:contributor-role><ce:contributor-role role="http://credit.niso.org/contributor-roles/data-curation">Data curation</ce:contributor-role><ce:contributor-role role="http://credit.niso.org/contributor-roles/project-administration">Project administration</ce:contributor-role><ce:cross-ref refid="aff0001"><ce:sup loc="post">a</ce:sup></ce:cross-ref><ce:cross-ref refid="cor0001"><ce:sup loc="post">&#x204e;</ce:sup></ce:cross-ref><ce:e-address id="ead0001" type="email" xlink:href="mailto:rajdeepghosh@gauhati.ac.in">rajdeepghosh@gauhati.ac.in</ce:e-address><ce:e-address id="ea3" type="social-media" xlink:href="https://twitter.com/RajdeepG2022">@RajdeepG2022</ce:e-address></ce:author><ce:author id="au0002" author-id="S2352340921010465-550247d53e7040f01af0095112f22860" orcid="0000-0002-1860-5548"><ce:given-name>Nabamita</ce:given-name><ce:surname>Deb</ce:surname><ce:contributor-role role="http://credit.niso.org/contributor-roles/conceptualization">Conceptualization</ce:contributor-role><ce:contributor-role role="http://credit.niso.org/contributor-roles/supervision">Supervision</ce:contributor-role><ce:contributor-role role="http://credit.niso.org/contributor-roles/writing-original-draft">Writing &#x2013; original draft</ce:contributor-role><ce:cross-ref refid="aff0001"><ce:sup loc="post">a</ce:sup></ce:cross-ref></ce:author><ce:author id="au0003" author-id="S2352340921010465-6c73f8242899b57355385dfe182df705" orcid="0000-0002-9332-5407"><ce:given-name>Kaushik</ce:given-name><ce:surname>Sengupta</ce:surname><ce:contributor-role role="http://credit.niso.org/contributor-roles/investigation">Investigation</ce:contributor-role><ce:contributor-role role="http://credit.niso.org/contributor-roles/software">Software</ce:contributor-role><ce:contributor-role role="http://credit.niso.org/contributor-roles/validation">Validation</ce:contributor-role><ce:cross-ref refid="aff0001"><ce:sup loc="post">a</ce:sup></ce:cross-ref></ce:author><ce:author id="au0004" author-id="S2352340921010465-1b9363f1d991cb9ee426fc1e6bec075c" orcid="0000-0002-5684-8698"><ce:given-name>Anurag</ce:given-name><ce:surname>Phukan</ce:surname><ce:contributor-role role="http://credit.niso.org/contributor-roles/investigation">Investigation</ce:contributor-role><ce:contributor-role role="http://credit.niso.org/contributor-roles/writing-review-editing">Writing &#x2013; review &amp; editing</ce:contributor-role><ce:cross-ref refid="aff0001"><ce:sup loc="post">a</ce:sup></ce:cross-ref></ce:author><ce:author id="au0005" author-id="S2352340921010465-c1e3e8394148498eb1ad8f6042f3d6b1"><ce:given-name>Nitin</ce:given-name><ce:surname>Choudhury</ce:surname><ce:contributor-role role="http://credit.niso.org/contributor-roles/software">Software</ce:contributor-role><ce:contributor-role role="http://credit.niso.org/contributor-roles/data-curation">Data curation</ce:contributor-role><ce:cross-ref refid="aff0001"><ce:sup loc="post">a</ce:sup></ce:cross-ref></ce:author><ce:author id="au0006" author-id="S2352340921010465-28d028582ed2bd59481e924bd3f65dbb"><ce:given-name>Sreshtha</ce:given-name><ce:surname>Kashyap</ce:surname><ce:contributor-role role="http://credit.niso.org/contributor-roles/visualization">Visualization</ce:contributor-role><ce:cross-ref refid="aff0001"><ce:sup loc="post">a</ce:sup></ce:cross-ref></ce:author><ce:author id="au0007" author-id="S2352340921010465-e8cf1800daf1cdc763ef2d36d907a320" orcid="0000-0002-7122-2095"><ce:given-name>Souvik</ce:given-name><ce:surname>Phadikar</ce:surname><ce:contributor-role role="http://credit.niso.org/contributor-roles/formal-analysis">Formal analysis</ce:contributor-role><ce:cross-ref refid="aff0002"><ce:sup loc="post">b</ce:sup></ce:cross-ref></ce:author><ce:author id="au0008" author-id="S2352340921010465-1482533f8909256ff0596185367f9203" orcid="0000-0003-0003-9450"><ce:given-name>Ramesh</ce:given-name><ce:surname>Saha</ce:surname><ce:contributor-role role="http://credit.niso.org/contributor-roles/writing-review-editing">Writing &#x2013; review &amp; editing</ce:contributor-role><ce:cross-ref refid="aff0001"><ce:sup loc="post">a</ce:sup></ce:cross-ref></ce:author><ce:author id="au0009" author-id="S2352340921010465-87c167df44e61711d1ce2fc5c9c16a75" orcid="0000-0002-4375-676X"><ce:given-name>Pranesh</ce:given-name><ce:surname>Das</ce:surname><ce:contributor-role role="http://credit.niso.org/contributor-roles/conceptualization">Conceptualization</ce:contributor-role><ce:cross-ref refid="aff0003"><ce:sup loc="post">c</ce:sup></ce:cross-ref></ce:author><ce:author id="au0010" author-id="S2352340921010465-719094c3c9ff266ca2ccf9d10914b2b2"><ce:given-name>Nidul</ce:given-name><ce:surname>Sinha</ce:surname><ce:contributor-role role="http://credit.niso.org/contributor-roles/conceptualization">Conceptualization</ce:contributor-role><ce:contributor-role role="http://credit.niso.org/contributor-roles/methodology">Methodology</ce:contributor-role><ce:cross-ref refid="aff0002"><ce:sup loc="post">b</ce:sup></ce:cross-ref></ce:author><ce:author id="au0011" author-id="S2352340921010465-bca0cd8fee0f3224f639b865936cad4d" orcid="0000-0001-9500-751X"><ce:given-name>Priyanka</ce:given-name><ce:surname>Dutta</ce:surname><ce:contributor-role role="http://credit.niso.org/contributor-roles/visualization">Visualization</ce:contributor-role><ce:cross-ref refid="aff0004"><ce:sup loc="post">d</ce:sup></ce:cross-ref></ce:author><ce:affiliation id="aff0001" affiliation-id="S2352340921010465-8d864caacd45360df27a460012f9ec8b"><ce:label>a</ce:label><ce:textfn id="cetextfn0001">Department of Information Technology, Gauhati University, Guwahati, Assam 781014, India</ce:textfn><sa:affiliation><sa:organization>Department of Information Technology</sa:organization><sa:organization>Gauhati University</sa:organization><sa:city>Guwahati</sa:city><sa:state>Assam</sa:state><sa:postal-code>781014</sa:postal-code><sa:country>India</sa:country></sa:affiliation><ce:source-text id="staff0001">aDepartment of Information Technology, Gauhati University, Guwahati, Assam 781014, India</ce:source-text></ce:affiliation><ce:affiliation id="aff0002" affiliation-id="S2352340921010465-3cd4ad91afe9aacb2302547e910a9e77"><ce:label>b</ce:label><ce:textfn id="cetextfn0002">Department of Electrical Engineering, National Institute of Technology, Silchar, Assam 788010, India</ce:textfn><sa:affiliation><sa:organization>Department of Electrical Engineering</sa:organization><sa:organization>National Institute of Technology</sa:organization><sa:city>Silchar</sa:city><sa:state>Assam</sa:state><sa:postal-code>788010</sa:postal-code><sa:country>India</sa:country></sa:affiliation><ce:source-text id="staff0002">bDepartment of Electrical Engineering, National Institute of Technology, Silchar, Assam 788010, India</ce:source-text></ce:affiliation><ce:affiliation id="aff0003" affiliation-id="S2352340921010465-c2fc67d1ff37aa6417c6829a97cbebac"><ce:label>c</ce:label><ce:textfn id="cetextfn0003">Department of Computer Science and Engineering, National Institute of Technology Calicut, Kozhikode, Kerala 673601, India</ce:textfn><sa:affiliation><sa:organization>Department of Computer Science and Engineering</sa:organization><sa:organization>National Institute of Technology Calicut</sa:organization><sa:city>Kozhikode</sa:city><sa:state>Kerala</sa:state><sa:postal-code>673601</sa:postal-code><sa:country>India</sa:country></sa:affiliation><ce:source-text id="staff0003">cDepartment of Computer Science and Engineering, National Institute of Technology Calicut, Kozhikode, Kerala 673601, India</ce:source-text></ce:affiliation><ce:affiliation id="aff0004" affiliation-id="S2352340921010465-e27c59f7a352765c7c69b16c4a94e277"><ce:label>d</ce:label><ce:textfn id="cetextfn0004">Department of Electronics and Communication Engineering, Gauhati University, Guwahati, Assam 781014, India</ce:textfn><sa:affiliation><sa:organization>Department of Electronics and Communication Engineering</sa:organization><sa:organization>Gauhati University</sa:organization><sa:city>Guwahati</sa:city><sa:state>Assam</sa:state><sa:postal-code>781014</sa:postal-code><sa:country>India</sa:country></sa:affiliation><ce:source-text id="staff0004">dDepartment of Electronics and Communication Engineering, Gauhati University, Guwahati, Assam 781014, India</ce:source-text></ce:affiliation><ce:correspondence id="cor0001"><ce:label>&#x204e;</ce:label><ce:text id="cetext0001">Corresponding author.</ce:text></ce:correspondence></ce:author-group><ce:date-received day="15" month="5" year="2021"/><ce:date-revised day="23" month="12" year="2021"/><ce:date-accepted day="28" month="12" year="2021"/><ce:abstract id="abs0001" view="all" class="author"><ce:section-title id="cesectitle0001">Abstract</ce:section-title><ce:abstract-sec id="abss0001" view="all"><ce:simple-para id="spara010" view="all">This paper presents a collection of electroencephalogram (EEG) data recorded from 40 subjects (female: 14, male: 26, mean age: 21.5 years). The dataset was recorded from the subjects while performing various tasks such as Stroop color-word test, solving arithmetic questions, identification of symmetric mirror images, and a state of relaxation. The experiment was primarily conducted to monitor the short-term stress elicited in an individual while performing the aforementioned cognitive tasks. The individual tasks were carried out for 25&#160;s and were repeated to record three trials. The EEG was recorded using a 32-channel Emotiv Epoc Flex gel kit. The EEG data were then segmented into non-overlapping epochs of 25&#160;s depending on the various tasks performed by the subjects. The EEG data were further processed to remove the baseline drifts by subtracting the average trend obtained using the Savitzky-Golay filter. Furthermore, the artifacts were also removed from the EEG data by applying wavelet thresholding. The dataset proposed in this paper can aid and support the research activities in the field of brain-computer interface and can also be used in the identification of patterns in the EEG data elicited due to stress.</ce:simple-para></ce:abstract-sec></ce:abstract><ce:keywords id="keys0001" view="all" class="keyword"><ce:section-title id="cesectitle0002">Keywords</ce:section-title><ce:keyword id="key0001"><ce:text id="cetext0002">EEG</ce:text></ce:keyword><ce:keyword id="key0002"><ce:text id="cetext0003">Stroop color-word test</ce:text></ce:keyword><ce:keyword id="key0003"><ce:text id="cetext0004">Short-term stress monitoring</ce:text></ce:keyword><ce:keyword id="key0004"><ce:text id="cetext0005">Emotiv Epoc</ce:text></ce:keyword><ce:keyword id="key0005"><ce:text id="cetext0006">Savitzky-Golay filter</ce:text></ce:keyword><ce:keyword id="key0006"><ce:text id="cetext0007">Wavelet thresholding</ce:text></ce:keyword><ce:keyword id="key0007"><ce:text id="cetext0008">Brain-computer interface</ce:text></ce:keyword></ce:keywords></ja:head></ja:article></doc:document>
