<doc:document xmlns:doc="http://www.elsevier.com/xml/document/schema" xmlns:dp="http://www.elsevier.com/xml/common/doc-properties/schema" xmlns:cps="http://www.elsevier.com/xml/common/consyn-properties/schema" xmlns:rdf="http://www.w3.org/1999/02/22-rdf-syntax-ns#" xmlns:dct="http://purl.org/dc/terms/" xmlns:prism="http://prismstandard.org/namespaces/basic/2.0/" xmlns:oa="http://vtw.elsevier.com/data/ns/properties/OpenAccess-1/" xmlns:bam="http://vtw.elsevier.com/data/voc/ns/bam-vtw-1/" xmlns:cp="http://vtw.elsevier.com/data/ns/properties/Copyright-1/" xmlns:cja="http://www.elsevier.com/xml/cja/schema" xmlns:ja="http://www.elsevier.com/xml/ja/schema" xmlns:bk="http://www.elsevier.com/xml/bk/schema" xmlns:ce="http://www.elsevier.com/xml/common/schema" xmlns:mml="http://www.w3.org/1998/Math/MathML" xmlns:cals="http://www.elsevier.com/xml/common/cals/schema" xmlns:tb="http://www.elsevier.com/xml/common/table/schema" xmlns:sa="http://www.elsevier.com/xml/common/struct-aff/schema" xmlns:sb="http://www.elsevier.com/xml/common/struct-bib/schema" xmlns:xlink="http://www.w3.org/1999/xlink"><rdf:RDF><rdf:Description rdf:about="http://dx.doi.org/10.1016/j.dib.2022.107852"><dct:format>application/xml</dct:format><dct:title>Image-based dataset of artifact surfaces fabricated by additive manufacturing with applications in machine learning</dct:title><dct:creator>Jiaqi Lyu</dct:creator><dct:creator>Javid Akhavan</dct:creator><dct:creator>Souran Manoochehri</dct:creator><dct:subject><rdf:Bag><rdf:li>3D printing</rdf:li><rdf:li>Anomaly detection</rdf:li><rdf:li>Point cloud</rdf:li><rdf:li>Process monitoring</rdf:li><rdf:li>Shallow and deep learning</rdf:li><rdf:li>Laser surface profiling</rdf:li><rdf:li>Smart manufacturing</rdf:li><rdf:li>FFF machine optimization</rdf:li></rdf:Bag></dct:subject><dct:description>Data in Brief 41 (2022). doi:10.1016/j.dib.2022.107852</dct:description><prism:aggregationType>journal</prism:aggregationType><prism:publicationName>Data in Brief</prism:publicationName><prism:copyright>&#169; 2022 The Author(s). Published by Elsevier Inc.</prism:copyright><dct:publisher>Elsevier Inc.</dct:publisher><prism:issn>2352-3409</prism:issn><prism:volume>41</prism:volume><prism:coverDisplayDate>April 2022</prism:coverDisplayDate><prism:doi>10.1016/j.dib.2022.107852</prism:doi><prism:url>http://dx.doi.org/10.1016/j.dib.2022.107852</prism:url><dct:identifier>doi:10.1016/j.dib.2022.107852</dct:identifier><bam:articleNumber>107852</bam:articleNumber><oa:openAccessInformation><oa:openAccessStatus xmlns:xsi="http://www.w3.org/2001/XMLSchema-instance">http://vtw.elsevier.com/data/voc/oa/OpenAccessStatus#Full</oa:openAccessStatus><oa:openAccessEffective xmlns:xsi="http://www.w3.org/2001/XMLSchema-instance">2022-01-18T15:58:11Z</oa:openAccessEffective><oa:sponsor xmlns:xsi="http://www.w3.org/2001/XMLSchema-instance"><oa:sponsorType>http://vtw.elsevier.com/data/voc/oa/SponsorType#Author</oa:sponsorType></oa:sponsor><oa:userLicense xmlns:xsi="http://www.w3.org/2001/XMLSchema-instance">http://creativecommons.org/licenses/by/4.0/</oa:userLicense></oa:openAccessInformation><cp:licenseLine xmlns:xsi="http://www.w3.org/2001/XMLSchema-instance">This is an open access article under the CC BY license.</cp:licenseLine></rdf:Description></rdf:RDF><dp:document-properties><dp:aggregation-type>Journals</dp:aggregation-type><dp:version-number>S250.1</dp:version-number></dp:document-properties><ja:article docsubtype="dat" version="5.6" xml:lang="en"><ja:item-info><ja:jid>DIB</ja:jid><ja:aid>107852</ja:aid><ce:article-number>107852</ce:article-number><ce:pii>S2352-3409(22)00064-6</ce:pii><ce:doi>10.1016/j.dib.2022.107852</ce:doi><ce:copyright type="unknown" year="2022"/></ja:item-info><ja:head><ce:dochead id="dchd0001"><ce:textfn id="dhtxt0001">Data Article</ce:textfn></ce:dochead><ce:title id="tte0002">Image-based dataset of artifact surfaces fabricated by additive manufacturing with applications in machine learning</ce:title><ce:author-group id="aut0001"><ce:author id="au0001" author-id="S2352340922000646-2d7cf19af6b055063499860e40e97311" orcid="0000-0002-6259-1577"><ce:given-name>Jiaqi</ce:given-name><ce:surname>Lyu</ce:surname><ce:e-address id="ea1" type="social-media" xlink:href="https://twitter.com/jacky_lyu1024">@jacky_lyu1024</ce:e-address></ce:author><ce:author id="au0002" author-id="S2352340922000646-da5274507edbc60750ae186c09b8f7bd" orcid="0000-0002-6485-5986"><ce:given-name>Javid</ce:given-name><ce:surname>Akhavan</ce:surname><ce:e-address id="ea2" type="social-media" xlink:href="https://twitter.com/Javidakhavan">@Javidakhavan</ce:e-address></ce:author><ce:author id="au0003" author-id="S2352340922000646-80f5cb3ce6f63e369b25165ccab675cd" orcid="0000-0002-7189-6356"><ce:given-name>Souran</ce:given-name><ce:surname>Manoochehri</ce:surname><ce:cross-ref refid="cor0001"><ce:sup loc="post">&#x204e;</ce:sup></ce:cross-ref><ce:e-address id="ead0001" type="email" xlink:href="mailto:smanooch@stevens.edu">smanooch@stevens.edu</ce:e-address></ce:author><ce:affiliation id="aff0001" affiliation-id="S2352340922000646-40c5a26515e03a7554f34fe7bea95cc2"><ce:textfn id="cetextfn0001">Stevens Institute of Technology, 1 Castle Point Terrace, Hoboken, NJ 07030, USA</ce:textfn><sa:affiliation><sa:organization>Stevens Institute of Technology</sa:organization><sa:organization>1 Castle Point Terrace</sa:organization><sa:city>Hoboken</sa:city><sa:state>NJ</sa:state><sa:postal-code>07030</sa:postal-code><sa:country>USA</sa:country></sa:affiliation><ce:source-text id="staff0001">Stevens Institute of Technology, 1 Castle Point Terrace, Hoboken, NJ 07030, USA</ce:source-text></ce:affiliation><ce:correspondence id="cor0001"><ce:label>&#x204e;</ce:label><ce:text id="cetext0001">Corresponding author.</ce:text></ce:correspondence></ce:author-group><ce:date-received day="16" month="11" year="2021"/><ce:date-revised day="12" month="1" year="2022"/><ce:date-accepted day="17" month="1" year="2022"/><ce:abstract id="abs0001" view="all" class="author"><ce:section-title id="cesectitle0001">Abstract</ce:section-title><ce:abstract-sec id="abss0001" view="all"><ce:simple-para id="spara012" view="all">Fused Deposition Modeling (FDM), also known as Fused Filament Fabrication (FFF), is the most widely used type of Additive Manufacturing (AM) technology at the consumer level. This technology severely suffers from a lack of online quality assessment and process adjustment. To fill up this gap, a high-speed 2D Laser Profiler KEYENCE LJ-V7000 series is equipped above an FDM machine and performs a scan after each print layer. The point cloud of the upper surface will be processed and transformed into a 2D depth map to analyze the in-plane anomalies during the FDM fabrication process. The author used the above data to categorize the surface quality into four categories: under printing, over printing, normal, and empty regions. The author showed the effectiveness of data in detecting print anomalies, and further work can be done to show the application of more advanced algorithms towards a better detection accuracy or to present a novel way to approach the data and detect a broader range of anomalies.</ce:simple-para></ce:abstract-sec></ce:abstract><ce:keywords id="keys0001" view="all" class="keyword"><ce:section-title id="cesectitle0002">Keywords</ce:section-title><ce:keyword id="key0001"><ce:text id="cetext0002">3D printing</ce:text></ce:keyword><ce:keyword id="key0002"><ce:text id="cetext0003">Anomaly detection</ce:text></ce:keyword><ce:keyword id="key0003"><ce:text id="cetext0004">Point cloud</ce:text></ce:keyword><ce:keyword id="key0004"><ce:text id="cetext0005">Process monitoring</ce:text></ce:keyword><ce:keyword id="key0005"><ce:text id="cetext0006">Shallow and deep learning</ce:text></ce:keyword><ce:keyword id="key0006"><ce:text id="cetext0007">Laser surface profiling</ce:text></ce:keyword><ce:keyword id="key0007"><ce:text id="cetext0008">Smart manufacturing</ce:text></ce:keyword><ce:keyword id="key0008"><ce:text id="cetext0009">FFF machine optimization</ce:text></ce:keyword></ce:keywords></ja:head></ja:article></doc:document>
