<doc:document xmlns:doc="http://www.elsevier.com/xml/document/schema" xmlns:dp="http://www.elsevier.com/xml/common/doc-properties/schema" xmlns:cps="http://www.elsevier.com/xml/common/consyn-properties/schema" xmlns:rdf="http://www.w3.org/1999/02/22-rdf-syntax-ns#" xmlns:dct="http://purl.org/dc/terms/" xmlns:prism="http://prismstandard.org/namespaces/basic/2.0/" xmlns:oa="http://vtw.elsevier.com/data/ns/properties/OpenAccess-1/" xmlns:bam="http://vtw.elsevier.com/data/voc/ns/bam-vtw-1/" xmlns:cp="http://vtw.elsevier.com/data/ns/properties/Copyright-1/" xmlns:cja="http://www.elsevier.com/xml/cja/schema" xmlns:ja="http://www.elsevier.com/xml/ja/schema" xmlns:bk="http://www.elsevier.com/xml/bk/schema" xmlns:ce="http://www.elsevier.com/xml/common/schema" xmlns:mml="http://www.w3.org/1998/Math/MathML" xmlns:cals="http://www.elsevier.com/xml/common/cals/schema" xmlns:tb="http://www.elsevier.com/xml/common/table/schema" xmlns:sa="http://www.elsevier.com/xml/common/struct-aff/schema" xmlns:sb="http://www.elsevier.com/xml/common/struct-bib/schema" xmlns:xlink="http://www.w3.org/1999/xlink"><rdf:RDF><rdf:Description rdf:about="http://dx.doi.org/10.1016/j.dib.2021.107464"><dct:format>application/xml</dct:format><dct:title>Dataset of macrobenthic species, organic matter content and grain-size distribution in surficial seafloor sediments in outer continental shelf, pockmark fields and Capbreton Canyon tributaries in the southeastern Bay of Biscay</dct:title><dct:creator>Jos&#233; Germ&#225;n Rodr&#237;guez</dct:creator><dct:creator>Joxe Mikel Garmendia</dct:creator><dct:creator>I&#241;igo Muxika</dct:creator><dct:creator>I&#241;aki Quincoces</dct:creator><dct:creator>Ibon Galparsoro</dct:creator><dct:subject><rdf:Bag><rdf:li>Macrobenthos</rdf:li><rdf:li>Soft-bottom macroinfauna</rdf:li><rdf:li>Continental shelf</rdf:li><rdf:li>Capbreton Canyon</rdf:li><rdf:li>Pockmark fields</rdf:li><rdf:li>Kostarrenkala</rdf:li></rdf:Bag></dct:subject><dct:description>Data in Brief 39 (2021). doi:10.1016/j.dib.2021.107464</dct:description><prism:aggregationType>journal</prism:aggregationType><prism:publicationName>Data in Brief</prism:publicationName><prism:copyright>&#169; 2021 The Author(s). Published by Elsevier Inc.</prism:copyright><dct:publisher>Elsevier Inc.</dct:publisher><prism:issn>2352-3409</prism:issn><prism:volume>39</prism:volume><prism:coverDisplayDate>December 2021</prism:coverDisplayDate><prism:doi>10.1016/j.dib.2021.107464</prism:doi><prism:url>http://dx.doi.org/10.1016/j.dib.2021.107464</prism:url><dct:identifier>doi:10.1016/j.dib.2021.107464</dct:identifier><bam:articleNumber>107464</bam:articleNumber><oa:openAccessInformation><oa:openAccessStatus xmlns:xsi="http://www.w3.org/2001/XMLSchema-instance">http://vtw.elsevier.com/data/voc/oa/OpenAccessStatus#Full</oa:openAccessStatus><oa:openAccessEffective xmlns:xsi="http://www.w3.org/2001/XMLSchema-instance">2021-10-06T19:39:55Z</oa:openAccessEffective><oa:sponsor xmlns:xsi="http://www.w3.org/2001/XMLSchema-instance"><oa:sponsorType>http://vtw.elsevier.com/data/voc/oa/SponsorType#Author</oa:sponsorType></oa:sponsor><oa:userLicense xmlns:xsi="http://www.w3.org/2001/XMLSchema-instance">http://creativecommons.org/licenses/by/4.0/</oa:userLicense></oa:openAccessInformation><cp:licenseLine xmlns:xsi="http://www.w3.org/2001/XMLSchema-instance">This is an open access article under the CC BY license.</cp:licenseLine></rdf:Description></rdf:RDF><dp:document-properties><dp:aggregation-type>Journals</dp:aggregation-type><dp:version-number>S300.1</dp:version-number></dp:document-properties><ja:article docsubtype="dat" version="5.6" xml:lang="en"><ja:item-info><ja:jid>DIB</ja:jid><ja:aid>107464</ja:aid><ce:article-number>107464</ce:article-number><ce:pii>S2352-3409(21)00746-0</ce:pii><ce:doi>10.1016/j.dib.2021.107464</ce:doi><ce:document-thread><ce:refers-to-document id="ref0001"><ce:pii>S2352-4855(21)00404-7</ce:pii><ce:doi>10.1016/j.rsma.2021.102012</ce:doi></ce:refers-to-document></ce:document-thread><ce:copyright type="unknown" year="2021"/></ja:item-info><ja:head><ce:dochead id="dchd0001"><ce:textfn id="dhtxt0001">Data Article</ce:textfn></ce:dochead><ce:title id="tte0002">Dataset of macrobenthic species, organic matter content and grain-size distribution in surficial seafloor sediments in outer continental shelf, pockmark fields and Capbreton Canyon tributaries in the southeastern Bay of Biscay</ce:title><ce:author-group id="aut0001"><ce:author id="au0001" author-id="S2352340921007460-5d709074002a1de042970ef80ca145ee" orcid="0000-0003-1565-4851"><ce:given-name>Jos&#233; Germ&#225;n</ce:given-name><ce:surname>Rodr&#237;guez</ce:surname><ce:contributor-role role="http://credit.niso.org/contributor-roles/data-curation">Data curation</ce:contributor-role><ce:contributor-role role="http://credit.niso.org/contributor-roles/writing-original-draft">Writing &#x2013; original draft</ce:contributor-role><ce:cross-ref refid="aff0001"><ce:sup loc="post">a</ce:sup></ce:cross-ref><ce:cross-ref refid="cor0001"><ce:sup loc="post">&#x204e;</ce:sup></ce:cross-ref><ce:e-address id="ead0001" type="email" xlink:href="mailto:grodriguez@azti.es">grodriguez@azti.es</ce:e-address></ce:author><ce:author id="au0002" author-id="S2352340921007460-b18a6d547ea198cf146bbf708fdac153" orcid="0000-0002-9403-1777"><ce:given-name>Joxe Mikel</ce:given-name><ce:surname>Garmendia</ce:surname><ce:contributor-role role="http://credit.niso.org/contributor-roles/conceptualization">Conceptualization</ce:contributor-role><ce:contributor-role role="http://credit.niso.org/contributor-roles/methodology">Methodology</ce:contributor-role><ce:contributor-role role="http://credit.niso.org/contributor-roles/investigation">Investigation</ce:contributor-role><ce:contributor-role role="http://credit.niso.org/contributor-roles/writing-review-editing">Writing &#x2013; review &amp; editing</ce:contributor-role><ce:cross-ref refid="aff0001"><ce:sup loc="post">a</ce:sup></ce:cross-ref></ce:author><ce:author id="au0003" author-id="S2352340921007460-9dcb24fef7ca20ddb5eeb80650d0bb79" orcid="0000-0002-9181-3781"><ce:given-name>I&#241;igo</ce:given-name><ce:surname>Muxika</ce:surname><ce:contributor-role role="http://credit.niso.org/contributor-roles/investigation">Investigation</ce:contributor-role><ce:contributor-role role="http://credit.niso.org/contributor-roles/writing-review-editing">Writing &#x2013; review &amp; editing</ce:contributor-role><ce:cross-ref refid="aff0001"><ce:sup loc="post">a</ce:sup></ce:cross-ref></ce:author><ce:author id="au0004" author-id="S2352340921007460-df67720880d6de82422ffbbdccd404fc" orcid="0000-0003-4177-5497"><ce:given-name>I&#241;aki</ce:given-name><ce:surname>Quincoces</ce:surname><ce:contributor-role role="http://credit.niso.org/contributor-roles/conceptualization">Conceptualization</ce:contributor-role><ce:contributor-role role="http://credit.niso.org/contributor-roles/methodology">Methodology</ce:contributor-role><ce:contributor-role role="http://credit.niso.org/contributor-roles/resources">Resources</ce:contributor-role><ce:contributor-role role="http://credit.niso.org/contributor-roles/funding-acquisition">Funding acquisition</ce:contributor-role><ce:contributor-role role="http://credit.niso.org/contributor-roles/writing-review-editing">Writing &#x2013; review &amp; editing</ce:contributor-role><ce:cross-ref refid="aff0002"><ce:sup loc="post">b</ce:sup></ce:cross-ref></ce:author><ce:author id="au0005" author-id="S2352340921007460-c19724a82ed7b19200a094488812f74c"><ce:given-name>Ibon</ce:given-name><ce:surname>Galparsoro</ce:surname><ce:contributor-role role="http://credit.niso.org/contributor-roles/conceptualization">Conceptualization</ce:contributor-role><ce:contributor-role role="http://credit.niso.org/contributor-roles/methodology">Methodology</ce:contributor-role><ce:contributor-role role="http://credit.niso.org/contributor-roles/investigation">Investigation</ce:contributor-role><ce:contributor-role role="http://credit.niso.org/contributor-roles/writing-review-editing">Writing &#x2013; review &amp; editing</ce:contributor-role><ce:contributor-role role="http://credit.niso.org/contributor-roles/supervision">Supervision</ce:contributor-role><ce:contributor-role role="http://credit.niso.org/contributor-roles/funding-acquisition">Funding acquisition</ce:contributor-role><ce:cross-ref refid="aff0001"><ce:sup loc="post">a</ce:sup></ce:cross-ref></ce:author><ce:affiliation id="aff0001" affiliation-id="S2352340921007460-c0a1c09c8cdd458e492e4dacce19e224"><ce:label>a</ce:label><ce:textfn id="cetextfn0001">AZTI, Marine Research, Basque Research and Technology Alliance (BRTA)<ce:cross-ref refid="afn1"><ce:sup loc="post">1</ce:sup></ce:cross-ref>, Herrera Kaia, Portualdea z/g, Pasaia 20110, Spain</ce:textfn><sa:affiliation><sa:organization>AZTI</sa:organization><sa:organization>Marine Research</sa:organization><sa:organization>Basque Research and Technology Alliance (BRTA)</sa:organization><sa:address-line>Herrera Kaia, Portualdea z/g</sa:address-line><sa:city>Pasaia</sa:city><sa:postal-code>20110</sa:postal-code><sa:country>Spain</sa:country></sa:affiliation><ce:source-text id="staff0001">aAZTI, Marine Research, Basque Research and Technology Alliance (BRTA), Herrera Kaia, Portualdea z/g, Pasaia 20110, Spain</ce:source-text></ce:affiliation><ce:affiliation id="aff0002" affiliation-id="S2352340921007460-de0f37a67e75e5dbd0f15d51310a6ea4"><ce:label>b</ce:label><ce:textfn id="cetextfn0002">AZTI, Marine Research, Basque Research and Technology Alliance (BRTA), Txatxarramendi ugartea z/g, Sukarrieta 48395, Spain</ce:textfn><sa:affiliation><sa:organization>AZTI</sa:organization><sa:organization>Marine Research</sa:organization><sa:organization>Basque Research and Technology Alliance (BRTA)</sa:organization><sa:address-line>Txatxarramendi ugartea z/g</sa:address-line><sa:city>Sukarrieta</sa:city><sa:postal-code>48395</sa:postal-code><sa:country>Spain</sa:country></sa:affiliation><ce:source-text id="staff0002">bAZTI, Marine Research, Basque Research and Technology Alliance (BRTA), Txatxarramendi ugartea z/g, Sukarrieta 48395, Spain</ce:source-text></ce:affiliation><ce:correspondence id="cor0001"><ce:label>&#x204e;</ce:label><ce:text id="cetext0001">Corresponding author.</ce:text></ce:correspondence><ce:footnote id="afn1"><ce:label>1</ce:label><ce:note-para id="aafn001a" view="all"><ce:inter-ref id="interref0002be" xlink:href="https://twitter.com/azti_brta" xlink:type="simple">@azti_brta</ce:inter-ref></ce:note-para></ce:footnote></ce:author-group><ce:date-received day="17" month="9" year="2021"/><ce:date-revised day="4" month="10" year="2021"/><ce:date-accepted day="5" month="10" year="2021"/><ce:abstract id="abs0001" view="all" class="author"><ce:section-title id="cesectitle0001">Abstract</ce:section-title><ce:abstract-sec id="abss0001" view="all"><ce:simple-para id="spara007" view="all">This dataset presents the macrobenthic species abundance and biomass in soft bottom areas located at southeastern Bay of Biscay. Data on organic matter content and grain-size distribution in surficial seafloor sediments is also provided. Samples were obtained with Shipek and Smith-McIntyre type grabs in several surveys carried out between 2010 and 2020, covering a range of depths of 32&#x2013;2241&#160;m. Abundance and biomass of macrobenthic species are given. This database is useful for (i) research on spatial variability of macrobenthic communities, and (ii) baseline knowledge of species in the area. The research article on these data [1] was published in the journal Regional Studies in Marine Science. Title: Macrofaunal variability in the continental shelf and canyons in the southeastern Bay of Biscay.</ce:simple-para></ce:abstract-sec></ce:abstract><ce:keywords id="keys0001" view="all" class="keyword"><ce:section-title id="cesectitle0002">Keywords</ce:section-title><ce:keyword id="key0001"><ce:text id="cetext0002">Macrobenthos</ce:text></ce:keyword><ce:keyword id="key0002"><ce:text id="cetext0003">Soft-bottom macroinfauna</ce:text></ce:keyword><ce:keyword id="key0003"><ce:text id="cetext0004">Continental shelf</ce:text></ce:keyword><ce:keyword id="key0004"><ce:text id="cetext0005">Capbreton Canyon</ce:text></ce:keyword><ce:keyword id="key0005"><ce:text id="cetext0006">Pockmark fields</ce:text></ce:keyword><ce:keyword id="key0006"><ce:text id="cetext0007">Kostarrenkala</ce:text></ce:keyword></ce:keywords></ja:head></ja:article></doc:document>
