<doc:document xmlns:doc="http://www.elsevier.com/xml/document/schema" xmlns:dp="http://www.elsevier.com/xml/common/doc-properties/schema" xmlns:cps="http://www.elsevier.com/xml/common/consyn-properties/schema" xmlns:rdf="http://www.w3.org/1999/02/22-rdf-syntax-ns#" xmlns:dct="http://purl.org/dc/terms/" xmlns:prism="http://prismstandard.org/namespaces/basic/2.0/" xmlns:oa="http://vtw.elsevier.com/data/ns/properties/OpenAccess-1/" xmlns:bam="http://vtw.elsevier.com/data/voc/ns/bam-vtw-1/" xmlns:cp="http://vtw.elsevier.com/data/ns/properties/Copyright-1/" xmlns:cja="http://www.elsevier.com/xml/cja/schema" xmlns:ja="http://www.elsevier.com/xml/ja/schema" xmlns:bk="http://www.elsevier.com/xml/bk/schema" xmlns:ce="http://www.elsevier.com/xml/common/schema" xmlns:mml="http://www.w3.org/1998/Math/MathML" xmlns:cals="http://www.elsevier.com/xml/common/cals/schema" xmlns:tb="http://www.elsevier.com/xml/common/table/schema" xmlns:sa="http://www.elsevier.com/xml/common/struct-aff/schema" xmlns:sb="http://www.elsevier.com/xml/common/struct-bib/schema" xmlns:xlink="http://www.w3.org/1999/xlink"><rdf:RDF><rdf:Description rdf:about="http://dx.doi.org/10.1016/j.dib.2021.107756"><dct:format>application/xml</dct:format><dct:title>Soybean images dataset for caterpillar and Diabrotica speciosa pest detection and classification</dct:title><dct:creator>Maria Eloisa Mignoni</dct:creator><dct:creator>Aislan Honorato</dct:creator><dct:creator>Rafael Kunst</dct:creator><dct:creator>Rodrigo Righi</dct:creator><dct:creator>Ang&#233;lica Massuquetti</dct:creator><dct:subject><rdf:Bag><rdf:li>Agriculture</rdf:li><rdf:li>Soybean</rdf:li><rdf:li>Images datasets</rdf:li><rdf:li>Insects</rdf:li></rdf:Bag></dct:subject><dct:description>Data in Brief 40 (2022). doi:10.1016/j.dib.2021.107756</dct:description><prism:aggregationType>journal</prism:aggregationType><prism:publicationName>Data in Brief</prism:publicationName><prism:copyright>&#169; 2021 The Author(s). Published by Elsevier Inc.</prism:copyright><dct:publisher>Elsevier Inc.</dct:publisher><prism:issn>2352-3409</prism:issn><prism:volume>40</prism:volume><prism:coverDisplayDate>February 2022</prism:coverDisplayDate><prism:doi>10.1016/j.dib.2021.107756</prism:doi><prism:url>http://dx.doi.org/10.1016/j.dib.2021.107756</prism:url><dct:identifier>doi:10.1016/j.dib.2021.107756</dct:identifier><bam:articleNumber>107756</bam:articleNumber><oa:openAccessInformation><oa:openAccessStatus xmlns:xsi="http://www.w3.org/2001/XMLSchema-instance">http://vtw.elsevier.com/data/voc/oa/OpenAccessStatus#Full</oa:openAccessStatus><oa:openAccessEffective xmlns:xsi="http://www.w3.org/2001/XMLSchema-instance">2021-12-22T19:16:36Z</oa:openAccessEffective><oa:sponsor xmlns:xsi="http://www.w3.org/2001/XMLSchema-instance"><oa:sponsorName>Brazil: LE Tracking</oa:sponsorName><oa:sponsorType>http://vtw.elsevier.com/data/voc/oa/SponsorType#FundingBody</oa:sponsorType></oa:sponsor><oa:userLicense xmlns:xsi="http://www.w3.org/2001/XMLSchema-instance">http://creativecommons.org/licenses/by/4.0/</oa:userLicense></oa:openAccessInformation><cp:licenseLine xmlns:xsi="http://www.w3.org/2001/XMLSchema-instance">This is an open access article under the CC BY license.</cp:licenseLine></rdf:Description></rdf:RDF><dp:document-properties><dp:aggregation-type>Journals</dp:aggregation-type><dp:version-number>S300.1</dp:version-number></dp:document-properties><ja:article docsubtype="dat" xml:lang="en" version="5.6"><ja:item-info><ja:jid>DIB</ja:jid><ja:aid>107756</ja:aid><ce:article-number>107756</ce:article-number><ce:pii>S2352-3409(21)01031-3</ce:pii><ce:doi>10.1016/j.dib.2021.107756</ce:doi><ce:copyright type="other" year="2021">The Author(s)</ce:copyright></ja:item-info><ja:head><ce:dochead id="dh1"><ce:textfn id="textfn0001">Data Article</ce:textfn></ce:dochead><ce:title id="ct0001">Soybean images dataset for caterpillar and <ce:italic>Diabrotica speciosa</ce:italic> pest detection and classification</ce:title><ce:short-title id="stitle0010">Soybean images dataset for caterpillar and <ce:italic>Diabrotica speciosa</ce:italic> pest detection and classification</ce:short-title><ce:author-group id="aut0001"><ce:author id="au0001" author-id="S2352340921010313-bdae1d99c78c9db881bd01ac2d8212d9" orcid="0000-0002-9846-1993"><ce:given-name>Maria Eloisa</ce:given-name><ce:surname>Mignoni</ce:surname><ce:cross-ref refid="cor0001"><ce:sup loc="post">&#x204e;</ce:sup></ce:cross-ref><ce:cross-ref refid="aff0001"><ce:sup loc="post">a</ce:sup></ce:cross-ref><ce:e-address type="email" xlink:href="mailto:eloisa@unemat.br" id="ead0001">eloisa@unemat.br</ce:e-address></ce:author><ce:author id="au0002" author-id="S2352340921010313-4dae9aa513184f34d46f0d3036c444ec"><ce:given-name>Aislan</ce:given-name><ce:surname>Honorato</ce:surname><ce:cross-ref refid="aff0002"><ce:sup loc="post">b</ce:sup></ce:cross-ref></ce:author><ce:author id="au0003" author-id="S2352340921010313-b0e271437401a3ee526da16293180c1e" orcid="0000-0002-6180-4104"><ce:given-name>Rafael</ce:given-name><ce:surname>Kunst</ce:surname><ce:cross-ref refid="aff0003"><ce:sup loc="post">c</ce:sup></ce:cross-ref><ce:cross-ref refid="aff0004"><ce:sup loc="post">d</ce:sup></ce:cross-ref></ce:author><ce:author id="au0004" author-id="S2352340921010313-04ab8868d5c712ece37381d5e31ba942" orcid="0000-0001-5080-7660"><ce:given-name>Rodrigo</ce:given-name><ce:surname>Righi</ce:surname><ce:cross-ref refid="aff0003"><ce:sup loc="post">c</ce:sup></ce:cross-ref></ce:author><ce:author id="au0005" author-id="S2352340921010313-9a0922cf91622501497bce818ca8dc90" orcid="0000-0002-9382-5487"><ce:given-name>Ang&#233;lica</ce:given-name><ce:surname>Massuquetti</ce:surname><ce:cross-ref refid="aff0004"><ce:sup loc="post">d</ce:sup></ce:cross-ref></ce:author><ce:affiliation id="aff0001" affiliation-id="S2352340921010313-e9811a4d93891de3dd97578cfdbe6aa5"><ce:label>a</ce:label><ce:textfn id="textfn0002">Universidade do Estado de Mato Grosso Carlos Alberto Reyes Maldonado, Avenida das Gar&#231;as, 1192, Centro, Nova Mutum, MT 78450-000, Brazil</ce:textfn><sa:affiliation><sa:organization>Universidade do Estado de Mato Grosso Carlos Alberto Reyes Maldonado</sa:organization><sa:address-line>Avenida das Gar&#231;as, 1192, Centro</sa:address-line><sa:city>Nova Mutum</sa:city><sa:state>MT</sa:state><sa:postal-code>78450-000</sa:postal-code><sa:country>Brazil</sa:country></sa:affiliation><ce:source-text id="st0001">Universidade do Estado de Mato Grosso Carlos Alberto Reyes Maldonado, Avenida das Gar&#231;as, 1192, Centro, Nova Mutum, MT 78450-000, Brazil</ce:source-text></ce:affiliation><ce:affiliation id="aff0002" affiliation-id="S2352340921010313-49f445ae8f24672c08a79d799ee41f06"><ce:label>b</ce:label><ce:textfn id="textfn0003">Centro Universit&#225;rio Univag, Av. Dom Orlando Chaves, 2655, Bairro Cristo Rei, V&#225;rzea Grande, MT 78118-900, Brazil</ce:textfn><sa:affiliation><sa:organization>Centro Universit&#225;rio Univag</sa:organization><sa:address-line>Av. Dom Orlando Chaves, 2655, Bairro Cristo Rei</sa:address-line><sa:city>V&#225;rzea Grande</sa:city><sa:state>MT</sa:state><sa:postal-code>78118-900</sa:postal-code><sa:country>Brazil</sa:country></sa:affiliation><ce:source-text id="st0002">Centro Universit&#225;rio Univag, Av. Dom Orlando Chaves, 2655, Bairro Cristo Rei, V&#225;rzea Grande, MT 78118-900, Brazil</ce:source-text></ce:affiliation><ce:affiliation id="aff0003" affiliation-id="S2352340921010313-2f3a6ccd453f25ffcea5f313c1c0fb46"><ce:label>c</ce:label><ce:textfn id="textfn0004">Applied Computing Graduate Program University of Vale do Rio dos Sinos (Unisinos), Av. Unisinos, 950, Bairro Cristo Rei, S&#227;o Leopoldo, RS 93022-750, Brazil</ce:textfn><sa:affiliation><sa:organization>Applied Computing Graduate Program</sa:organization><sa:organization>University of Vale do Rio dos Sinos (Unisinos)</sa:organization><sa:address-line>Av. Unisinos, 950, Bairro Cristo Rei</sa:address-line><sa:city>S&#227;o Leopoldo</sa:city><sa:state>RS</sa:state><sa:postal-code>93022-750</sa:postal-code><sa:country>Brazil</sa:country></sa:affiliation><ce:source-text id="st0003">Applied Computing Graduate Program University of Vale do Rio dos Sinos (Unisinos), Av. Unisinos, 950, Bairro Cristo Rei, S&#227;o Leopoldo, RS 93022-750, Brazil</ce:source-text></ce:affiliation><ce:affiliation id="aff0004" affiliation-id="S2352340921010313-0955672a3691d67d3b0fae224cdd03da"><ce:label>d</ce:label><ce:textfn id="textfn0005">Graduate Program in Economics University of Vale do Rio dos Sinos (Unisinos), Av. Dr. Nilo Pe&#231;anha, 1600 - Boa Vista, Porto Alegre, RS 91330-002, Brazil</ce:textfn><sa:affiliation><sa:organization>Graduate Program in Economics</sa:organization><sa:organization>University of Vale do Rio dos Sinos (Unisinos)</sa:organization><sa:address-line>Av. Dr. Nilo Pe&#231;anha, 1600 - Boa Vista</sa:address-line><sa:city>Porto Alegre</sa:city><sa:state>RS</sa:state><sa:postal-code>91330-002</sa:postal-code><sa:country>Brazil</sa:country></sa:affiliation><ce:source-text id="st0004">Graduate Program in Economics University of Vale do Rio dos Sinos (Unisinos), Av. Dr. Nilo Pe&#231;anha, 1600 - Boa Vista, Porto Alegre, RS 91330-002, Brazil</ce:source-text></ce:affiliation><ce:correspondence id="cor0001"><ce:label>&#x204e;</ce:label><ce:text id="cor1">Corresponding author.</ce:text></ce:correspondence></ce:author-group><ce:date-received day="29" month="9" year="2021"/><ce:date-revised day="13" month="12" year="2021"/><ce:date-accepted day="21" month="12" year="2021"/><ce:abstract id="abs0001" class="author" view="all"><ce:section-title id="sctt0001">Abstract</ce:section-title><ce:abstract-sec id="abssec0001" view="all"><ce:simple-para id="sp0001" view="all">This article presents a dataset of insect-damaged soybean leaves. The capture of images was carried out on several soy farms, under realistic weather conditions, using two cell phones and a UAV. The dataset consists of 3 (three) folders with a total of 6,410 images. The dataset is divided into three categories: (I) healthy plants, (II) plants affected by caterpillars, and (III) images of plants damaged by <ce:italic>Diabrotica speciosa</ce:italic>. This dataset allows training and validation of machine learning models to diagnose, recognize, and classify soybeans affected by caterpillars or <ce:italic>Diabrotica speciosa</ce:italic>. The images can be processed according to the user&#x2019;s need since only the size was standardized during the pre-processing phase.</ce:simple-para></ce:abstract-sec></ce:abstract><ce:keywords id="keys0001" class="keyword" view="all"><ce:section-title id="sctt0002">Keywords</ce:section-title><ce:keyword id="key0002"><ce:text id="txt0001">Agriculture</ce:text></ce:keyword><ce:keyword id="key0003"><ce:text id="txt0002">Soybean</ce:text></ce:keyword><ce:keyword id="key0004"><ce:text id="txt0003">Images datasets</ce:text></ce:keyword><ce:keyword id="key0005"><ce:text id="txt0004">Insects</ce:text></ce:keyword></ce:keywords></ja:head></ja:article></doc:document>
