<doc:document xmlns:doc="http://www.elsevier.com/xml/document/schema" xmlns:dp="http://www.elsevier.com/xml/common/doc-properties/schema" xmlns:cps="http://www.elsevier.com/xml/common/consyn-properties/schema" xmlns:rdf="http://www.w3.org/1999/02/22-rdf-syntax-ns#" xmlns:dct="http://purl.org/dc/terms/" xmlns:prism="http://prismstandard.org/namespaces/basic/2.0/" xmlns:oa="http://vtw.elsevier.com/data/ns/properties/OpenAccess-1/" xmlns:bam="http://vtw.elsevier.com/data/voc/ns/bam-vtw-1/" xmlns:cp="http://vtw.elsevier.com/data/ns/properties/Copyright-1/" xmlns:cja="http://www.elsevier.com/xml/cja/schema" xmlns:ja="http://www.elsevier.com/xml/ja/schema" xmlns:bk="http://www.elsevier.com/xml/bk/schema" xmlns:ce="http://www.elsevier.com/xml/common/schema" xmlns:mml="http://www.w3.org/1998/Math/MathML" xmlns:cals="http://www.elsevier.com/xml/common/cals/schema" xmlns:tb="http://www.elsevier.com/xml/common/table/schema" xmlns:sa="http://www.elsevier.com/xml/common/struct-aff/schema" xmlns:sb="http://www.elsevier.com/xml/common/struct-bib/schema" xmlns:xlink="http://www.w3.org/1999/xlink"><rdf:RDF><rdf:Description rdf:about="http://dx.doi.org/10.1016/j.dib.2021.107634"><dct:format>application/xml</dct:format><dct:title>Safety and biocompatibility of a bionic eye: Imaging, intraocular pressure, and histology data</dct:title><dct:creator>Samuel C. Eggenberger</dct:creator><dct:creator>Natalie L. James</dct:creator><dct:creator>Cherry Ho</dct:creator><dct:creator>Steven S. Eamegdool</dct:creator><dct:creator>Veronika Tatarinoff</dct:creator><dct:creator>Naomi A. Craig</dct:creator><dct:creator>Barry S. Gow</dct:creator><dct:creator>Susan Wan</dct:creator><dct:creator>Christopher W.D. Dodds</dct:creator><dct:creator>Donna La Hood</dct:creator><dct:creator>Aaron Gilmour</dct:creator><dct:creator>Shannon L. Donahoe</dct:creator><dct:creator>Mark Krockenberger</dct:creator><dct:creator>Krishna Tumuluri</dct:creator><dct:creator>Melville J. da Cruz</dct:creator><dct:creator>John R. Grigg</dct:creator><dct:creator>Peter McCluskey</dct:creator><dct:creator>Nigel H. Lovell</dct:creator><dct:creator>Michele C. Madigan</dct:creator><dct:creator>Adrian T. Fung</dct:creator><dct:creator>Gregg J. Suaning</dct:creator><dct:subject><rdf:Bag><rdf:li>Visual prosthesis</rdf:li><rdf:li>Intraocular pressure</rdf:li><rdf:li>Opthalmoscopy</rdf:li><rdf:li>Biocompatibility</rdf:li><rdf:li>Histopathology</rdf:li><rdf:li>Retina</rdf:li></rdf:Bag></dct:subject><dct:description>Data in Brief 39 (2021). doi:10.1016/j.dib.2021.107634</dct:description><prism:aggregationType>journal</prism:aggregationType><prism:publicationName>Data in Brief</prism:publicationName><prism:copyright>&#169; 2021 The Authors. Published by Elsevier Inc.</prism:copyright><dct:publisher>Elsevier Inc.</dct:publisher><prism:issn>2352-3409</prism:issn><prism:volume>39</prism:volume><prism:coverDisplayDate>December 2021</prism:coverDisplayDate><prism:doi>10.1016/j.dib.2021.107634</prism:doi><prism:url>http://dx.doi.org/10.1016/j.dib.2021.107634</prism:url><dct:identifier>doi:10.1016/j.dib.2021.107634</dct:identifier><bam:articleNumber>107634</bam:articleNumber><oa:openAccessInformation><oa:openAccessStatus xmlns:xsi="http://www.w3.org/2001/XMLSchema-instance">http://vtw.elsevier.com/data/voc/oa/OpenAccessStatus#Full</oa:openAccessStatus><oa:openAccessEffective xmlns:xsi="http://www.w3.org/2001/XMLSchema-instance">2021-11-23T10:50:00Z</oa:openAccessEffective><oa:sponsor xmlns:xsi="http://www.w3.org/2001/XMLSchema-instance"><oa:sponsorName>Australian and New Zealand Institutes</oa:sponsorName><oa:sponsorType>http://vtw.elsevier.com/data/voc/oa/SponsorType#Author</oa:sponsorType></oa:sponsor><oa:userLicense xmlns:xsi="http://www.w3.org/2001/XMLSchema-instance">http://creativecommons.org/licenses/by/4.0/</oa:userLicense></oa:openAccessInformation><cp:licenseLine xmlns:xsi="http://www.w3.org/2001/XMLSchema-instance">This is an open access article under the CC BY license.</cp:licenseLine></rdf:Description></rdf:RDF><dp:document-properties><dp:aggregation-type>Journals</dp:aggregation-type><dp:version-number>S300.1</dp:version-number></dp:document-properties><ja:article docsubtype="dat" version="5.6" xml:lang="en"><ja:item-info><ja:jid>DIB</ja:jid><ja:aid>107634</ja:aid><ce:article-number>107634</ce:article-number><ce:pii>S2352-3409(21)00909-4</ce:pii><ce:doi>10.1016/j.dib.2021.107634</ce:doi><ce:document-thread><ce:refers-to-document id="ref0001"><ce:pii>S0142-9612(21)00548-2</ce:pii><ce:doi>10.1016/j.biomaterials.2021.121191</ce:doi></ce:refers-to-document></ce:document-thread><ce:copyright type="unknown" year="2021"/></ja:item-info><ja:head><ce:dochead id="dchd0001"><ce:textfn id="dhtxt0001">Data Article</ce:textfn></ce:dochead><ce:title id="tte0002">Safety and biocompatibility of a bionic eye: Imaging, intraocular pressure, and histology data</ce:title><ce:author-group id="aut0001"><ce:author id="au0001" author-id="S2352340921009094-216d0630007f6079e19e9b4d56476682" orcid="0000-0001-9693-4702"><ce:given-name>Samuel C.</ce:given-name><ce:surname>Eggenberger</ce:surname><ce:cross-ref refid="aff0001"><ce:sup loc="post">a</ce:sup></ce:cross-ref><ce:cross-ref refid="cor0001"><ce:sup loc="post">&#x204e;</ce:sup></ce:cross-ref><ce:e-address id="ead0001" type="email" xlink:href="mailto:samuel.eggenberger@sydney.edu.au">samuel.eggenberger@sydney.edu.au</ce:e-address></ce:author><ce:author id="au0002" author-id="S2352340921009094-5e3a57c40b334c779621c52e2af1faa9" orcid="0000-0003-3040-4914"><ce:given-name>Natalie L.</ce:given-name><ce:surname>James</ce:surname><ce:cross-ref refid="aff0002"><ce:sup loc="post">b</ce:sup></ce:cross-ref></ce:author><ce:author id="au0003" author-id="S2352340921009094-f4fa3c376ec9e9feb638f1a52026d14b"><ce:given-name>Cherry</ce:given-name><ce:surname>Ho</ce:surname><ce:cross-ref refid="aff0002"><ce:sup loc="post">b</ce:sup></ce:cross-ref></ce:author><ce:author id="au0004" author-id="S2352340921009094-b92c042b714ca72826078061295c7053"><ce:given-name>Steven S.</ce:given-name><ce:surname>Eamegdool</ce:surname><ce:cross-ref refid="aff0003"><ce:sup loc="post">c</ce:sup></ce:cross-ref></ce:author><ce:author id="au0005" author-id="S2352340921009094-8cbcda8a6baf9ae5ec7c31006adecda2"><ce:given-name>Veronika</ce:given-name><ce:surname>Tatarinoff</ce:surname><ce:cross-ref refid="aff0002"><ce:sup loc="post">b</ce:sup></ce:cross-ref></ce:author><ce:author id="au0006" author-id="S2352340921009094-dd084cd4ae41ca22f75c8d93cbe123ed" orcid="0000-0001-9543-1812"><ce:given-name>Naomi A.</ce:given-name><ce:surname>Craig</ce:surname><ce:cross-ref refid="aff0002"><ce:sup loc="post">b</ce:sup></ce:cross-ref></ce:author><ce:author id="au0007" author-id="S2352340921009094-e02b690322e613ae16c46df1812dcfbc"><ce:given-name>Barry S.</ce:given-name><ce:surname>Gow</ce:surname><ce:cross-ref refid="aff0002"><ce:sup loc="post">b</ce:sup></ce:cross-ref></ce:author><ce:author id="au0008" author-id="S2352340921009094-1232416491560fc7ab27a448fdae9bf8"><ce:given-name>Susan</ce:given-name><ce:surname>Wan</ce:surname><ce:cross-ref refid="aff0004"><ce:sup loc="post">d</ce:sup></ce:cross-ref></ce:author><ce:author id="au0009" author-id="S2352340921009094-72d2176445259c65db2520220296041a"><ce:given-name>Christopher W.D.</ce:given-name><ce:surname>Dodds</ce:surname><ce:cross-ref refid="aff0002"><ce:sup loc="post">b</ce:sup></ce:cross-ref></ce:author><ce:author id="au0010" author-id="S2352340921009094-b956459b50ee95d7b3ccea4d64457fe8"><ce:given-name>Donna</ce:given-name><ce:surname>La Hood</ce:surname><ce:cross-ref refid="aff0005"><ce:sup loc="post">e</ce:sup></ce:cross-ref><ce:cross-ref refid="aff0006"><ce:sup loc="post">f</ce:sup></ce:cross-ref></ce:author><ce:author id="au0011" author-id="S2352340921009094-e46b7ebd2b2b2d2ed5ee7bf0c5fba6f4" orcid="0000-0002-8398-9672"><ce:given-name>Aaron</ce:given-name><ce:surname>Gilmour</ce:surname><ce:cross-ref refid="aff0001"><ce:sup loc="post">a</ce:sup></ce:cross-ref><ce:cross-ref refid="aff0002"><ce:sup loc="post">b</ce:sup></ce:cross-ref></ce:author><ce:author id="au0012" author-id="S2352340921009094-768aaba8ebc1638b5ea63e3a0445df92"><ce:given-name>Shannon L.</ce:given-name><ce:surname>Donahoe</ce:surname><ce:cross-ref refid="aff0007"><ce:sup loc="post">g</ce:sup></ce:cross-ref></ce:author><ce:author id="au0013" author-id="S2352340921009094-dd0c09739b518c3c1b642c51339e0692" orcid="0000-0002-8168-4795"><ce:given-name>Mark</ce:given-name><ce:surname>Krockenberger</ce:surname><ce:cross-ref refid="aff0007"><ce:sup loc="post">g</ce:sup></ce:cross-ref></ce:author><ce:author id="au0014" author-id="S2352340921009094-333002953128431915d3f967289555b6" orcid="0000-0001-8865-425X"><ce:given-name>Krishna</ce:given-name><ce:surname>Tumuluri</ce:surname><ce:cross-ref refid="aff0003"><ce:sup loc="post">c</ce:sup></ce:cross-ref><ce:cross-ref refid="aff0008"><ce:sup loc="post">h</ce:sup></ce:cross-ref><ce:cross-ref refid="aff0009"><ce:sup loc="post">i</ce:sup></ce:cross-ref></ce:author><ce:author id="au0015" author-id="S2352340921009094-79d6718766d602c800ce39185bed4656" orcid="0000-0003-1295-4082"><ce:given-name>Melville J.</ce:given-name><ce:surname>da Cruz</ce:surname><ce:cross-ref refid="aff0010"><ce:sup loc="post">j</ce:sup></ce:cross-ref><ce:cross-ref refid="aff0011"><ce:sup loc="post">k</ce:sup></ce:cross-ref></ce:author><ce:author id="au0016" author-id="S2352340921009094-c775d4a72149557757c5d37355ab633d" orcid="0000-0002-6763-8119"><ce:given-name>John R.</ce:given-name><ce:surname>Grigg</ce:surname><ce:cross-ref refid="aff0003"><ce:sup loc="post">c</ce:sup></ce:cross-ref><ce:cross-ref refid="aff0011"><ce:sup loc="post">k</ce:sup></ce:cross-ref></ce:author><ce:author id="au0017" author-id="S2352340921009094-a5e1e94646026a22b54d34ee90f6e8a2"><ce:given-name>Peter</ce:given-name><ce:surname>McCluskey</ce:surname><ce:cross-ref refid="aff0003"><ce:sup loc="post">c</ce:sup></ce:cross-ref><ce:cross-ref refid="aff0011"><ce:sup loc="post">k</ce:sup></ce:cross-ref></ce:author><ce:author id="au0018" author-id="S2352340921009094-9d804a25efc540f8a0879c2431b177bf" orcid="0000-0003-1637-1079"><ce:given-name>Nigel H.</ce:given-name><ce:surname>Lovell</ce:surname><ce:cross-ref refid="aff0002"><ce:sup loc="post">b</ce:sup></ce:cross-ref></ce:author><ce:author id="au0019" author-id="S2352340921009094-d4be16938320a70a0d52b72d49e9e4e2" orcid="0000-0003-1053-6979"><ce:given-name>Michele C.</ce:given-name><ce:surname>Madigan</ce:surname><ce:cross-ref refid="aff0003"><ce:sup loc="post">c</ce:sup></ce:cross-ref><ce:cross-ref refid="aff0006"><ce:sup loc="post">f</ce:sup></ce:cross-ref></ce:author><ce:author id="au0020" author-id="S2352340921009094-7ccde3c24e1ba01be90a3006934da913" orcid="0000-0002-1117-3893"><ce:given-name>Adrian T.</ce:given-name><ce:surname>Fung</ce:surname><ce:cross-ref refid="aff0003"><ce:sup loc="post">c</ce:sup></ce:cross-ref><ce:cross-ref refid="aff0008"><ce:sup loc="post">h</ce:sup></ce:cross-ref><ce:cross-ref refid="aff0009"><ce:sup loc="post">i</ce:sup></ce:cross-ref></ce:author><ce:author id="au0021" author-id="S2352340921009094-34256e7b2881aa7f621482f89fc002d9"><ce:given-name>Gregg J.</ce:given-name><ce:surname>Suaning</ce:surname><ce:cross-ref refid="aff0001"><ce:sup loc="post">a</ce:sup></ce:cross-ref><ce:cross-ref refid="aff0002"><ce:sup loc="post">b</ce:sup></ce:cross-ref><ce:cross-ref refid="cor0001"><ce:sup loc="post">&#x204e;</ce:sup></ce:cross-ref><ce:e-address id="ead0002" type="email" xlink:href="mailto:gregg.suaning@sydney.edu.au">gregg.suaning@sydney.edu.au</ce:e-address></ce:author><ce:affiliation id="aff0001" affiliation-id="S2352340921009094-ca8b4e666e8dc5508e081ce2ea4f11b3"><ce:label>a</ce:label><ce:textfn id="cetextfn0001">School of Biomedical Engineering, Faculty of Engineering, University of Sydney, Sydney, Australia</ce:textfn><sa:affiliation><sa:organization>School of Biomedical Engineering</sa:organization><sa:organization>Faculty of Engineering</sa:organization><sa:organization>University of Sydney</sa:organization><sa:city>Sydney</sa:city><sa:country>Australia</sa:country></sa:affiliation><ce:source-text id="staff0001">aSchool of Biomedical Engineering, Faculty of Engineering, University of Sydney, Sydney, Australia</ce:source-text></ce:affiliation><ce:affiliation id="aff0002" affiliation-id="S2352340921009094-c30862d0b1d918539cedaacc51aca193"><ce:label>b</ce:label><ce:textfn id="cetextfn0002">Graduate School of Biomedical Engineering, University of New South Wales (UNSW), Sydney, Australia</ce:textfn><sa:affiliation><sa:organization>Graduate School of Biomedical Engineering</sa:organization><sa:organization>University of New South Wales (UNSW)</sa:organization><sa:city>Sydney</sa:city><sa:country>Australia</sa:country></sa:affiliation><ce:source-text id="staff0002">bGraduate School of Biomedical Engineering, University of New South Wales (UNSW), Sydney, Australia</ce:source-text></ce:affiliation><ce:affiliation id="aff0003" affiliation-id="S2352340921009094-f09a6c64b24d3dfc8f26acd35d6c9d39"><ce:label>c</ce:label><ce:textfn id="cetextfn0003">Save Sight Institute, The University of Sydney, Specialty of Clinical Ophthalmology and Eye Health, Faculty of Medicine and Health</ce:textfn><sa:affiliation><sa:organization>Save Sight Institute</sa:organization><sa:organization>The University of Sydney</sa:organization><sa:organization>Discipline of Clinical Ophthalmology and Eye Health</sa:organization><sa:organization>Faculty of Medicine and Health</sa:organization></sa:affiliation><ce:source-text id="staff0003">cSave Sight Institute, The University of Sydney, Discipline of Clinical Ophthalmology and Eye Health, Faculty of Medicine and Health</ce:source-text></ce:affiliation><ce:affiliation id="aff0004" affiliation-id="S2352340921009094-608d5e612e5f07592b25fcf1b2e6212b"><ce:label>d</ce:label><ce:textfn id="cetextfn0004">The Westmead Institute for medical research, Westmead, Australia</ce:textfn><sa:affiliation><sa:organization>The Westmead Institute for medical research</sa:organization><sa:city>Westmead</sa:city><sa:country>Australia</sa:country></sa:affiliation><ce:source-text id="staff0004">dThe Westmead Institute for medical research, Westmead, Australia</ce:source-text></ce:affiliation><ce:affiliation id="aff0005" affiliation-id="S2352340921009094-59be7f8e3c851a728e862fc6b8c462d2"><ce:label>e</ce:label><ce:textfn id="cetextfn0005">Brien Holden Vision Institute, Sydney, Australia</ce:textfn><sa:affiliation><sa:organization>Brien Holden Vision Institute</sa:organization><sa:city>Sydney</sa:city><sa:country>Australia</sa:country></sa:affiliation><ce:source-text id="staff0005">eBrien Holden Vision Institute, Sydney, Australia</ce:source-text></ce:affiliation><ce:affiliation id="aff0006" affiliation-id="S2352340921009094-382beda1777a3011757c8102d01759f7"><ce:label>f</ce:label><ce:textfn id="cetextfn0006">School of Optometry and Vision Science, University of New South Wales (UNSW), Sydney, Australia</ce:textfn><sa:affiliation><sa:organization>School of Optometry and Vision Science</sa:organization><sa:organization>University of New South Wales (UNSW)</sa:organization><sa:city>Sydney</sa:city><sa:country>Australia</sa:country></sa:affiliation><ce:source-text id="staff0006">fSchool of Optometry and Vision Science, University of New South Wales (UNSW), Sydney, Australia</ce:source-text></ce:affiliation><ce:affiliation id="aff0007" affiliation-id="S2352340921009094-461fcedaebdad18941cf2daf03059dca"><ce:label>g</ce:label><ce:textfn id="cetextfn0007">Veterinary Pathology Diagnostic Services, Sydney School of Veterinary Science, University of Sydney, Sydney, Australia</ce:textfn><sa:affiliation><sa:organization>Veterinary Pathology Diagnostic Services</sa:organization><sa:organization>Sydney School of Veterinary Science</sa:organization><sa:organization>University of Sydney</sa:organization><sa:city>Sydney</sa:city><sa:country>Australia</sa:country></sa:affiliation><ce:source-text id="staff0007">gVeterinary Pathology Diagnostic Services, Sydney School of Veterinary Science, University of Sydney, Sydney, Australia</ce:source-text></ce:affiliation><ce:affiliation id="aff0008" affiliation-id="S2352340921009094-ea7207163b8948901c4b4fa21c8598c5"><ce:label>h</ce:label><ce:textfn id="cetextfn0008">Westmead Clinical School, Specialty of Clinical Ophthalmology and Eye Health, Faculty of Medicine and Health, University of Sydney, Sydney, Australia</ce:textfn><sa:affiliation><sa:organization>Westmead Clinical School</sa:organization><sa:organization>Discipline of Clinical Ophthalmology and Eye Health</sa:organization><sa:organization>Faculty of Medicine and Health</sa:organization><sa:organization>University of Sydney</sa:organization><sa:city>Sydney</sa:city><sa:country>Australia</sa:country></sa:affiliation><ce:source-text id="staff0008">hWestmead Clinical School, Discipline of Clinical Ophthalmology and Eye Health, Faculty of Medicine and Health, University of Sydney, Sydney, Australia</ce:source-text></ce:affiliation><ce:affiliation id="aff0009" affiliation-id="S2352340921009094-d3caf55e40c013135ace812feffe6e60"><ce:label>i</ce:label><ce:textfn id="cetextfn0009">Department of Ophthalmology, Faculty of Medicine and Health Sciences, Macquarie University, Sydney, Australia</ce:textfn><sa:affiliation><sa:organization>Macquarie University</sa:organization><sa:state>New South Wales</sa:state><sa:country>Australia</sa:country></sa:affiliation><ce:source-text id="staff0009">iMacquarie University, New South Wales, Australia</ce:source-text></ce:affiliation><ce:affiliation id="aff0010" affiliation-id="S2352340921009094-aacdfc0f04fed50a0ac6b2800d4a01e4"><ce:label>j</ce:label><ce:textfn id="cetextfn0010">Department of Otolaryngology, Westmead Hospital, University of Sydney, Sydney, Australia</ce:textfn><sa:affiliation><sa:organization>Department of Otolaryngology</sa:organization><sa:organization>Westmead Hospital</sa:organization><sa:organization>University of Sydney</sa:organization><sa:city>Sydney</sa:city><sa:country>Australia</sa:country></sa:affiliation><ce:source-text id="staff0010">jDepartment of Otolaryngology, Westmead Hospital, University of Sydney, Sydney, Australia</ce:source-text></ce:affiliation><ce:affiliation id="aff0011" affiliation-id="S2352340921009094-89c8ac4dbc0a63bfc5515e68d87ad05b"><ce:label>k</ce:label><ce:textfn id="cetextfn0011">Faculty of Medicine and Health, University of Sydney, Sydney, Australia</ce:textfn><sa:affiliation><sa:organization>Faculty of Medicine and Health</sa:organization><sa:organization>University of Sydney</sa:organization><sa:city>Sydney</sa:city><sa:country>Australia</sa:country></sa:affiliation><ce:source-text id="staff0011">kFaculty of Medicine and Health, University of Sydney, Sydney, Australia</ce:source-text></ce:affiliation><ce:correspondence id="cor0001"><ce:label>&#x204e;</ce:label><ce:text id="cetext0001">Corresponding authors.</ce:text></ce:correspondence></ce:author-group><ce:date-received day="25" month="10" year="2021"/><ce:date-revised day="11" month="11" year="2021"/><ce:date-accepted day="22" month="11" year="2021"/><ce:abstract id="abs0001" view="all" class="author"><ce:section-title id="cesectitle0001">Abstract</ce:section-title><ce:abstract-sec id="abss0001" view="all"><ce:simple-para id="spara007" view="all">The data presented here are related and supplementary data to the research article &#x201c;Implantation and long-term assessment of the stability and biocompatibility of a novel 98 channel suprachoroidal visual prosthesis in sheep&#x201d; [1]. In Eggenberger et&#160;al., nine sheep of the Suffolk (N=2) and Dorper (N=7) breeds were implanted in the left eye with an electrically inactive, suprachoroidal retinal stimulator (Bionic Eye) for durations of up to 100 days. The surgical safety, implant stability and device biocompatibility were assessed. Intraocular pressure measurements, indirect and infrared ophthalmoscopy and optical coherence tomography were performed at fixed time points to evaluate the clinical effects of the surgery and device implantation. Post-mortem eye tissue collection and histology was performed to measure the effects of the intervention at the cellular level. The data, including a comprehensive collection of fundus, infrared, optical coherence tomography and histology images can be used as a reference for comparison with other research, for example, active retinal stimulators. Furthermore, these data can be used to evaluate the suitability of the sheep model, in particular Dorper sheep, for future research.</ce:simple-para></ce:abstract-sec></ce:abstract><ce:keywords id="keys0001" view="all" class="keyword"><ce:section-title id="cesectitle0002">Keywords</ce:section-title><ce:keyword id="key0001"><ce:text id="cetext0002">Visual prosthesis</ce:text></ce:keyword><ce:keyword id="key0002"><ce:text id="cetext0003">Intraocular pressure</ce:text></ce:keyword><ce:keyword id="key0003"><ce:text id="cetext0004">Opthalmoscopy</ce:text></ce:keyword><ce:keyword id="key0004"><ce:text id="cetext0005">Biocompatibility</ce:text></ce:keyword><ce:keyword id="key0005"><ce:text id="cetext0006">Histopathology</ce:text></ce:keyword><ce:keyword id="key0006"><ce:text id="cetext0007">Retina</ce:text></ce:keyword></ce:keywords></ja:head></ja:article></doc:document>
