<doc:document xmlns:doc="http://www.elsevier.com/xml/document/schema" xmlns:dp="http://www.elsevier.com/xml/common/doc-properties/schema" xmlns:cps="http://www.elsevier.com/xml/common/consyn-properties/schema" xmlns:rdf="http://www.w3.org/1999/02/22-rdf-syntax-ns#" xmlns:dct="http://purl.org/dc/terms/" xmlns:prism="http://prismstandard.org/namespaces/basic/2.0/" xmlns:oa="http://vtw.elsevier.com/data/ns/properties/OpenAccess-1/" xmlns:bam="http://vtw.elsevier.com/data/voc/ns/bam-vtw-1/" xmlns:cp="http://vtw.elsevier.com/data/ns/properties/Copyright-1/" xmlns:cja="http://www.elsevier.com/xml/cja/schema" xmlns:ja="http://www.elsevier.com/xml/ja/schema" xmlns:bk="http://www.elsevier.com/xml/bk/schema" xmlns:ce="http://www.elsevier.com/xml/common/schema" xmlns:mml="http://www.w3.org/1998/Math/MathML" xmlns:cals="http://www.elsevier.com/xml/common/cals/schema" xmlns:tb="http://www.elsevier.com/xml/common/table/schema" xmlns:sa="http://www.elsevier.com/xml/common/struct-aff/schema" xmlns:sb="http://www.elsevier.com/xml/common/struct-bib/schema" xmlns:xlink="http://www.w3.org/1999/xlink"><rdf:RDF><rdf:Description rdf:about="http://dx.doi.org/10.1016/j.dib.2021.107466"><dct:format>application/xml</dct:format><dct:title>Fitting of 2D WAXD data: Mesophases in polymer fibers</dct:title><dct:creator>Edith Perret</dct:creator><dct:creator>Rudolf Hufenus</dct:creator><dct:subject><rdf:Bag><rdf:li>X-ray diffraction</rdf:li><rdf:li>Mesophases</rdf:li><rdf:li>WAXD fitting algorithms</rdf:li></rdf:Bag></dct:subject><dct:description>Data in Brief 39 (2021). doi:10.1016/j.dib.2021.107466</dct:description><prism:aggregationType>journal</prism:aggregationType><prism:publicationName>Data in Brief</prism:publicationName><prism:copyright>&#169; 2021 The Authors. Published by Elsevier Inc.</prism:copyright><dct:publisher>Elsevier Inc.</dct:publisher><prism:issn>2352-3409</prism:issn><prism:volume>39</prism:volume><prism:coverDisplayDate>December 2021</prism:coverDisplayDate><prism:doi>10.1016/j.dib.2021.107466</prism:doi><prism:url>http://dx.doi.org/10.1016/j.dib.2021.107466</prism:url><dct:identifier>doi:10.1016/j.dib.2021.107466</dct:identifier><bam:articleNumber>107466</bam:articleNumber><oa:openAccessInformation><oa:openAccessStatus xmlns:xsi="http://www.w3.org/2001/XMLSchema-instance">http://vtw.elsevier.com/data/voc/oa/OpenAccessStatus#Full</oa:openAccessStatus><oa:openAccessEffective xmlns:xsi="http://www.w3.org/2001/XMLSchema-instance">2021-10-06T19:49:58Z</oa:openAccessEffective><oa:sponsor xmlns:xsi="http://www.w3.org/2001/XMLSchema-instance"><oa:sponsorName>Swiss institutions 2021</oa:sponsorName><oa:sponsorType>http://vtw.elsevier.com/data/voc/oa/SponsorType#FundingBody</oa:sponsorType></oa:sponsor><oa:userLicense xmlns:xsi="http://www.w3.org/2001/XMLSchema-instance">http://creativecommons.org/licenses/by/4.0/</oa:userLicense></oa:openAccessInformation><cp:licenseLine xmlns:xsi="http://www.w3.org/2001/XMLSchema-instance">This is an open access article under the CC BY license.</cp:licenseLine></rdf:Description></rdf:RDF><dp:document-properties><dp:aggregation-type>Journals</dp:aggregation-type><dp:version-number>S300.1</dp:version-number></dp:document-properties><ja:article docsubtype="dat" version="5.6" xml:lang="en"><ja:item-info><ja:jid>DIB</ja:jid><ja:aid>107466</ja:aid><ce:article-number>107466</ce:article-number><ce:pii>S2352-3409(21)00748-4</ce:pii><ce:doi>10.1016/j.dib.2021.107466</ce:doi><ce:document-thread><ce:refers-to-document id="ref0001"><ce:pii>S0032-3861(21)00633-9</ce:pii><ce:doi>10.1016/j.polymer.2021.124010</ce:doi></ce:refers-to-document></ce:document-thread><ce:copyright type="unknown" year="2021"/></ja:item-info><ja:head><ce:dochead id="dchd0001"><ce:textfn id="dhtxt0001">Data Article</ce:textfn></ce:dochead><ce:title id="tte0002">Fitting of 2D WAXD data: Mesophases in polymer fibers</ce:title><ce:author-group id="aut0001"><ce:author id="au0001" author-id="S2352340921007484-57d2cdc41f6b21e7d7f4e5026061bde7" orcid="0000-0001-7543-5875"><ce:given-name>Edith</ce:given-name><ce:surname>Perret</ce:surname><ce:contributor-role role="http://credit.niso.org/contributor-roles/software">Software</ce:contributor-role><ce:contributor-role role="http://credit.niso.org/contributor-roles/formal-analysis">Formal analysis</ce:contributor-role><ce:contributor-role role="http://credit.niso.org/contributor-roles/investigation">Investigation</ce:contributor-role><ce:contributor-role role="http://credit.niso.org/contributor-roles/data-curation">Data curation</ce:contributor-role><ce:contributor-role role="http://credit.niso.org/contributor-roles/writing-original-draft">Writing &#x2013; original draft</ce:contributor-role><ce:contributor-role role="http://credit.niso.org/contributor-roles/visualization">Visualization</ce:contributor-role><ce:cross-ref refid="aff0001"><ce:sup loc="post">a</ce:sup></ce:cross-ref><ce:cross-ref refid="aff0002"><ce:sup loc="post">b</ce:sup></ce:cross-ref><ce:cross-ref refid="cor0001"><ce:sup loc="post">&#x204e;</ce:sup></ce:cross-ref><ce:e-address id="ead0001" type="email" xlink:href="mailto:edith.perret@empa.ch">edith.perret@empa.ch</ce:e-address></ce:author><ce:author id="au0002" author-id="S2352340921007484-62f302fab09764416506e7f6bfd1d6f5" orcid="0000-0002-8245-6620"><ce:given-name>Rudolf</ce:given-name><ce:surname>Hufenus</ce:surname><ce:contributor-role role="http://credit.niso.org/contributor-roles/supervision">Supervision</ce:contributor-role><ce:contributor-role role="http://credit.niso.org/contributor-roles/project-administration">Project administration</ce:contributor-role><ce:contributor-role role="http://credit.niso.org/contributor-roles/writing-review-editing">Writing &#x2013; review &amp; editing</ce:contributor-role><ce:cross-ref refid="aff0001"><ce:sup loc="post">a</ce:sup></ce:cross-ref></ce:author><ce:affiliation id="aff0001" affiliation-id="S2352340921007484-cb2e21745f7b41034e27cb59785a9e4f"><ce:label>a</ce:label><ce:textfn id="cetextfn0001">Laboratory for Advanced Fibers, Empa, Swiss Federal Laboratories for Materials Science and Technology, Lerchenfeldstrasse 5, St. Gallen 9014, Switzerland</ce:textfn><sa:affiliation><sa:organization>Laboratory for Advanced Fibers</sa:organization><sa:organization>Empa</sa:organization><sa:organization>Swiss Federal Laboratories for Materials Science and Technology</sa:organization><sa:address-line>Lerchenfeldstrasse 5</sa:address-line><sa:city>St. Gallen</sa:city><sa:postal-code>9014</sa:postal-code><sa:country>Switzerland</sa:country></sa:affiliation><ce:source-text id="staff0001">aLaboratory for Advanced Fibers, Empa, Swiss Federal Laboratories for Materials Science and Technology, Lerchenfeldstrasse 5, St. Gallen 9014, Switzerland</ce:source-text></ce:affiliation><ce:affiliation id="aff0002" affiliation-id="S2352340921007484-77965f75618d8143fafc6a2a6b1f8edb"><ce:label>b</ce:label><ce:textfn id="cetextfn0002">Center for X-ray Analytics, Empa, Swiss Federal Laboratories for Materials Science and Technology, &#220;berlandstrasse 129, D&#252;bendorf 8600, Switzerland</ce:textfn><sa:affiliation><sa:organization>Center for X-ray Analytics</sa:organization><sa:organization>Empa</sa:organization><sa:organization>Swiss Federal Laboratories for Materials Science and Technology</sa:organization><sa:address-line>&#220;berlandstrasse 129</sa:address-line><sa:city>D&#252;bendorf</sa:city><sa:postal-code>8600</sa:postal-code><sa:country>Switzerland</sa:country></sa:affiliation><ce:source-text id="staff0002">bCenter for X-ray Analytics, Empa, Swiss Federal Laboratories for Materials Science and Technology, &#220;berlandstrasse 129, D&#252;bendorf 8600, Switzerland</ce:source-text></ce:affiliation><ce:correspondence id="cor0001"><ce:label>&#x204e;</ce:label><ce:text id="cetext0001">Corresponding author at: Laboratory for Advanced Fibers, Empa, Swiss Federal Laboratories for Materials Science and Technology, Lerchenfeldstrasse 5, St. Gallen 9014, Switzerland.</ce:text><sa:affiliation><sa:organization>Laboratory for Advanced Fibers</sa:organization><sa:organization>Empa</sa:organization><sa:organization>Swiss Federal Laboratories for Materials Science and Technology</sa:organization><sa:address-line>Lerchenfeldstrasse 5</sa:address-line><sa:city>St. Gallen</sa:city><sa:postal-code>9014</sa:postal-code><sa:country>Switzerland</sa:country></sa:affiliation></ce:correspondence></ce:author-group><ce:date-received day="22" month="7" year="2021"/><ce:date-revised day="8" month="9" year="2021"/><ce:date-accepted day="5" month="10" year="2021"/><ce:abstract id="abs0001" view="all" class="author"><ce:section-title id="cesectitle0001">Abstract</ce:section-title><ce:abstract-sec id="abss0001" view="all"><ce:simple-para id="spara015" view="all">This data article presents fitting results of wide-angle x-ray diffraction (WAXD) patterns of melt-spun polymer fibers from amorphous materials (polycarbonate (PC), cyclo-olefin polymer (COP), copolyamide (coPA), polyethylene terephthalate glycol (PETG)) and semi-crystalline materials (polyethylene terephthalate (PET), poly-3-hydroxybutyrate(P3HB)). The data was fit using the fitting algorithms, previously described in the publication by Perret and Hufenus &#x2018;Insights into strain-induced solid mesophases in melt-spun polymer fibers&#x2019; [1]. Fitting results of WAXD data and details about azimuthal, equatorial, meridional or off-axis profiles are presented in sections 1.1-1.2. SAXS patterns of fibers, melt-spun from amorphous materials, are shown in section 1.3. Fiber production parameters are given in section 2.1, and a description of the WAXD measurements and fitting details, e.g., the chosen fitting parameters, are given in section 2.2.</ce:simple-para></ce:abstract-sec></ce:abstract><ce:keywords id="keys0001" view="all" class="keyword"><ce:section-title id="cesectitle0002">Keywords</ce:section-title><ce:keyword id="key0001"><ce:text id="cetext0002">X-ray diffraction</ce:text></ce:keyword><ce:keyword id="key0002"><ce:text id="cetext0003">Mesophases</ce:text></ce:keyword><ce:keyword id="key0003"><ce:text id="cetext0004">WAXD fitting algorithms</ce:text></ce:keyword></ce:keywords></ja:head></ja:article></doc:document>
