<doc:document xmlns:doc="http://www.elsevier.com/xml/document/schema" xmlns:dp="http://www.elsevier.com/xml/common/doc-properties/schema" xmlns:cps="http://www.elsevier.com/xml/common/consyn-properties/schema" xmlns:rdf="http://www.w3.org/1999/02/22-rdf-syntax-ns#" xmlns:dct="http://purl.org/dc/terms/" xmlns:prism="http://prismstandard.org/namespaces/basic/2.0/" xmlns:oa="http://vtw.elsevier.com/data/ns/properties/OpenAccess-1/" xmlns:bam="http://vtw.elsevier.com/data/voc/ns/bam-vtw-1/" xmlns:cp="http://vtw.elsevier.com/data/ns/properties/Copyright-1/" xmlns:cja="http://www.elsevier.com/xml/cja/schema" xmlns:ja="http://www.elsevier.com/xml/ja/schema" xmlns:bk="http://www.elsevier.com/xml/bk/schema" xmlns:ce="http://www.elsevier.com/xml/common/schema" xmlns:mml="http://www.w3.org/1998/Math/MathML" xmlns:cals="http://www.elsevier.com/xml/common/cals/schema" xmlns:tb="http://www.elsevier.com/xml/common/table/schema" xmlns:sa="http://www.elsevier.com/xml/common/struct-aff/schema" xmlns:sb="http://www.elsevier.com/xml/common/struct-bib/schema" xmlns:xlink="http://www.w3.org/1999/xlink"><rdf:RDF><rdf:Description rdf:about="http://dx.doi.org/10.1016/j.dib.2021.107643"><dct:format>application/xml</dct:format><dct:title>Industrial machine tool component surface defect dataset</dct:title><dct:creator>Tobias Schlagenhauf</dct:creator><dct:creator>Magnus Landwehr</dct:creator><dct:subject><rdf:Bag><rdf:li>Condition monitoring</rdf:li><rdf:li>Deep learning</rdf:li><rdf:li>Machine learning</rdf:li><rdf:li>Object detection</rdf:li><rdf:li>Semantic segmentation</rdf:li><rdf:li>Instance segmentation</rdf:li><rdf:li>Classification</rdf:li><rdf:li>Dataset</rdf:li></rdf:Bag></dct:subject><dct:description>Data in Brief 39 (2021). doi:10.1016/j.dib.2021.107643</dct:description><prism:aggregationType>journal</prism:aggregationType><prism:publicationName>Data in Brief</prism:publicationName><prism:copyright>&#169; 2021 The Authors. Published by Elsevier Inc.</prism:copyright><dct:publisher>Elsevier Inc.</dct:publisher><prism:issn>2352-3409</prism:issn><prism:volume>39</prism:volume><prism:coverDisplayDate>December 2021</prism:coverDisplayDate><prism:doi>10.1016/j.dib.2021.107643</prism:doi><prism:url>http://dx.doi.org/10.1016/j.dib.2021.107643</prism:url><dct:identifier>doi:10.1016/j.dib.2021.107643</dct:identifier><bam:articleNumber>107643</bam:articleNumber><oa:openAccessInformation><oa:openAccessStatus xmlns:xsi="http://www.w3.org/2001/XMLSchema-instance">http://vtw.elsevier.com/data/voc/oa/OpenAccessStatus#Full</oa:openAccessStatus><oa:openAccessEffective xmlns:xsi="http://www.w3.org/2001/XMLSchema-instance">2021-11-25T01:41:40Z</oa:openAccessEffective><oa:sponsor xmlns:xsi="http://www.w3.org/2001/XMLSchema-instance"><oa:sponsorName>Germany: LE Tracking</oa:sponsorName><oa:sponsorType>http://vtw.elsevier.com/data/voc/oa/SponsorType#FundingBody</oa:sponsorType></oa:sponsor><oa:userLicense xmlns:xsi="http://www.w3.org/2001/XMLSchema-instance">http://creativecommons.org/licenses/by/4.0/</oa:userLicense></oa:openAccessInformation><cp:licenseLine xmlns:xsi="http://www.w3.org/2001/XMLSchema-instance">This is an open access article under the CC BY license.</cp:licenseLine></rdf:Description></rdf:RDF><dp:document-properties><dp:aggregation-type>Journals</dp:aggregation-type><dp:version-number>S300.1</dp:version-number></dp:document-properties><ja:article docsubtype="dat" version="5.6" xml:lang="en"><ja:item-info><ja:jid>DIB</ja:jid><ja:aid>107643</ja:aid><ce:article-number>107643</ce:article-number><ce:pii>S2352-3409(21)00918-5</ce:pii><ce:doi>10.1016/j.dib.2021.107643</ce:doi><ce:copyright type="unknown" year="2021"/></ja:item-info><ja:head><ce:dochead id="dchd0001"><ce:textfn id="dhtxt0001">Data Article</ce:textfn></ce:dochead><ce:title id="tte0002">Industrial machine tool component surface defect dataset</ce:title><ce:author-group id="aut0001"><ce:author id="au0001" author-id="S2352340921009185-cf37694487a41c6693ce8857ffc298be" orcid="0000-0002-9415-8997"><ce:given-name>Tobias</ce:given-name><ce:surname>Schlagenhauf</ce:surname><ce:contributor-role role="http://credit.niso.org/contributor-roles/conceptualization">Conceptualization</ce:contributor-role><ce:contributor-role role="http://credit.niso.org/contributor-roles/methodology">Methodology</ce:contributor-role><ce:contributor-role role="http://credit.niso.org/contributor-roles/data-curation">Data curation</ce:contributor-role><ce:contributor-role role="http://credit.niso.org/contributor-roles/software">Software</ce:contributor-role><ce:contributor-role role="http://credit.niso.org/contributor-roles/writing-original-draft">Writing &#x2013; original draft</ce:contributor-role><ce:cross-ref refid="cor0001"><ce:sup loc="post">&#x204e;</ce:sup></ce:cross-ref><ce:e-address id="ead0001" type="email" xlink:href="mailto:tobias.schlagenhauf@kit.edu">tobias.schlagenhauf@kit.edu</ce:e-address></ce:author><ce:author id="au0002" author-id="S2352340921009185-3a2fc3cc196fcc70b959c7196e2edf5f" orcid="0000-0002-7731-9111"><ce:given-name>Magnus</ce:given-name><ce:surname>Landwehr</ce:surname><ce:contributor-role role="http://credit.niso.org/contributor-roles/data-curation">Data curation</ce:contributor-role><ce:contributor-role role="http://credit.niso.org/contributor-roles/software">Software</ce:contributor-role><ce:contributor-role role="http://credit.niso.org/contributor-roles/writing-original-draft">Writing &#x2013; original draft</ce:contributor-role></ce:author><ce:affiliation id="aff0001" affiliation-id="S2352340921009185-622dabe49bc2751a5610f477f9627150"><ce:textfn id="cetextfn0001">Karlsruhe Institute of Technology, Germany</ce:textfn><sa:affiliation><sa:organization>Karlsruhe Institute of Technology</sa:organization><sa:country>Germany</sa:country></sa:affiliation><ce:source-text id="staff0001">Karlsruhe Institute of Technology, Germany</ce:source-text></ce:affiliation><ce:correspondence id="cor0001"><ce:label>&#x204e;</ce:label><ce:text id="cetext0001">Corresponding author.</ce:text></ce:correspondence></ce:author-group><ce:date-received day="20" month="5" year="2021"/><ce:date-revised day="19" month="11" year="2021"/><ce:date-accepted day="23" month="11" year="2021"/><ce:abstract id="abs0001" view="all" class="author"><ce:section-title id="cesectitle0001">Abstract</ce:section-title><ce:abstract-sec id="abss0001" view="all"><ce:simple-para id="spara012" view="all">Using machine learning (ML) techniques in general and deep learning techniques in specific needs a certain amount of data often not available in large quantities in technical domains. The manual inspection of machine tool components and the manual end-of-line check of products are labor- intensive tasks in industrial applications that companies often want to automate. To automate classification processes and develop reliable and robust machine learning-based classification and wear prognostics models, one needs real-world datasets to train and test the models. The presented dataset consists of images of defects on ball screw drive spindles showing the progression of the defects on the spindle surface. The dataset is analysed via an initial object detection model available under: <ce:inter-ref id="interref0001" xlink:href="https://github.com/2Obe?tab=repositories" xlink:type="simple">https://github.com/2Obe?tab=repositories</ce:inter-ref>. The reuse potential of the dataset lays in the development of failure detection and failure forecasting models for the purpose of condition monitoring and predictive maintenance. The dataset is available under <ce:inter-ref id="interref0002" xlink:role="http://www.elsevier.com/xml/linking-roles/research-data" xlink:href="https://doi.org/10.5445/IR/1000129520" xlink:type="simple">https://doi.org/10.5445/IR/1000129520</ce:inter-ref>.</ce:simple-para></ce:abstract-sec></ce:abstract><ce:keywords id="keys0001" view="all" class="keyword"><ce:section-title id="cesectitle0002">Keywords</ce:section-title><ce:keyword id="key0001"><ce:text id="cetext0002">Condition monitoring</ce:text></ce:keyword><ce:keyword id="key0002"><ce:text id="cetext0003">Deep learning</ce:text></ce:keyword><ce:keyword id="key0003"><ce:text id="cetext0004">Machine learning</ce:text></ce:keyword><ce:keyword id="key0004"><ce:text id="cetext0005">Object detection</ce:text></ce:keyword><ce:keyword id="key0005"><ce:text id="cetext0006">Semantic segmentation</ce:text></ce:keyword><ce:keyword id="key0006"><ce:text id="cetext0007">Instance segmentation</ce:text></ce:keyword><ce:keyword id="key0007"><ce:text id="cetext0008">Classification</ce:text></ce:keyword><ce:keyword id="key0008"><ce:text id="cetext0009">Dataset</ce:text></ce:keyword></ce:keywords></ja:head></ja:article></doc:document>
