<doc:document xmlns:doc="http://www.elsevier.com/xml/document/schema" xmlns:dp="http://www.elsevier.com/xml/common/doc-properties/schema" xmlns:cps="http://www.elsevier.com/xml/common/consyn-properties/schema" xmlns:rdf="http://www.w3.org/1999/02/22-rdf-syntax-ns#" xmlns:dct="http://purl.org/dc/terms/" xmlns:prism="http://prismstandard.org/namespaces/basic/2.0/" xmlns:oa="http://vtw.elsevier.com/data/ns/properties/OpenAccess-1/" xmlns:bam="http://vtw.elsevier.com/data/voc/ns/bam-vtw-1/" xmlns:cp="http://vtw.elsevier.com/data/ns/properties/Copyright-1/" xmlns:cja="http://www.elsevier.com/xml/cja/schema" xmlns:ja="http://www.elsevier.com/xml/ja/schema" xmlns:bk="http://www.elsevier.com/xml/bk/schema" xmlns:ce="http://www.elsevier.com/xml/common/schema" xmlns:mml="http://www.w3.org/1998/Math/MathML" xmlns:cals="http://www.elsevier.com/xml/common/cals/schema" xmlns:tb="http://www.elsevier.com/xml/common/table/schema" xmlns:sa="http://www.elsevier.com/xml/common/struct-aff/schema" xmlns:sb="http://www.elsevier.com/xml/common/struct-bib/schema" xmlns:xlink="http://www.w3.org/1999/xlink"><rdf:RDF><rdf:Description rdf:about="http://dx.doi.org/10.1016/j.dib.2021.107573"><dct:format>application/xml</dct:format><dct:title>Dataset of functional connectivity during cognitive control for an adult lifespan sample</dct:title><dct:creator>Jenny R. Rieck</dct:creator><dct:creator>Giulia Baracchini</dct:creator><dct:creator>Daniel Nichol</dct:creator><dct:creator>Herv&#233; Abdi</dct:creator><dct:creator>Cheryl L. Grady</dct:creator><dct:subject><rdf:Bag><rdf:li>fMRI</rdf:li><rdf:li>Normal aging</rdf:li><rdf:li>Functional connectivity</rdf:li><rdf:li>Cognitive control</rdf:li><rdf:li>Multivariate methods</rdf:li></rdf:Bag></dct:subject><dct:description>Data in Brief 39 (2021). doi:10.1016/j.dib.2021.107573</dct:description><prism:aggregationType>journal</prism:aggregationType><prism:publicationName>Data in Brief</prism:publicationName><prism:copyright>&#169; 2021 The Author(s). Published by Elsevier Inc.</prism:copyright><dct:publisher>Elsevier Inc.</dct:publisher><prism:issn>2352-3409</prism:issn><prism:volume>39</prism:volume><prism:coverDisplayDate>December 2021</prism:coverDisplayDate><prism:doi>10.1016/j.dib.2021.107573</prism:doi><prism:url>http://dx.doi.org/10.1016/j.dib.2021.107573</prism:url><dct:identifier>doi:10.1016/j.dib.2021.107573</dct:identifier><bam:articleNumber>107573</bam:articleNumber><oa:openAccessInformation><oa:openAccessStatus xmlns:xsi="http://www.w3.org/2001/XMLSchema-instance">http://vtw.elsevier.com/data/voc/oa/OpenAccessStatus#Full</oa:openAccessStatus><oa:openAccessEffective xmlns:xsi="http://www.w3.org/2001/XMLSchema-instance">2021-11-10T12:00:53Z</oa:openAccessEffective><oa:sponsor xmlns:xsi="http://www.w3.org/2001/XMLSchema-instance"><oa:sponsorType>http://vtw.elsevier.com/data/voc/oa/SponsorType#Author</oa:sponsorType></oa:sponsor><oa:userLicense xmlns:xsi="http://www.w3.org/2001/XMLSchema-instance">http://creativecommons.org/licenses/by/4.0/</oa:userLicense></oa:openAccessInformation><cp:licenseLine xmlns:xsi="http://www.w3.org/2001/XMLSchema-instance">This is an open access article under the CC BY license.</cp:licenseLine></rdf:Description></rdf:RDF><dp:document-properties><dp:aggregation-type>Journals</dp:aggregation-type><dp:version-number>S300.1</dp:version-number></dp:document-properties><ja:article docsubtype="dat" version="5.6" xml:lang="en"><ja:item-info><ja:jid>DIB</ja:jid><ja:aid>107573</ja:aid><ce:article-number>107573</ce:article-number><ce:pii>S2352-3409(21)00848-9</ce:pii><ce:doi>10.1016/j.dib.2021.107573</ce:doi><ce:document-thread><ce:refers-to-document id="doc0001"><ce:pii>S0197-4580(21)00195-0</ce:pii><ce:doi>10.1016/j.neurobiolaging.2021.03.019</ce:doi></ce:refers-to-document></ce:document-thread><ce:copyright type="other" year="2021">The Author(s)</ce:copyright></ja:item-info><ja:head><ce:dochead id="dchd0001"><ce:textfn id="dhtxt0001">Data Article</ce:textfn></ce:dochead><ce:title id="tte0002">Dataset of functional connectivity during cognitive control for an adult lifespan sample</ce:title><ce:author-group id="aut0001"><ce:author id="au0001" author-id="S2352340921008489-befbee658b89f2654a60695eb86c69de" orcid="0000-0002-3242-6407"><ce:given-name>Jenny R.</ce:given-name><ce:surname>Rieck</ce:surname><ce:cross-ref refid="aff0001"><ce:sup loc="post">a</ce:sup></ce:cross-ref></ce:author><ce:author id="au0002" author-id="S2352340921008489-15a17a784f7a4a7f1025c40a2b1d9d8f" orcid="0000-0001-9198-2780"><ce:given-name>Giulia</ce:given-name><ce:surname>Baracchini</ce:surname><ce:cross-ref refid="aff0002"><ce:sup loc="post">b</ce:sup></ce:cross-ref><ce:e-address id="ea3" type="social-media" xlink:href="https://twitter.com/giuliaabaracc">@giuliaabaracc</ce:e-address></ce:author><ce:author id="au0003" author-id="S2352340921008489-d493043aa6176f8de8d2be5c1969e6ba" orcid="0000-0003-1656-1630"><ce:given-name>Daniel</ce:given-name><ce:surname>Nichol</ce:surname><ce:cross-ref refid="aff0001"><ce:sup loc="post">a</ce:sup></ce:cross-ref></ce:author><ce:author id="au0004" author-id="S2352340921008489-132952a6e487167f6ba0638e9e4c4403"><ce:given-name>Herv&#233;</ce:given-name><ce:surname>Abdi</ce:surname><ce:cross-ref refid="aff0003"><ce:sup loc="post">c</ce:sup></ce:cross-ref></ce:author><ce:author id="au0005" author-id="S2352340921008489-60f1b6124d5f1ea3a5c07eae4921109f"><ce:given-name>Cheryl L.</ce:given-name><ce:surname>Grady</ce:surname><ce:cross-ref refid="aff0001"><ce:sup loc="post">a</ce:sup></ce:cross-ref><ce:cross-ref refid="aff0004"><ce:sup loc="post">d</ce:sup></ce:cross-ref><ce:cross-ref refid="cor0001"><ce:sup loc="post">&#x204e;</ce:sup></ce:cross-ref><ce:e-address id="ead0001" type="email" xlink:href="mailto:cgrady@research.baycrest.org">cgrady@research.baycrest.org</ce:e-address></ce:author><ce:affiliation id="aff0001" affiliation-id="S2352340921008489-0008db23f5b43eabfaef7ccfebb1ce28"><ce:label>a</ce:label><ce:textfn id="cetextfn0001">Rotman Research Institute at Baycrest, 3560 Bathurst Street, Toronto, ON M6A2E1, Canada</ce:textfn><sa:affiliation><sa:organization>Rotman Research Institute at Baycrest</sa:organization><sa:address-line>3560 Bathurst Street</sa:address-line><sa:city>Toronto</sa:city><sa:state>ON</sa:state><sa:postal-code>M6A2E1</sa:postal-code><sa:country>Canada</sa:country></sa:affiliation><ce:source-text id="staff0001">aRotman Research Institute at Baycrest, 3560 Bathurst Street, Toronto, ON M6A2E1, Canada</ce:source-text></ce:affiliation><ce:affiliation id="aff0002" affiliation-id="S2352340921008489-495d0df928e175fbc3917ec39c46e680"><ce:label>b</ce:label><ce:textfn id="cetextfn0002">Montreal Neurological Institute, McGill University, Montreal, QC, Canada</ce:textfn><sa:affiliation><sa:organization>Montreal Neurological Institute</sa:organization><sa:organization>McGill University</sa:organization><sa:city>Montreal</sa:city><sa:state>QC</sa:state><sa:country>Canada</sa:country></sa:affiliation><ce:source-text id="staff0002">bMontreal Neurological Institute, McGill University, Montreal, QC, Canada</ce:source-text></ce:affiliation><ce:affiliation id="aff0003" affiliation-id="S2352340921008489-37eb24f2baa4ac4eabf166814932657d"><ce:label>c</ce:label><ce:textfn id="cetextfn0003">The University of Texas at Dallas, Richardson, TX, USA</ce:textfn><sa:affiliation><sa:organization>The University of Texas at Dallas</sa:organization><sa:city>Richardson</sa:city><sa:state>TX</sa:state><sa:country>USA</sa:country></sa:affiliation><ce:source-text id="staff0003">cThe University of Texas at Dallas, Richardson, TX, USA</ce:source-text></ce:affiliation><ce:affiliation id="aff0004" affiliation-id="S2352340921008489-5f601bef35ad3b47c389314c61a381f7"><ce:label>d</ce:label><ce:textfn id="cetextfn0004">Departments of Psychiatry and Psychology, University of Toronto, Toronto, ON, Canada</ce:textfn><sa:affiliation><sa:organization>Departments of Psychiatry and Psychology</sa:organization><sa:organization>University of Toronto</sa:organization><sa:city>Toronto</sa:city><sa:state>ON</sa:state><sa:country>Canada</sa:country></sa:affiliation><ce:source-text id="staff0004">dDepartments of Psychiatry and Psychology, University of Toronto, Toronto, ON, Canada</ce:source-text></ce:affiliation><ce:correspondence id="cor0001"><ce:label>&#x204e;</ce:label><ce:text id="cetext0001">Corresponding author at: Rotman Research Institute at Baycrest, 3560 Bathurst Street, Toronto, ON M6A2E1, Canada.</ce:text><sa:affiliation><sa:organization>Rotman Research Institute at Baycrest</sa:organization><sa:address-line>3560 Bathurst Street</sa:address-line><sa:city>Toronto</sa:city><sa:state>ON</sa:state><sa:postal-code>M6A2E1</sa:postal-code><sa:country>Canada</sa:country></sa:affiliation></ce:correspondence></ce:author-group><ce:date-received day="1" month="10" year="2021"/><ce:date-revised day="8" month="11" year="2021"/><ce:date-accepted day="9" month="11" year="2021"/><ce:abstract id="abs0001" view="all" class="author"><ce:section-title id="cesectitle0001">Abstract</ce:section-title><ce:abstract-sec id="abss0001" view="all"><ce:simple-para id="spara013" view="all">We provide functional connectivity matrices generated during functional magnetic resonance imaging (<ce:italic>f</ce:italic>MRI) during different tasks of cognitive control in healthy aging adults. These data can be used to replicate the primary results from the related manuscript: <ce:italic>Reconfiguration and dedifferentiation of functional networks during cognitive control across the adult lifespan</ce:italic> (Rieck et&#160;al., 2021). One-hundred-forty-four participants (ages 20&#x2013;86) were scanned on a Siemens 3T MRI scanner while they were completing tasks to measure functional activity during inhibition, initiation, shifting, and working memory. Estimates of functional connectivity (quantified with timeseries correlations) between different brain regions were computed using three different brain atlases: Schaefer 100 parcel 17 network atlas (Schaefer et&#160;al., 2018; Yeo et&#160;al., 2011), Power 229 node 10 network atlas (Power et&#160;al., 2011), and Schaefer 200 parcel 17 network atlas (Schaefer et&#160;al., 2018; Yeo et&#160;al., 2011). The resulting functional connectivity correlation matrices are provided as text files with this article. Cov-STATIS (Abdi et&#160;al., 2012; a multi-table multivariate statistical technique; <ce:inter-ref id="interref0001" xlink:href="https://github.com/HerveAbdi/DistatisR" xlink:type="simple">https://github.com/HerveAbdi/DistatisR</ce:inter-ref>) was used to examine similarity between functional connectivity during the different domains of cognitive control. The effect of aging on these functional connectivity patterns was also examined by computing measures of &#x201c;task differentiation&#x201d; and &#x201c;network segregation.&#x201d; This dataset also provides supplemental analyses from the related manuscript (Rieck et&#160;al., 2021) to replicate the primary age findings with additional brain atlases. Cognitive neuroscience researchers can benefit from these data by further investigating the age effects on functional connectivity during tasks of cognitive control, in addition to examining the impact of different brain atlases on functional connectivity estimates. These data can also be used for the development of other multi-table and network-based statistical methods in functional neuroimaging.</ce:simple-para></ce:abstract-sec></ce:abstract><ce:keywords id="keys0001" view="all" class="keyword"><ce:section-title id="cesectitle0002">Keywords</ce:section-title><ce:keyword id="key0001"><ce:text id="cetext0002"><ce:italic>f</ce:italic>MRI</ce:text></ce:keyword><ce:keyword id="key0002"><ce:text id="cetext0003">Normal aging</ce:text></ce:keyword><ce:keyword id="key0003"><ce:text id="cetext0004">Functional connectivity</ce:text></ce:keyword><ce:keyword id="key0004"><ce:text id="cetext0005">Cognitive control</ce:text></ce:keyword><ce:keyword id="key0005"><ce:text id="cetext0006">Multivariate methods</ce:text></ce:keyword></ce:keywords></ja:head></ja:article></doc:document>
