<doc:document xmlns:doc="http://www.elsevier.com/xml/document/schema" xmlns:dp="http://www.elsevier.com/xml/common/doc-properties/schema" xmlns:cps="http://www.elsevier.com/xml/common/consyn-properties/schema" xmlns:rdf="http://www.w3.org/1999/02/22-rdf-syntax-ns#" xmlns:dct="http://purl.org/dc/terms/" xmlns:prism="http://prismstandard.org/namespaces/basic/2.0/" xmlns:oa="http://vtw.elsevier.com/data/ns/properties/OpenAccess-1/" xmlns:bam="http://vtw.elsevier.com/data/voc/ns/bam-vtw-1/" xmlns:cp="http://vtw.elsevier.com/data/ns/properties/Copyright-1/" xmlns:cja="http://www.elsevier.com/xml/cja/schema" xmlns:ja="http://www.elsevier.com/xml/ja/schema" xmlns:bk="http://www.elsevier.com/xml/bk/schema" xmlns:ce="http://www.elsevier.com/xml/common/schema" xmlns:mml="http://www.w3.org/1998/Math/MathML" xmlns:cals="http://www.elsevier.com/xml/common/cals/schema" xmlns:tb="http://www.elsevier.com/xml/common/table/schema" xmlns:sa="http://www.elsevier.com/xml/common/struct-aff/schema" xmlns:sb="http://www.elsevier.com/xml/common/struct-bib/schema" xmlns:xlink="http://www.w3.org/1999/xlink"><rdf:RDF><rdf:Description rdf:about="http://dx.doi.org/10.1016/j.dib.2022.107805"><dct:format>application/xml</dct:format><dct:title>Targeted proteomic analysis dataset of archival core human kidney biopsies to investigate the biology of hypertensive nephropathy</dct:title><dct:creator>Georgios Barkas</dct:creator><dct:creator>Manousos Makridakis</dct:creator><dct:creator>Hariklia Gakiopoulou</dct:creator><dct:creator>Demetrios Vlahakos</dct:creator><dct:subject><rdf:Bag><rdf:li>Parallel Reaction Monitoring (PRM)</rdf:li><rdf:li>Proteomics</rdf:li><rdf:li>Immunofluorescence</rdf:li><rdf:li>Hypertensive nephropathy</rdf:li><rdf:li>Human Kidney Biopsies</rdf:li><rdf:li>SGLT2</rdf:li><rdf:li>CLIC4</rdf:li><rdf:li>Proximal tubules</rdf:li></rdf:Bag></dct:subject><dct:description>Data in Brief 40 (2022). doi:10.1016/j.dib.2022.107805</dct:description><prism:aggregationType>journal</prism:aggregationType><prism:publicationName>Data in Brief</prism:publicationName><prism:copyright>&#169; 2022 The Authors. Published by Elsevier Inc.</prism:copyright><dct:publisher>Elsevier Inc.</dct:publisher><prism:issn>2352-3409</prism:issn><prism:volume>40</prism:volume><prism:coverDisplayDate>February 2022</prism:coverDisplayDate><prism:doi>10.1016/j.dib.2022.107805</prism:doi><prism:url>http://dx.doi.org/10.1016/j.dib.2022.107805</prism:url><dct:identifier>doi:10.1016/j.dib.2022.107805</dct:identifier><bam:articleNumber>107805</bam:articleNumber><oa:openAccessInformation><oa:openAccessStatus xmlns:xsi="http://www.w3.org/2001/XMLSchema-instance">http://vtw.elsevier.com/data/voc/oa/OpenAccessStatus#Full</oa:openAccessStatus><oa:openAccessEffective xmlns:xsi="http://www.w3.org/2001/XMLSchema-instance">2022-01-05T19:07:20Z</oa:openAccessEffective><oa:sponsor xmlns:xsi="http://www.w3.org/2001/XMLSchema-instance"><oa:sponsorType>http://vtw.elsevier.com/data/voc/oa/SponsorType#ElsevierWaived</oa:sponsorType></oa:sponsor><oa:userLicense xmlns:xsi="http://www.w3.org/2001/XMLSchema-instance">http://creativecommons.org/licenses/by/4.0/</oa:userLicense></oa:openAccessInformation><cp:licenseLine xmlns:xsi="http://www.w3.org/2001/XMLSchema-instance">This is an open access article under the CC BY license.</cp:licenseLine></rdf:Description></rdf:RDF><dp:document-properties><dp:aggregation-type>Journals</dp:aggregation-type><dp:version-number>S300.1</dp:version-number></dp:document-properties><ja:article docsubtype="dat" version="5.6" xml:lang="en"><ja:item-info><ja:jid>DIB</ja:jid><ja:aid>107805</ja:aid><ce:article-number>107805</ce:article-number><ce:pii>S2352-3409(22)00017-8</ce:pii><ce:doi>10.1016/j.dib.2022.107805</ce:doi><ce:copyright type="other" year="2022">The Authors</ce:copyright></ja:item-info><ja:head><ce:article-footnote><ce:label>&#x2730;</ce:label><ce:note-para id="afn001" view="all">Given his role as Editorial Board Member of this journal, Manousos Makridakis had no involvement in the peer-review of this article and has no access to information regarding its peer-review.</ce:note-para></ce:article-footnote><ce:dochead id="dchd0001"><ce:textfn id="dhtxt0001">Data Article</ce:textfn></ce:dochead><ce:title id="tte0002">Targeted proteomic analysis dataset of archival core human kidney biopsies to investigate the biology of hypertensive nephropathy</ce:title><ce:author-group id="aut0001"><ce:author id="au0001" author-id="S2352340922000178-ddb401f3d23bc55efde238f497ec8e07"><ce:given-name>Georgios</ce:given-name><ce:surname>Barkas</ce:surname><ce:contributor-role role="http://credit.niso.org/contributor-roles/conceptualization">Conceptualization</ce:contributor-role><ce:contributor-role role="http://credit.niso.org/contributor-roles/investigation">Investigation</ce:contributor-role><ce:contributor-role role="http://credit.niso.org/contributor-roles/validation">Validation</ce:contributor-role><ce:contributor-role role="http://credit.niso.org/contributor-roles/writing-original-draft">Writing &#x2013; original draft</ce:contributor-role><ce:cross-ref refid="aff0001"><ce:sup loc="post">a</ce:sup></ce:cross-ref></ce:author><ce:author id="au0002" author-id="S2352340922000178-0c8a29b4857a1a5273eff055105cf773" orcid="0000-0002-0063-3559"><ce:given-name>Manousos</ce:given-name><ce:surname>Makridakis</ce:surname><ce:contributor-role role="http://credit.niso.org/contributor-roles/conceptualization">Conceptualization</ce:contributor-role><ce:contributor-role role="http://credit.niso.org/contributor-roles/investigation">Investigation</ce:contributor-role><ce:contributor-role role="http://credit.niso.org/contributor-roles/data-curation">Data curation</ce:contributor-role><ce:contributor-role role="http://credit.niso.org/contributor-roles/methodology">Methodology</ce:contributor-role><ce:contributor-role role="http://credit.niso.org/contributor-roles/writing-original-draft">Writing &#x2013; original draft</ce:contributor-role><ce:cross-ref refid="aff0001"><ce:sup loc="post">a</ce:sup></ce:cross-ref><ce:cross-ref refid="cor0001"><ce:sup loc="post">&#x204e;</ce:sup></ce:cross-ref><ce:e-address id="ead0001" type="email" xlink:href="mailto:mmakrid@bioacademy.gr">mmakrid@bioacademy.gr</ce:e-address></ce:author><ce:author id="au0003" author-id="S2352340922000178-a758cf5a212f21dad183bcb88e50efa7"><ce:given-name>Hariklia</ce:given-name><ce:surname>Gakiopoulou</ce:surname><ce:contributor-role role="http://credit.niso.org/contributor-roles/supervision">Supervision</ce:contributor-role><ce:contributor-role role="http://credit.niso.org/contributor-roles/writing-review-editing">Writing &#x2013; review &amp; editing</ce:contributor-role><ce:cross-ref refid="aff0002"><ce:sup loc="post">b</ce:sup></ce:cross-ref></ce:author><ce:author id="au0004" author-id="S2352340922000178-e3a9b16200ac115e6a65ee06f87a4fbe"><ce:given-name>Demetrios</ce:given-name><ce:surname>Vlahakos</ce:surname><ce:contributor-role role="http://credit.niso.org/contributor-roles/supervision">Supervision</ce:contributor-role><ce:contributor-role role="http://credit.niso.org/contributor-roles/writing-review-editing">Writing &#x2013; review &amp; editing</ce:contributor-role><ce:cross-ref refid="aff0002"><ce:sup loc="post">b</ce:sup></ce:cross-ref></ce:author><ce:affiliation id="aff0001" affiliation-id="S2352340922000178-98692658aa49497dfc2720297bd7ac7d"><ce:label>a</ce:label><ce:textfn id="cetextfn0001">Biomedical Research Foundation of the Academy of Athens, Greece</ce:textfn><sa:affiliation><sa:organization>Biomedical Research Foundation of the Academy of Athens</sa:organization><sa:country>Greece</sa:country></sa:affiliation><ce:source-text id="staff0001">aBiomedical Research Foundation of the Academy of Athens, Greece</ce:source-text></ce:affiliation><ce:affiliation id="aff0002" affiliation-id="S2352340922000178-160f7ef3052d8aa477993d15ed860524"><ce:label>b</ce:label><ce:textfn id="cetextfn0002">National and Kapodistrian University of Athens Medical School, Athens, Greece</ce:textfn><sa:affiliation><sa:organization>National and Kapodistrian University of Athens Medical School</sa:organization><sa:city>Athens</sa:city><sa:country>Greece</sa:country></sa:affiliation><ce:source-text id="staff0002">bNational and Kapodistrian University of Athens Medical School, Athens, Greece</ce:source-text></ce:affiliation><ce:correspondence id="cor0001"><ce:label>&#x204e;</ce:label><ce:text id="cetext0001">Corresponding author.</ce:text></ce:correspondence></ce:author-group><ce:date-received day="11" month="11" year="2021"/><ce:date-revised day="13" month="12" year="2021"/><ce:date-accepted day="3" month="1" year="2022"/><ce:abstract id="abs0001" view="all" class="author"><ce:section-title id="cesectitle0001">Abstract</ce:section-title><ce:abstract-sec id="abss0001" view="all"><ce:simple-para id="spara006" view="all">Hypertensive nephropathy is the second most frequent cause of end-stage renal disease in western societies. In previous experiments in our laboratory with proteomic analysis of renal parenchyma of SHR hypertensive animals, we identified two molecules, namely SGLT2 and CLIC4, associated with the development of hypertension. Here, we apply the methodology of targeted proteomic analysis in kidney biopsies from patients with hypertensive nephropathy to study the role of SGLT2 and CLIC4 in the pathogenesis of the disease. Relative quantification data of SGLT2 and CLIC4 via means of targeted proteomic analysis in human kidney biopsies from hypertensive patients and normotensive controls are reported. In addition, validation data of the proteomic results via immunofluorescence are presented. Renal tissue biopsies (<ce:italic>N</ce:italic>&#160;=&#160;17) from archival material of patients with hypertensive nephropathy and normotensive controls were used. Targeted proteomic analysis was performed using the method: ``Parallel Reaction Monitoring'' (PRM) in renal parenchyma of hypertensive and normotensive patients for the selective identification of SGLT2 and CLIC4 and the relative quantification of their expression using proteotypic peptides for each protein. The expression of SGLT2 molecule was also confirmed by immunofluorescence followed by quantification of fluorescence intensity. According to PRM, the SGLT2 protein was found with reduced and the CLIC4 protein with increased expression levels in hypertensive patients compared to normotensive controls. Comparison of representative immunofluorescence images confirmed a decrease in the expression of SGLT2 in the brush border of proximal tubular epithelial cells in hypertensive patients. Our data show changes in the tubular compartment of the kidney and especially in the proximal tubules associated with the hypertensive nephropathy. The clinical significance of these findings should be further explored for the discovery and/or confirmation of novel therapeutic approaches and biomarkers in the development of hypertensive kidney disease.</ce:simple-para></ce:abstract-sec></ce:abstract><ce:keywords id="keys0001" view="all" class="keyword"><ce:section-title id="cesectitle0002">Keywords</ce:section-title><ce:keyword id="key0001"><ce:text id="cetext0002">Parallel Reaction Monitoring (PRM)</ce:text></ce:keyword><ce:keyword id="key0002"><ce:text id="cetext0003">Proteomics</ce:text></ce:keyword><ce:keyword id="key0003"><ce:text id="cetext0004">Immunofluorescence</ce:text></ce:keyword><ce:keyword id="key0004"><ce:text id="cetext0005">Hypertensive nephropathy</ce:text></ce:keyword><ce:keyword id="key0005"><ce:text id="cetext0006">Human Kidney Biopsies</ce:text></ce:keyword><ce:keyword id="key0006"><ce:text id="cetext0007">SGLT2</ce:text></ce:keyword><ce:keyword id="key0007"><ce:text id="cetext0008">CLIC4</ce:text></ce:keyword><ce:keyword id="key0008"><ce:text id="cetext0009">Proximal tubules</ce:text></ce:keyword></ce:keywords></ja:head></ja:article></doc:document>
