<doc:document xmlns:doc="http://www.elsevier.com/xml/document/schema" xmlns:dp="http://www.elsevier.com/xml/common/doc-properties/schema" xmlns:cps="http://www.elsevier.com/xml/common/consyn-properties/schema" xmlns:rdf="http://www.w3.org/1999/02/22-rdf-syntax-ns#" xmlns:dct="http://purl.org/dc/terms/" xmlns:prism="http://prismstandard.org/namespaces/basic/2.0/" xmlns:oa="http://vtw.elsevier.com/data/ns/properties/OpenAccess-1/" xmlns:bam="http://vtw.elsevier.com/data/voc/ns/bam-vtw-1/" xmlns:cp="http://vtw.elsevier.com/data/ns/properties/Copyright-1/" xmlns:cja="http://www.elsevier.com/xml/cja/schema" xmlns:ja="http://www.elsevier.com/xml/ja/schema" xmlns:bk="http://www.elsevier.com/xml/bk/schema" xmlns:ce="http://www.elsevier.com/xml/common/schema" xmlns:mml="http://www.w3.org/1998/Math/MathML" xmlns:cals="http://www.elsevier.com/xml/common/cals/schema" xmlns:tb="http://www.elsevier.com/xml/common/table/schema" xmlns:sa="http://www.elsevier.com/xml/common/struct-aff/schema" xmlns:sb="http://www.elsevier.com/xml/common/struct-bib/schema" xmlns:xlink="http://www.w3.org/1999/xlink"><rdf:RDF><rdf:Description rdf:about="http://dx.doi.org/10.1016/j.dib.2021.107631"><dct:format>application/xml</dct:format><dct:title>Searching CUDA code autotuning spaces with hardware performance counters: data from benchmarks running on various GPU architectures</dct:title><dct:creator>Jana Hozzov&#225;</dct:creator><dct:creator>Ji&#x0159;&#237; Filipovi&#x010d;</dct:creator><dct:creator>Amin Nezarat</dct:creator><dct:creator>Jaroslav Ol&#x2019;ha</dct:creator><dct:creator>Filip Petrovi&#x010d;</dct:creator><dct:subject><rdf:Bag><rdf:li>Auto-tuning</rdf:li><rdf:li>Tuning spaces</rdf:li><rdf:li>Performance counters</rdf:li><rdf:li>Cuda</rdf:li></rdf:Bag></dct:subject><dct:description>Data in Brief 39 (2021). doi:10.1016/j.dib.2021.107631</dct:description><prism:aggregationType>journal</prism:aggregationType><prism:publicationName>Data in Brief</prism:publicationName><prism:copyright>&#169; 2021 The Authors. Published by Elsevier Inc.</prism:copyright><dct:publisher>Elsevier Inc.</dct:publisher><prism:issn>2352-3409</prism:issn><prism:volume>39</prism:volume><prism:coverDisplayDate>December 2021</prism:coverDisplayDate><prism:doi>10.1016/j.dib.2021.107631</prism:doi><prism:url>http://dx.doi.org/10.1016/j.dib.2021.107631</prism:url><dct:identifier>doi:10.1016/j.dib.2021.107631</dct:identifier><bam:articleNumber>107631</bam:articleNumber><oa:openAccessInformation><oa:openAccessStatus xmlns:xsi="http://www.w3.org/2001/XMLSchema-instance">http://vtw.elsevier.com/data/voc/oa/OpenAccessStatus#Full</oa:openAccessStatus><oa:openAccessEffective xmlns:xsi="http://www.w3.org/2001/XMLSchema-instance">2021-11-20T11:56:54Z</oa:openAccessEffective><oa:sponsor xmlns:xsi="http://www.w3.org/2001/XMLSchema-instance"><oa:sponsorType>http://vtw.elsevier.com/data/voc/oa/SponsorType#Author</oa:sponsorType></oa:sponsor><oa:userLicense xmlns:xsi="http://www.w3.org/2001/XMLSchema-instance">http://creativecommons.org/licenses/by/4.0/</oa:userLicense></oa:openAccessInformation><cp:licenseLine xmlns:xsi="http://www.w3.org/2001/XMLSchema-instance">This is an open access article under the CC BY license.</cp:licenseLine></rdf:Description></rdf:RDF><dp:document-properties><dp:aggregation-type>Journals</dp:aggregation-type><dp:version-number>S300.1</dp:version-number></dp:document-properties><ja:article docsubtype="dat" xml:lang="en" version="5.6"><ja:item-info><ja:jid>DIB</ja:jid><ja:aid>107631</ja:aid><ce:article-number>107631</ce:article-number><ce:pii>S2352-3409(21)00906-9</ce:pii><ce:doi>10.1016/j.dib.2021.107631</ce:doi><ce:document-thread><ce:refers-to-document id="doc0001"><ce:pii>S0743-7315(21)00194-5</ce:pii><ce:doi>10.1016/j.jpdc.2021.10.003</ce:doi></ce:refers-to-document></ce:document-thread><ce:copyright type="other" year="2021">The Authors</ce:copyright></ja:item-info><ja:head><ce:dochead id="dh1"><ce:textfn id="textfn0001">Data Article</ce:textfn></ce:dochead><ce:title id="ct0001">Searching CUDA code autotuning spaces with hardware performance counters: data from benchmarks running on various GPU architectures</ce:title><ce:short-title id="stitle0010">Searching CUDA code autotuning spaces with hardware performance counters: data from benchmarks running on various GPU architectures</ce:short-title><ce:author-group id="aut0001"><ce:author id="au0001" author-id="S2352340921009069-9f8c0635ab6e449f780f9f6787bd25d5"><ce:given-name>Jana</ce:given-name><ce:surname>Hozzov&#225;</ce:surname><ce:contributor-role role="http://credit.niso.org/contributor-roles/methodology">Methodology</ce:contributor-role><ce:contributor-role role="http://credit.niso.org/contributor-roles/software">Software</ce:contributor-role><ce:contributor-role role="http://credit.niso.org/contributor-roles/validation">Validation</ce:contributor-role><ce:contributor-role role="http://credit.niso.org/contributor-roles/investigation">Investigation</ce:contributor-role><ce:contributor-role role="http://credit.niso.org/contributor-roles/data-curation">Data curation</ce:contributor-role><ce:contributor-role role="http://credit.niso.org/contributor-roles/writing-original-draft">Writing &#x2013; original draft</ce:contributor-role><ce:contributor-role role="http://credit.niso.org/contributor-roles/writing-review-editing">Writing &#x2013; review &amp; editing</ce:contributor-role><ce:e-address type="email" xlink:href="mailto:hozzova@mail.muni.cz" id="ead0001">hozzova@mail.muni.cz</ce:e-address></ce:author><ce:author id="au0002" author-id="S2352340921009069-c9e89e7bf2a0dca1df7778d02471d8b4" orcid="0000-0002-5703-9673"><ce:given-name>Ji&#x0159;&#237;</ce:given-name><ce:surname>Filipovi&#x010d;</ce:surname><ce:contributor-role role="http://credit.niso.org/contributor-roles/conceptualization">Conceptualization</ce:contributor-role><ce:contributor-role role="http://credit.niso.org/contributor-roles/methodology">Methodology</ce:contributor-role><ce:contributor-role role="http://credit.niso.org/contributor-roles/software">Software</ce:contributor-role><ce:contributor-role role="http://credit.niso.org/contributor-roles/validation">Validation</ce:contributor-role><ce:contributor-role role="http://credit.niso.org/contributor-roles/investigation">Investigation</ce:contributor-role><ce:contributor-role role="http://credit.niso.org/contributor-roles/data-curation">Data curation</ce:contributor-role><ce:contributor-role role="http://credit.niso.org/contributor-roles/writing-review-editing">Writing &#x2013; review &amp; editing</ce:contributor-role><ce:contributor-role role="http://credit.niso.org/contributor-roles/visualization">Visualization</ce:contributor-role><ce:contributor-role role="http://credit.niso.org/contributor-roles/supervision">Supervision</ce:contributor-role><ce:contributor-role role="http://credit.niso.org/contributor-roles/funding-acquisition">Funding acquisition</ce:contributor-role><ce:cross-ref refid="cor0001"><ce:sup loc="post">&#x204e;</ce:sup></ce:cross-ref><ce:e-address type="email" xlink:href="mailto:fila@mail.muni.cz" id="ead0002">fila@mail.muni.cz</ce:e-address></ce:author><ce:author id="au0003" author-id="S2352340921009069-e9f244aeea0e35c757da60612634167d"><ce:given-name>Amin</ce:given-name><ce:surname>Nezarat</ce:surname><ce:contributor-role role="http://credit.niso.org/contributor-roles/methodology">Methodology</ce:contributor-role><ce:contributor-role role="http://credit.niso.org/contributor-roles/software">Software</ce:contributor-role><ce:contributor-role role="http://credit.niso.org/contributor-roles/investigation">Investigation</ce:contributor-role><ce:e-address type="email" xlink:href="mailto:aminnezarat@mail.muni.cz" id="ead0003">aminnezarat@mail.muni.cz</ce:e-address></ce:author><ce:author id="au0004" author-id="S2352340921009069-0773f00341566103e8c6cc8dfe91c5ff" orcid="0000-0003-1824-468X"><ce:given-name>Jaroslav</ce:given-name><ce:surname>Ol&#x2019;ha</ce:surname><ce:contributor-role role="http://credit.niso.org/contributor-roles/software">Software</ce:contributor-role><ce:e-address type="email" xlink:href="mailto:348646@mail.muni.cz" id="ead0004">348646@mail.muni.cz</ce:e-address></ce:author><ce:author id="au0005" author-id="S2352340921009069-62fc1beb6b9c5fc3bb19ffe431f16ed7"><ce:given-name>Filip</ce:given-name><ce:surname>Petrovi&#x010d;</ce:surname><ce:contributor-role role="http://credit.niso.org/contributor-roles/methodology">Methodology</ce:contributor-role><ce:contributor-role role="http://credit.niso.org/contributor-roles/software">Software</ce:contributor-role><ce:e-address type="email" xlink:href="mailto:fillo@mail.muni.cz" id="ead0005">fillo@mail.muni.cz</ce:e-address></ce:author><ce:affiliation id="aff0001" affiliation-id="S2352340921009069-bd9b9a92951a5302fc4687f0e9e7961d"><ce:textfn id="textfn0002">Institute of Computer Science, Masaryk University, Botanick&#225; 68a, Brno 60200, Czech Republic</ce:textfn><sa:affiliation><sa:organization>Institute of Computer Science</sa:organization><sa:organization>Masaryk University</sa:organization><sa:address-line>Botanick&#225; 68a</sa:address-line><sa:city>Brno</sa:city><sa:postal-code>60200</sa:postal-code><sa:country>Czech Republic</sa:country></sa:affiliation><ce:source-text id="st0001">Institute of Computer Science, Masaryk University, Botanick&#225; 68a, Brno 60200, Czech Republic</ce:source-text></ce:affiliation><ce:correspondence id="cor0001"><ce:label>&#x204e;</ce:label><ce:text id="mycorrespondingauthor">Corresponding author.</ce:text></ce:correspondence></ce:author-group><ce:date-received day="22" month="10" year="2021"/><ce:date-revised day="12" month="11" year="2021"/><ce:date-accepted day="19" month="11" year="2021"/><ce:abstract id="abs0001" class="author" view="all"><ce:section-title id="sctt0001">Abstract</ce:section-title><ce:abstract-sec id="abssec0001" view="all"><ce:simple-para id="sp0001" view="all">We have developed several autotuning benchmarks in CUDA that take into account performance-relevant source-code parameters and reach near peak-performance on various GPU architectures. We have used them during the development and evaluation of a search method for tuning space proposed in [1]. With our framework Kernel Tuning Toolkit, freely available at Github, we measured computation times and hardware performance counters on several GPUs for the complete tuning spaces of five benchmarks. These data, which we provide here, might benefit research of search algorithms for the tuning spaces of GPU codes or research of relation between applied code optimization, hardware performance counters, and GPU kernels&#x2019; performance.</ce:simple-para><ce:simple-para id="sp0002" view="all">Moreover, we describe the scripts we used for robust evaluation of our searcher and comparison to others in detail. In particular, the script that simulates the tuning, i.e., replaces time-demanding compiling and executing the tuned kernels with a quick reading of the computation time from our measured data, makes it possible to inspect the convergence of tuning search over a large number of experiments. These scripts, freely available with our other codes, make it easier to experiment with search algorithms and compare them in a robust and reproducible way.</ce:simple-para><ce:simple-para id="sp0003" view="all">During our research, we generated models for predicting values of performance counters from values of tuning parameters of our benchmarks. Here, we provide the models themselves and describe the scripts we implemented for their training. These data might benefit researchers who want to reproduce or build on our research.</ce:simple-para></ce:abstract-sec></ce:abstract><ce:keywords id="keys0001" class="keyword" view="all"><ce:section-title id="sctt0002">Keywords</ce:section-title><ce:keyword id="key0002"><ce:text id="txt0001">Auto-tuning</ce:text></ce:keyword><ce:keyword id="key0003"><ce:text id="txt0002">Tuning spaces</ce:text></ce:keyword><ce:keyword id="key0004"><ce:text id="txt0003">Performance counters</ce:text></ce:keyword><ce:keyword id="key0005"><ce:text id="txt0004">Cuda</ce:text></ce:keyword></ce:keywords></ja:head></ja:article></doc:document>
