<doc:document xmlns:doc="http://www.elsevier.com/xml/document/schema" xmlns:dp="http://www.elsevier.com/xml/common/doc-properties/schema" xmlns:cps="http://www.elsevier.com/xml/common/consyn-properties/schema" xmlns:rdf="http://www.w3.org/1999/02/22-rdf-syntax-ns#" xmlns:dct="http://purl.org/dc/terms/" xmlns:prism="http://prismstandard.org/namespaces/basic/2.0/" xmlns:oa="http://vtw.elsevier.com/data/ns/properties/OpenAccess-1/" xmlns:bam="http://vtw.elsevier.com/data/voc/ns/bam-vtw-1/" xmlns:cp="http://vtw.elsevier.com/data/ns/properties/Copyright-1/" xmlns:cja="http://www.elsevier.com/xml/cja/schema" xmlns:ja="http://www.elsevier.com/xml/ja/schema" xmlns:bk="http://www.elsevier.com/xml/bk/schema" xmlns:ce="http://www.elsevier.com/xml/common/schema" xmlns:mml="http://www.w3.org/1998/Math/MathML" xmlns:cals="http://www.elsevier.com/xml/common/cals/schema" xmlns:tb="http://www.elsevier.com/xml/common/table/schema" xmlns:sa="http://www.elsevier.com/xml/common/struct-aff/schema" xmlns:sb="http://www.elsevier.com/xml/common/struct-bib/schema" xmlns:xlink="http://www.w3.org/1999/xlink"><rdf:RDF><rdf:Description rdf:about="http://dx.doi.org/10.1016/j.dib.2021.107583"><dct:format>application/xml</dct:format><dct:title>Transcriptomic dataset for Sardina pilchardus: Assembly, annotation, and expression of nine tissues</dct:title><dct:creator>Jorge Langa</dct:creator><dct:creator>Martin Huret</dct:creator><dct:creator>Iratxe Montes</dct:creator><dct:creator>Darrell Conklin</dct:creator><dct:creator>Andone Estonba</dct:creator><dct:subject><rdf:Bag><rdf:li>Sardina pilchardus</rdf:li><rdf:li>European sardine</rdf:li><rdf:li>Transcriptome assembly</rdf:li><rdf:li>Annotation</rdf:li><rdf:li>Expression</rdf:li><rdf:li>Tissue quantification</rdf:li><rdf:li>Pathway</rdf:li><rdf:li>Gene ontology</rdf:li></rdf:Bag></dct:subject><dct:description>Data in Brief 39 (2021). doi:10.1016/j.dib.2021.107583</dct:description><prism:aggregationType>journal</prism:aggregationType><prism:publicationName>Data in Brief</prism:publicationName><prism:copyright>&#169; 2021 The Author(s). Published by Elsevier Inc.</prism:copyright><dct:publisher>Elsevier Inc.</dct:publisher><prism:issn>2352-3409</prism:issn><prism:volume>39</prism:volume><prism:coverDisplayDate>December 2021</prism:coverDisplayDate><prism:doi>10.1016/j.dib.2021.107583</prism:doi><prism:url>http://dx.doi.org/10.1016/j.dib.2021.107583</prism:url><dct:identifier>doi:10.1016/j.dib.2021.107583</dct:identifier><bam:articleNumber>107583</bam:articleNumber><oa:openAccessInformation><oa:openAccessStatus xmlns:xsi="http://www.w3.org/2001/XMLSchema-instance">http://vtw.elsevier.com/data/voc/oa/OpenAccessStatus#Full</oa:openAccessStatus><oa:openAccessEffective xmlns:xsi="http://www.w3.org/2001/XMLSchema-instance">2021-11-12T12:24:58Z</oa:openAccessEffective><oa:sponsor xmlns:xsi="http://www.w3.org/2001/XMLSchema-instance"><oa:sponsorName>Spain OA journals discount: 2021</oa:sponsorName><oa:sponsorType>http://vtw.elsevier.com/data/voc/oa/SponsorType#FundingBody</oa:sponsorType></oa:sponsor><oa:userLicense xmlns:xsi="http://www.w3.org/2001/XMLSchema-instance">http://creativecommons.org/licenses/by/4.0/</oa:userLicense></oa:openAccessInformation><cp:licenseLine xmlns:xsi="http://www.w3.org/2001/XMLSchema-instance">This is an open access article under the CC BY license.</cp:licenseLine></rdf:Description></rdf:RDF><dp:document-properties><dp:aggregation-type>Journals</dp:aggregation-type><dp:version-number>S300.1</dp:version-number></dp:document-properties><ja:article docsubtype="dat" version="5.6" xml:lang="en"><ja:item-info><ja:jid>DIB</ja:jid><ja:aid>107583</ja:aid><ce:article-number>107583</ce:article-number><ce:pii>S2352-3409(21)00858-1</ce:pii><ce:doi>10.1016/j.dib.2021.107583</ce:doi><ce:copyright type="unknown" year="2021"/></ja:item-info><ja:head><ce:dochead id="dchd0001"><ce:textfn id="dhtxt0001">Data Article</ce:textfn></ce:dochead><ce:title id="tte0002">Transcriptomic dataset for Sardina pilchardus: Assembly, annotation, and expression of nine tissues</ce:title><ce:author-group id="aut0001"><ce:author id="au0001" author-id="S2352340921008581-82cd375caea56d4663c2b422781a56dc" orcid="0000-0001-5137-8204"><ce:given-name>Jorge</ce:given-name><ce:surname>Langa</ce:surname><ce:cross-ref refid="aff0001"><ce:sup loc="post">a</ce:sup></ce:cross-ref></ce:author><ce:author id="au0002" author-id="S2352340921008581-35c575ee6e06ab97c2c9fdbec6b7b284" orcid="0000-0003-0023-378X"><ce:given-name>Martin</ce:given-name><ce:surname>Huret</ce:surname><ce:cross-ref refid="aff0002"><ce:sup loc="post">b</ce:sup></ce:cross-ref></ce:author><ce:author id="au0003" author-id="S2352340921008581-9e187170a4920da4e88c1c9ca715068a"><ce:given-name>Iratxe</ce:given-name><ce:surname>Montes</ce:surname><ce:cross-ref refid="aff0001"><ce:sup loc="post">a</ce:sup></ce:cross-ref></ce:author><ce:author id="au0004" author-id="S2352340921008581-3e9fceed3522653163d5d2317563d3d3" orcid="0000-0002-2313-9326"><ce:given-name>Darrell</ce:given-name><ce:surname>Conklin</ce:surname><ce:cross-ref refid="aff0003"><ce:sup loc="post">c</ce:sup></ce:cross-ref><ce:cross-ref refid="aff0004"><ce:sup loc="post">d</ce:sup></ce:cross-ref></ce:author><ce:author id="au0005" author-id="S2352340921008581-ea0532f940567df42c85a907b33cfd8f"><ce:given-name>Andone</ce:given-name><ce:surname>Estonba</ce:surname><ce:cross-ref refid="aff0001"><ce:sup loc="post">a</ce:sup></ce:cross-ref><ce:cross-ref refid="cor0001"><ce:sup loc="post">&#x204e;</ce:sup></ce:cross-ref><ce:e-address id="ead0001" type="email" xlink:href="mailto:andone.estonba@ehu.eus">andone.estonba@ehu.eus</ce:e-address></ce:author><ce:affiliation id="aff0001" affiliation-id="S2352340921008581-6cdad3c8fa24831e7603393883fc0836"><ce:label>a</ce:label><ce:textfn id="cetextfn0001">Department of Genetics, Physical Anthropology and Animal Physiology, Faculty of Science and Technology, University of the Basque Country, UPV/EHU, Leioa, Bizkaia 48940, Spain</ce:textfn><sa:affiliation><sa:organization>Department of Genetics, Physical Anthropology and Animal Physiology</sa:organization><sa:organization>Faculty of Science and Technology</sa:organization><sa:organization>University of the Basque Country</sa:organization><sa:organization>UPV/EHU</sa:organization><sa:city>Leioa</sa:city><sa:state>Bizkaia</sa:state><sa:postal-code>48940</sa:postal-code><sa:country>Spain</sa:country></sa:affiliation><ce:source-text id="staff0001">aDepartment of Genetics, Physical Anthropology and Animal Physiology, Faculty of Science and Technology, University of the Basque Country, UPV/EHU, Leioa, Bizkaia 48940, Spain</ce:source-text></ce:affiliation><ce:affiliation id="aff0002" affiliation-id="S2352340921008581-211c2d25f4d4a0c6b7370001e622f667"><ce:label>b</ce:label><ce:textfn id="cetextfn0002">IFREMER, STH/LBH, B.P. 70, Plouzan&#233; 29280 France</ce:textfn><sa:affiliation><sa:organization>IFREMER</sa:organization><sa:organization>STH/LBH</sa:organization><sa:address-line>B.P. 70</sa:address-line><sa:city>Plouzan&#233;</sa:city><sa:postal-code>29280</sa:postal-code><sa:country>France</sa:country></sa:affiliation><ce:source-text id="staff0002">bIFREMER, STH/LBH, B.P. 70, Plouzan&#233; 29280 France</ce:source-text></ce:affiliation><ce:affiliation id="aff0003" affiliation-id="S2352340921008581-17f370aa2c0bf96c65ecd17a00b63daf"><ce:label>c</ce:label><ce:textfn id="cetextfn0003">Department of Computer Science and Artificial Intelligence, Faculty of Computer Science, University of the Basque Country UPV/EHU, San Sebasti&#225;n, Spain</ce:textfn><sa:affiliation><sa:organization>Department of Computer Science and Artificial Intelligence</sa:organization><sa:organization>Faculty of Computer Science</sa:organization><sa:organization>University of the Basque Country UPV/EHU</sa:organization><sa:city>San Sebasti&#225;n</sa:city><sa:country>Spain</sa:country></sa:affiliation><ce:source-text id="staff0003">cDepartment of Computer Science and Artificial Intelligence, Faculty of Computer Science, University of the Basque Country UPV/EHU, San Sebasti&#225;n, Spain</ce:source-text></ce:affiliation><ce:affiliation id="aff0004" affiliation-id="S2352340921008581-73dcb7ad5eda30fa0c529a97febe9bed"><ce:label>d</ce:label><ce:textfn id="cetextfn0004">IKERBASQUE, Basque Foundation for Science, Bilbao, Spain</ce:textfn><sa:affiliation><sa:organization>IKERBASQUE</sa:organization><sa:organization>Basque Foundation for Science</sa:organization><sa:city>Bilbao</sa:city><sa:country>Spain</sa:country></sa:affiliation><ce:source-text id="staff0004">dIKERBASQUE, Basque Foundation for Science, Bilbao, Spain</ce:source-text></ce:affiliation><ce:correspondence id="cor0001"><ce:label>&#x204e;</ce:label><ce:text id="cetext0001">Corresponding author.</ce:text></ce:correspondence></ce:author-group><ce:date-received day="2" month="6" year="2021"/><ce:date-revised day="27" month="8" year="2021"/><ce:date-accepted day="9" month="11" year="2021"/><ce:abstract id="abs0001" view="all" class="author"><ce:section-title id="cesectitle0001">Abstract</ce:section-title><ce:abstract-sec id="abss0001" view="all"><ce:simple-para id="spara011" view="all">European sardine or pilchard is a planktonic small pelagic fish present from the North Sea in Europe to the coast of Senegal in the North of Africa, and across the Mediterranean sea to the Black Sea. Ecologically, sardines are an intermediary link in the trophic network, preying on plankton and being predated by larger fishes, marine mammals, and seabirds. This species is of great nutritional and economic value as a cheap but rich source of protein and fat. It is either consumed directly by humans or fed as fishmeal for aquaculture and farm animals. Despite its importance in the food basket, little is known about the molecular mechanisms involved in protein and lipid synthesis in this species. We collected nine tissues of <ce:italic>Sardina pilchardus</ce:italic> and reconstructed the transcriptome. In all, 198,597 transcripts were obtained, from which 68,031 are protein-coding. Quality assessment of the transcriptome was performed by back-mapping reads to the transcriptome and by searching for Single Copy Orthologs. Additionally, Gene Ontology and KEGG annotations were retrieved for most of the protein-coding genes. Finally, each library was quantified in terms of Transcripts per Million to disclose their expression patterns.</ce:simple-para></ce:abstract-sec></ce:abstract><ce:keywords id="keys0001" view="all" class="keyword"><ce:section-title id="cesectitle0002">Keywords</ce:section-title><ce:keyword id="key0001"><ce:text id="cetext0002"><ce:italic>Sardina pilchardus</ce:italic></ce:text></ce:keyword><ce:keyword id="key0002"><ce:text id="cetext0003">European sardine</ce:text></ce:keyword><ce:keyword id="key0003"><ce:text id="cetext0004">Transcriptome assembly</ce:text></ce:keyword><ce:keyword id="key0004"><ce:text id="cetext0005">Annotation</ce:text></ce:keyword><ce:keyword id="key0005"><ce:text id="cetext0006">Expression</ce:text></ce:keyword><ce:keyword id="key0006"><ce:text id="cetext0007">Tissue quantification</ce:text></ce:keyword><ce:keyword id="key0007"><ce:text id="cetext0008">Pathway</ce:text></ce:keyword><ce:keyword id="key0008"><ce:text id="cetext0009">Gene ontology</ce:text></ce:keyword></ce:keywords></ja:head></ja:article></doc:document>
