<doc:document xmlns:doc="http://www.elsevier.com/xml/document/schema" xmlns:dp="http://www.elsevier.com/xml/common/doc-properties/schema" xmlns:cps="http://www.elsevier.com/xml/common/consyn-properties/schema" xmlns:rdf="http://www.w3.org/1999/02/22-rdf-syntax-ns#" xmlns:dct="http://purl.org/dc/terms/" xmlns:prism="http://prismstandard.org/namespaces/basic/2.0/" xmlns:oa="http://vtw.elsevier.com/data/ns/properties/OpenAccess-1/" xmlns:bam="http://vtw.elsevier.com/data/voc/ns/bam-vtw-1/" xmlns:cp="http://vtw.elsevier.com/data/ns/properties/Copyright-1/" xmlns:cja="http://www.elsevier.com/xml/cja/schema" xmlns:ja="http://www.elsevier.com/xml/ja/schema" xmlns:bk="http://www.elsevier.com/xml/bk/schema" xmlns:ce="http://www.elsevier.com/xml/common/schema" xmlns:mml="http://www.w3.org/1998/Math/MathML" xmlns:cals="http://www.elsevier.com/xml/common/cals/schema" xmlns:tb="http://www.elsevier.com/xml/common/table/schema" xmlns:sa="http://www.elsevier.com/xml/common/struct-aff/schema" xmlns:sb="http://www.elsevier.com/xml/common/struct-bib/schema" xmlns:xlink="http://www.w3.org/1999/xlink"><rdf:RDF><rdf:Description rdf:about="http://dx.doi.org/10.1016/j.dib.2021.107647"><dct:format>application/xml</dct:format><dct:title>RNA-seq dataset of subcutaneous adipose tissue: Transcriptional differences between obesity and healthy women</dct:title><dct:creator>Letizia Messa</dct:creator><dct:creator>Federica Rey</dct:creator><dct:creator>Cecilia Pandini</dct:creator><dct:creator>Bianca Barzaghini</dct:creator><dct:creator>Giancarlo Micheletto</dct:creator><dct:creator>Manuela Teresa Raimondi</dct:creator><dct:creator>Simona Bertoli</dct:creator><dct:creator>Cristina Cereda</dct:creator><dct:creator>Gianvincenzo Zuccotti</dct:creator><dct:creator>Raffaella Cancello</dct:creator><dct:creator>Stephana Carelli</dct:creator><dct:subject><rdf:Bag><rdf:li>RNA-Seq analysis</rdf:li><rdf:li>Transcriptome analysis</rdf:li><rdf:li>Deregulated pathways</rdf:li><rdf:li>GSEA</rdf:li><rdf:li>R Studio</rdf:li><rdf:li>UMI</rdf:li></rdf:Bag></dct:subject><dct:description>Data in Brief 39 (2021). doi:10.1016/j.dib.2021.107647</dct:description><prism:aggregationType>journal</prism:aggregationType><prism:publicationName>Data in Brief</prism:publicationName><prism:copyright>&#169; 2021 Published by Elsevier Inc.</prism:copyright><dct:publisher>Elsevier Inc.</dct:publisher><prism:issn>2352-3409</prism:issn><prism:volume>39</prism:volume><prism:coverDisplayDate>December 2021</prism:coverDisplayDate><prism:doi>10.1016/j.dib.2021.107647</prism:doi><prism:url>http://dx.doi.org/10.1016/j.dib.2021.107647</prism:url><dct:identifier>doi:10.1016/j.dib.2021.107647</dct:identifier><bam:articleNumber>107647</bam:articleNumber><oa:openAccessInformation><oa:openAccessStatus xmlns:xsi="http://www.w3.org/2001/XMLSchema-instance">http://vtw.elsevier.com/data/voc/oa/OpenAccessStatus#Full</oa:openAccessStatus><oa:openAccessEffective xmlns:xsi="http://www.w3.org/2001/XMLSchema-instance">2021-11-25T17:02:31Z</oa:openAccessEffective><oa:sponsor xmlns:xsi="http://www.w3.org/2001/XMLSchema-instance"><oa:sponsorType>http://vtw.elsevier.com/data/voc/oa/SponsorType#ElsevierWaived</oa:sponsorType></oa:sponsor><oa:userLicense xmlns:xsi="http://www.w3.org/2001/XMLSchema-instance">http://creativecommons.org/licenses/by/4.0/</oa:userLicense></oa:openAccessInformation><cp:licenseLine xmlns:xsi="http://www.w3.org/2001/XMLSchema-instance">This is an open access article under the CC BY license.</cp:licenseLine></rdf:Description></rdf:RDF><dp:document-properties><dp:aggregation-type>Journals</dp:aggregation-type><dp:version-number>S300.1</dp:version-number></dp:document-properties><ja:article docsubtype="dat" version="5.6" xml:lang="en"><ja:item-info><ja:jid>DIB</ja:jid><ja:aid>107647</ja:aid><ce:article-number>107647</ce:article-number><ce:pii>S2352-3409(21)00922-7</ce:pii><ce:doi>10.1016/j.dib.2021.107647</ce:doi><ce:document-thread><ce:refers-to-document id="ref0001"><ce:pii>S0888-7543(21)00356-6</ce:pii><ce:doi>10.1016/j.ygeno.2021.09.014</ce:doi></ce:refers-to-document></ce:document-thread><ce:copyright type="unknown" year="2021"/></ja:item-info><ja:head><ce:dochead id="dchd0001"><ce:textfn id="dhtxt0001">Data Article</ce:textfn></ce:dochead><ce:title id="tte0002">RNA-seq dataset of subcutaneous adipose tissue: Transcriptional differences between obesity and healthy women</ce:title><ce:author-group id="aut0001"><ce:author id="au0001" author-id="S2352340921009227-b60ab2fbc104067fea69bd214cf72280"><ce:given-name>Letizia</ce:given-name><ce:surname>Messa</ce:surname><ce:cross-ref refid="aff0001"><ce:sup loc="post">a</ce:sup></ce:cross-ref><ce:cross-ref refid="fn1"><ce:sup loc="post">#</ce:sup></ce:cross-ref></ce:author><ce:author id="au0002" author-id="S2352340921009227-a9204ef172953971d2923b1aa971c4e9"><ce:given-name>Federica</ce:given-name><ce:surname>Rey</ce:surname><ce:cross-ref refid="aff0002"><ce:sup loc="post">b</ce:sup></ce:cross-ref><ce:cross-ref refid="aff0003"><ce:sup loc="post">c</ce:sup></ce:cross-ref><ce:cross-ref refid="fn1"><ce:sup loc="post">#</ce:sup></ce:cross-ref></ce:author><ce:author id="au0003" author-id="S2352340921009227-c5e4260f745e9c63f0b96c12a12cdfff"><ce:given-name>Cecilia</ce:given-name><ce:surname>Pandini</ce:surname><ce:cross-ref refid="aff0004"><ce:sup loc="post">d</ce:sup></ce:cross-ref></ce:author><ce:author id="au0004" author-id="S2352340921009227-5cd38141c58bd09d743582ae0ea4522f"><ce:given-name>Bianca</ce:given-name><ce:surname>Barzaghini</ce:surname><ce:cross-ref refid="aff0001"><ce:sup loc="post">a</ce:sup></ce:cross-ref></ce:author><ce:author id="au0005" author-id="S2352340921009227-4e1ee05f3ca3e7203dd40913873f1965"><ce:given-name>Giancarlo</ce:given-name><ce:surname>Micheletto</ce:surname><ce:cross-ref refid="aff0005"><ce:sup loc="post">e</ce:sup></ce:cross-ref></ce:author><ce:author id="au0006" author-id="S2352340921009227-bad63698cf239133bef78c8f1d7834de"><ce:given-name>Manuela Teresa</ce:given-name><ce:surname>Raimondi</ce:surname><ce:cross-ref refid="aff0001"><ce:sup loc="post">a</ce:sup></ce:cross-ref></ce:author><ce:author id="au0007" author-id="S2352340921009227-9a78bf3327df4baaa33d7a8b91058883"><ce:given-name>Simona</ce:given-name><ce:surname>Bertoli</ce:surname><ce:cross-ref refid="aff0006"><ce:sup loc="post">f</ce:sup></ce:cross-ref><ce:cross-ref refid="aff0007"><ce:sup loc="post">g</ce:sup></ce:cross-ref></ce:author><ce:author id="au0008" author-id="S2352340921009227-09ccb2811b1ed237842ded9e21711caa"><ce:given-name>Cristina</ce:given-name><ce:surname>Cereda</ce:surname><ce:cross-ref refid="aff0008"><ce:sup loc="post">h</ce:sup></ce:cross-ref></ce:author><ce:author id="au0009" author-id="S2352340921009227-aef2558179493284635340e402a926be"><ce:given-name>Gianvincenzo</ce:given-name><ce:surname>Zuccotti</ce:surname><ce:cross-ref refid="aff0002"><ce:sup loc="post">b</ce:sup></ce:cross-ref><ce:cross-ref refid="aff0003"><ce:sup loc="post">c</ce:sup></ce:cross-ref><ce:cross-ref refid="aff0009"><ce:sup loc="post">i</ce:sup></ce:cross-ref></ce:author><ce:author id="au0010" author-id="S2352340921009227-ec300032e826c6b86fee92690a29e2b5"><ce:given-name>Raffaella</ce:given-name><ce:surname>Cancello</ce:surname><ce:cross-ref refid="aff0006"><ce:sup loc="post">f</ce:sup></ce:cross-ref><ce:cross-ref refid="fn2"><ce:sup loc="post">$</ce:sup></ce:cross-ref></ce:author><ce:author id="au0011" author-id="S2352340921009227-39ca002c12da475eaba635a709c6f561"><ce:given-name>Stephana</ce:given-name><ce:surname>Carelli</ce:surname><ce:cross-ref refid="aff0002"><ce:sup loc="post">b</ce:sup></ce:cross-ref><ce:cross-ref refid="aff0003"><ce:sup loc="post">c</ce:sup></ce:cross-ref><ce:cross-ref refid="fn2"><ce:sup loc="post">$</ce:sup></ce:cross-ref><ce:cross-ref refid="cor0001"><ce:sup loc="post">&#x204e;</ce:sup></ce:cross-ref><ce:e-address id="ead0001" type="email" xlink:href="mailto:stephana.carelli@unimi.it">stephana.carelli@unimi.it</ce:e-address></ce:author><ce:affiliation id="aff0001" affiliation-id="S2352340921009227-8550efb677b63e9fa7ea1ff0a7b0a213"><ce:label>a</ce:label><ce:textfn id="cetextfn0001">Department of Chemistry, Materials and Chemical Engineering ``Giulio Natta'', Politecnico di Milano, Milano, Italy</ce:textfn><sa:affiliation><sa:organization>Department of Chemistry</sa:organization><sa:organization>Materials and Chemical Engineering ``Giulio Natta''</sa:organization><sa:organization>Politecnico di Milano</sa:organization><sa:city>Milano</sa:city><sa:country>Italy</sa:country></sa:affiliation><ce:source-text id="staff0001">aDepartment of Chemistry, Materials and Chemical Engineering ``Giulio Natta'', Politecnico di Milano, Milano, Italy</ce:source-text></ce:affiliation><ce:affiliation id="aff0002" affiliation-id="S2352340921009227-3c83d7633b02400299f250e85e0e4bbc"><ce:label>b</ce:label><ce:textfn id="cetextfn0002">Department of Biomedical and Clinical Sciences ``L. Sacco'', University of Milan, Via Grassi 74, 20157 Milan, Italy</ce:textfn><sa:affiliation><sa:organization>Department of Biomedical and Clinical Sciences ``L. Sacco''</sa:organization><sa:organization>University of Milan</sa:organization><sa:address-line>Via Grassi 74</sa:address-line><sa:city>Milan</sa:city><sa:postal-code>20157</sa:postal-code><sa:country>Italy</sa:country></sa:affiliation><ce:source-text id="staff0002">bDepartment of Biomedical and Clinical Sciences ``L. Sacco'', University of Milan, Via Grassi 74, 20157 Milan, Italy</ce:source-text></ce:affiliation><ce:affiliation id="aff0003" affiliation-id="S2352340921009227-4dc51c593847c89d0804ca851c0fc6ab"><ce:label>c</ce:label><ce:textfn id="cetextfn0003">Pediatric Clinical Research Centre Fondazione &#x201c;Romeo ed Enrica Invernizzi&#x201d;, University of Milano, Milano, Italy</ce:textfn><sa:affiliation><sa:organization>Pediatric Clinical Research Centre Fondazione &#x201c;Romeo ed Enrica Invernizzi&#x201d;</sa:organization><sa:organization>University of Milano</sa:organization><sa:city>Milano</sa:city><sa:country>Italy</sa:country></sa:affiliation><ce:source-text id="staff0003">cPediatric Clinical Research Centre Fondazione &#x201c;Romeo ed Enrica Invernizzi&#x201d;, University of Milano, Milano, Italy</ce:source-text></ce:affiliation><ce:affiliation id="aff0004" affiliation-id="S2352340921009227-7021f64ca2908f57f435fe3a0d37c083"><ce:label>d</ce:label><ce:textfn id="cetextfn0004">Genomic and post-Genomic Centre, IRCCS Mondino Foundation, 27100 Pavia, Italy</ce:textfn><sa:affiliation><sa:organization>Genomic and post-Genomic Centre</sa:organization><sa:organization>IRCCS Mondino Foundation</sa:organization><sa:city>Pavia</sa:city><sa:postal-code>27100</sa:postal-code><sa:country>Italy</sa:country></sa:affiliation><ce:source-text id="staff0004">dGenomic and post-Genomic Centre, IRCCS Mondino Foundation, 27100 Pavia, Italy</ce:source-text></ce:affiliation><ce:affiliation id="aff0005" affiliation-id="S2352340921009227-bae3be9df5f71a88d133bb495e4db465"><ce:label>e</ce:label><ce:textfn id="cetextfn0005">Department of Pathophysiology and Transplantation, INCO and Department of General Surgery, Istituto Clinico Sant'Ambrogio, University of Milan, Milan, Italy</ce:textfn><sa:affiliation><sa:organization>Department of Pathophysiology and Transplantation</sa:organization><sa:organization>INCO and Department of General Surgery</sa:organization><sa:organization>Istituto Clinico Sant'Ambrogio</sa:organization><sa:organization>University of Milan</sa:organization><sa:city>Milan</sa:city><sa:country>Italy</sa:country></sa:affiliation><ce:source-text id="staff0005">eDepartment of Pathophysiology and Transplantation, INCO and Department of General Surgery, Istituto Clinico Sant'Ambrogio, University of Milan, Milan, Italy</ce:source-text></ce:affiliation><ce:affiliation id="aff0006" affiliation-id="S2352340921009227-47a9ac58f7e409d2116666207d5098a8"><ce:label>f</ce:label><ce:textfn id="cetextfn0006">Obesity Unit&#x2014;Laboratory of Nutrition and Obesity Research, Department of Endocrine and Metabolic Diseases, IRCCS Istituto Auxologico Italiano, Milan, Italy</ce:textfn><sa:affiliation><sa:organization>Obesity Unit&#x2014;Laboratory of Nutrition and Obesity Research</sa:organization><sa:organization>Department of Endocrine and Metabolic Diseases</sa:organization><sa:organization>IRCCS Istituto Auxologico Italiano</sa:organization><sa:city>Milan</sa:city><sa:country>Italy</sa:country></sa:affiliation><ce:source-text id="staff0006">fObesity Unit&#x2014;Laboratory of Nutrition and Obesity Research, Department of Endocrine and Metabolic Diseases, IRCCS Istituto Auxologico Italiano, Milan, Italy</ce:source-text></ce:affiliation><ce:affiliation id="aff0007" affiliation-id="S2352340921009227-c2e58b386f7a3668a114b4c822850b7f"><ce:label>g</ce:label><ce:textfn id="cetextfn0007">International Center for the Assessment of Nutritional Status (ICANS), Department of Food, Environmental and Nutritional Sciences (DeFENS), University of Milan, Milan, Italy</ce:textfn><sa:affiliation><sa:organization>International Center for the Assessment of Nutritional Status (ICANS)</sa:organization><sa:organization>Department of Food</sa:organization><sa:organization>Environmental and Nutritional Sciences (DeFENS)</sa:organization><sa:organization>University of Milan</sa:organization><sa:city>Milan</sa:city><sa:country>Italy</sa:country></sa:affiliation><ce:source-text id="staff0007">gInternational Center for the Assessment of Nutritional Status (ICANS), Department of Food, Environmental and Nutritional Sciences (DeFENS), University of Milan, Milan, Italy</ce:source-text></ce:affiliation><ce:affiliation id="aff0008" affiliation-id="S2352340921009227-0cc23feaab1c1f21abae6f30abeae587"><ce:label>h</ce:label><ce:textfn id="cetextfn0008">Department of Women, Mothers and Neonatal Care, Children's Hospital ``V. Buzzi'', Milan, Italy</ce:textfn><sa:affiliation><sa:organization>Department of Women</sa:organization><sa:organization>Mothers and Neonatal Care</sa:organization><sa:organization>Children's Hospital ``V. Buzzi''</sa:organization><sa:city>Milan</sa:city><sa:country>Italy</sa:country></sa:affiliation><ce:source-text id="staff0008">hDepartment of Women, Mothers and Neonatal Care, Children's Hospital ``V. Buzzi'', Milan, Italy</ce:source-text></ce:affiliation><ce:affiliation id="aff0009" affiliation-id="S2352340921009227-6d0153ca3c03db3b3cd7893882812e08"><ce:label>i</ce:label><ce:textfn id="cetextfn0009">Department of Pediatrics, Children's Hospital ``V. Buzzi'', Milan, Italy</ce:textfn><sa:affiliation><sa:organization>Department of Pediatrics</sa:organization><sa:organization>Children's Hospital ``V. Buzzi''</sa:organization><sa:city>Milan</sa:city><sa:country>Italy</sa:country></sa:affiliation><ce:source-text id="staff0009">iDepartment of Pediatrics, Children's Hospital ``V. Buzzi'', Milan, Italy</ce:source-text></ce:affiliation><ce:correspondence id="cor0001"><ce:label>&#x204e;</ce:label><ce:text id="cetext0001">Corresponding author.</ce:text></ce:correspondence><ce:footnote id="fn1"><ce:label>#</ce:label><ce:note-para id="notep0001" view="all">These authors contributed equally to the work.</ce:note-para></ce:footnote><ce:footnote id="fn2"><ce:label>$</ce:label><ce:note-para id="notep0002" view="all">These authors contributed equally to the work.</ce:note-para></ce:footnote></ce:author-group><ce:date-received day="3" month="11" year="2021"/><ce:date-revised day="22" month="11" year="2021"/><ce:date-accepted day="25" month="11" year="2021"/><ce:abstract id="abs0001" view="all" class="author"><ce:section-title id="cesectitle0001">Abstract</ce:section-title><ce:abstract-sec id="abss0001" view="all"><ce:simple-para id="spara005" view="all">In this data article, we present the dataset from the RNA-Seq analysis of subcutaneous adipose tissue collected from 5 healthy normal weight women (NW, age 37 &#177; 6.7 years, BMI 24.3 &#177; 0.9 kg/m<ce:sup loc="post">2</ce:sup>) and 5 obese women (OBF, age 41 &#177; 12.5 years, BMI 38.2 &#177; 4.6 kg/m<ce:sup loc="post">2</ce:sup>). Raw data obtained from Illumina NextSeq 500 sequencer were processed through BlueBee&#174; Genomics Platform while differential expression analysis was performed with the DESeq2 R package and deposited in the GEO public repository with GSE166047 as accession number. Specifically, 20 samples divided between NW (control), OBF (obese women), OBM (obese male) and OBT2D (obese women with diabetes) are deposited in the GSE166047. We hereby describe only 10 samples (5 healthy normal weight women reported as NW and 5 obese women reported as OBF) because we refer to the data published in the article &#x201c;Transcriptional characterization of Subcutaneous Adipose Tissue in obesity affected women highlights metabolic dysfunction and implications for lncRNAs&#x201d; (DOI: <ce:inter-ref id="interref0021" xlink:href="https://doi.org/10.1016/j.ygeno.2021.09.014" xlink:type="simple">10.1016/j.ygeno.2021.09.014</ce:inter-ref>). Pathways analyses were performed on g:Profiler, Enrichr, ClueGO and GSEA to gain biological insights on gene expression. Raw data reported in GEO database along with detailed methods description reported in this data article could be reused for comparisons with other datasets on the topic to obtain transcriptional differences in a wider co-hort. Moreover, detailed pathways analysis along with cross-referenced data with other datasets will allow to identify novel dysregulated pathways and genes responsible for this regulation. The biological interpretation of this dataset, along with related in vitro experiments, is reported by Rey et&#160;al., in Genomics (DOI: <ce:inter-ref id="interref0022" xlink:href="https://doi.org/10.1016/j.ygeno.2021.09.014" xlink:type="simple">10.1016/j.ygeno.2021.09.014</ce:inter-ref>).</ce:simple-para></ce:abstract-sec></ce:abstract><ce:keywords id="keys0001" view="all" class="keyword"><ce:section-title id="cesectitle0002">Keywords</ce:section-title><ce:keyword id="key0001"><ce:text id="cetext0002">RNA-Seq analysis</ce:text></ce:keyword><ce:keyword id="key0002"><ce:text id="cetext0003">Transcriptome analysis</ce:text></ce:keyword><ce:keyword id="key0003"><ce:text id="cetext0004">Deregulated pathways</ce:text></ce:keyword><ce:keyword id="key0004"><ce:text id="cetext0005">GSEA</ce:text></ce:keyword><ce:keyword id="key0005"><ce:text id="cetext0006">R Studio</ce:text></ce:keyword><ce:keyword id="key0006"><ce:text id="cetext0007">UMI</ce:text></ce:keyword></ce:keywords></ja:head></ja:article></doc:document>
