<doc:document xmlns:doc="http://www.elsevier.com/xml/document/schema" xmlns:dp="http://www.elsevier.com/xml/common/doc-properties/schema" xmlns:cps="http://www.elsevier.com/xml/common/consyn-properties/schema" xmlns:rdf="http://www.w3.org/1999/02/22-rdf-syntax-ns#" xmlns:dct="http://purl.org/dc/terms/" xmlns:prism="http://prismstandard.org/namespaces/basic/2.0/" xmlns:oa="http://vtw.elsevier.com/data/ns/properties/OpenAccess-1/" xmlns:bam="http://vtw.elsevier.com/data/voc/ns/bam-vtw-1/" xmlns:cp="http://vtw.elsevier.com/data/ns/properties/Copyright-1/" xmlns:cja="http://www.elsevier.com/xml/cja/schema" xmlns:ja="http://www.elsevier.com/xml/ja/schema" xmlns:bk="http://www.elsevier.com/xml/bk/schema" xmlns:ce="http://www.elsevier.com/xml/common/schema" xmlns:mml="http://www.w3.org/1998/Math/MathML" xmlns:cals="http://www.elsevier.com/xml/common/cals/schema" xmlns:tb="http://www.elsevier.com/xml/common/table/schema" xmlns:sa="http://www.elsevier.com/xml/common/struct-aff/schema" xmlns:sb="http://www.elsevier.com/xml/common/struct-bib/schema" xmlns:xlink="http://www.w3.org/1999/xlink"><rdf:RDF><rdf:Description rdf:about="http://dx.doi.org/10.1016/j.dib.2021.107606"><dct:format>application/xml</dct:format><dct:title>Survey data on the consequences of COVID-19 and home confinement on the educational community and families in Spain</dct:title><dct:creator>Guillermo Palau-Salvador</dct:creator><dct:creator>Kas Sempere</dct:creator><dct:creator>Nerea G&#243;mez-Fern&#225;ndez</dct:creator><dct:creator>Ana Belda-Marco</dct:creator><dct:creator>Isabel Gonz&#225;lez-Galindo</dct:creator><dct:creator>Miriam Hoyo-Juli&#225;</dct:creator><dct:creator>Davinia Ros-Bonanad</dct:creator><dct:creator>Jos&#233;-Miguel Carot Sierra</dct:creator><dct:subject><rdf:Bag><rdf:li>Education</rdf:li><rdf:li>COVID-19</rdf:li><rdf:li>Confinement</rdf:li><rdf:li>School</rdf:li><rdf:li>Children</rdf:li><rdf:li>Spain</rdf:li><rdf:li>Care</rdf:li><rdf:li>Conciliation</rdf:li><rdf:li>Gender</rdf:li></rdf:Bag></dct:subject><dct:description>Data in Brief 39 (2021). doi:10.1016/j.dib.2021.107606</dct:description><prism:aggregationType>journal</prism:aggregationType><prism:publicationName>Data in Brief</prism:publicationName><prism:copyright>&#169; 2021 The Authors. Published by Elsevier Inc.</prism:copyright><dct:publisher>Elsevier Inc.</dct:publisher><prism:issn>2352-3409</prism:issn><prism:volume>39</prism:volume><prism:coverDisplayDate>December 2021</prism:coverDisplayDate><prism:doi>10.1016/j.dib.2021.107606</prism:doi><prism:url>http://dx.doi.org/10.1016/j.dib.2021.107606</prism:url><dct:identifier>doi:10.1016/j.dib.2021.107606</dct:identifier><bam:articleNumber>107606</bam:articleNumber><oa:openAccessInformation><oa:openAccessStatus xmlns:xsi="http://www.w3.org/2001/XMLSchema-instance">http://vtw.elsevier.com/data/voc/oa/OpenAccessStatus#Full</oa:openAccessStatus><oa:openAccessEffective xmlns:xsi="http://www.w3.org/2001/XMLSchema-instance">2021-11-17T19:31:12Z</oa:openAccessEffective><oa:sponsor xmlns:xsi="http://www.w3.org/2001/XMLSchema-instance"><oa:sponsorName>Spain OA journals discount: 2021</oa:sponsorName><oa:sponsorType>http://vtw.elsevier.com/data/voc/oa/SponsorType#FundingBody</oa:sponsorType></oa:sponsor><oa:userLicense xmlns:xsi="http://www.w3.org/2001/XMLSchema-instance">http://creativecommons.org/licenses/by-nc-nd/4.0/</oa:userLicense></oa:openAccessInformation><cp:licenseLine xmlns:xsi="http://www.w3.org/2001/XMLSchema-instance">This is an open access article under the CC BY-NC-ND license.</cp:licenseLine></rdf:Description></rdf:RDF><dp:document-properties><dp:aggregation-type>Journals</dp:aggregation-type><dp:version-number>S300.1</dp:version-number></dp:document-properties><ja:article docsubtype="dat" version="5.6" xml:lang="en"><ja:item-info><ja:jid>DIB</ja:jid><ja:aid>107606</ja:aid><ce:article-number>107606</ce:article-number><ce:pii>S2352-3409(21)00881-7</ce:pii><ce:doi>10.1016/j.dib.2021.107606</ce:doi><ce:copyright type="unknown" year="2021"/></ja:item-info><ja:head><ce:dochead id="dchd0001"><ce:textfn id="dhtxt0001">Data Article</ce:textfn></ce:dochead><ce:title id="tte0002">Survey data on the consequences of COVID-19 and home confinement on the educational community and families in Spain</ce:title><ce:author-group id="aut0001"><ce:author id="au0001" author-id="S2352340921008817-ab8615a9b8fba778faf1b56f3c09922a" orcid="0000-0003-0492-6567"><ce:given-name>Guillermo</ce:given-name><ce:surname>Palau-Salvador</ce:surname><ce:contributor-role role="http://credit.niso.org/contributor-roles/conceptualization">Conceptualization</ce:contributor-role><ce:contributor-role role="http://credit.niso.org/contributor-roles/investigation">Investigation</ce:contributor-role><ce:contributor-role role="http://credit.niso.org/contributor-roles/methodology">Methodology</ce:contributor-role><ce:contributor-role role="http://credit.niso.org/contributor-roles/data-curation">Data curation</ce:contributor-role><ce:contributor-role role="http://credit.niso.org/contributor-roles/writing-review-editing">Writing &#x2013; review &amp; editing</ce:contributor-role><ce:cross-ref refid="aff0001"><ce:sup loc="post">a</ce:sup></ce:cross-ref><ce:cross-ref refid="cor0001"><ce:sup loc="post">&#x204e;</ce:sup></ce:cross-ref><ce:e-address id="ead0001" type="email" xlink:href="mailto:guipasal@agf.upv.es">guipasal@agf.upv.es</ce:e-address><ce:e-address id="ea3" type="social-media" xlink:href="https://twitter.com/guille_upv">@guille_upv</ce:e-address></ce:author><ce:author id="au0002" author-id="S2352340921008817-9f42b8fad52ca3075f27dbc6cd86eb31" orcid="0000-0001-7263-4123"><ce:given-name>Kas</ce:given-name><ce:surname>Sempere</ce:surname><ce:contributor-role role="http://credit.niso.org/contributor-roles/methodology">Methodology</ce:contributor-role><ce:contributor-role role="http://credit.niso.org/contributor-roles/data-curation">Data curation</ce:contributor-role><ce:cross-ref refid="aff0002"><ce:sup loc="post">b</ce:sup></ce:cross-ref></ce:author><ce:author id="au0003" author-id="S2352340921008817-cdfbe3a9b35bf0f6beb52cd421889235" orcid="0000-0001-7342-5729"><ce:given-name>Nerea</ce:given-name><ce:surname>G&#243;mez-Fern&#225;ndez</ce:surname><ce:contributor-role role="http://credit.niso.org/contributor-roles/data-curation">Data curation</ce:contributor-role><ce:contributor-role role="http://credit.niso.org/contributor-roles/writing-original-draft">Writing &#x2013; original draft</ce:contributor-role><ce:cross-ref refid="aff0003"><ce:sup loc="post">c</ce:sup></ce:cross-ref></ce:author><ce:author id="au0004" author-id="S2352340921008817-b8c4fc6af49111d44c9601f4262aa93d"><ce:given-name>Ana</ce:given-name><ce:surname>Belda-Marco</ce:surname><ce:contributor-role role="http://credit.niso.org/contributor-roles/conceptualization">Conceptualization</ce:contributor-role><ce:contributor-role role="http://credit.niso.org/contributor-roles/investigation">Investigation</ce:contributor-role><ce:contributor-role role="http://credit.niso.org/contributor-roles/methodology">Methodology</ce:contributor-role><ce:cross-ref refid="aff0001"><ce:sup loc="post">a</ce:sup></ce:cross-ref></ce:author><ce:author id="au0005" author-id="S2352340921008817-52fa21f3320807bf1e49e8c6e0a1bc66"><ce:given-name>Isabel</ce:given-name><ce:surname>Gonz&#225;lez-Galindo</ce:surname><ce:contributor-role role="http://credit.niso.org/contributor-roles/conceptualization">Conceptualization</ce:contributor-role><ce:contributor-role role="http://credit.niso.org/contributor-roles/investigation">Investigation</ce:contributor-role><ce:contributor-role role="http://credit.niso.org/contributor-roles/methodology">Methodology</ce:contributor-role><ce:cross-ref refid="aff0004"><ce:sup loc="post">d</ce:sup></ce:cross-ref></ce:author><ce:author id="au0006" author-id="S2352340921008817-218f6a4e59a970bfaf6ff958590799e6"><ce:given-name>Miriam</ce:given-name><ce:surname>Hoyo-Juli&#225;</ce:surname><ce:contributor-role role="http://credit.niso.org/contributor-roles/conceptualization">Conceptualization</ce:contributor-role><ce:contributor-role role="http://credit.niso.org/contributor-roles/investigation">Investigation</ce:contributor-role><ce:contributor-role role="http://credit.niso.org/contributor-roles/methodology">Methodology</ce:contributor-role><ce:cross-ref refid="aff0005"><ce:sup loc="post">e</ce:sup></ce:cross-ref></ce:author><ce:author id="au0007" author-id="S2352340921008817-9b9d42e533d29360a72bc88a7225ec02"><ce:given-name>Davinia</ce:given-name><ce:surname>Ros-Bonanad</ce:surname><ce:contributor-role role="http://credit.niso.org/contributor-roles/conceptualization">Conceptualization</ce:contributor-role><ce:contributor-role role="http://credit.niso.org/contributor-roles/investigation">Investigation</ce:contributor-role><ce:contributor-role role="http://credit.niso.org/contributor-roles/methodology">Methodology</ce:contributor-role><ce:cross-ref refid="aff0006"><ce:sup loc="post">f</ce:sup></ce:cross-ref></ce:author><ce:author id="au0008" author-id="S2352340921008817-e3d5146f4e2b18da1bd1b21edc25c347"><ce:given-name>Jos&#233;-Miguel</ce:given-name><ce:surname>Carot Sierra</ce:surname><ce:contributor-role role="http://credit.niso.org/contributor-roles/conceptualization">Conceptualization</ce:contributor-role><ce:contributor-role role="http://credit.niso.org/contributor-roles/investigation">Investigation</ce:contributor-role><ce:contributor-role role="http://credit.niso.org/contributor-roles/methodology">Methodology</ce:contributor-role><ce:contributor-role role="http://credit.niso.org/contributor-roles/data-curation">Data curation</ce:contributor-role><ce:contributor-role role="http://credit.niso.org/contributor-roles/validation">Validation</ce:contributor-role><ce:cross-ref refid="aff0007"><ce:sup loc="post">g</ce:sup></ce:cross-ref></ce:author><ce:affiliation id="aff0001" affiliation-id="S2352340921008817-8ec52df6e0d79a796d548a5ab19318d3"><ce:label>a</ce:label><ce:textfn id="cetextfn0001">INGENIO CSIC-UPV, Universitat Polit&#232;cnica de Val&#232;ncia, Spain</ce:textfn><sa:affiliation><sa:organization>INGENIO CSIC-UPV</sa:organization><sa:organization>Universitat Polit&#232;cnica de Val&#232;ncia</sa:organization><sa:country>Spain</sa:country></sa:affiliation><ce:source-text id="staff0001">aINGENIO CSIC-UPV, Universitat Polit&#232;cnica de Val&#232;ncia, Spain</ce:source-text></ce:affiliation><ce:affiliation id="aff0002" affiliation-id="S2352340921008817-abc8e56c45c90d30338b6c80bc3e079e"><ce:label>b</ce:label><ce:textfn id="cetextfn0002">Sociology Department, Universitat de Val&#232;ncia, Spain, and Open University, United Kingdom</ce:textfn><sa:affiliation><sa:organization>Sociology Department</sa:organization><sa:organization>Universitat de Val&#232;ncia</sa:organization><sa:organization>Spain</sa:organization><sa:organization>and Open University</sa:organization><sa:country>United Kingdom</sa:country></sa:affiliation><ce:source-text id="staff0002">bSociology Department, Universitat de Val&#232;ncia, Spain, and Open University, United Kingdom</ce:source-text></ce:affiliation><ce:affiliation id="aff0003" affiliation-id="S2352340921008817-166e8286d32364ace92ec58924937b2b"><ce:label>c</ce:label><ce:textfn id="cetextfn0003">Centro de Gesti&#243;n de la Calidad y del Cambio, Universitat Polit&#232;cnica de Val&#232;ncia, Spain and Centro Universitario EDEM (Escuela de Empresarios), Spain</ce:textfn><sa:affiliation><sa:organization>Centro de Gesti&#243;n de la Calidad y del Cambio</sa:organization><sa:organization>Universitat Polit&#232;cnica de Val&#232;ncia</sa:organization><sa:organization>Spain and Centro Universitario EDEM (Escuela de Empresarios)</sa:organization><sa:country>Spain</sa:country></sa:affiliation><ce:source-text id="staff0003">cCentro de Gesti&#243;n de la Calidad y del Cambio, Universitat Polit&#232;cnica de Val&#232;ncia, Spain and Centro Universitario EDEM (Escuela de Empresarios), Spain</ce:source-text></ce:affiliation><ce:affiliation id="aff0004" affiliation-id="S2352340921008817-88d3c2c7eb0fe9b911b157b6cd74440c"><ce:label>d</ce:label><ce:textfn id="cetextfn0004">Fent Estudi, Spain</ce:textfn><sa:affiliation><sa:organization>Fent Estudi</sa:organization><sa:country>Spain</sa:country></sa:affiliation><ce:source-text id="staff0004">dFent Estudi, Spain</ce:source-text></ce:affiliation><ce:affiliation id="aff0005" affiliation-id="S2352340921008817-846f285ac03fc105378189210be4524f"><ce:label>e</ce:label><ce:textfn id="cetextfn0005">IES L'OM, Spain</ce:textfn><sa:affiliation><sa:organization>IES L'OM</sa:organization><sa:country>Spain</sa:country></sa:affiliation><ce:source-text id="staff0005">eIES L'OM, Spain</ce:source-text></ce:affiliation><ce:affiliation id="aff0006" affiliation-id="S2352340921008817-bd74275732a36e0a0bf6d1c555e0b14e"><ce:label>f</ce:label><ce:textfn id="cetextfn0006">Architecture school, Universitat Polit&#232;cnica de Val&#232;ncia, Spain</ce:textfn><sa:affiliation><sa:organization>Architecture school</sa:organization><sa:organization>Universitat Polit&#232;cnica de Val&#232;ncia</sa:organization><sa:country>Spain</sa:country></sa:affiliation><ce:source-text id="staff0006">fArchitecture school, Universitat Polit&#232;cnica de Val&#232;ncia, Spain</ce:source-text></ce:affiliation><ce:affiliation id="aff0007" affiliation-id="S2352340921008817-f949f777331cefdb81095bacb6cdddbf"><ce:label>g</ce:label><ce:textfn id="cetextfn0007">Departamento de Estad&#237;stica e Investigaci&#243;n Operativa Aplicadas y Calidad, Universitat Polit&#232;cnica de Val&#232;ncia, Spain</ce:textfn><sa:affiliation><sa:organization>Departamento de Estad&#237;stica e Investigaci&#243;n Operativa Aplicadas y Calidad</sa:organization><sa:organization>Universitat Polit&#232;cnica de Val&#232;ncia</sa:organization><sa:country>Spain</sa:country></sa:affiliation><ce:source-text id="staff0007">gDepartamento de Estad&#237;stica e Investigaci&#243;n Operativa Aplicadas y Calidad, Universitat Polit&#232;cnica de Val&#232;ncia, Spain</ce:source-text></ce:affiliation><ce:correspondence id="cor0001"><ce:label>&#x204e;</ce:label><ce:text id="cetext0001">Corresponding author.</ce:text></ce:correspondence></ce:author-group><ce:date-received day="28" month="7" year="2021"/><ce:date-revised day="3" month="11" year="2021"/><ce:date-accepted day="16" month="11" year="2021"/><ce:abstract id="abs0001" view="all" class="author"><ce:section-title id="cesectitle0001">Abstract</ce:section-title><ce:abstract-sec id="abss0001" view="all"><ce:simple-para id="spara011" view="all">This paper presents a dataset concerning the consequences of the COVID-19 pandemic and home confinement on the educational community and families, and the possibilities and opportunities for the return to schools. Data were collected through an online based cross-sectional survey between June 29, 2020 and July 12, 2020 in Spain. A total of 7,305 people who had children in their care during the COVID-19 crisis and the home-confinement period responded to the survey. The survey contained items concerning (i) socio-demographic information, (ii) conciliation of work, personal and family life during confinement, (iii) the impact of the pandemic on the respondent's family, and (iv) the respondents' opinion on their child(ren)'s return to school. Data were analysed using Stata (version 14) and are represented as frequencies and percentages based on responses to the entire survey. Researchers can use the dataset to analyse how home confinement impacted people with children in their care. Additionally, government authorities and education policymakers can use the data to ensure that schools respond to parents' main concerns in a pandemic context, as well as to be prepared to implement appropriate protocols in possible future similar crisis.</ce:simple-para></ce:abstract-sec></ce:abstract><ce:keywords id="keys0001" view="all" class="keyword"><ce:section-title id="cesectitle0002">Keywords</ce:section-title><ce:keyword id="key0001"><ce:text id="cetext0002">Education</ce:text></ce:keyword><ce:keyword id="key0002"><ce:text id="cetext0003">COVID-19</ce:text></ce:keyword><ce:keyword id="key0003"><ce:text id="cetext0004">Confinement</ce:text></ce:keyword><ce:keyword id="key0004"><ce:text id="cetext0005">School</ce:text></ce:keyword><ce:keyword id="key0005"><ce:text id="cetext0006">Children</ce:text></ce:keyword><ce:keyword id="key0006"><ce:text id="cetext0007">Spain</ce:text></ce:keyword><ce:keyword id="key0007"><ce:text id="cetext0008">Care</ce:text></ce:keyword><ce:keyword id="key0008"><ce:text id="cetext0009">Conciliation</ce:text></ce:keyword><ce:keyword id="key0009"><ce:text id="cetext0010">Gender</ce:text></ce:keyword></ce:keywords></ja:head></ja:article></doc:document>
