<doc:document xmlns:doc="http://www.elsevier.com/xml/document/schema" xmlns:dp="http://www.elsevier.com/xml/common/doc-properties/schema" xmlns:cps="http://www.elsevier.com/xml/common/consyn-properties/schema" xmlns:rdf="http://www.w3.org/1999/02/22-rdf-syntax-ns#" xmlns:dct="http://purl.org/dc/terms/" xmlns:prism="http://prismstandard.org/namespaces/basic/2.0/" xmlns:oa="http://vtw.elsevier.com/data/ns/properties/OpenAccess-1/" xmlns:bam="http://vtw.elsevier.com/data/voc/ns/bam-vtw-1/" xmlns:cp="http://vtw.elsevier.com/data/ns/properties/Copyright-1/" xmlns:cja="http://www.elsevier.com/xml/cja/schema" xmlns:ja="http://www.elsevier.com/xml/ja/schema" xmlns:bk="http://www.elsevier.com/xml/bk/schema" xmlns:ce="http://www.elsevier.com/xml/common/schema" xmlns:mml="http://www.w3.org/1998/Math/MathML" xmlns:cals="http://www.elsevier.com/xml/common/cals/schema" xmlns:tb="http://www.elsevier.com/xml/common/table/schema" xmlns:sa="http://www.elsevier.com/xml/common/struct-aff/schema" xmlns:sb="http://www.elsevier.com/xml/common/struct-bib/schema" xmlns:xlink="http://www.w3.org/1999/xlink"><rdf:RDF><rdf:Description rdf:about="http://dx.doi.org/10.1016/j.dib.2022.107878"><dct:format>application/xml</dct:format><dct:title>Southern inner ring road in Ljubljana: 2021 data set from traffic sensors installed as part of the citizen science project WeCount</dct:title><dct:creator>Lucija A&#x017e;man Momirski</dct:creator><dct:creator>Toma&#x017e; Ber&#x010d;i&#x010d;</dct:creator><dct:subject><rdf:Bag><rdf:li>Traffic data</rdf:li><rdf:li>Cars</rdf:li><rdf:li>Pedestrians</rdf:li><rdf:li>Large vehicles</rdf:li><rdf:li>Bicycles</rdf:li><rdf:li>Citizens science</rdf:li></rdf:Bag></dct:subject><dct:description>Data in Brief, Uncorrected proof. doi:10.1016/j.dib.2022.107878</dct:description><prism:aggregationType>journal</prism:aggregationType><prism:publicationName>Data in Brief</prism:publicationName><prism:copyright>&#169; 2022 The Author(s). Published by Elsevier Inc.</prism:copyright><dct:publisher>Elsevier Inc.</dct:publisher><prism:issn>2352-3409</prism:issn><prism:doi>10.1016/j.dib.2022.107878</prism:doi><prism:url>http://dx.doi.org/10.1016/j.dib.2022.107878</prism:url><dct:identifier>doi:10.1016/j.dib.2022.107878</dct:identifier><bam:articleNumber>107878</bam:articleNumber><oa:openAccessInformation><oa:openAccessStatus xmlns:xsi="http://www.w3.org/2001/XMLSchema-instance">http://vtw.elsevier.com/data/voc/oa/OpenAccessStatus#Full</oa:openAccessStatus><oa:openAccessEffective xmlns:xsi="http://www.w3.org/2001/XMLSchema-instance">2022-01-25T09:54:39Z</oa:openAccessEffective><oa:sponsor xmlns:xsi="http://www.w3.org/2001/XMLSchema-instance"><oa:sponsorName>Slovenia institutions 2022: Gold journals</oa:sponsorName><oa:sponsorType>http://vtw.elsevier.com/data/voc/oa/SponsorType#FundingBody</oa:sponsorType></oa:sponsor><oa:userLicense xmlns:xsi="http://www.w3.org/2001/XMLSchema-instance">http://creativecommons.org/licenses/by-nc-nd/4.0/</oa:userLicense></oa:openAccessInformation><cp:licenseLine xmlns:xsi="http://www.w3.org/2001/XMLSchema-instance">This is an open access article under the CC BY-NC-ND license.</cp:licenseLine></rdf:Description></rdf:RDF><dp:document-properties><dp:aggregation-type>Journals</dp:aggregation-type><dp:version-number>S100.1</dp:version-number></dp:document-properties><ja:article docsubtype="dat" version="5.6" xml:lang="en"><ja:item-info><ja:jid>DIB</ja:jid><ja:aid>107878</ja:aid><ce:article-number>107878</ce:article-number><ce:pii>S2352-3409(22)00090-7</ce:pii><ce:doi>10.1016/j.dib.2022.107878</ce:doi><ce:copyright type="unknown" year="2022"/></ja:item-info><ja:head><ce:dochead id="dchd0001"><ce:textfn id="dhtxt0001">Data Article</ce:textfn></ce:dochead><ce:title id="tte0002">Southern inner ring road in Ljubljana: 2021 data set from traffic sensors installed as part of the citizen science project WeCount</ce:title><ce:author-group id="aut0001"><ce:author id="au0001" author-id="S2352340922000907-2e51a64d155890b75a690e6b8077a73d"><ce:given-name>Lucija A&#x017e;man</ce:given-name><ce:surname>Momirski</ce:surname><ce:cross-ref refid="cor0001"><ce:sup loc="post">&#x204e;</ce:sup></ce:cross-ref><ce:e-address id="ead0001" type="email" xlink:href="mailto:lucija.azman@fa.uni-lj.si">lucija.azman@fa.uni-lj.si</ce:e-address></ce:author><ce:author id="au0002" author-id="S2352340922000907-eb7fc5f52da86319a4f6b0de2baef890" orcid="0000-0002-2272-1605"><ce:given-name>Toma&#x017e;</ce:given-name><ce:surname>Ber&#x010d;i&#x010d;</ce:surname></ce:author><ce:affiliation id="aff0001" affiliation-id="S2352340922000907-ceed59164cfd05f7ff997b919aae634a"><ce:textfn id="cetextfn0001">University of Ljubljana, Faculty of Architecture, Zoisova 12, 1000 Ljubljana, Slovenia</ce:textfn><sa:affiliation><sa:organization>University of Ljubljana</sa:organization><sa:organization>Faculty of Architecture</sa:organization><sa:address-line>Zoisova 12</sa:address-line><sa:city>Ljubljana</sa:city><sa:postal-code>1000</sa:postal-code><sa:country>Slovenia</sa:country></sa:affiliation><ce:source-text id="staff0001">University of Ljubljana, Faculty of Architecture, Zoisova 12, 1000 Ljubljana, Slovenia</ce:source-text></ce:affiliation><ce:correspondence id="cor0001"><ce:label>&#x204e;</ce:label><ce:text id="cetext0001">Corresponding author.</ce:text></ce:correspondence></ce:author-group><ce:date-received day="13" month="12" year="2021"/><ce:date-revised day="18" month="1" year="2022"/><ce:date-accepted day="25" month="1" year="2022"/><ce:abstract id="abs0001" view="all" class="author"><ce:section-title id="cesectitle0001">Abstract</ce:section-title><ce:abstract-sec id="abss0001" view="all"><ce:simple-para id="spara005" view="all">The southern inner ring road in Ljubljana, Slovenia was equipped with low-cost sensors supported by the Telraam integrated platform. The sensors were built with open-source components (Raspberry PI). The software is running, and the counting data is collected and analysed via an internet portal (<ce:inter-ref id="interref0001" xlink:href="http://www.telraam.com" xlink:type="simple">www.telraam.com</ce:inter-ref>). The Telraam sensor counts pedestrians, cyclists, cars and freight/heavy vehicles using the images provided by the device sensor and the analysis performed by the &#x201c;Raspberry Pi&#x201d; (a small computer on which the device is based). The sensor software uses the size and speed of the passing object to determine and classify the different vehicles. The classification is based on the average observed full value and the axis ratio of each observed object (which meets a set of criteria that helps filter out any movement in the field of view that should be associated with road users). The five traffic sensors camera is mounted directly on the inside of the window glass facing the street at varying distances from the road (from 3 to 15 meters), where they count traffic only during daylight hours, update their count every hour and separate car traffic by direction.</ce:simple-para></ce:abstract-sec></ce:abstract><ce:keywords id="keys0001" view="all" class="keyword"><ce:section-title id="cesectitle0002">Keywords</ce:section-title><ce:keyword id="key0001"><ce:text id="cetext5002">Traffic data</ce:text></ce:keyword><ce:keyword id="key0002"><ce:text id="cetext6002">Cars</ce:text></ce:keyword><ce:keyword id="key0003"><ce:text id="cetext7002">Pedestrians</ce:text></ce:keyword><ce:keyword id="key0004"><ce:text id="cetext8002">Large vehicles</ce:text></ce:keyword><ce:keyword id="key0005"><ce:text id="cetext9002">Bicycles</ce:text></ce:keyword><ce:keyword id="key0006"><ce:text id="cetext4002">Citizens science</ce:text></ce:keyword></ce:keywords></ja:head></ja:article></doc:document>
