<doc:document xmlns:doc="http://www.elsevier.com/xml/document/schema" xmlns:dp="http://www.elsevier.com/xml/common/doc-properties/schema" xmlns:cps="http://www.elsevier.com/xml/common/consyn-properties/schema" xmlns:rdf="http://www.w3.org/1999/02/22-rdf-syntax-ns#" xmlns:dct="http://purl.org/dc/terms/" xmlns:prism="http://prismstandard.org/namespaces/basic/2.0/" xmlns:oa="http://vtw.elsevier.com/data/ns/properties/OpenAccess-1/" xmlns:bam="http://vtw.elsevier.com/data/voc/ns/bam-vtw-1/" xmlns:cp="http://vtw.elsevier.com/data/ns/properties/Copyright-1/" xmlns:cja="http://www.elsevier.com/xml/cja/schema" xmlns:ja="http://www.elsevier.com/xml/ja/schema" xmlns:bk="http://www.elsevier.com/xml/bk/schema" xmlns:ce="http://www.elsevier.com/xml/common/schema" xmlns:mml="http://www.w3.org/1998/Math/MathML" xmlns:cals="http://www.elsevier.com/xml/common/cals/schema" xmlns:tb="http://www.elsevier.com/xml/common/table/schema" xmlns:sa="http://www.elsevier.com/xml/common/struct-aff/schema" xmlns:sb="http://www.elsevier.com/xml/common/struct-bib/schema" xmlns:xlink="http://www.w3.org/1999/xlink"><rdf:RDF><rdf:Description rdf:about="http://dx.doi.org/10.1016/j.dib.2022.107851"><dct:format>application/xml</dct:format><dct:title>Effects of process parameters on capsule size and shape in the centrifugal encapsulation technology: Parametric study dataset</dct:title><dct:creator>Matei Badalan</dct:creator><dct:creator>Fr&#233;d&#233;ric Bottausci</dct:creator><dct:creator>Giovanni Ghigliotti</dct:creator><dct:creator>Jean-Luc Achard</dct:creator><dct:creator>Guillaume Balarac</dct:creator><dct:subject><rdf:Bag><rdf:li>Centrifugal microencapsulation</rdf:li><rdf:li>Microfluidics</rdf:li><rdf:li>Alginate hydrogels</rdf:li><rdf:li>Cell therapy</rdf:li><rdf:li>Cell encapsulation</rdf:li></rdf:Bag></dct:subject><dct:description>Data in Brief 41 (2022). doi:10.1016/j.dib.2022.107851</dct:description><prism:aggregationType>journal</prism:aggregationType><prism:publicationName>Data in Brief</prism:publicationName><prism:copyright>&#169; 2022 Published by Elsevier Inc.</prism:copyright><dct:publisher>Elsevier Inc.</dct:publisher><prism:issn>2352-3409</prism:issn><prism:volume>41</prism:volume><prism:coverDisplayDate>April 2022</prism:coverDisplayDate><prism:doi>10.1016/j.dib.2022.107851</prism:doi><prism:url>http://dx.doi.org/10.1016/j.dib.2022.107851</prism:url><dct:identifier>doi:10.1016/j.dib.2022.107851</dct:identifier><bam:articleNumber>107851</bam:articleNumber><oa:openAccessInformation><oa:openAccessStatus xmlns:xsi="http://www.w3.org/2001/XMLSchema-instance">http://vtw.elsevier.com/data/voc/oa/OpenAccessStatus#Full</oa:openAccessStatus><oa:openAccessEffective xmlns:xsi="http://www.w3.org/2001/XMLSchema-instance">2022-01-18T15:32:13Z</oa:openAccessEffective><oa:sponsor xmlns:xsi="http://www.w3.org/2001/XMLSchema-instance"><oa:sponsorType>http://vtw.elsevier.com/data/voc/oa/SponsorType#Author</oa:sponsorType></oa:sponsor><oa:userLicense xmlns:xsi="http://www.w3.org/2001/XMLSchema-instance">http://creativecommons.org/licenses/by/4.0/</oa:userLicense></oa:openAccessInformation><cp:licenseLine xmlns:xsi="http://www.w3.org/2001/XMLSchema-instance">This is an open access article under the CC BY license.</cp:licenseLine></rdf:Description></rdf:RDF><dp:document-properties><dp:aggregation-type>Journals</dp:aggregation-type><dp:version-number>S250.1</dp:version-number></dp:document-properties><ja:article docsubtype="dat" version="5.6" xml:lang="en"><ja:item-info><ja:jid>DIB</ja:jid><ja:aid>107851</ja:aid><ce:article-number>107851</ce:article-number><ce:pii>S2352-3409(22)00063-4</ce:pii><ce:doi>10.1016/j.dib.2022.107851</ce:doi><ce:document-thread><ce:refers-to-document id="ref0001"><ce:pii>S0927-7757(21)01776-3</ce:pii><ce:doi>10.1016/j.colsurfa.2021.127907</ce:doi></ce:refers-to-document></ce:document-thread><ce:copyright type="unknown" year="2022"/></ja:item-info><ja:head><ce:dochead id="dchd0001"><ce:textfn id="dhtxt0001">Data Article</ce:textfn></ce:dochead><ce:title id="tte0002">Effects of process parameters on capsule size and shape in the centrifugal encapsulation technology: Parametric study dataset</ce:title><ce:author-group id="aut0001"><ce:author id="au0001" author-id="S2352340922000634-e21830a0bcaa31f47992b5f5b2b3331b"><ce:given-name>Matei</ce:given-name><ce:surname>Badalan</ce:surname><ce:cross-ref refid="aff0001"><ce:sup loc="post">a</ce:sup></ce:cross-ref><ce:cross-ref refid="aff0002"><ce:sup loc="post">b</ce:sup></ce:cross-ref></ce:author><ce:author id="au0002" author-id="S2352340922000634-b81599ca62b529ed58d4fe8e082b4919"><ce:given-name>Fr&#233;d&#233;ric</ce:given-name><ce:surname>Bottausci</ce:surname><ce:cross-ref refid="aff0001"><ce:sup loc="post">a</ce:sup></ce:cross-ref></ce:author><ce:author id="au0003" author-id="S2352340922000634-94e7c56e81beb5f24ff9a6de8f2107eb"><ce:given-name>Giovanni</ce:given-name><ce:surname>Ghigliotti</ce:surname><ce:cross-ref refid="aff0002"><ce:sup loc="post">b</ce:sup></ce:cross-ref><ce:cross-ref refid="cor0001"><ce:sup loc="post">&#x204e;</ce:sup></ce:cross-ref><ce:e-address id="ead0001" type="email" xlink:href="mailto:giovanni.ghigliotti@univ-grenoble-alpes.fr">giovanni.ghigliotti@univ-grenoble-alpes.fr</ce:e-address></ce:author><ce:author id="au0004" author-id="S2352340922000634-08b19dca16418a4de7aee1216a214ec9"><ce:given-name>Jean-Luc</ce:given-name><ce:surname>Achard</ce:surname><ce:cross-ref refid="aff0001"><ce:sup loc="post">a</ce:sup></ce:cross-ref><ce:cross-ref refid="aff0002"><ce:sup loc="post">b</ce:sup></ce:cross-ref></ce:author><ce:author id="au0005" author-id="S2352340922000634-5805fbbe65a3e1d5f725d1a4d96370cb"><ce:given-name>Guillaume</ce:given-name><ce:surname>Balarac</ce:surname><ce:cross-ref refid="aff0002"><ce:sup loc="post">b</ce:sup></ce:cross-ref><ce:cross-ref refid="aff0003"><ce:sup loc="post">c</ce:sup></ce:cross-ref></ce:author><ce:affiliation id="aff0001" affiliation-id="S2352340922000634-4593e68bb32a64d0250a7c70489a1189"><ce:label>a</ce:label><ce:textfn id="cetextfn0001">Univ. Grenoble Alpes, CEA, LETI, Technologies for Healthcare and biology division, Microfluidic Systems and Bioengineering Lab, 38000 Grenoble, France</ce:textfn><sa:affiliation><sa:organization>Univ. Grenoble Alpes</sa:organization><sa:organization>CEA</sa:organization><sa:organization>LETI</sa:organization><sa:organization>Technologies for Healthcare and biology division</sa:organization><sa:organization>Microfluidic Systems and Bioengineering Lab</sa:organization><sa:city>Grenoble</sa:city><sa:postal-code>38000</sa:postal-code><sa:country>France</sa:country></sa:affiliation><ce:source-text id="staff0001">aUniv. Grenoble Alpes, CEA, LETI, Technologies for Healthcare and biology division, Microfluidic Systems and Bioengineering Lab, 38000 Grenoble, France</ce:source-text></ce:affiliation><ce:affiliation id="aff0002" affiliation-id="S2352340922000634-94b87e83afe511f31520ee545f7ff625"><ce:label>b</ce:label><ce:textfn id="cetextfn0002">Univ. Grenoble Alpes, CNRS, Grenoble INP, LEGI, 38000 Grenoble, France</ce:textfn><sa:affiliation><sa:organization>Univ. Grenoble Alpes</sa:organization><sa:organization>CNRS</sa:organization><sa:organization>Grenoble INP</sa:organization><sa:organization>LEGI</sa:organization><sa:city>Grenoble</sa:city><sa:postal-code>38000</sa:postal-code><sa:country>France</sa:country></sa:affiliation><ce:source-text id="staff0002">bUniv. Grenoble Alpes, CNRS, Grenoble INP, LEGI, 38000 Grenoble, France</ce:source-text></ce:affiliation><ce:affiliation id="aff0003" affiliation-id="S2352340922000634-8d076139f3c43f1d242e7472132d3946"><ce:label>c</ce:label><ce:textfn id="cetextfn0003">Institut Universitaire de France (IUF), Paris, France</ce:textfn><sa:affiliation><sa:organization>Institut Universitaire de France (IUF)</sa:organization><sa:city>Paris</sa:city><sa:country>France</sa:country></sa:affiliation><ce:source-text id="staff0003">cInstitut Universitaire de France (IUF), Paris, France</ce:source-text></ce:affiliation><ce:correspondence id="cor0001"><ce:label>&#x204e;</ce:label><ce:text id="cetext0001">Corresponding author.</ce:text></ce:correspondence></ce:author-group><ce:date-received day="6" month="12" year="2021"/><ce:date-revised day="14" month="1" year="2022"/><ce:date-accepted day="17" month="1" year="2022"/><ce:abstract id="abs0001" view="all" class="author"><ce:section-title id="cesectitle0001">Abstract</ce:section-title><ce:abstract-sec id="abss0001" view="all"><ce:simple-para id="spara009" view="all">Microencapsulation technologies have experienced much growth over the past decades and are commonly used for food, cosmetic, pharmaceutical and biomedical applications. Certain application fields impose stricter requirements on the polymer capsules. In many biomedical applications including bioencapsulation, cell therapy and drug delivery applications, capsules are required to have a controlled shape and size, as well as a defined mechanical stability and porosity.</ce:simple-para><ce:simple-para id="spara010" view="all">This data article reports the alginate capsule production using common centrifugal technology, which enables the production of microcapsules with highly viscous biopolymers. We describe the experimental data generated in a parametric study, where the main control parameters of the centrifugal encapsulation system (alginate viscosity, rotating speed, nozzle diameter, collecting distance) were varied. The geometric properties of the produced hydrogel capsules were analysed by microscope photography and image processing. The dataset presented here contains the experimental data, the raw capsule images, the analysis scripts, the analysed images, and tables with extracted geometric information. All extracted data was compiled into a table containing geometric properties of more than 50000 analysed capsules.</ce:simple-para><ce:simple-para id="spara011" view="all">These data allow (i) to reproduce quickly the encapsulation experiments and be able to choose in a straight-forward manner the combination of parameters needed in order to generate capsules with desired properties; (ii) to create more general phase diagrams of the centrifugal encapsulation technology which can be widely used for prediction and/or parameter selection; (iii) to analyse more thoroughly the sensitivity of capsule properties to given stages of the encapsulation process.</ce:simple-para><ce:simple-para id="spara012" view="all">The research article on these data [1] was published in the journal Colloids and Surfaces A: Physicochemical and Engineering Aspect, with the title: Three-dimensional phase diagram for the centrifugal Calcium-alginate microcapsules production technology.</ce:simple-para></ce:abstract-sec></ce:abstract><ce:keywords id="keys0001" view="all" class="keyword"><ce:section-title id="cesectitle0002">Keywords</ce:section-title><ce:keyword id="key0001"><ce:text id="cetext0002">Centrifugal microencapsulation</ce:text></ce:keyword><ce:keyword id="key0002"><ce:text id="cetext0003">Microfluidics</ce:text></ce:keyword><ce:keyword id="key0003"><ce:text id="cetext0004">Alginate hydrogels</ce:text></ce:keyword><ce:keyword id="key0004"><ce:text id="cetext0005">Cell therapy</ce:text></ce:keyword><ce:keyword id="key0005"><ce:text id="cetext0006">Cell encapsulation</ce:text></ce:keyword></ce:keywords></ja:head></ja:article></doc:document>
