<doc:document xmlns:doc="http://www.elsevier.com/xml/document/schema" xmlns:dp="http://www.elsevier.com/xml/common/doc-properties/schema" xmlns:cps="http://www.elsevier.com/xml/common/consyn-properties/schema" xmlns:rdf="http://www.w3.org/1999/02/22-rdf-syntax-ns#" xmlns:dct="http://purl.org/dc/terms/" xmlns:prism="http://prismstandard.org/namespaces/basic/2.0/" xmlns:oa="http://vtw.elsevier.com/data/ns/properties/OpenAccess-1/" xmlns:bam="http://vtw.elsevier.com/data/voc/ns/bam-vtw-1/" xmlns:cp="http://vtw.elsevier.com/data/ns/properties/Copyright-1/" xmlns:cja="http://www.elsevier.com/xml/cja/schema" xmlns:ja="http://www.elsevier.com/xml/ja/schema" xmlns:bk="http://www.elsevier.com/xml/bk/schema" xmlns:ce="http://www.elsevier.com/xml/common/schema" xmlns:mml="http://www.w3.org/1998/Math/MathML" xmlns:cals="http://www.elsevier.com/xml/common/cals/schema" xmlns:tb="http://www.elsevier.com/xml/common/table/schema" xmlns:sa="http://www.elsevier.com/xml/common/struct-aff/schema" xmlns:sb="http://www.elsevier.com/xml/common/struct-bib/schema" xmlns:xlink="http://www.w3.org/1999/xlink"><rdf:RDF><rdf:Description rdf:about="http://dx.doi.org/10.1016/j.dib.2021.107479"><dct:format>application/xml</dct:format><dct:title>An extensive dataset of handwritten central Kurdish isolated characters</dct:title><dct:creator>Rebin M. Ahmed</dct:creator><dct:creator>Tarik A. Rashid</dct:creator><dct:creator>Polla Fatah</dct:creator><dct:creator>Abeer Alsadoon</dct:creator><dct:creator>Seyedali Mirjalili</dct:creator><dct:subject><rdf:Bag><rdf:li>Handwritten characters</rdf:li><rdf:li>Central Kurdish</rdf:li><rdf:li>Kurdish character recognition</rdf:li><rdf:li>Images of characters</rdf:li></rdf:Bag></dct:subject><dct:description>Data in Brief 39 (2021). doi:10.1016/j.dib.2021.107479</dct:description><prism:aggregationType>journal</prism:aggregationType><prism:publicationName>Data in Brief</prism:publicationName><prism:copyright>&#169; 2021 The Author(s). Published by Elsevier Inc.</prism:copyright><dct:publisher>Elsevier Inc.</dct:publisher><prism:issn>2352-3409</prism:issn><prism:volume>39</prism:volume><prism:coverDisplayDate>December 2021</prism:coverDisplayDate><prism:doi>10.1016/j.dib.2021.107479</prism:doi><prism:url>http://dx.doi.org/10.1016/j.dib.2021.107479</prism:url><dct:identifier>doi:10.1016/j.dib.2021.107479</dct:identifier><bam:articleNumber>107479</bam:articleNumber><oa:openAccessInformation><oa:openAccessStatus xmlns:xsi="http://www.w3.org/2001/XMLSchema-instance">http://vtw.elsevier.com/data/voc/oa/OpenAccessStatus#Full</oa:openAccessStatus><oa:openAccessEffective xmlns:xsi="http://www.w3.org/2001/XMLSchema-instance">2021-10-12T12:58:18Z</oa:openAccessEffective><oa:sponsor xmlns:xsi="http://www.w3.org/2001/XMLSchema-instance"><oa:sponsorType>http://vtw.elsevier.com/data/voc/oa/SponsorType#Author</oa:sponsorType></oa:sponsor><oa:userLicense xmlns:xsi="http://www.w3.org/2001/XMLSchema-instance">http://creativecommons.org/licenses/by/4.0/</oa:userLicense></oa:openAccessInformation><cp:licenseLine xmlns:xsi="http://www.w3.org/2001/XMLSchema-instance">This is an open access article under the CC BY license.</cp:licenseLine></rdf:Description></rdf:RDF><dp:document-properties><dp:aggregation-type>Journals</dp:aggregation-type><dp:version-number>S300.1</dp:version-number></dp:document-properties><ja:article docsubtype="dat" version="5.6" xml:lang="en"><ja:item-info><ja:jid>DIB</ja:jid><ja:aid>107479</ja:aid><ce:article-number>107479</ce:article-number><ce:pii>S2352-3409(21)00760-5</ce:pii><ce:doi>10.1016/j.dib.2021.107479</ce:doi><ce:copyright type="unknown" year="2021"/></ja:item-info><ja:head><ce:dochead id="dchd0001"><ce:textfn id="dhtxt0001">Data Article</ce:textfn></ce:dochead><ce:title id="tte0002">An extensive dataset of handwritten central Kurdish isolated characters</ce:title><ce:author-group id="aut0001"><ce:author id="au0001" author-id="S2352340921007605-eb2a72ad476a537b469fe92dd31e8b7c"><ce:given-name>Rebin M.</ce:given-name><ce:surname>Ahmed</ce:surname><ce:contributor-role role="http://credit.niso.org/contributor-roles/data-curation">Data curation</ce:contributor-role><ce:contributor-role role="http://credit.niso.org/contributor-roles/conceptualization">Conceptualization</ce:contributor-role><ce:contributor-role role="http://credit.niso.org/contributor-roles/methodology">Methodology</ce:contributor-role><ce:contributor-role role="http://credit.niso.org/contributor-roles/writing-review-editing">Writing &#x2013; review &amp; editing</ce:contributor-role><ce:cross-ref refid="aff0001"><ce:sup loc="post">a</ce:sup></ce:cross-ref></ce:author><ce:author id="au0002" author-id="S2352340921007605-0c9ebad64892b8322ce61a39c1614a6a" orcid="0000-0002-8661-258X"><ce:given-name>Tarik A.</ce:given-name><ce:surname>Rashid</ce:surname><ce:contributor-role role="http://credit.niso.org/contributor-roles/methodology">Methodology</ce:contributor-role><ce:contributor-role role="http://credit.niso.org/contributor-roles/supervision">Supervision</ce:contributor-role><ce:contributor-role role="http://credit.niso.org/contributor-roles/validation">Validation</ce:contributor-role><ce:contributor-role role="http://credit.niso.org/contributor-roles/writing-review-editing">Writing &#x2013; review &amp; editing</ce:contributor-role><ce:cross-ref refid="aff0002"><ce:sup loc="post">b</ce:sup></ce:cross-ref><ce:cross-ref refid="cor0001"><ce:sup loc="post">&#x204e;</ce:sup></ce:cross-ref><ce:e-address id="ead0001" type="email" xlink:href="mailto:Tarik.ahmed@ukh.edu.krd">Tarik.ahmed@ukh.edu.krd</ce:e-address></ce:author><ce:author id="au0003" author-id="S2352340921007605-dfb6bad079e81660141da1d30929c8f7"><ce:given-name>Polla</ce:given-name><ce:surname>Fatah</ce:surname><ce:contributor-role role="http://credit.niso.org/contributor-roles/methodology">Methodology</ce:contributor-role><ce:cross-ref refid="aff0003"><ce:sup loc="post">c</ce:sup></ce:cross-ref></ce:author><ce:author id="au0004" author-id="S2352340921007605-1325c352034d7c43dc9635c30c53c6bc"><ce:given-name>Abeer</ce:given-name><ce:surname>Alsadoon</ce:surname><ce:contributor-role role="http://credit.niso.org/contributor-roles/supervision">Supervision</ce:contributor-role><ce:cross-ref refid="aff0004"><ce:sup loc="post">d</ce:sup></ce:cross-ref><ce:cross-ref refid="aff0005"><ce:sup loc="post">e</ce:sup></ce:cross-ref><ce:cross-ref refid="aff0006"><ce:sup loc="post">f</ce:sup></ce:cross-ref></ce:author><ce:author id="au0005" author-id="S2352340921007605-bb799f8d502d64a54b527739086ac671"><ce:given-name>Seyedali</ce:given-name><ce:surname>Mirjalili</ce:surname><ce:contributor-role role="http://credit.niso.org/contributor-roles/writing-review-editing">Writing &#x2013; review &amp; editing</ce:contributor-role><ce:cross-ref refid="aff0007"><ce:sup loc="post">g</ce:sup></ce:cross-ref><ce:cross-ref refid="aff0008"><ce:sup loc="post">h</ce:sup></ce:cross-ref></ce:author><ce:affiliation id="aff0001" affiliation-id="S2352340921007605-4abed6180185e3b05a25d1c77651b846"><ce:label>a</ce:label><ce:textfn id="cetextfn0001">IT Department, Tishk International University, Erbil, Iraq</ce:textfn><sa:affiliation><sa:organization>IT Department</sa:organization><sa:organization>Tishk International University</sa:organization><sa:city>Erbil</sa:city><sa:country>Iraq</sa:country></sa:affiliation><ce:source-text id="staff0001">aIT Department, Tishk International University, Erbil, Iraq</ce:source-text></ce:affiliation><ce:affiliation id="aff0002" affiliation-id="S2352340921007605-8489cc6af9133a0e8601b62779439c5b"><ce:label>b</ce:label><ce:textfn id="cetextfn0002">Computer Science and Engineering Department, University of Kurdistan-Hawl&#234;r, Erbil, Iraq</ce:textfn><sa:affiliation><sa:organization>Computer Science and Engineering Department</sa:organization><sa:organization>University of Kurdistan-Hawl&#234;r</sa:organization><sa:city>Erbil</sa:city><sa:country>Iraq</sa:country></sa:affiliation><ce:source-text id="staff0002">bComputer Science and Engineering Department, University of Kurdistan-Hawl&#234;r, Erbil, Iraq</ce:source-text></ce:affiliation><ce:affiliation id="aff0003" affiliation-id="S2352340921007605-4d8da117b808f65814c03daaae0d2cbe"><ce:label>c</ce:label><ce:textfn id="cetextfn0003">Sallahadin University-Erbil, Erbil, Iraq</ce:textfn><sa:affiliation><sa:organization>Sallahadin University-Erbil</sa:organization><sa:city>Erbil</sa:city><sa:country>Iraq</sa:country></sa:affiliation><ce:source-text id="staff0003">cSallahadin University-Erbil, Erbil, Iraq</ce:source-text></ce:affiliation><ce:affiliation id="aff0004" affiliation-id="S2352340921007605-28f223a4113d03b576539789a0e8d31c"><ce:label>d</ce:label><ce:textfn id="cetextfn0004">School of Computer Data and Mathematical Sciences, Western Sydney University (WSU), Sydney, Australia</ce:textfn><sa:affiliation><sa:organization>Charles Sturt University</sa:organization><sa:city>Sydney</sa:city><sa:country>Australia</sa:country></sa:affiliation><ce:source-text id="staff0004">dCharles Sturt University, Sydney, Australia</ce:source-text></ce:affiliation><ce:affiliation id="aff0005" affiliation-id="S2352340921007605-d6d271f32ed6776d3e484e671700f637"><ce:label>e</ce:label><ce:textfn>Kent Institute Australia, Sydney, Australia</ce:textfn><sa:affiliation><sa:organization>Kent Institute Australia</sa:organization><sa:city>Sydney</sa:city><sa:country>Australia</sa:country></sa:affiliation><ce:source-text id="srctaff0005">Kent Institute Australia, Sydney, Australia</ce:source-text></ce:affiliation><ce:affiliation id="aff0006" affiliation-id="S2352340921007605-499b5f34375ff306e6b70a86e2d73a89"><ce:label>f</ce:label><ce:textfn>Asia Pacific International College (APIC), Sydney, Australia</ce:textfn><sa:affiliation><sa:organization>Asia Pacific International College (APIC)</sa:organization><sa:city>Sydney</sa:city><sa:country>Australia</sa:country></sa:affiliation><ce:source-text id="srctaff0006">Asia Pacific International College (APIC), Sydney, Australia</ce:source-text></ce:affiliation><ce:affiliation id="aff0007" affiliation-id="S2352340921007605-2dcf06734dca8ca10419302e334cb4f8"><ce:label>g</ce:label><ce:textfn id="cetextfn0005">Centre for Artificial Intelligence Research and Optimisation, Torrens University, Australia</ce:textfn><sa:affiliation><sa:organization>Centre for Artificial Intelligence Research and Optimisation</sa:organization><sa:organization>Torrens University</sa:organization><sa:country>Australia</sa:country></sa:affiliation><ce:source-text id="staff0007">eCentre for Artificial Intelligence Research and Optimisation, Torrens University, Australia</ce:source-text></ce:affiliation><ce:affiliation id="aff0008" affiliation-id="S2352340921007605-1a19123851ff8c98dbdbeff859675177"><ce:label>h</ce:label><ce:textfn id="cetextfn0006">Yonsei Frontier Lab, Yonsei University, Seoul, South Korea</ce:textfn><sa:affiliation><sa:organization>Yonsei Frontier Lab</sa:organization><sa:organization>Yonsei University</sa:organization><sa:city>Seoul</sa:city><sa:country>South Korea</sa:country></sa:affiliation><ce:source-text id="staff0008">fYonsei Frontier Lab, Yonsei University, Seoul, South Korea</ce:source-text></ce:affiliation><ce:correspondence id="cor0001"><ce:label>&#x204e;</ce:label><ce:text id="cetext0001">Corresponding author.</ce:text></ce:correspondence></ce:author-group><ce:date-received day="16" month="4" year="2021"/><ce:date-revised day="29" month="6" year="2021"/><ce:date-accepted day="5" month="10" year="2021"/><ce:abstract id="abs0001" view="all" class="author"><ce:section-title id="cesectitle0001">Abstract</ce:section-title><ce:abstract-sec id="abss0001" view="all"><ce:simple-para id="spara010" view="all">To collect the handwritten format of separate Kurdish characters, each character has been printed on a grid of 14&#160;&#215;&#160;9 of A4 paper. Each paper is filled with only one printed character so that the volunteers know what character should be written in each paper. Then each paper has been scanned, spliced, and cropped with a macro in photoshop to make sure the same process is applied for all characters. The grids of the characters have been filled mainly by volunteers of students from multiple universities in Erbil.</ce:simple-para></ce:abstract-sec></ce:abstract><ce:keywords id="keys0001" view="all" class="keyword"><ce:section-title id="cesectitle0002">Keywords</ce:section-title><ce:keyword id="key0001"><ce:text id="cetext0002">Handwritten characters</ce:text></ce:keyword><ce:keyword id="key0002"><ce:text id="cetext0003">Central Kurdish</ce:text></ce:keyword><ce:keyword id="key0003"><ce:text id="cetext0004">Kurdish character recognition</ce:text></ce:keyword><ce:keyword id="key0004"><ce:text id="cetext0005">Images of characters</ce:text></ce:keyword></ce:keywords></ja:head></ja:article></doc:document>
