<doc:document xmlns:doc="http://www.elsevier.com/xml/document/schema" xmlns:dp="http://www.elsevier.com/xml/common/doc-properties/schema" xmlns:cps="http://www.elsevier.com/xml/common/consyn-properties/schema" xmlns:rdf="http://www.w3.org/1999/02/22-rdf-syntax-ns#" xmlns:dct="http://purl.org/dc/terms/" xmlns:prism="http://prismstandard.org/namespaces/basic/2.0/" xmlns:oa="http://vtw.elsevier.com/data/ns/properties/OpenAccess-1/" xmlns:bam="http://vtw.elsevier.com/data/voc/ns/bam-vtw-1/" xmlns:cp="http://vtw.elsevier.com/data/ns/properties/Copyright-1/" xmlns:cja="http://www.elsevier.com/xml/cja/schema" xmlns:ja="http://www.elsevier.com/xml/ja/schema" xmlns:bk="http://www.elsevier.com/xml/bk/schema" xmlns:ce="http://www.elsevier.com/xml/common/schema" xmlns:mml="http://www.w3.org/1998/Math/MathML" xmlns:cals="http://www.elsevier.com/xml/common/cals/schema" xmlns:tb="http://www.elsevier.com/xml/common/table/schema" xmlns:sa="http://www.elsevier.com/xml/common/struct-aff/schema" xmlns:sb="http://www.elsevier.com/xml/common/struct-bib/schema" xmlns:xlink="http://www.w3.org/1999/xlink"><rdf:RDF><rdf:Description rdf:about="http://dx.doi.org/10.1016/j.dib.2021.107584"><dct:format>application/xml</dct:format><dct:title>Dataset of numerical simulations for aeroelastic control of an aero engine compressor cascade using plasma actuators</dct:title><dct:creator>Maria Grazia De Giorgi</dct:creator><dct:creator>Valentina Motta</dct:creator><dct:creator>Antonio Suma</dct:creator><dct:creator>Alessia Lafor&#236;</dct:creator><dct:subject><rdf:Bag><rdf:li>Load alleviation</rdf:li><rdf:li>Cascade</rdf:li><rdf:li>Flutter</rdf:li><rdf:li>AC-DBD plasma</rdf:li><rdf:li>Flow control</rdf:li><rdf:li>Unsteady flow</rdf:li></rdf:Bag></dct:subject><dct:description>Data in Brief 39 (2021). doi:10.1016/j.dib.2021.107584</dct:description><prism:aggregationType>journal</prism:aggregationType><prism:publicationName>Data in Brief</prism:publicationName><prism:copyright>&#169; 2021 The Authors. Published by Elsevier Inc.</prism:copyright><dct:publisher>Elsevier Inc.</dct:publisher><prism:issn>2352-3409</prism:issn><prism:volume>39</prism:volume><prism:coverDisplayDate>December 2021</prism:coverDisplayDate><prism:doi>10.1016/j.dib.2021.107584</prism:doi><prism:url>http://dx.doi.org/10.1016/j.dib.2021.107584</prism:url><dct:identifier>doi:10.1016/j.dib.2021.107584</dct:identifier><bam:articleNumber>107584</bam:articleNumber><oa:openAccessInformation><oa:openAccessStatus xmlns:xsi="http://www.w3.org/2001/XMLSchema-instance">http://vtw.elsevier.com/data/voc/oa/OpenAccessStatus#Full</oa:openAccessStatus><oa:openAccessEffective xmlns:xsi="http://www.w3.org/2001/XMLSchema-instance">2021-11-12T13:26:55Z</oa:openAccessEffective><oa:sponsor xmlns:xsi="http://www.w3.org/2001/XMLSchema-instance"><oa:sponsorType>http://vtw.elsevier.com/data/voc/oa/SponsorType#ElsevierWaived</oa:sponsorType></oa:sponsor><oa:userLicense xmlns:xsi="http://www.w3.org/2001/XMLSchema-instance">http://creativecommons.org/licenses/by/4.0/</oa:userLicense></oa:openAccessInformation><cp:licenseLine xmlns:xsi="http://www.w3.org/2001/XMLSchema-instance">This is an open access article under the CC BY license.</cp:licenseLine></rdf:Description></rdf:RDF><dp:document-properties><dp:aggregation-type>Journals</dp:aggregation-type><dp:version-number>S300.1</dp:version-number></dp:document-properties><ja:article docsubtype="dat" version="5.6" xml:lang="en"><ja:item-info><ja:jid>DIB</ja:jid><ja:aid>107584</ja:aid><ce:article-number>107584</ce:article-number><ce:pii>S2352-3409(21)00859-3</ce:pii><ce:doi>10.1016/j.dib.2021.107584</ce:doi><ce:document-thread><ce:refers-to-document id="ref0001"><ce:pii>S1270-9638(21)00412-0</ce:pii><ce:doi>10.1016/j.ast.2021.106902</ce:doi></ce:refers-to-document></ce:document-thread><ce:copyright type="unknown" year="2021"/></ja:item-info><ja:head><ce:article-footnote><ce:note-para id="np001a" view="all">Given his role as Section Editor of this journal, Maria Grazia De Giorgi had no involvement in the peer-review of this article and has no access to information regarding its peer-review.</ce:note-para></ce:article-footnote><ce:dochead id="dchd0001"><ce:textfn id="dhtxt0001">Data Article</ce:textfn></ce:dochead><ce:title id="tte0002">Dataset of numerical simulations for aeroelastic control of an aero engine compressor cascade using plasma actuators</ce:title><ce:author-group id="aut0001"><ce:author id="au0001" author-id="S2352340921008593-18250a6bce69fa06aa3a2fca5a15fc60"><ce:given-name>Maria Grazia</ce:given-name><ce:surname>De Giorgi</ce:surname><ce:cross-ref refid="aff0001"><ce:sup loc="post">a</ce:sup></ce:cross-ref><ce:cross-ref refid="cor0001"><ce:sup loc="post">&#x204e;</ce:sup></ce:cross-ref><ce:e-address id="ead0001" type="email" xlink:href="mailto:mariagrazia.degiorgi@unisalento.it">mariagrazia.degiorgi@unisalento.it</ce:e-address><ce:e-address id="ead0002" type="email" xlink:href="mailto:mgdegiorgi@virgilio.it">mgdegiorgi@virgilio.it</ce:e-address></ce:author><ce:author id="au0002" author-id="S2352340921008593-5fb3793ec2b30e7dbee3f563b8a57174" orcid="0000-0002-2830-2129"><ce:given-name>Valentina</ce:given-name><ce:surname>Motta</ce:surname><ce:cross-ref refid="aff0002"><ce:sup loc="post">b</ce:sup></ce:cross-ref></ce:author><ce:author id="au0003" author-id="S2352340921008593-b0421bc32c7d59280faa694f05919b30"><ce:given-name>Antonio</ce:given-name><ce:surname>Suma</ce:surname><ce:cross-ref refid="aff0001"><ce:sup loc="post">a</ce:sup></ce:cross-ref></ce:author><ce:author id="au0004" author-id="S2352340921008593-c10343ccf007c0218d1cb13cb26f4829"><ce:given-name>Alessia</ce:given-name><ce:surname>Lafor&#236;</ce:surname><ce:cross-ref refid="aff0001"><ce:sup loc="post">a</ce:sup></ce:cross-ref></ce:author><ce:affiliation id="aff0001" affiliation-id="S2352340921008593-03b7c7d71963b882a2e877d417d4dddc"><ce:label>a</ce:label><ce:textfn id="cetextfn0001">Department Engineering for Innovation, University of Salento, Via per Monteroni, 73100 Lecce, Italy</ce:textfn><sa:affiliation><sa:organization>Department Engineering for Innovation</sa:organization><sa:address-line>Via per Monteroni</sa:address-line><sa:city>Lecce</sa:city><sa:postal-code>73100</sa:postal-code><sa:country>Italy</sa:country></sa:affiliation><ce:source-text id="staff0001">aDepartment Engineering for Innovation, University of Salento, Via per Monteroni, 73100 Lecce, Italy</ce:source-text></ce:affiliation><ce:affiliation id="aff0002" affiliation-id="S2352340921008593-dfed737c0c960c62dd599c3c320f312b"><ce:label>b</ce:label><ce:textfn id="cetextfn0002">General Electric, Advanced Technology &amp; Sciences, Franklinstra&#223;e 14, 10587 Berlin, Germany</ce:textfn><sa:affiliation><sa:organization>General Electric</sa:organization><sa:organization>Advanced Technology &amp; Sciences</sa:organization><sa:address-line>Franklinstra&#223;e 14</sa:address-line><sa:city>Berlin</sa:city><sa:postal-code>10587</sa:postal-code><sa:country>Germany</sa:country></sa:affiliation><ce:source-text id="staff0002">bGeneral Electric, Advanced Technology &amp; Sciences, Franklinstra&#223;e 14, 10587 Berlin, Germany</ce:source-text></ce:affiliation><ce:correspondence id="cor0001"><ce:label>&#x204e;</ce:label><ce:text id="cetext0001">Corresponding author.</ce:text></ce:correspondence></ce:author-group><ce:date-received day="24" month="6" year="2021"/><ce:date-revised day="24" month="9" year="2021"/><ce:date-accepted day="1" month="11" year="2021"/><ce:abstract id="abs0001" view="all" class="author"><ce:section-title id="cesectitle0001">Abstract</ce:section-title><ce:abstract-sec id="abss0001" view="all"><ce:simple-para id="spara005" view="all">The dataset presented here regard the analysis reported in the research article entitled &#x201c;Comparison of different plasma actuation strategies for aeroelastic control on a linear compressor cascade&#x201d; De Giorgi et&#160;al. (2021) [1]. These data are related to the Computational Fluid Dynamics (CFD) assessment of different plasma actuation strategies for the aeroelastic control of an aero engine compressor cascade in subsonic flow conditions. The authors evaluated the accuracy of numerical computations using experimental results. Here, both experimental and raw data of the CFD simulations are presented.</ce:simple-para></ce:abstract-sec></ce:abstract><ce:keywords id="keys0001" view="all" class="keyword"><ce:section-title id="cesectitle0002">Keywords</ce:section-title><ce:keyword id="key0001"><ce:text id="cetext0002">Load alleviation</ce:text></ce:keyword><ce:keyword id="key0001a"><ce:text id="cetext0002a">Cascade</ce:text></ce:keyword><ce:keyword id="key0001b"><ce:text id="cetext0002b">Flutter</ce:text></ce:keyword><ce:keyword id="key0001c"><ce:text id="cetext0002c">AC-DBD plasma</ce:text></ce:keyword><ce:keyword id="key0001d"><ce:text id="cetext0002d">Flow control</ce:text></ce:keyword><ce:keyword id="key0001e"><ce:text id="cetext0002e">Unsteady flow</ce:text></ce:keyword></ce:keywords></ja:head></ja:article></doc:document>
