<doc:document xmlns:doc="http://www.elsevier.com/xml/document/schema" xmlns:dp="http://www.elsevier.com/xml/common/doc-properties/schema" xmlns:cps="http://www.elsevier.com/xml/common/consyn-properties/schema" xmlns:rdf="http://www.w3.org/1999/02/22-rdf-syntax-ns#" xmlns:dct="http://purl.org/dc/terms/" xmlns:prism="http://prismstandard.org/namespaces/basic/2.0/" xmlns:oa="http://vtw.elsevier.com/data/ns/properties/OpenAccess-1/" xmlns:bam="http://vtw.elsevier.com/data/voc/ns/bam-vtw-1/" xmlns:cp="http://vtw.elsevier.com/data/ns/properties/Copyright-1/" xmlns:cja="http://www.elsevier.com/xml/cja/schema" xmlns:ja="http://www.elsevier.com/xml/ja/schema" xmlns:bk="http://www.elsevier.com/xml/bk/schema" xmlns:ce="http://www.elsevier.com/xml/common/schema" xmlns:mml="http://www.w3.org/1998/Math/MathML" xmlns:cals="http://www.elsevier.com/xml/common/cals/schema" xmlns:tb="http://www.elsevier.com/xml/common/table/schema" xmlns:sa="http://www.elsevier.com/xml/common/struct-aff/schema" xmlns:sb="http://www.elsevier.com/xml/common/struct-bib/schema" xmlns:xlink="http://www.w3.org/1999/xlink"><rdf:RDF><rdf:Description rdf:about="http://dx.doi.org/10.1016/j.dib.2021.107653"><dct:format>application/xml</dct:format><dct:title>Assessment of genomic alterations in non-syndromic von Hippel-Lindau: Insight from integrating somatic and germline next generation sequencing genomic data</dct:title><dct:creator>Danielle K. Manning</dct:creator><dct:creator>Priyanka Shivdasani</dct:creator><dct:creator>Diane R. Koeller</dct:creator><dct:creator>Alison Schwartz</dct:creator><dct:creator>Huma Q. Rana</dct:creator><dct:creator>Judy E. Garber</dct:creator><dct:creator>Neal I. Lindeman</dct:creator><dct:creator>Arezou A. Ghazani</dct:creator><dct:subject><rdf:Bag><rdf:li>Matched tumor-germline data</rdf:li><rdf:li>Von Hippel-Lindau</rdf:li><rdf:li>VHL gene</rdf:li><rdf:li>Next generation sequencing</rdf:li><rdf:li>Renal cell carcinoma</rdf:li><rdf:li>Hemangioblastoma</rdf:li></rdf:Bag></dct:subject><dct:description>Data in Brief 39 (2021). doi:10.1016/j.dib.2021.107653</dct:description><prism:aggregationType>journal</prism:aggregationType><prism:publicationName>Data in Brief</prism:publicationName><prism:copyright>&#169; 2021 The Authors. Published by Elsevier Inc.</prism:copyright><dct:publisher>Elsevier Inc.</dct:publisher><prism:issn>2352-3409</prism:issn><prism:volume>39</prism:volume><prism:coverDisplayDate>December 2021</prism:coverDisplayDate><prism:doi>10.1016/j.dib.2021.107653</prism:doi><prism:url>http://dx.doi.org/10.1016/j.dib.2021.107653</prism:url><dct:identifier>doi:10.1016/j.dib.2021.107653</dct:identifier><bam:articleNumber>107653</bam:articleNumber><oa:openAccessInformation><oa:openAccessStatus xmlns:xsi="http://www.w3.org/2001/XMLSchema-instance">http://vtw.elsevier.com/data/voc/oa/OpenAccessStatus#Full</oa:openAccessStatus><oa:openAccessEffective xmlns:xsi="http://www.w3.org/2001/XMLSchema-instance">2021-11-27T10:29:13Z</oa:openAccessEffective><oa:sponsor xmlns:xsi="http://www.w3.org/2001/XMLSchema-instance"><oa:sponsorType>http://vtw.elsevier.com/data/voc/oa/SponsorType#Author</oa:sponsorType></oa:sponsor><oa:userLicense xmlns:xsi="http://www.w3.org/2001/XMLSchema-instance">http://creativecommons.org/licenses/by/4.0/</oa:userLicense></oa:openAccessInformation><cp:licenseLine xmlns:xsi="http://www.w3.org/2001/XMLSchema-instance">This is an open access article under the CC BY license.</cp:licenseLine></rdf:Description></rdf:RDF><dp:document-properties><dp:aggregation-type>Journals</dp:aggregation-type><dp:version-number>S300.1</dp:version-number></dp:document-properties><ja:article docsubtype="dat" version="5.6" xml:lang="en"><ja:item-info><ja:jid>DIB</ja:jid><ja:aid>107653</ja:aid><ce:article-number>107653</ce:article-number><ce:pii>S2352-3409(21)00928-8</ce:pii><ce:doi>10.1016/j.dib.2021.107653</ce:doi><ce:document-thread><ce:refers-to-document id="ref0001"><ce:pii>S1769-7212(21)00225-1</ce:pii><ce:doi>10.1016/j.ejmg.2021.104359</ce:doi></ce:refers-to-document></ce:document-thread><ce:copyright type="unknown" year="2021"/></ja:item-info><ja:head><ce:dochead id="dchd0001"><ce:textfn id="dhtxt0001">Data Article</ce:textfn></ce:dochead><ce:title id="tte0002">Assessment of genomic alterations in non-syndromic von Hippel-Lindau: Insight from integrating somatic and germline next generation sequencing genomic data</ce:title><ce:author-group id="aut0001"><ce:author id="au0001" author-id="S2352340921009288-f8cc70cf2729ed33d89c46423021c6be"><ce:given-name>Danielle K.</ce:given-name><ce:surname>Manning</ce:surname><ce:cross-ref refid="aff0001"><ce:sup loc="post">a</ce:sup></ce:cross-ref></ce:author><ce:author id="au0002" author-id="S2352340921009288-59c6fd014d1eb474eead687007ad7321"><ce:given-name>Priyanka</ce:given-name><ce:surname>Shivdasani</ce:surname><ce:cross-ref refid="aff0001"><ce:sup loc="post">a</ce:sup></ce:cross-ref></ce:author><ce:author id="au0003" author-id="S2352340921009288-becc72cbb6a6f4f7d5a75462496b07c1" orcid="0000-0003-1217-9514"><ce:given-name>Diane R.</ce:given-name><ce:surname>Koeller</ce:surname><ce:cross-ref refid="aff0002"><ce:sup loc="post">b</ce:sup></ce:cross-ref></ce:author><ce:author id="au0004" author-id="S2352340921009288-115245b3b89aa253e5d321e3587ee24c"><ce:given-name>Alison</ce:given-name><ce:surname>Schwartz</ce:surname><ce:cross-ref refid="aff0002"><ce:sup loc="post">b</ce:sup></ce:cross-ref></ce:author><ce:author id="au0005" author-id="S2352340921009288-01132288d8ee1e6e92a241d2bb97bc6c"><ce:given-name>Huma Q.</ce:given-name><ce:surname>Rana</ce:surname><ce:cross-ref refid="aff0002"><ce:sup loc="post">b</ce:sup></ce:cross-ref><ce:cross-ref refid="aff0003"><ce:sup loc="post">c</ce:sup></ce:cross-ref><ce:cross-ref refid="aff0004"><ce:sup loc="post">d</ce:sup></ce:cross-ref><ce:cross-ref refid="aff0005"><ce:sup loc="post">e</ce:sup></ce:cross-ref></ce:author><ce:author id="au0006" author-id="S2352340921009288-bf21c3c0e2b39a5417719e46261abd4e"><ce:given-name>Judy E.</ce:given-name><ce:surname>Garber</ce:surname><ce:cross-ref refid="aff0002"><ce:sup loc="post">b</ce:sup></ce:cross-ref><ce:cross-ref refid="aff0003"><ce:sup loc="post">c</ce:sup></ce:cross-ref><ce:cross-ref refid="aff0004"><ce:sup loc="post">d</ce:sup></ce:cross-ref><ce:cross-ref refid="aff0005"><ce:sup loc="post">e</ce:sup></ce:cross-ref></ce:author><ce:author id="au0007" author-id="S2352340921009288-8021200c57e23b043ad8be0636903ee6"><ce:given-name>Neal I.</ce:given-name><ce:surname>Lindeman</ce:surname><ce:cross-ref refid="aff0001"><ce:sup loc="post">a</ce:sup></ce:cross-ref><ce:cross-ref refid="aff0005"><ce:sup loc="post">e</ce:sup></ce:cross-ref></ce:author><ce:author id="au0008" author-id="S2352340921009288-94495a437158691df5b6d25a16437bf6"><ce:given-name>Arezou A.</ce:given-name><ce:surname>Ghazani</ce:surname><ce:cross-ref refid="aff0001"><ce:sup loc="post">a</ce:sup></ce:cross-ref><ce:cross-ref refid="aff0005"><ce:sup loc="post">e</ce:sup></ce:cross-ref><ce:cross-ref refid="aff0006"><ce:sup loc="post">f</ce:sup></ce:cross-ref><ce:cross-ref refid="cor0001"><ce:sup loc="post">&#x204e;</ce:sup></ce:cross-ref><ce:e-address id="ead0001" type="email" xlink:href="mailto:aghazani@bwh.harvard.edu">aghazani@bwh.harvard.edu</ce:e-address></ce:author><ce:affiliation id="aff0001" affiliation-id="S2352340921009288-58b65ed333192786855d26603267d607"><ce:label>a</ce:label><ce:textfn id="cetextfn0001">Department of Pathology, Brigham and Women's Hospital, Boston, MA, United States</ce:textfn><sa:affiliation><sa:organization>Department of Pathology</sa:organization><sa:organization>Brigham and Women's Hospital</sa:organization><sa:city>Boston</sa:city><sa:state>MA</sa:state><sa:country>United States</sa:country></sa:affiliation><ce:source-text id="staff0001">aDepartment of Pathology, Brigham and Women's Hospital, Boston, MA, United States</ce:source-text></ce:affiliation><ce:affiliation id="aff0002" affiliation-id="S2352340921009288-bc444d2e18319dbce3b63dd9b8c70068"><ce:label>b</ce:label><ce:textfn id="cetextfn0002">Division of Cancer Genetics and Prevention, Dana-Farber Cancer Institute, Boston, Massachusetts, United States</ce:textfn><sa:affiliation><sa:organization>Division of Cancer Genetics and Prevention</sa:organization><sa:organization>Dana-Farber Cancer Institute</sa:organization><sa:city>Boston</sa:city><sa:state>Massachusetts</sa:state><sa:country>United States</sa:country></sa:affiliation><ce:source-text id="staff0002">bDivision of Cancer Genetics and Prevention, Dana-Farber Cancer Institute, Boston, Massachusetts, United States</ce:source-text></ce:affiliation><ce:affiliation id="aff0003" affiliation-id="S2352340921009288-9f041c27865fd3815f8e17888d40670f"><ce:label>c</ce:label><ce:textfn id="cetextfn0003">Department of Medical Oncology, Dana-Farber Cancer Institute, Boston, Massachusetts, United States</ce:textfn><sa:affiliation><sa:organization>Department of Medical Oncology</sa:organization><sa:organization>Dana-Farber Cancer Institute</sa:organization><sa:city>Boston</sa:city><sa:state>Massachusetts</sa:state><sa:country>United States</sa:country></sa:affiliation><ce:source-text id="staff0003">cDepartment of Medical Oncology, Dana-Farber Cancer Institute, Boston, Massachusetts, United States</ce:source-text></ce:affiliation><ce:affiliation id="aff0004" affiliation-id="S2352340921009288-2203bbee83400fb77024213d16e8ae61"><ce:label>d</ce:label><ce:textfn id="cetextfn0004">Division of Population Sciences, Dana-Farber Cancer Institute, Boston, Massachusetts, United States</ce:textfn><sa:affiliation><sa:organization>Division of Population Sciences</sa:organization><sa:organization>Dana-Farber Cancer Institute</sa:organization><sa:city>Boston</sa:city><sa:state>Massachusetts</sa:state><sa:country>United States</sa:country></sa:affiliation><ce:source-text id="staff0004">dDivision of Population Sciences, Dana-Farber Cancer Institute, Boston, Massachusetts, United States</ce:source-text></ce:affiliation><ce:affiliation id="aff0005" affiliation-id="S2352340921009288-f526c15d55d09c3cf843f1a8b646b519"><ce:label>e</ce:label><ce:textfn id="cetextfn0005">Harvard Medical School, Boston, Massachusetts, United States</ce:textfn><sa:affiliation><sa:organization>Harvard Medical School</sa:organization><sa:city>Boston</sa:city><sa:state>Massachusetts</sa:state><sa:country>United States</sa:country></sa:affiliation><ce:source-text id="staff0005">eHarvard Medical School, Boston, Massachusetts, United States</ce:source-text></ce:affiliation><ce:affiliation id="aff0006" affiliation-id="S2352340921009288-db5d419c8da6635a350e6761c941786a"><ce:label>f</ce:label><ce:textfn id="cetextfn0006">Division of Genetics, Department of Medicine, Brigham and Women's Hospital, Boston, Massachusetts, United States</ce:textfn><sa:affiliation><sa:organization>Division of Genetics</sa:organization><sa:organization>Department of Medicine</sa:organization><sa:organization>Brigham and Women's Hospital</sa:organization><sa:city>Boston</sa:city><sa:state>Massachusetts</sa:state><sa:country>United States</sa:country></sa:affiliation><ce:source-text id="staff0006">fDivision of Genetics, Department of Medicine, Brigham and Women's Hospital, Boston, Massachusetts, United States</ce:source-text></ce:affiliation><ce:correspondence id="cor0001"><ce:label>&#x204e;</ce:label><ce:text id="cetext0001">Corresponding author.</ce:text></ce:correspondence></ce:author-group><ce:date-received day="18" month="6" year="2021"/><ce:date-revised day="25" month="11" year="2021"/><ce:date-accepted day="26" month="11" year="2021"/><ce:abstract id="abs0001" view="all" class="author"><ce:section-title id="cesectitle0001">Abstract</ce:section-title><ce:abstract-sec id="abss0001" view="all"><ce:simple-para id="spara001" view="all">Von Hippel-Lindau (VHL) syndrome is a hereditary cancer genetic condition associated with inactivating pathogenic alterations in the <ce:italic>VHL</ce:italic> tumor suppressor gene located at 3p (short arm of chromosome 3). Classic features of VHL include clear cell renal cell carcinoma, hemangioblastomas of the brain, spinal cord, and retina, pheochromocytoma, pancreatic cysts, and neuroendocrine tumors. Two sets of genomic information may be available from patients with VHL: the germline data showing the constitutional genetic profile and somatic profile obtained from patient tumor(s). Here we present both somatic and germline dataset from heterozygous carriers of germline <ce:italic>VHL</ce:italic> variants who exhibit non-syndromic VHL phenotypes. This data description article accompanies the paper &#x201c;Pathogenicity of VHL variants in families with non-syndromic von Hippel-Lindau phenotypes: an integrated evaluation of germline and somatic&#160;genomic results''&#160;by Huma Q. Rana, Diane R. Koeller, Alison Schwartz, Danielle K. Manning, Katherine A. Schneider, Katherine M. Krajewski, Toni K. Choueiri, Neal I. Lindeman, Judy E. Garber, Arezou A. Ghazani. We provide next generation sequencing (NGS) data obtained from DNA from tumors (renal cancer, bladder cancer, and cerebral hemangioblastoma) of three <ce:italic>VHL</ce:italic> carriers. The somatic dataset was analyzed for single nucleotide variants (SNVs) and copy number variants (CNVs) in 447 cancer genes, and structural variation (SVs) in 191 regions across 60 genes for rearrangements. We also present germline raw NGS data and analyzed SNV and CNV data in exonic regions of 133 hereditary cancer genes obtained from the peripheral blood of two <ce:italic>VHL</ce:italic> carriers.</ce:simple-para></ce:abstract-sec></ce:abstract><ce:keywords id="keys0001" view="all" class="keyword"><ce:section-title id="cesectitle0002">Keywords</ce:section-title><ce:keyword id="key0001"><ce:text id="cetext0002">Matched tumor-germline data</ce:text></ce:keyword><ce:keyword id="key0002"><ce:text id="cetext0003">Von Hippel-Lindau</ce:text></ce:keyword><ce:keyword id="key0003"><ce:text id="cetext0004"><ce:italic>VHL gene</ce:italic></ce:text></ce:keyword><ce:keyword id="key0004"><ce:text id="cetext0005">Next generation sequencing</ce:text></ce:keyword><ce:keyword id="key0005"><ce:text id="cetext0006">Renal cell carcinoma</ce:text></ce:keyword><ce:keyword id="key0006"><ce:text id="cetext0007">Hemangioblastoma</ce:text></ce:keyword></ce:keywords></ja:head></ja:article></doc:document>
