<doc:document xmlns:doc="http://www.elsevier.com/xml/document/schema" xmlns:dp="http://www.elsevier.com/xml/common/doc-properties/schema" xmlns:cps="http://www.elsevier.com/xml/common/consyn-properties/schema" xmlns:rdf="http://www.w3.org/1999/02/22-rdf-syntax-ns#" xmlns:dct="http://purl.org/dc/terms/" xmlns:prism="http://prismstandard.org/namespaces/basic/2.0/" xmlns:oa="http://vtw.elsevier.com/data/ns/properties/OpenAccess-1/" xmlns:bam="http://vtw.elsevier.com/data/voc/ns/bam-vtw-1/" xmlns:cp="http://vtw.elsevier.com/data/ns/properties/Copyright-1/" xmlns:cja="http://www.elsevier.com/xml/cja/schema" xmlns:ja="http://www.elsevier.com/xml/ja/schema" xmlns:bk="http://www.elsevier.com/xml/bk/schema" xmlns:ce="http://www.elsevier.com/xml/common/schema" xmlns:mml="http://www.w3.org/1998/Math/MathML" xmlns:cals="http://www.elsevier.com/xml/common/cals/schema" xmlns:tb="http://www.elsevier.com/xml/common/table/schema" xmlns:sa="http://www.elsevier.com/xml/common/struct-aff/schema" xmlns:sb="http://www.elsevier.com/xml/common/struct-bib/schema" xmlns:xlink="http://www.w3.org/1999/xlink"><rdf:RDF><rdf:Description rdf:about="http://dx.doi.org/10.1016/j.dib.2021.107586"><dct:format>application/xml</dct:format><dct:title>Genomic data of an environmental Escherichia coli isolate shows high resemblance to E. coli K-12 reference strain MG1655</dct:title><dct:creator>Nicola Holden</dct:creator><dct:subject><rdf:Bag><rdf:li>Phylogenomics</rdf:li><rdf:li>Clonality</rdf:li><rdf:li>Whole genome alignment</rdf:li><rdf:li>Whole genome sequencing</rdf:li></rdf:Bag></dct:subject><dct:description>Data in Brief 39 (2021). doi:10.1016/j.dib.2021.107586</dct:description><prism:aggregationType>journal</prism:aggregationType><prism:publicationName>Data in Brief</prism:publicationName><prism:copyright>&#169; 2021 The Author. Published by Elsevier Inc.</prism:copyright><dct:publisher>Elsevier Inc.</dct:publisher><prism:issn>2352-3409</prism:issn><prism:volume>39</prism:volume><prism:coverDisplayDate>December 2021</prism:coverDisplayDate><prism:doi>10.1016/j.dib.2021.107586</prism:doi><prism:url>http://dx.doi.org/10.1016/j.dib.2021.107586</prism:url><dct:identifier>doi:10.1016/j.dib.2021.107586</dct:identifier><bam:articleNumber>107586</bam:articleNumber><oa:openAccessInformation><oa:openAccessStatus xmlns:xsi="http://www.w3.org/2001/XMLSchema-instance">http://vtw.elsevier.com/data/voc/oa/OpenAccessStatus#Full</oa:openAccessStatus><oa:openAccessEffective xmlns:xsi="http://www.w3.org/2001/XMLSchema-instance">2021-11-13T13:22:26Z</oa:openAccessEffective><oa:sponsor xmlns:xsi="http://www.w3.org/2001/XMLSchema-instance"><oa:sponsorType>http://vtw.elsevier.com/data/voc/oa/SponsorType#Author</oa:sponsorType></oa:sponsor><oa:userLicense xmlns:xsi="http://www.w3.org/2001/XMLSchema-instance">http://creativecommons.org/licenses/by/4.0/</oa:userLicense></oa:openAccessInformation><cp:licenseLine xmlns:xsi="http://www.w3.org/2001/XMLSchema-instance">This is an open access article under the CC BY license.</cp:licenseLine></rdf:Description></rdf:RDF><dp:document-properties><dp:aggregation-type>Journals</dp:aggregation-type><dp:version-number>S300.1</dp:version-number></dp:document-properties><ja:article docsubtype="dat" version="5.6" xml:lang="en"><ja:item-info><ja:jid>DIB</ja:jid><ja:aid>107586</ja:aid><ce:article-number>107586</ce:article-number><ce:pii>S2352-3409(21)00861-1</ce:pii><ce:doi>10.1016/j.dib.2021.107586</ce:doi><ce:copyright type="unknown" year="2021"/></ja:item-info><ja:head><ce:dochead id="dchd0001"><ce:textfn id="dhtxt0001">Data Article</ce:textfn></ce:dochead><ce:title id="tte0002">Genomic data of an environmental <ce:italic>Escherichia coli</ce:italic> isolate shows high resemblance to <ce:italic>E. coli</ce:italic> K-12 reference strain MG1655</ce:title><ce:author-group id="aut0001"><ce:author id="au0001" author-id="S2352340921008611-b19fe47ca99ff5b3b836ad8303f9ebf3" orcid="0000-0002-7904-4529"><ce:given-name>Nicola</ce:given-name><ce:surname>Holden</ce:surname><ce:contributor-role role="http://credit.niso.org/contributor-roles/conceptualization">Conceptualization</ce:contributor-role><ce:contributor-role role="http://credit.niso.org/contributor-roles/investigation">Investigation</ce:contributor-role><ce:contributor-role role="http://credit.niso.org/contributor-roles/methodology">Methodology</ce:contributor-role><ce:contributor-role role="http://credit.niso.org/contributor-roles/writing-review-editing">Writing &#x2013; review &amp; editing</ce:contributor-role><ce:cross-ref refid="aff0001"><ce:sup loc="post">a</ce:sup></ce:cross-ref><ce:cross-ref refid="aff0002"><ce:sup loc="post">b</ce:sup></ce:cross-ref><ce:cross-ref refid="cor0001"><ce:sup loc="post">&#x204e;</ce:sup></ce:cross-ref><ce:e-address id="ead0001" type="email" xlink:href="mailto:Nicola.holden@sruc.ac.uk">Nicola.holden@sruc.ac.uk</ce:e-address><ce:e-address id="ea3a" type="social-media" xlink:href="https://twitter.com/NicolaJHolden">@NicolaJHolden</ce:e-address></ce:author><ce:affiliation id="aff0001" affiliation-id="S2352340921008611-0b4aa8bf683f4d18b61b5fe7e5a4dda3"><ce:label>a</ce:label><ce:textfn id="cetextfn0001">SRUC, Department of Rural Land Use, Craibstone Estate, Aberdeen AB21 9YA, UK</ce:textfn><sa:affiliation><sa:organization>SRUC</sa:organization><sa:organization>Department of Rural Land Use</sa:organization><sa:organization>Craibstone Estate</sa:organization><sa:city>Aberdeen</sa:city><sa:postal-code>AB21 9YA</sa:postal-code><sa:country>UK</sa:country></sa:affiliation><ce:source-text id="staff0001">aSRUC, Department of Rural Land Use, Craibstone Estate, Aberdeen AB21 9YA, UK</ce:source-text></ce:affiliation><ce:affiliation id="aff0002" affiliation-id="S2352340921008611-917f1faa3168855e3c535945b741543d"><ce:label>b</ce:label><ce:textfn id="cetextfn0002">Cell and Molecular Sciences, James Hutton Institute, Dundee DD2 5DA, UK</ce:textfn><sa:affiliation><sa:organization>Cell and Molecular Sciences</sa:organization><sa:organization>James Hutton Institute</sa:organization><sa:city>Dundee</sa:city><sa:postal-code>DD2 5DA</sa:postal-code><sa:country>UK</sa:country></sa:affiliation><ce:source-text id="staff0002">bCell and Molecular Sciences, James Hutton Institute, Dundee DD2 5DA, UK</ce:source-text></ce:affiliation><ce:correspondence id="cor0001"><ce:label>&#x204e;</ce:label><ce:text id="cetext0001">Correspondence to: SRUC, Department of Rural Land Use, Craibstone Estate, Aberdeen AB21 9YA, UK.</ce:text><sa:affiliation><sa:organization>SRUC</sa:organization><sa:organization>Department of Rural Land Use</sa:organization><sa:organization>Craibstone Estate</sa:organization><sa:city>Aberdeen</sa:city><sa:postal-code>AB21 9YA</sa:postal-code><sa:country>UK</sa:country></sa:affiliation></ce:correspondence></ce:author-group><ce:date-received day="17" month="8" year="2021"/><ce:date-revised day="28" month="10" year="2021"/><ce:date-accepted day="12" month="11" year="2021"/><ce:abstract id="abs0001" view="all" class="author"><ce:section-title id="cesectitle0001">Abstract</ce:section-title><ce:abstract-sec id="abss0001" view="all"><ce:simple-para id="spara005" view="all"><ce:italic>Escherichia coli</ce:italic> species exhibits a high genomic diversification from evolution, mobile genetic elements and recombination. An environmental <ce:italic>E. coli</ce:italic> isolate, &#x2018;JHI_5025&#x2019; from a crop trial appeared to be clonally related to the historical reference isolate <ce:italic>E. coli</ce:italic> K-12 strain &#x2018;MG1655&#x2019;, warranting further genomic analysis. Their genomes share an average nucleotide identity of 99.74% and whole genome alignment showed little rearrangement of the JHI_5025 sequence compared to the reference. Five genomic islands not in the reference aligned to other sequences in the <ce:italic>Enterobacteriaceae</ce:italic>. Isolate JHI_5025 contained <ce:italic>E. coli</ce:italic> K-12 F plasmid sequence and at least one complete prophage sequence. The genome and comparison dataset provides utility of <ce:italic>E. coli</ce:italic> JHI_5025 as a representative contemporary genetic mimic of a well-known and much used workhorse strain.</ce:simple-para></ce:abstract-sec></ce:abstract><ce:keywords id="keys0001" view="all" class="keyword"><ce:section-title id="cesectitle0002">Keywords</ce:section-title><ce:keyword id="key0001"><ce:text id="cetext0002">Phylogenomics</ce:text></ce:keyword><ce:keyword id="key0002"><ce:text id="cetext0003">Clonality</ce:text></ce:keyword><ce:keyword id="key0003"><ce:text id="cetext0004">Whole genome alignment</ce:text></ce:keyword><ce:keyword id="key0004"><ce:text id="cetext0005">Whole genome sequencing</ce:text></ce:keyword></ce:keywords></ja:head></ja:article></doc:document>
