<doc:document xmlns:doc="http://www.elsevier.com/xml/document/schema" xmlns:dp="http://www.elsevier.com/xml/common/doc-properties/schema" xmlns:cps="http://www.elsevier.com/xml/common/consyn-properties/schema" xmlns:rdf="http://www.w3.org/1999/02/22-rdf-syntax-ns#" xmlns:dct="http://purl.org/dc/terms/" xmlns:prism="http://prismstandard.org/namespaces/basic/2.0/" xmlns:oa="http://vtw.elsevier.com/data/ns/properties/OpenAccess-1/" xmlns:bam="http://vtw.elsevier.com/data/voc/ns/bam-vtw-1/" xmlns:cp="http://vtw.elsevier.com/data/ns/properties/Copyright-1/" xmlns:cja="http://www.elsevier.com/xml/cja/schema" xmlns:ja="http://www.elsevier.com/xml/ja/schema" xmlns:bk="http://www.elsevier.com/xml/bk/schema" xmlns:ce="http://www.elsevier.com/xml/common/schema" xmlns:mml="http://www.w3.org/1998/Math/MathML" xmlns:cals="http://www.elsevier.com/xml/common/cals/schema" xmlns:tb="http://www.elsevier.com/xml/common/table/schema" xmlns:sa="http://www.elsevier.com/xml/common/struct-aff/schema" xmlns:sb="http://www.elsevier.com/xml/common/struct-bib/schema" xmlns:xlink="http://www.w3.org/1999/xlink"><rdf:RDF><rdf:Description rdf:about="http://dx.doi.org/10.1016/j.dib.2021.107476"><dct:format>application/xml</dct:format><dct:title>DenseMatch: a dataset for real-time 3D reconstruction</dct:title><dct:creator>Marco Lombardi</dct:creator><dct:creator>Mattia Savardi</dct:creator><dct:creator>Alberto Signoroni</dct:creator><dct:subject><rdf:Bag><rdf:li>3D registration</rdf:li><rdf:li>Point-based</rdf:li><rdf:li>Real-time 3D reconstruction</rdf:li><rdf:li>Benchmark dataset</rdf:li></rdf:Bag></dct:subject><dct:description>Data in Brief 39 (2021). doi:10.1016/j.dib.2021.107476</dct:description><prism:aggregationType>journal</prism:aggregationType><prism:publicationName>Data in Brief</prism:publicationName><prism:copyright>&#169; 2021 Published by Elsevier Inc.</prism:copyright><dct:publisher>Elsevier Inc.</dct:publisher><prism:issn>2352-3409</prism:issn><prism:volume>39</prism:volume><prism:coverDisplayDate>December 2021</prism:coverDisplayDate><prism:doi>10.1016/j.dib.2021.107476</prism:doi><prism:url>http://dx.doi.org/10.1016/j.dib.2021.107476</prism:url><dct:identifier>doi:10.1016/j.dib.2021.107476</dct:identifier><bam:articleNumber>107476</bam:articleNumber><oa:openAccessInformation><oa:openAccessStatus xmlns:xsi="http://www.w3.org/2001/XMLSchema-instance">http://vtw.elsevier.com/data/voc/oa/OpenAccessStatus#Full</oa:openAccessStatus><oa:openAccessEffective xmlns:xsi="http://www.w3.org/2001/XMLSchema-instance">2021-10-11T20:30:04Z</oa:openAccessEffective><oa:sponsor xmlns:xsi="http://www.w3.org/2001/XMLSchema-instance"><oa:sponsorType>http://vtw.elsevier.com/data/voc/oa/SponsorType#ElsevierWaived</oa:sponsorType></oa:sponsor><oa:userLicense xmlns:xsi="http://www.w3.org/2001/XMLSchema-instance">http://creativecommons.org/licenses/by/4.0/</oa:userLicense></oa:openAccessInformation><cp:licenseLine xmlns:xsi="http://www.w3.org/2001/XMLSchema-instance">This is an open access article under the CC BY license.</cp:licenseLine></rdf:Description></rdf:RDF><dp:document-properties><dp:aggregation-type>Journals</dp:aggregation-type><dp:version-number>S300.1</dp:version-number></dp:document-properties><ja:article docsubtype="dat" xml:lang="en" version="5.6"><ja:item-info><ja:jid>DIB</ja:jid><ja:aid>107476</ja:aid><ce:article-number>107476</ce:article-number><ce:pii>S2352-3409(21)00757-5</ce:pii><ce:doi>10.1016/j.dib.2021.107476</ce:doi><ce:document-thread><ce:refers-to-document id="doc0001"><ce:pii>S0097-8493(21)00126-6</ce:pii><ce:doi>10.1016/j.cag.2021.06.011</ce:doi></ce:refers-to-document></ce:document-thread><ce:copyright type="unknown" year="2021"/></ja:item-info><ja:head><ce:dochead id="dh1"><ce:textfn id="textfn0001">Data Article</ce:textfn></ce:dochead><ce:title id="ct0001">DenseMatch: a dataset for real-time 3D reconstruction</ce:title><ce:short-title id="stitle0010">DenseMatch: a dataset for real-time 3D reconstruction</ce:short-title><ce:author-group id="aut0001"><ce:author id="au0001" author-id="S2352340921007575-25d747085862036a90d1699708c0860e" orcid="0000-0002-2430-2113"><ce:given-name>Marco</ce:given-name><ce:surname>Lombardi</ce:surname></ce:author><ce:author id="au0002" author-id="S2352340921007575-63e6a8cd8eab86568263ca01b6a859e5" orcid="0000-0002-2751-5157"><ce:given-name>Mattia</ce:given-name><ce:surname>Savardi</ce:surname></ce:author><ce:author id="au0003" author-id="S2352340921007575-17960d69a0abfae1dbed743039687124" orcid="0000-0002-8383-3766"><ce:given-name>Alberto</ce:given-name><ce:surname>Signoroni</ce:surname><ce:contributor-role role="http://credit.niso.org/contributor-roles/conceptualization">Conceptualization</ce:contributor-role><ce:contributor-role role="http://credit.niso.org/contributor-roles/visualization">Visualization</ce:contributor-role><ce:contributor-role role="http://credit.niso.org/contributor-roles/supervision">Supervision</ce:contributor-role><ce:contributor-role role="http://credit.niso.org/contributor-roles/writing-review-editing">Writing &#x2013; review &amp; editing</ce:contributor-role><ce:contributor-role role="http://credit.niso.org/contributor-roles/project-administration">Project administration</ce:contributor-role><ce:cross-ref refid="cor0001"><ce:sup loc="post">&#x204e;</ce:sup></ce:cross-ref><ce:e-address type="email" xlink:href="mailto:alberto.signoroni@unibs.it" id="ead0001">alberto.signoroni@unibs.it</ce:e-address></ce:author><ce:affiliation id="aff0001" affiliation-id="S2352340921007575-db533f5cd8189cd7210299edda9db8d9"><ce:textfn id="textfn0002">Information Engineering Department, University of Brescia &#x2013; Via Branze 38, Brescia 25123, Italy</ce:textfn><sa:affiliation><sa:organization>Information Engineering Department</sa:organization><sa:organization>University of Brescia &#x2013; Via Branze 38</sa:organization><sa:city>Brescia</sa:city><sa:postal-code>25123</sa:postal-code><sa:country>Italy</sa:country></sa:affiliation><ce:source-text id="st0001">Information Engineering Department, University of Brescia &#x2013; Via Branze 38, Brescia 25123, Italy</ce:source-text></ce:affiliation><ce:correspondence id="cor0001"><ce:label>&#x204e;</ce:label><ce:text id="cor1">Corresponding author.</ce:text></ce:correspondence></ce:author-group><ce:date-received day="13" month="7" year="2021"/><ce:date-revised day="5" month="10" year="2021"/><ce:date-accepted day="6" month="10" year="2021"/><ce:abstract id="abs0001" class="author" view="all"><ce:section-title id="sctt0001">Abstract</ce:section-title><ce:abstract-sec id="abssec0001" view="all"><ce:simple-para id="sp0001" view="all">We provide a database aimed at real-time quantitative analysis of 3D reconstruction and alignment methods, containing 3140 point clouds from 10 subjects/objects. These scenes are acquired with a high-resolution 3D scanner. It contains depth maps that produce point clouds with more than 500k points on average. This dataset is useful to develop new models and alignment strategies to automatically reconstruct 3D scenes from data acquired with optical scanners or benchmarking purposes.</ce:simple-para></ce:abstract-sec></ce:abstract><ce:keywords id="keys0001" class="keyword" view="all"><ce:section-title id="sctt0002">Keywords</ce:section-title><ce:keyword id="key0002"><ce:text id="txt0001">3D registration</ce:text></ce:keyword><ce:keyword id="key0003"><ce:text id="txt0002">Point-based</ce:text></ce:keyword><ce:keyword id="key0004"><ce:text id="txt0003">Real-time 3D reconstruction</ce:text></ce:keyword><ce:keyword id="key0005"><ce:text id="txt0004">Benchmark dataset</ce:text></ce:keyword></ce:keywords></ja:head></ja:article></doc:document>
