<doc:document xmlns:doc="http://www.elsevier.com/xml/document/schema" xmlns:dp="http://www.elsevier.com/xml/common/doc-properties/schema" xmlns:cps="http://www.elsevier.com/xml/common/consyn-properties/schema" xmlns:rdf="http://www.w3.org/1999/02/22-rdf-syntax-ns#" xmlns:dct="http://purl.org/dc/terms/" xmlns:prism="http://prismstandard.org/namespaces/basic/2.0/" xmlns:oa="http://vtw.elsevier.com/data/ns/properties/OpenAccess-1/" xmlns:bam="http://vtw.elsevier.com/data/voc/ns/bam-vtw-1/" xmlns:cp="http://vtw.elsevier.com/data/ns/properties/Copyright-1/" xmlns:cja="http://www.elsevier.com/xml/cja/schema" xmlns:ja="http://www.elsevier.com/xml/ja/schema" xmlns:bk="http://www.elsevier.com/xml/bk/schema" xmlns:ce="http://www.elsevier.com/xml/common/schema" xmlns:mml="http://www.w3.org/1998/Math/MathML" xmlns:cals="http://www.elsevier.com/xml/common/cals/schema" xmlns:tb="http://www.elsevier.com/xml/common/table/schema" xmlns:sa="http://www.elsevier.com/xml/common/struct-aff/schema" xmlns:sb="http://www.elsevier.com/xml/common/struct-bib/schema" xmlns:xlink="http://www.w3.org/1999/xlink"><rdf:RDF><rdf:Description rdf:about="http://dx.doi.org/10.1016/j.dib.2021.107721"><dct:format>application/xml</dct:format><dct:title>Data on draft genome assembly and annotation of Haloxylon salicornicum Moq.</dct:title><dct:creator>Fadila Al Salameen</dct:creator><dct:creator>Nazima Habibi</dct:creator><dct:creator>Sami Al Amad</dct:creator><dct:creator>Bashayer Al Doaij</dct:creator><dct:subject><rdf:Bag><rdf:li>Whole-genome sequencing</rdf:li><rdf:li>Desert</rdf:li><rdf:li>Native plants</rdf:li><rdf:li>Biodiversity</rdf:li></rdf:Bag></dct:subject><dct:description>Data in Brief 40 (2022). doi:10.1016/j.dib.2021.107721</dct:description><prism:aggregationType>journal</prism:aggregationType><prism:publicationName>Data in Brief</prism:publicationName><prism:copyright>&#169; 2021 The Authors. Published by Elsevier Inc.</prism:copyright><dct:publisher>Elsevier Inc.</dct:publisher><prism:issn>2352-3409</prism:issn><prism:volume>40</prism:volume><prism:coverDisplayDate>February 2022</prism:coverDisplayDate><prism:doi>10.1016/j.dib.2021.107721</prism:doi><prism:url>http://dx.doi.org/10.1016/j.dib.2021.107721</prism:url><dct:identifier>doi:10.1016/j.dib.2021.107721</dct:identifier><bam:articleNumber>107721</bam:articleNumber><oa:openAccessInformation><oa:openAccessStatus xmlns:xsi="http://www.w3.org/2001/XMLSchema-instance">http://vtw.elsevier.com/data/voc/oa/OpenAccessStatus#Full</oa:openAccessStatus><oa:openAccessEffective xmlns:xsi="http://www.w3.org/2001/XMLSchema-instance">2021-12-14T16:25:04Z</oa:openAccessEffective><oa:sponsor xmlns:xsi="http://www.w3.org/2001/XMLSchema-instance"><oa:sponsorType>http://vtw.elsevier.com/data/voc/oa/SponsorType#Author</oa:sponsorType></oa:sponsor><oa:userLicense xmlns:xsi="http://www.w3.org/2001/XMLSchema-instance">http://creativecommons.org/licenses/by/4.0/</oa:userLicense></oa:openAccessInformation><cp:licenseLine xmlns:xsi="http://www.w3.org/2001/XMLSchema-instance">This is an open access article under the CC BY license.</cp:licenseLine></rdf:Description></rdf:RDF><dp:document-properties><dp:aggregation-type>Journals</dp:aggregation-type><dp:version-number>S300.1</dp:version-number></dp:document-properties><ja:article docsubtype="dat" version="5.6" xml:lang="en"><ja:item-info><ja:jid>DIB</ja:jid><ja:aid>107721</ja:aid><ce:article-number>107721</ce:article-number><ce:pii>S2352-3409(21)00996-3</ce:pii><ce:doi>10.1016/j.dib.2021.107721</ce:doi><ce:copyright type="other" year="2021">The Authors</ce:copyright></ja:item-info><ja:head><ce:dochead id="dchd0001"><ce:textfn id="dhtxt0001">Data Article</ce:textfn></ce:dochead><ce:title id="tte0002">Data on draft genome assembly and annotation of Haloxylon salicornicum Moq.</ce:title><ce:author-group id="aut0001"><ce:author id="au0001" author-id="S2352340921009963-07c303de5d76447f3722d114e089d06e" orcid="0000-0002-4826-3753"><ce:given-name>Fadila</ce:given-name><ce:surname>Al Salameen</ce:surname><ce:contributor-role role="http://credit.niso.org/contributor-roles/conceptualization">Conceptualization</ce:contributor-role><ce:contributor-role role="http://credit.niso.org/contributor-roles/writing-original-draft">Writing &#x2013; original draft</ce:contributor-role></ce:author><ce:author id="au0002" author-id="S2352340921009963-ca2cbfcea8ca15ba9b38092694fe218c" orcid="0000-0003-0752-4774"><ce:given-name>Nazima</ce:given-name><ce:surname>Habibi</ce:surname><ce:contributor-role role="http://credit.niso.org/contributor-roles/software">Software</ce:contributor-role><ce:contributor-role role="http://credit.niso.org/contributor-roles/data-curation">Data curation</ce:contributor-role><ce:contributor-role role="http://credit.niso.org/contributor-roles/visualization">Visualization</ce:contributor-role><ce:contributor-role role="http://credit.niso.org/contributor-roles/writing-review-editing">Writing &#x2013; review &amp; editing</ce:contributor-role><ce:cross-ref refid="cor0001"><ce:sup loc="post">&#x204e;</ce:sup></ce:cross-ref><ce:e-address id="ead0001" type="email" xlink:href="mailto:nhabibi@kisr.edu.kw">nhabibi@kisr.edu.kw</ce:e-address></ce:author><ce:author id="au0003" author-id="S2352340921009963-98bb5bd6c019f7edc0d2a30f954f0eb6"><ce:given-name>Sami</ce:given-name><ce:surname>Al Amad</ce:surname><ce:contributor-role role="http://credit.niso.org/contributor-roles/funding-acquisition">Funding acquisition</ce:contributor-role><ce:contributor-role role="http://credit.niso.org/contributor-roles/supervision">Supervision</ce:contributor-role></ce:author><ce:author id="au0004" author-id="S2352340921009963-5026087bf9ee1a7170d8b4dae93c52cf"><ce:given-name>Bashayer</ce:given-name><ce:surname>Al Doaij</ce:surname><ce:contributor-role role="http://credit.niso.org/contributor-roles/methodology">Methodology</ce:contributor-role></ce:author><ce:affiliation id="aff0001" affiliation-id="S2352340921009963-3debdceebff7ae04055069d4e25ae354"><ce:textfn id="cetextfn0001">Environment and Life Sciences Research Centre, Kuwait Institute for Scientific Research, Kuwait</ce:textfn><sa:affiliation><sa:organization>Environment and Life Sciences Research Centre</sa:organization><sa:organization>Kuwait Institute for Scientific Research</sa:organization><sa:country>Kuwait</sa:country></sa:affiliation><ce:source-text id="staff0001">Environment and Life Sciences Research Centre, Kuwait Institute for Scientific Research, Kuwait</ce:source-text></ce:affiliation><ce:correspondence id="cor0001"><ce:label>&#x204e;</ce:label><ce:text id="cetext0001">Corresponding author.</ce:text></ce:correspondence></ce:author-group><ce:date-received day="2" month="10" year="2021"/><ce:date-revised day="9" month="12" year="2021"/><ce:date-accepted day="13" month="12" year="2021"/><ce:abstract id="abs0001" view="all" class="author"><ce:section-title id="cesectitle0001">Abstract</ce:section-title><ce:abstract-sec id="abss0001" view="all"><ce:simple-para id="spara007" view="all"><ce:italic>Haloxylon salicornicum</ce:italic> Moq. Bunge ex Boiss (Rimth) is one of the main structural elements in Eastern Arabian vegetation associations. The plant is utilized as a food source for domestic stock, stabilizes the soil surface besides providing suitable microclimates for exotic species. It is considered one of the most promising species for re-vegetation. <ce:italic>H. salicornicum</ce:italic> community is under threat from overgrazing leading to a reduction in the percentage of distribution from 22.7% to 2.2% in Kuwait. Therefore, genome characterization of this important Kuwaiti plant is required to formulate strategies for its conservation. Here we report the draft of the <ce:italic>H. salicornicum</ce:italic> genome, which was sequenced on an Illumina HiSeq 2500 platform. BUSCO assessment revealed 69% of the genome was to be complete. Overall, 12960 gene structures, 11280 protein-coding genes, 11309 mRNAs (protein-coding), 51265 exons and 48100 CDSs were predicted. Functional annotation was carried out by interproscan-5.29-68.0. A total of 7222 protein-coding sequences were, annotated out of 11309 by at least one ontology term. All these genes were associated with 11 major biological processes branched into 60 child processes.</ce:simple-para></ce:abstract-sec></ce:abstract><ce:keywords id="keys0001" view="all" class="keyword"><ce:section-title id="cesectitle0002">Keywords</ce:section-title><ce:keyword id="key0001"><ce:text id="cetext0002">Whole-genome sequencing</ce:text></ce:keyword><ce:keyword id="key0002"><ce:text id="cetext0003">Desert</ce:text></ce:keyword><ce:keyword id="key0003"><ce:text id="cetext0004">Native plants</ce:text></ce:keyword><ce:keyword id="key0004"><ce:text id="cetext0005">Biodiversity</ce:text></ce:keyword></ce:keywords></ja:head></ja:article></doc:document>
