<doc:document xmlns:doc="http://www.elsevier.com/xml/document/schema" xmlns:dp="http://www.elsevier.com/xml/common/doc-properties/schema" xmlns:cps="http://www.elsevier.com/xml/common/consyn-properties/schema" xmlns:rdf="http://www.w3.org/1999/02/22-rdf-syntax-ns#" xmlns:dct="http://purl.org/dc/terms/" xmlns:prism="http://prismstandard.org/namespaces/basic/2.0/" xmlns:oa="http://vtw.elsevier.com/data/ns/properties/OpenAccess-1/" xmlns:bam="http://vtw.elsevier.com/data/voc/ns/bam-vtw-1/" xmlns:cp="http://vtw.elsevier.com/data/ns/properties/Copyright-1/" xmlns:cja="http://www.elsevier.com/xml/cja/schema" xmlns:ja="http://www.elsevier.com/xml/ja/schema" xmlns:bk="http://www.elsevier.com/xml/bk/schema" xmlns:ce="http://www.elsevier.com/xml/common/schema" xmlns:mml="http://www.w3.org/1998/Math/MathML" xmlns:cals="http://www.elsevier.com/xml/common/cals/schema" xmlns:tb="http://www.elsevier.com/xml/common/table/schema" xmlns:sa="http://www.elsevier.com/xml/common/struct-aff/schema" xmlns:sb="http://www.elsevier.com/xml/common/struct-bib/schema" xmlns:xlink="http://www.w3.org/1999/xlink"><rdf:RDF><rdf:Description rdf:about="http://dx.doi.org/10.1016/j.dib.2021.107654"><dct:format>application/xml</dct:format><dct:title>Dataset on factors affecting social media use among school principals for educational leaderships</dct:title><dct:creator>Lantip Diat Prasojo</dct:creator><dct:creator>Lia Yuliana</dct:creator><dct:creator>Awanis Akalili</dct:creator><dct:subject><rdf:Bag><rdf:li>Social media</rdf:li><rdf:li>Use</rdf:li><rdf:li>School principals</rdf:li><rdf:li>Educational leadership</rdf:li></rdf:Bag></dct:subject><dct:description>Data in Brief 39 (2021). doi:10.1016/j.dib.2021.107654</dct:description><prism:aggregationType>journal</prism:aggregationType><prism:publicationName>Data in Brief</prism:publicationName><prism:copyright>&#169; 2021 The Authors. Published by Elsevier Inc.</prism:copyright><dct:publisher>Elsevier Inc.</dct:publisher><prism:issn>2352-3409</prism:issn><prism:volume>39</prism:volume><prism:coverDisplayDate>December 2021</prism:coverDisplayDate><prism:doi>10.1016/j.dib.2021.107654</prism:doi><prism:url>http://dx.doi.org/10.1016/j.dib.2021.107654</prism:url><dct:identifier>doi:10.1016/j.dib.2021.107654</dct:identifier><bam:articleNumber>107654</bam:articleNumber><oa:openAccessInformation><oa:openAccessStatus xmlns:xsi="http://www.w3.org/2001/XMLSchema-instance">http://vtw.elsevier.com/data/voc/oa/OpenAccessStatus#Full</oa:openAccessStatus><oa:openAccessEffective xmlns:xsi="http://www.w3.org/2001/XMLSchema-instance">2021-11-27T11:48:35Z</oa:openAccessEffective><oa:sponsor xmlns:xsi="http://www.w3.org/2001/XMLSchema-instance"><oa:sponsorType>http://vtw.elsevier.com/data/voc/oa/SponsorType#Author</oa:sponsorType></oa:sponsor><oa:userLicense xmlns:xsi="http://www.w3.org/2001/XMLSchema-instance">http://creativecommons.org/licenses/by/4.0/</oa:userLicense></oa:openAccessInformation><cp:licenseLine xmlns:xsi="http://www.w3.org/2001/XMLSchema-instance">This is an open access article under the CC BY license.</cp:licenseLine></rdf:Description></rdf:RDF><dp:document-properties><dp:aggregation-type>Journals</dp:aggregation-type><dp:version-number>S300.1</dp:version-number></dp:document-properties><ja:article docsubtype="dat" version="5.6" xml:lang="en"><ja:item-info><ja:jid>DIB</ja:jid><ja:aid>107654</ja:aid><ce:article-number>107654</ce:article-number><ce:pii>S2352-3409(21)00929-X</ce:pii><ce:doi>10.1016/j.dib.2021.107654</ce:doi><ce:copyright type="unknown" year="2021"/></ja:item-info><ja:head><ce:dochead id="dchd0001"><ce:textfn id="dhtxt0001">Data Article</ce:textfn></ce:dochead><ce:title id="tte0002">Dataset on factors affecting social media use among school principals for educational leaderships</ce:title><ce:author-group id="aut0001"><ce:author id="au0001" author-id="S235234092100929X-7656534215847d3c4712bb566ccb7f1a"><ce:given-name>Lantip Diat</ce:given-name><ce:surname>Prasojo</ce:surname><ce:contributor-role role="http://credit.niso.org/contributor-roles/conceptualization">Conceptualization</ce:contributor-role><ce:contributor-role role="http://credit.niso.org/contributor-roles/methodology">Methodology</ce:contributor-role><ce:contributor-role role="http://credit.niso.org/contributor-roles/software">Software</ce:contributor-role><ce:contributor-role role="http://credit.niso.org/contributor-roles/data-curation">Data curation</ce:contributor-role><ce:contributor-role role="http://credit.niso.org/contributor-roles/investigation">Investigation</ce:contributor-role><ce:cross-ref refid="cor0001"><ce:sup loc="post">&#x204e;</ce:sup></ce:cross-ref><ce:e-address id="ead0001" type="email" xlink:href="mailto:lantip@uny.ac.id">lantip@uny.ac.id</ce:e-address></ce:author><ce:author id="au0002" author-id="S235234092100929X-e3101a5232e9875b5c3648a370be61b6"><ce:given-name>Lia</ce:given-name><ce:surname>Yuliana</ce:surname><ce:contributor-role role="http://credit.niso.org/contributor-roles/conceptualization">Conceptualization</ce:contributor-role><ce:contributor-role role="http://credit.niso.org/contributor-roles/supervision">Supervision</ce:contributor-role></ce:author><ce:author id="au0003" author-id="S235234092100929X-ecd3679b4144dd2ef99503d56f5a96d6"><ce:given-name>Awanis</ce:given-name><ce:surname>Akalili</ce:surname><ce:contributor-role role="http://credit.niso.org/contributor-roles/data-curation">Data curation</ce:contributor-role><ce:contributor-role role="http://credit.niso.org/contributor-roles/writing-original-draft">Writing &#x2013; original draft</ce:contributor-role></ce:author><ce:affiliation id="aff0001" affiliation-id="S235234092100929X-038e6deff2176b97b71aa7048e341acf"><ce:textfn id="cetextfn0001">Universitas Negeri Yogyakarta, Indonesia</ce:textfn><sa:affiliation><sa:organization>Universitas Negeri Yogyakarta</sa:organization><sa:country>Indonesia</sa:country></sa:affiliation><ce:source-text id="staff0001">Universitas Negeri Yogyakarta, Indonesia</ce:source-text></ce:affiliation><ce:correspondence id="cor0001"><ce:label>&#x204e;</ce:label><ce:text id="cetext0001">Corresponding author.</ce:text></ce:correspondence></ce:author-group><ce:date-received day="23" month="9" year="2021"/><ce:date-revised day="22" month="11" year="2021"/><ce:date-accepted day="26" month="11" year="2021"/><ce:abstract id="abs0001" view="all" class="author"><ce:section-title id="cesectitle0001">Abstract</ce:section-title><ce:abstract-sec id="abss0001" view="all"><ce:simple-para id="spara006" view="all">This dataset was presented to explore the relationships between predictors of an extended theory of acceptance model regarding social media use for educational leadership. Variables, namely subjective norms, supporting conditions, attitudes, perceived ease of use, perceived usefulness, and use of social media, were involved. A survey approach was the approach for the data collection (n. 257). The instrument for the survey was adapted from prior studies, validated through the face and content validity. The examination of loading values, reliability, convergent validity, and discriminant validity was conducted for the measurement model. The dataset of the current study benefits educational stakeholders to issue policy regarding technology use like social media in education, school principals to explore social media use for educational leadership, and future academicians to use the valid and reliable items of the instrument.</ce:simple-para></ce:abstract-sec></ce:abstract><ce:keywords id="keys0001" view="all" class="keyword"><ce:section-title id="cesectitle0002">Keywords</ce:section-title><ce:keyword id="key0001"><ce:text id="cetext0002">Social media</ce:text></ce:keyword><ce:keyword id="key0002"><ce:text id="cetext0003">Use</ce:text></ce:keyword><ce:keyword id="key0003"><ce:text id="cetext0004">School principals</ce:text></ce:keyword><ce:keyword id="key0004"><ce:text id="cetext0005">Educational leadership</ce:text></ce:keyword></ce:keywords></ja:head></ja:article></doc:document>
