<doc:document xmlns:doc="http://www.elsevier.com/xml/document/schema" xmlns:dp="http://www.elsevier.com/xml/common/doc-properties/schema" xmlns:cps="http://www.elsevier.com/xml/common/consyn-properties/schema" xmlns:rdf="http://www.w3.org/1999/02/22-rdf-syntax-ns#" xmlns:dct="http://purl.org/dc/terms/" xmlns:prism="http://prismstandard.org/namespaces/basic/2.0/" xmlns:oa="http://vtw.elsevier.com/data/ns/properties/OpenAccess-1/" xmlns:bam="http://vtw.elsevier.com/data/voc/ns/bam-vtw-1/" xmlns:cp="http://vtw.elsevier.com/data/ns/properties/Copyright-1/" xmlns:cja="http://www.elsevier.com/xml/cja/schema" xmlns:ja="http://www.elsevier.com/xml/ja/schema" xmlns:bk="http://www.elsevier.com/xml/bk/schema" xmlns:ce="http://www.elsevier.com/xml/common/schema" xmlns:mml="http://www.w3.org/1998/Math/MathML" xmlns:cals="http://www.elsevier.com/xml/common/cals/schema" xmlns:tb="http://www.elsevier.com/xml/common/table/schema" xmlns:sa="http://www.elsevier.com/xml/common/struct-aff/schema" xmlns:sb="http://www.elsevier.com/xml/common/struct-bib/schema" xmlns:xlink="http://www.w3.org/1999/xlink"><rdf:RDF><rdf:Description rdf:about="http://dx.doi.org/10.1016/j.dib.2022.107808"><dct:format>application/xml</dct:format><dct:title>Dataset describing Aotearoa New Zealand young adults&#x2019; psychological well-being and behaviour during nationwide lockdown</dct:title><dct:creator>Terise Broodryk</dct:creator><dct:creator>Kealagh Robinson</dct:creator><dct:subject><rdf:Bag><rdf:li>Pandemic</rdf:li><rdf:li>Preventative behaviour</rdf:li><rdf:li>Public health behaviour</rdf:li><rdf:li>Quarantine</rdf:li><rdf:li>Self-regulation</rdf:li><rdf:li>Stress</rdf:li></rdf:Bag></dct:subject><dct:description>Data in Brief 40 (2022). doi:10.1016/j.dib.2022.107808</dct:description><prism:aggregationType>journal</prism:aggregationType><prism:publicationName>Data in Brief</prism:publicationName><prism:copyright>&#169; 2022 The Authors. Published by Elsevier Inc.</prism:copyright><dct:publisher>Elsevier Inc.</dct:publisher><prism:issn>2352-3409</prism:issn><prism:volume>40</prism:volume><prism:coverDisplayDate>February 2022</prism:coverDisplayDate><prism:doi>10.1016/j.dib.2022.107808</prism:doi><prism:url>http://dx.doi.org/10.1016/j.dib.2022.107808</prism:url><dct:identifier>doi:10.1016/j.dib.2022.107808</dct:identifier><bam:articleNumber>107808</bam:articleNumber><oa:openAccessInformation><oa:openAccessStatus xmlns:xsi="http://www.w3.org/2001/XMLSchema-instance">http://vtw.elsevier.com/data/voc/oa/OpenAccessStatus#Full</oa:openAccessStatus><oa:openAccessEffective xmlns:xsi="http://www.w3.org/2001/XMLSchema-instance">2022-01-06T14:58:05Z</oa:openAccessEffective><oa:sponsor xmlns:xsi="http://www.w3.org/2001/XMLSchema-instance"><oa:sponsorType>http://vtw.elsevier.com/data/voc/oa/SponsorType#Author</oa:sponsorType></oa:sponsor><oa:userLicense xmlns:xsi="http://www.w3.org/2001/XMLSchema-instance">http://creativecommons.org/licenses/by-nc-nd/4.0/</oa:userLicense></oa:openAccessInformation><cp:licenseLine xmlns:xsi="http://www.w3.org/2001/XMLSchema-instance">This is an open access article under the CC BY-NC-ND license.</cp:licenseLine></rdf:Description></rdf:RDF><dp:document-properties><dp:aggregation-type>Journals</dp:aggregation-type><dp:version-number>S300.1</dp:version-number></dp:document-properties><ja:article docsubtype="dat" version="5.6" xml:lang="en"><ja:item-info><ja:jid>DIB</ja:jid><ja:aid>107808</ja:aid><ce:article-number>107808</ce:article-number><ce:pii>S2352-3409(22)00020-8</ce:pii><ce:doi>10.1016/j.dib.2022.107808</ce:doi><ce:copyright type="other" year="2022">The Authors</ce:copyright></ja:item-info><ja:head><ce:dochead id="dchd0001"><ce:textfn id="dhtxt0001">Data Article</ce:textfn></ce:dochead><ce:title id="tte0002">Dataset describing Aotearoa New Zealand young adults&#x2019; psychological well-being and behaviour during nationwide lockdown</ce:title><ce:author-group id="aut0001"><ce:author id="au0001" author-id="S2352340922000208-dc747735d34e6b3f3fc3e7ec27d516df"><ce:given-name>Terise</ce:given-name><ce:surname>Broodryk</ce:surname></ce:author><ce:author id="au0002" author-id="S2352340922000208-85e66e21c55e9df80c074693f614525e"><ce:given-name>Kealagh</ce:given-name><ce:surname>Robinson</ce:surname><ce:cross-ref refid="cor0001"><ce:sup loc="post">&#x204e;</ce:sup></ce:cross-ref><ce:e-address id="ead0001" type="email" xlink:href="mailto:Kealagh.robinson@vuw.ac.nz">Kealagh.robinson@vuw.ac.nz</ce:e-address><ce:e-address id="ea3" type="social-media" xlink:href="https://twitter.com/KealaghRobinson">@KealaghRobinson</ce:e-address></ce:author><ce:affiliation id="aff0001" affiliation-id="S2352340922000208-9762d122a900b9d434345e7aa9fce650"><ce:textfn id="cetextfn0001">Te Herenga Waka&#x2014;Victoria University of Wellington, New Zealand</ce:textfn><sa:affiliation><sa:organization>Te Herenga Waka&#x2014;Victoria University of Wellington</sa:organization><sa:country>New Zealand</sa:country></sa:affiliation><ce:source-text id="staff0001">Te Herenga Waka&#x2014;Victoria University of Wellington, New Zealand</ce:source-text></ce:affiliation><ce:correspondence id="cor0001"><ce:label>&#x204e;</ce:label><ce:text id="cetext0001">Corresponding author.</ce:text></ce:correspondence></ce:author-group><ce:date-received day="5" month="9" year="2021"/><ce:date-revised day="21" month="12" year="2021"/><ce:date-accepted day="5" month="1" year="2022"/><ce:abstract id="abs0001" view="all" class="author"><ce:section-title id="cesectitle0001">Abstract</ce:section-title><ce:abstract-sec id="abss0001" view="all"><ce:simple-para id="spara015" view="all">This dataset provides a comprehensive snapshot of 277 New Zealand young adult's (<ce:italic>M age</ce:italic>&#160;=&#160;18.93, <ce:italic>SD</ce:italic>&#160;=&#160;3.28) real-time behaviours and experiences during a seven-week nationwide lockdown. Participants were recruited through a university student participant pool and data were collected online during 20&#x2013;27<ce:sup loc="post">th</ce:sup> April 2020 (Alert Level 4) and 6&#x2013;13<ce:sup loc="post">th</ce:sup> May 2020 (Alert Level 3), constituting the 26<ce:sup loc="post">th</ce:sup>&#x2013;33<ce:sup loc="post">rd</ce:sup> and 42<ce:sup loc="post">nd</ce:sup>&#x2013;49<ce:sup loc="post">th</ce:sup> day (respectively) of a nationwide lockdown to manage the first wave of COVID-19 in Aotearoa New Zealand. Data have been used previously [1]. Data includes participants&#x2019; self-reported compliance with legally mandated COVID-19 lockdown policies, as well as participants&#x2019; self-reported knowledge of lockdown policies, lockdown characteristics, trust in government and information sources, COVID-19 specific worries, recent anxiety, depression, and stress symptoms, cognitive reappraisal and expressive suppression use, and Big Five personality traits. The dataset is freely accessible (CC-BY-4.0 license) at <ce:inter-ref id="interref0001" xlink:href="https://osf.io/pa4n3/" xlink:type="simple">https://osf.io/pa4n3/</ce:inter-ref>. This database can provide insight into the psychological experience of strict COVID-19 lockdown, support policy makers to evaluate the efficiency COVID-19 public health messaging, and inform future policy to support public health and wellbeing during widespread lockdown and quarantine.</ce:simple-para></ce:abstract-sec></ce:abstract><ce:keywords id="keys0001" view="all" class="keyword"><ce:section-title id="cesectitle0002">Keywords</ce:section-title><ce:keyword id="key0001"><ce:text id="cetext0002">Pandemic</ce:text></ce:keyword><ce:keyword id="key0002"><ce:text id="cetext0003">Preventative behaviour</ce:text></ce:keyword><ce:keyword id="key0003"><ce:text id="cetext0004">Public health behaviour</ce:text></ce:keyword><ce:keyword id="key0004"><ce:text id="cetext0005">Quarantine</ce:text></ce:keyword><ce:keyword id="key0005"><ce:text id="cetext0006">Self-regulation</ce:text></ce:keyword><ce:keyword id="key0006"><ce:text id="cetext0007">Stress</ce:text></ce:keyword></ce:keywords></ja:head></ja:article></doc:document>
