<doc:document xmlns:doc="http://www.elsevier.com/xml/document/schema" xmlns:dp="http://www.elsevier.com/xml/common/doc-properties/schema" xmlns:cps="http://www.elsevier.com/xml/common/consyn-properties/schema" xmlns:rdf="http://www.w3.org/1999/02/22-rdf-syntax-ns#" xmlns:dct="http://purl.org/dc/terms/" xmlns:prism="http://prismstandard.org/namespaces/basic/2.0/" xmlns:oa="http://vtw.elsevier.com/data/ns/properties/OpenAccess-1/" xmlns:bam="http://vtw.elsevier.com/data/voc/ns/bam-vtw-1/" xmlns:cp="http://vtw.elsevier.com/data/ns/properties/Copyright-1/" xmlns:cja="http://www.elsevier.com/xml/cja/schema" xmlns:ja="http://www.elsevier.com/xml/ja/schema" xmlns:bk="http://www.elsevier.com/xml/bk/schema" xmlns:ce="http://www.elsevier.com/xml/common/schema" xmlns:mml="http://www.w3.org/1998/Math/MathML" xmlns:cals="http://www.elsevier.com/xml/common/cals/schema" xmlns:tb="http://www.elsevier.com/xml/common/table/schema" xmlns:sa="http://www.elsevier.com/xml/common/struct-aff/schema" xmlns:sb="http://www.elsevier.com/xml/common/struct-bib/schema" xmlns:xlink="http://www.w3.org/1999/xlink"><rdf:RDF><rdf:Description rdf:about="http://dx.doi.org/10.1016/j.dib.2021.107681"><dct:format>application/xml</dct:format><dct:title>Experimental data on power quality assessment at point of common coupling of a steel mill to an electric power grid</dct:title><dct:creator>Emenike Ugwuagbo</dct:creator><dct:creator>Adeola Balogun</dct:creator><dct:creator>Ayobami Olajube</dct:creator><dct:creator>Osita Omeje</dct:creator><dct:creator>Ayokunle Awelewa</dct:creator><dct:creator>Shehu Abba-Aliyu</dct:creator><dct:subject><rdf:Bag><rdf:li>Power quality (PQ)</rdf:li><rdf:li>Point of common coupling (PCC)</rdf:li><rdf:li>Harmonics</rdf:li><rdf:li>Power factor (PF)</rdf:li></rdf:Bag></dct:subject><dct:description>Data in Brief 39 (2021). doi:10.1016/j.dib.2021.107681</dct:description><prism:aggregationType>journal</prism:aggregationType><prism:publicationName>Data in Brief</prism:publicationName><prism:copyright>&#169; 2021 The Authors. Published by Elsevier Inc.</prism:copyright><dct:publisher>Elsevier Inc.</dct:publisher><prism:issn>2352-3409</prism:issn><prism:volume>39</prism:volume><prism:coverDisplayDate>December 2021</prism:coverDisplayDate><prism:doi>10.1016/j.dib.2021.107681</prism:doi><prism:url>http://dx.doi.org/10.1016/j.dib.2021.107681</prism:url><dct:identifier>doi:10.1016/j.dib.2021.107681</dct:identifier><bam:articleNumber>107681</bam:articleNumber><oa:openAccessInformation><oa:openAccessStatus xmlns:xsi="http://www.w3.org/2001/XMLSchema-instance">http://vtw.elsevier.com/data/voc/oa/OpenAccessStatus#Full</oa:openAccessStatus><oa:openAccessEffective xmlns:xsi="http://www.w3.org/2001/XMLSchema-instance">2021-12-03T19:34:39Z</oa:openAccessEffective><oa:sponsor xmlns:xsi="http://www.w3.org/2001/XMLSchema-instance"><oa:sponsorType>http://vtw.elsevier.com/data/voc/oa/SponsorType#Author</oa:sponsorType></oa:sponsor><oa:userLicense xmlns:xsi="http://www.w3.org/2001/XMLSchema-instance">http://creativecommons.org/licenses/by/4.0/</oa:userLicense></oa:openAccessInformation><cp:licenseLine xmlns:xsi="http://www.w3.org/2001/XMLSchema-instance">This is an open access article under the CC BY license.</cp:licenseLine></rdf:Description></rdf:RDF><dp:document-properties><dp:aggregation-type>Journals</dp:aggregation-type><dp:version-number>S300.1</dp:version-number></dp:document-properties><ja:article docsubtype="dat" version="5.6" xml:lang="en"><ja:item-info><ja:jid>DIB</ja:jid><ja:aid>107681</ja:aid><ce:article-number>107681</ce:article-number><ce:pii>S2352-3409(21)00956-2</ce:pii><ce:doi>10.1016/j.dib.2021.107681</ce:doi><ce:copyright type="unknown" year="2021"/></ja:item-info><ja:head><ce:dochead id="dchd0001"><ce:textfn id="dhtxt0001">Data Article</ce:textfn></ce:dochead><ce:title id="tte0002">Experimental data on power quality assessment at point of common coupling of a steel mill to an electric power grid</ce:title><ce:author-group id="aut0001"><ce:author id="au0001" author-id="S2352340921009562-b4c0a6364347ac2b6e7f6a28d355a215"><ce:given-name>Emenike</ce:given-name><ce:surname>Ugwuagbo</ce:surname><ce:cross-ref refid="aff0001"><ce:sup loc="post">a</ce:sup></ce:cross-ref><ce:e-address id="ead0001a" type="email" xlink:href="mailto:cuemenike@gmail.com">cuemenike@gmail.com</ce:e-address></ce:author><ce:author id="au0002" author-id="S2352340921009562-1b5413703bba7070030c9195067c0443"><ce:given-name>Adeola</ce:given-name><ce:surname>Balogun</ce:surname><ce:cross-ref refid="aff0002"><ce:sup loc="post">b</ce:sup></ce:cross-ref><ce:e-address id="ead0001" type="email" xlink:href="mailto:obalogun@unilag.edu.ng">obalogun@unilag.edu.ng</ce:e-address></ce:author><ce:author id="au0003" author-id="S2352340921009562-c1719d1aef6034c34687cb97889b5c5d" orcid="0000-0001-8704-445X"><ce:given-name>Ayobami</ce:given-name><ce:surname>Olajube</ce:surname><ce:cross-ref refid="aff0003"><ce:sup loc="post">c</ce:sup></ce:cross-ref><ce:cross-ref refid="cor0001"><ce:sup loc="post">&#x204e;</ce:sup></ce:cross-ref><ce:e-address id="ead0002" type="email" xlink:href="mailto:ayobami.olajube@covenantuniversity.edu.ng">ayobami.olajube@covenantuniversity.edu.ng</ce:e-address></ce:author><ce:author id="au0004" author-id="S2352340921009562-19c3f00555774390b96494a404091bea"><ce:given-name>Osita</ce:given-name><ce:surname>Omeje</ce:surname><ce:cross-ref refid="aff0002"><ce:sup loc="post">b</ce:sup></ce:cross-ref><ce:e-address id="ead0003" type="email" xlink:href="mailto:oomeje@unilag.edu.ng">oomeje@unilag.edu.ng</ce:e-address></ce:author><ce:author id="au0005" author-id="S2352340921009562-4f7494e78d99c58957f660dc5199132b"><ce:given-name>Ayokunle</ce:given-name><ce:surname>Awelewa</ce:surname><ce:cross-ref refid="aff0003"><ce:sup loc="post">c</ce:sup></ce:cross-ref><ce:e-address id="ead0004" type="email" xlink:href="mailto:ayokunle.awelewa@covenantuniversity.edu.ng">ayokunle.awelewa@covenantuniversity.edu.ng</ce:e-address></ce:author><ce:author id="au0006" author-id="S2352340921009562-4c7dc80517305df821855f508028c266" orcid="0000-0001-6021-4666"><ce:given-name>Shehu</ce:given-name><ce:surname>Abba-Aliyu</ce:surname><ce:cross-ref refid="aff0004"><ce:sup loc="post">d</ce:sup></ce:cross-ref><ce:e-address id="ead0005" type="email" xlink:href="mailto:abba-aliyu.shehu@tcn.org.ng">abba-aliyu.shehu@tcn.org.ng</ce:e-address></ce:author><ce:affiliation id="aff0001" affiliation-id="S2352340921009562-24e30fd00e3455e13721c713491cb505"><ce:label>a</ce:label><ce:textfn id="cetextfn0001">High Voltage Technology Centre (HIVOTEC) Nigeria, University of Lagos Campus, Akoka 101017, Lagos, Nigeria</ce:textfn><sa:affiliation><sa:organization>High Voltage Technology Centre (HIVOTEC) Nigeria</sa:organization><sa:organization>University of Lagos Campus</sa:organization><sa:city>Akoka</sa:city><sa:state>Lagos</sa:state><sa:postal-code>101017</sa:postal-code><sa:country>Nigeria</sa:country></sa:affiliation><ce:source-text id="staff0001">aHigh Voltage Technology Centre (HIVOTEC) Nigeria, University of Lagos Campus, Akoka 101017, Lagos, Nigeria</ce:source-text></ce:affiliation><ce:affiliation id="aff0002" affiliation-id="S2352340921009562-7ea3849525fdc1600b99135f8db7bbc8"><ce:label>b</ce:label><ce:textfn id="cetextfn0002">Department of Electrical and Electronics Engineering, Faculty of Engineering, University of Lagos, Akoka 101017, Lagos, Nigeria</ce:textfn><sa:affiliation><sa:organization>Department of Electrical and Electronics Engineering</sa:organization><sa:organization>Faculty of Engineering</sa:organization><sa:organization>University of Lagos</sa:organization><sa:city>Akoka</sa:city><sa:state>Lagos</sa:state><sa:postal-code>101017</sa:postal-code><sa:country>Nigeria</sa:country></sa:affiliation><ce:source-text id="staff0002">bDepartment of Electrical and Electronics Engineering, Faculty of Engineering, University of Lagos, Akoka 101017, Lagos, Nigeria</ce:source-text></ce:affiliation><ce:affiliation id="aff0003" affiliation-id="S2352340921009562-ceabd9289cab92a23d3b371142cb4b81"><ce:label>c</ce:label><ce:textfn id="cetextfn0003">Department of Electrical and Information Engineering, College of Engineering, Covenant University, Canaan Land, km 10, Idiroko Road, Ota, Ogun, Nigeria</ce:textfn><sa:affiliation><sa:organization>Department of Electrical and Information Engineering</sa:organization><sa:organization>College of Engineering</sa:organization><sa:organization>Covenant University</sa:organization><sa:address-line>Canaan Land, km 10, Idiroko Road</sa:address-line><sa:city>Ota</sa:city><sa:state>Ogun</sa:state><sa:country>Nigeria</sa:country></sa:affiliation><ce:source-text id="staff0003">cDepartment of Electrical and Information Engineering, College of Engineering, Covenant University, Canaan Land, km 10, Idiroko Road, Ota, Ogun, Nigeria</ce:source-text></ce:affiliation><ce:affiliation id="aff0004" affiliation-id="S2352340921009562-dc9100d1d6dfe8158e5db72d0f9ef5f1"><ce:label>d</ce:label><ce:textfn id="cetextfn0004">Transmission Company of Nigeria (TCN), Abuja, Nigeria</ce:textfn><sa:affiliation><sa:organization>Transmission Company of Nigeria (TCN)</sa:organization><sa:city>Abuja</sa:city><sa:country>Nigeria</sa:country></sa:affiliation><ce:source-text id="staff0004">dTransmission Company of Nigeria (TCN), Abuja, Nigeria</ce:source-text></ce:affiliation><ce:correspondence id="cor0001"><ce:label>&#x204e;</ce:label><ce:text id="cetext0001">Corresponding author.</ce:text></ce:correspondence></ce:author-group><ce:date-received day="11" month="10" year="2021"/><ce:date-revised day="27" month="11" year="2021"/><ce:date-accepted day="2" month="12" year="2021"/><ce:abstract id="abs0001" view="all" class="author"><ce:section-title id="cesectitle0001">Abstract</ce:section-title><ce:abstract-sec id="abss0001" view="all"><ce:simple-para id="spara025" view="all">With the proliferation of non-linear loads in electricity supply industry, interests in improving quality of electrical supply have increased significantly. Power quality challenges have generated disputes between customers, network operators and equipment manufacturers globally. Identification of the sources of harmonics, and the quantification of the identified variables at the points of common coupling (PCC) pose challenges in the electricity supply industry. Critical in the determination of the harmonic contributions are data for harmonic distortions in phase currents and voltages, power factor, apparent power, active power, reactive power, and frequency. The data were obtained at the PCC between 5 different arc furnace steel plant and the transmission network. The data were captured at 33kV and 132kV voltage level at the steel plant PCC using a Circuitor AR6 power analyser connected through incoming voltage transformers (VTs) and current transformers (CTs). Histograms and cumulative probability distribution plots present the harmonic contents of the data. This data can be reused for artificial intelligence and machine learning application in real-time monitoring of state of health at the PCC and design of filter networks to mitigate harmonics.</ce:simple-para></ce:abstract-sec></ce:abstract><ce:keywords id="keys0001" view="all" class="keyword"><ce:section-title id="cesectitle0002">Keywords</ce:section-title><ce:keyword id="key0001"><ce:text id="cetext0002">Power quality (PQ)</ce:text></ce:keyword><ce:keyword id="key0002"><ce:text id="cetext0003">Point of common coupling (PCC)</ce:text></ce:keyword><ce:keyword id="key0003"><ce:text id="cetext0004">Harmonics</ce:text></ce:keyword><ce:keyword id="key0004"><ce:text id="cetext0005">Power factor (PF)</ce:text></ce:keyword></ce:keywords></ja:head></ja:article></doc:document>
