<doc:document xmlns:doc="http://www.elsevier.com/xml/document/schema" xmlns:dp="http://www.elsevier.com/xml/common/doc-properties/schema" xmlns:cps="http://www.elsevier.com/xml/common/consyn-properties/schema" xmlns:rdf="http://www.w3.org/1999/02/22-rdf-syntax-ns#" xmlns:dct="http://purl.org/dc/terms/" xmlns:prism="http://prismstandard.org/namespaces/basic/2.0/" xmlns:oa="http://vtw.elsevier.com/data/ns/properties/OpenAccess-1/" xmlns:bam="http://vtw.elsevier.com/data/voc/ns/bam-vtw-1/" xmlns:cp="http://vtw.elsevier.com/data/ns/properties/Copyright-1/" xmlns:cja="http://www.elsevier.com/xml/cja/schema" xmlns:ja="http://www.elsevier.com/xml/ja/schema" xmlns:bk="http://www.elsevier.com/xml/bk/schema" xmlns:ce="http://www.elsevier.com/xml/common/schema" xmlns:mml="http://www.w3.org/1998/Math/MathML" xmlns:cals="http://www.elsevier.com/xml/common/cals/schema" xmlns:tb="http://www.elsevier.com/xml/common/table/schema" xmlns:sa="http://www.elsevier.com/xml/common/struct-aff/schema" xmlns:sb="http://www.elsevier.com/xml/common/struct-bib/schema" xmlns:xlink="http://www.w3.org/1999/xlink"><rdf:RDF><rdf:Description rdf:about="http://dx.doi.org/10.1016/j.dib.2021.107610"><dct:format>application/xml</dct:format><dct:title>Data of the quantification of the influence of DMSO concentration on the kinetic of interaction between TNF&#x03b1; and SPD304</dct:title><dct:creator>Ghada Attia</dct:creator><dct:creator>A&#239;da Mascret</dct:creator><dct:creator>Chouki Zerrouki</dct:creator><dct:creator>Najla Fourati</dct:creator><dct:creator>Mait&#233; Sylla-Iyarreta Veit&#237;a</dct:creator><dct:creator>Marc Port</dct:creator><dct:subject><rdf:Bag><rdf:li>SPD304</rdf:li><rdf:li>Surface acoustic wave biosensor</rdf:li><rdf:li>TNF&#x03b1;</rdf:li><rdf:li>Affinity</rdf:li><rdf:li>DMSO cosolvent</rdf:li></rdf:Bag></dct:subject><dct:description>Data in Brief 39 (2021). doi:10.1016/j.dib.2021.107610</dct:description><prism:aggregationType>journal</prism:aggregationType><prism:publicationName>Data in Brief</prism:publicationName><prism:copyright>&#169; 2021 Published by Elsevier Inc.</prism:copyright><dct:publisher>Elsevier Inc.</dct:publisher><prism:issn>2352-3409</prism:issn><prism:volume>39</prism:volume><prism:coverDisplayDate>December 2021</prism:coverDisplayDate><prism:doi>10.1016/j.dib.2021.107610</prism:doi><prism:url>http://dx.doi.org/10.1016/j.dib.2021.107610</prism:url><dct:identifier>doi:10.1016/j.dib.2021.107610</dct:identifier><bam:articleNumber>107610</bam:articleNumber><oa:openAccessInformation><oa:openAccessStatus xmlns:xsi="http://www.w3.org/2001/XMLSchema-instance">http://vtw.elsevier.com/data/voc/oa/OpenAccessStatus#Full</oa:openAccessStatus><oa:openAccessEffective xmlns:xsi="http://www.w3.org/2001/XMLSchema-instance">2021-11-17T19:38:19Z</oa:openAccessEffective><oa:sponsor xmlns:xsi="http://www.w3.org/2001/XMLSchema-instance"><oa:sponsorType>http://vtw.elsevier.com/data/voc/oa/SponsorType#ElsevierWaived</oa:sponsorType></oa:sponsor><oa:userLicense xmlns:xsi="http://www.w3.org/2001/XMLSchema-instance">http://creativecommons.org/licenses/by/4.0/</oa:userLicense></oa:openAccessInformation><cp:licenseLine xmlns:xsi="http://www.w3.org/2001/XMLSchema-instance">This is an open access article under the CC BY license.</cp:licenseLine></rdf:Description></rdf:RDF><dp:document-properties><dp:aggregation-type>Journals</dp:aggregation-type><dp:version-number>S300.1</dp:version-number></dp:document-properties><ja:article docsubtype="dat" version="5.6" xml:lang="en"><ja:item-info><ja:jid>DIB</ja:jid><ja:aid>107610</ja:aid><ce:article-number>107610</ce:article-number><ce:pii>S2352-3409(21)00885-4</ce:pii><ce:doi>10.1016/j.dib.2021.107610</ce:doi><ce:document-thread><ce:refers-to-document id="ref0001"><ce:pii>S0014-2999(21)00438-6</ce:pii><ce:doi>10.1016/j.ejphar.2021.174285</ce:doi></ce:refers-to-document></ce:document-thread><ce:copyright type="unknown" year="2021"/></ja:item-info><ja:head><ce:dochead id="dchd0001"><ce:textfn id="dhtxt0001">Data Article</ce:textfn></ce:dochead><ce:title id="tte0002">Data of the quantification of the influence of DMSO concentration on the kinetic of interaction between TNF&#x03b1; and SPD304</ce:title><ce:author-group id="aut0001"><ce:author id="au0001" author-id="S2352340921008854-5effe69bd4f4afda4c4755a22e366b99"><ce:given-name>Ghada</ce:given-name><ce:surname>Attia</ce:surname><ce:contributor-role role="http://credit.niso.org/contributor-roles/methodology">Methodology</ce:contributor-role><ce:contributor-role role="http://credit.niso.org/contributor-roles/investigation">Investigation</ce:contributor-role><ce:contributor-role role="http://credit.niso.org/contributor-roles/data-curation">Data curation</ce:contributor-role><ce:contributor-role role="http://credit.niso.org/contributor-roles/formal-analysis">Formal analysis</ce:contributor-role><ce:cross-ref refid="aff0001"><ce:sup loc="post">a</ce:sup></ce:cross-ref></ce:author><ce:author id="au0002" author-id="S2352340921008854-58fcbff23d5ceeab6e09f52e46be01bd"><ce:given-name>A&#239;da</ce:given-name><ce:surname>Mascret</ce:surname><ce:contributor-role role="http://credit.niso.org/contributor-roles/methodology">Methodology</ce:contributor-role><ce:contributor-role role="http://credit.niso.org/contributor-roles/investigation">Investigation</ce:contributor-role><ce:contributor-role role="http://credit.niso.org/contributor-roles/resources">Resources</ce:contributor-role><ce:cross-ref refid="aff0002"><ce:sup loc="post">b</ce:sup></ce:cross-ref><ce:cross-ref refid="aff0003"><ce:sup loc="post">c</ce:sup></ce:cross-ref></ce:author><ce:author id="au0003" author-id="S2352340921008854-7a8734e04db6ff8f282dea038e660066" orcid="0000-0002-0583-4229"><ce:given-name>Chouki</ce:given-name><ce:surname>Zerrouki</ce:surname><ce:contributor-role role="http://credit.niso.org/contributor-roles/validation">Validation</ce:contributor-role><ce:contributor-role role="http://credit.niso.org/contributor-roles/data-curation">Data curation</ce:contributor-role><ce:contributor-role role="http://credit.niso.org/contributor-roles/supervision">Supervision</ce:contributor-role><ce:cross-ref refid="aff0001"><ce:sup loc="post">a</ce:sup></ce:cross-ref></ce:author><ce:author id="au0004" author-id="S2352340921008854-342e9ace7ce730323b2aa4099b361def"><ce:given-name>Najla</ce:given-name><ce:surname>Fourati</ce:surname><ce:contributor-role role="http://credit.niso.org/contributor-roles/conceptualization">Conceptualization</ce:contributor-role><ce:contributor-role role="http://credit.niso.org/contributor-roles/validation">Validation</ce:contributor-role><ce:contributor-role role="http://credit.niso.org/contributor-roles/supervision">Supervision</ce:contributor-role><ce:contributor-role role="http://credit.niso.org/contributor-roles/writing-original-draft">Writing &#x2013; original draft</ce:contributor-role><ce:cross-ref refid="aff0001"><ce:sup loc="post">a</ce:sup></ce:cross-ref><ce:cross-ref refid="cor0001"><ce:sup loc="post">&#x204e;</ce:sup></ce:cross-ref><ce:e-address id="ead0001" type="email" xlink:href="mailto:najla.fouratiennouri@lecnam.net">najla.fouratiennouri@lecnam.net</ce:e-address></ce:author><ce:author id="au0005" author-id="S2352340921008854-5ed67b16a5861051730722ae381bba72" orcid="0000-0001-8797-6804"><ce:given-name>Mait&#233; Sylla-Iyarreta</ce:given-name><ce:surname>Veit&#237;a</ce:surname><ce:contributor-role role="http://credit.niso.org/contributor-roles/writing-review-editing">Writing &#x2013; review &amp; editing</ce:contributor-role><ce:contributor-role role="http://credit.niso.org/contributor-roles/visualization">Visualization</ce:contributor-role><ce:contributor-role role="http://credit.niso.org/contributor-roles/supervision">Supervision</ce:contributor-role><ce:cross-ref refid="aff0002"><ce:sup loc="post">b</ce:sup></ce:cross-ref><ce:cross-ref refid="cor0001"><ce:sup loc="post">&#x204e;</ce:sup></ce:cross-ref><ce:e-address id="ead0002" type="email" xlink:href="mailto:maite.sylla@lecnam.net">maite.sylla@lecnam.net</ce:e-address><ce:e-address id="ea3a" type="social-media" xlink:href="https://twitter.com/maite_sylla">@maite_sylla</ce:e-address></ce:author><ce:author id="au0006" author-id="S2352340921008854-4e7a065a01db7982dc35d190a19b82c8" orcid="0000-0001-9870-859X"><ce:given-name>Marc</ce:given-name><ce:surname>Port</ce:surname><ce:contributor-role role="http://credit.niso.org/contributor-roles/supervision">Supervision</ce:contributor-role><ce:contributor-role role="http://credit.niso.org/contributor-roles/project-administration">Project administration</ce:contributor-role><ce:contributor-role role="http://credit.niso.org/contributor-roles/funding-acquisition">Funding acquisition</ce:contributor-role><ce:cross-ref refid="aff0002"><ce:sup loc="post">b</ce:sup></ce:cross-ref><ce:cross-ref refid="cor0001"><ce:sup loc="post">&#x204e;</ce:sup></ce:cross-ref><ce:e-address id="ead0003" type="email" xlink:href="mailto:marc.port@lecnam.net">marc.port@lecnam.net</ce:e-address></ce:author><ce:affiliation id="aff0001" affiliation-id="S2352340921008854-34aa07542ed93fac3410248d358e4921"><ce:label>a</ce:label><ce:textfn id="cetextfn0001">Laboratoire SATIE, UMR CNRS 8029, Conservatoire National des Arts et M&#233;tiers (Cnam), 292 rue Saint Martin, HESAM Universit&#233;, Paris 75003, France</ce:textfn><sa:affiliation><sa:organization>Laboratoire SATIE</sa:organization><sa:organization>UMR CNRS 8029</sa:organization><sa:organization>Conservatoire National des Arts et M&#233;tiers (Cnam)</sa:organization><sa:organization>292 rue Saint Martin</sa:organization><sa:organization>HESAM Universit&#233;</sa:organization><sa:city>Paris</sa:city><sa:postal-code>75003</sa:postal-code><sa:country>France</sa:country></sa:affiliation><ce:source-text id="staff0001">aLaboratoire SATIE, UMR CNRS 8029, Conservatoire National des Arts et M&#233;tiers (Cnam), 292 rue Saint Martin, HESAM Universit&#233;, Paris 75003, France</ce:source-text></ce:affiliation><ce:affiliation id="aff0002" affiliation-id="S2352340921008854-6d0570e1ddd72cd39f92ea2417990e21"><ce:label>b</ce:label><ce:textfn id="cetextfn0002">Equipe de Chimie Mol&#233;culaire du Laboratoire G&#233;nomique, Bioinformatique et Chimie Mol&#233;culaire (EA 7528), Conservatoire National des Arts et M&#233;tiers (Cnam), 2 rue Cont&#233;, HESAM Universit&#233;, Paris 75003, France</ce:textfn><sa:affiliation><sa:organization>Equipe de Chimie Mol&#233;culaire du Laboratoire G&#233;nomique</sa:organization><sa:organization>Bioinformatique et Chimie Mol&#233;culaire (EA 7528)</sa:organization><sa:organization>Conservatoire National des Arts et M&#233;tiers (Cnam)</sa:organization><sa:organization>2 rue Cont&#233;</sa:organization><sa:organization>HESAM Universit&#233;</sa:organization><sa:city>Paris</sa:city><sa:postal-code>75003</sa:postal-code><sa:country>France</sa:country></sa:affiliation><ce:source-text id="staff0002">bEquipe de Chimie Mol&#233;culaire du Laboratoire G&#233;nomique, Bioinformatique et Chimie Mol&#233;culaire (EA 7528), Conservatoire National des Arts et M&#233;tiers (Cnam), 2 rue Cont&#233;, HESAM Universit&#233;, Paris 75003, France</ce:source-text></ce:affiliation><ce:affiliation id="aff0003" affiliation-id="S2352340921008854-eb2a6e3f4459546bd203236f627fe398"><ce:label>c</ce:label><ce:textfn id="cetextfn0003">Peptinov, P&#233;pini&#232;re Cochin Sant&#233;, H&#244;pital Cochin, 29 rue du Faubourg Saint Jacques, Paris 75014, France</ce:textfn><sa:affiliation><sa:organization>Peptinov</sa:organization><sa:organization>P&#233;pini&#232;re Cochin Sant&#233;</sa:organization><sa:organization>H&#244;pital Cochin</sa:organization><sa:address-line>29 rue du Faubourg Saint Jacques</sa:address-line><sa:city>Paris</sa:city><sa:postal-code>75014</sa:postal-code><sa:country>France</sa:country></sa:affiliation><ce:source-text id="staff0003">cPeptinov, P&#233;pini&#232;re Cochin Sant&#233;, H&#244;pital Cochin, 29 rue du Faubourg Saint Jacques, Paris 75014, France</ce:source-text></ce:affiliation><ce:correspondence id="cor0001"><ce:label>&#x204e;</ce:label><ce:text id="cetext0001">Corresponding authors.</ce:text></ce:correspondence></ce:author-group><ce:date-received day="10" month="9" year="2021"/><ce:date-revised day="1" month="11" year="2021"/><ce:date-accepted day="16" month="11" year="2021"/><ce:abstract id="abs0001" view="all" class="author"><ce:section-title id="cesectitle0001">Abstract</ce:section-title><ce:abstract-sec id="abss0001" view="all"><ce:simple-para id="spara005" view="all">The data presented here are related to the article entitled &#x201c;New contributions to the drug profile of TNF&#x03b1; inhibitor SPD304: affinity, selectivity ADMET considerations&#x201d; published in the European Journal of pharmacology. As DMSO is usually used as a co-solvent to dissolve low aqueous soluble small molecules, such as SPD304, we have investigated the influence of its concentration on the kinetic of interaction between tumor necrosis factor &#x03b1; (TNF-&#x03b1;) and its inhibitor, SPD304. The presented data, acquired using a surface acoustic wave sensor, can be used in further biological studies to compare the kinetic of interaction between proteins/small molecules in general and TNF&#x03b1;/inhibitors in particular. The estimated dissociation constant can be compared to other ones to statute on the degree of affinity between a protein and a given molecule.</ce:simple-para></ce:abstract-sec></ce:abstract><ce:keywords id="keys0001" view="all" class="keyword"><ce:section-title id="cesectitle0002">Keywords</ce:section-title><ce:keyword id="key0001"><ce:text id="cetext0002">SPD304</ce:text></ce:keyword><ce:keyword id="key0002"><ce:text id="cetext0003">Surface acoustic wave biosensor</ce:text></ce:keyword><ce:keyword id="key0003"><ce:text id="cetext0004">TNF&#x03b1;</ce:text></ce:keyword><ce:keyword id="key0004"><ce:text id="cetext0005">Affinity</ce:text></ce:keyword><ce:keyword id="key0005"><ce:text id="cetext0006">DMSO cosolvent</ce:text></ce:keyword></ce:keywords></ja:head></ja:article></doc:document>
