<doc:document xmlns:doc="http://www.elsevier.com/xml/document/schema" xmlns:dp="http://www.elsevier.com/xml/common/doc-properties/schema" xmlns:cps="http://www.elsevier.com/xml/common/consyn-properties/schema" xmlns:rdf="http://www.w3.org/1999/02/22-rdf-syntax-ns#" xmlns:dct="http://purl.org/dc/terms/" xmlns:prism="http://prismstandard.org/namespaces/basic/2.0/" xmlns:oa="http://vtw.elsevier.com/data/ns/properties/OpenAccess-1/" xmlns:bam="http://vtw.elsevier.com/data/voc/ns/bam-vtw-1/" xmlns:cp="http://vtw.elsevier.com/data/ns/properties/Copyright-1/" xmlns:cja="http://www.elsevier.com/xml/cja/schema" xmlns:ja="http://www.elsevier.com/xml/ja/schema" xmlns:bk="http://www.elsevier.com/xml/bk/schema" xmlns:ce="http://www.elsevier.com/xml/common/schema" xmlns:mml="http://www.w3.org/1998/Math/MathML" xmlns:cals="http://www.elsevier.com/xml/common/cals/schema" xmlns:tb="http://www.elsevier.com/xml/common/table/schema" xmlns:sa="http://www.elsevier.com/xml/common/struct-aff/schema" xmlns:sb="http://www.elsevier.com/xml/common/struct-bib/schema" xmlns:xlink="http://www.w3.org/1999/xlink"><rdf:RDF><rdf:Description rdf:about="http://dx.doi.org/10.1016/j.dib.2021.107767"><dct:format>application/xml</dct:format><dct:title>Microbiome dataset from a marine recirculating aquaculture system (RAS) for salmon post-smolt production in Norway</dct:title><dct:creator>K. Dr&#248;nen</dct:creator><dct:creator>I. Roalkvam</dct:creator><dct:creator>H. Dahle</dct:creator><dct:creator>A.B. Olsen</dct:creator><dct:creator>H. Nilsen</dct:creator><dct:creator>H. Wergeland</dct:creator><dct:subject><rdf:Bag><rdf:li>RAS</rdf:li><rdf:li>Marine post-smolt</rdf:li><rdf:li>16S rRNA</rdf:li><rdf:li>Microbiomes</rdf:li><rdf:li>Ion Torren</rdf:li></rdf:Bag></dct:subject><dct:description>Data in Brief 40 (2022). doi:10.1016/j.dib.2021.107767</dct:description><prism:aggregationType>journal</prism:aggregationType><prism:publicationName>Data in Brief</prism:publicationName><prism:copyright>&#169; 2021 The Author(s). Published by Elsevier Inc.</prism:copyright><dct:publisher>Elsevier Inc.</dct:publisher><prism:issn>2352-3409</prism:issn><prism:volume>40</prism:volume><prism:coverDisplayDate>February 2022</prism:coverDisplayDate><prism:doi>10.1016/j.dib.2021.107767</prism:doi><prism:url>http://dx.doi.org/10.1016/j.dib.2021.107767</prism:url><dct:identifier>doi:10.1016/j.dib.2021.107767</dct:identifier><bam:articleNumber>107767</bam:articleNumber><oa:openAccessInformation><oa:openAccessStatus xmlns:xsi="http://www.w3.org/2001/XMLSchema-instance">http://vtw.elsevier.com/data/voc/oa/OpenAccessStatus#Full</oa:openAccessStatus><oa:openAccessEffective xmlns:xsi="http://www.w3.org/2001/XMLSchema-instance">2021-12-24T11:29:39Z</oa:openAccessEffective><oa:sponsor xmlns:xsi="http://www.w3.org/2001/XMLSchema-instance"><oa:sponsorName>Norway institutes 2021</oa:sponsorName><oa:sponsorType>http://vtw.elsevier.com/data/voc/oa/SponsorType#FundingBody</oa:sponsorType></oa:sponsor><oa:userLicense xmlns:xsi="http://www.w3.org/2001/XMLSchema-instance">http://creativecommons.org/licenses/by/4.0/</oa:userLicense></oa:openAccessInformation><cp:licenseLine xmlns:xsi="http://www.w3.org/2001/XMLSchema-instance">This is an open access article under the CC BY license.</cp:licenseLine></rdf:Description></rdf:RDF><dp:document-properties><dp:aggregation-type>Journals</dp:aggregation-type><dp:version-number>S300.1</dp:version-number></dp:document-properties><ja:article docsubtype="dat" version="5.6" xml:lang="en"><ja:item-info><ja:jid>DIB</ja:jid><ja:aid>107767</ja:aid><ce:article-number>107767</ce:article-number><ce:pii>S2352-3409(21)01041-6</ce:pii><ce:doi>10.1016/j.dib.2021.107767</ce:doi><ce:copyright type="unknown" year="2021"/></ja:item-info><ja:head><ce:dochead id="dchd0001"><ce:textfn id="dhtxt0001">Data Article</ce:textfn></ce:dochead><ce:title id="tte0002">Microbiome dataset from a marine recirculating aquaculture system (RAS) for salmon post-smolt production in Norway</ce:title><ce:author-group id="aut0001"><ce:author id="au0001" author-id="S2352340921010416-62ce0849d6f1c5b1d5c01c427af7d0d6" orcid="0000-0002-0786-6857"><ce:given-name>K.</ce:given-name><ce:surname>Dr&#248;nen</ce:surname><ce:cross-ref refid="aff0001"><ce:sup loc="post">a</ce:sup></ce:cross-ref><ce:cross-ref refid="cor0001"><ce:sup loc="post">&#x204e;</ce:sup></ce:cross-ref><ce:e-address id="ead0001" type="email" xlink:href="mailto:karine.dronen@uib.no">karine.dronen@uib.no</ce:e-address></ce:author><ce:author id="au0002" author-id="S2352340921010416-e8332eb8de840a39b846bbecd00f2c74"><ce:given-name>I.</ce:given-name><ce:surname>Roalkvam</ce:surname><ce:cross-ref refid="aff0001"><ce:sup loc="post">a</ce:sup></ce:cross-ref></ce:author><ce:author id="au0003" author-id="S2352340921010416-e14c05cceef852d63331d67328744ddb"><ce:given-name>H.</ce:given-name><ce:surname>Dahle</ce:surname><ce:cross-ref refid="aff0001"><ce:sup loc="post">a</ce:sup></ce:cross-ref></ce:author><ce:author id="au0004" author-id="S2352340921010416-6c0d2c117054217c236c7a5a14acbf81" orcid="0000-0001-9440-5874"><ce:given-name>A.B.</ce:given-name><ce:surname>Olsen</ce:surname><ce:cross-ref refid="aff0002"><ce:sup loc="post">b</ce:sup></ce:cross-ref></ce:author><ce:author id="au0005" author-id="S2352340921010416-eb1f3cb4f4fffabccf7a57644851018a"><ce:given-name>H.</ce:given-name><ce:surname>Nilsen</ce:surname><ce:cross-ref refid="aff0002"><ce:sup loc="post">b</ce:sup></ce:cross-ref></ce:author><ce:author id="au0006" author-id="S2352340921010416-4369b5cc694eb36cfb7d31d4c31e9d09"><ce:given-name>H.</ce:given-name><ce:surname>Wergeland</ce:surname><ce:cross-ref refid="aff0001"><ce:sup loc="post">a</ce:sup></ce:cross-ref></ce:author><ce:affiliation id="aff0001" affiliation-id="S2352340921010416-fe21ff3944ce9e116db4d6b901535b80"><ce:label>a</ce:label><ce:textfn id="cetextfn0001">Department of Biological Science, University of Bergen, Thorm&#248;hlensgt 55, N-5020, Norway</ce:textfn><sa:affiliation><sa:organization>Department of Biological Science</sa:organization><sa:organization>University of Bergen</sa:organization><sa:city>Thorm&#248;hlensgt</sa:city><sa:postal-code>55, N-5020</sa:postal-code><sa:country>Norway</sa:country></sa:affiliation><ce:source-text id="staff0001">aDepartment of Biological Science, University of Bergen, Thorm&#248;hlensgt 55, N-5020, Norway</ce:source-text></ce:affiliation><ce:affiliation id="aff0002" affiliation-id="S2352340921010416-237859145c96b439d112f4e3d83dbbd0"><ce:label>b</ce:label><ce:textfn id="cetextfn0002">Norwegian Veterinary Institute, Thorm&#248;hlensgt 53C, N-5006, Norway</ce:textfn><sa:affiliation><sa:organization>Norwegian Veterinary Institute</sa:organization><sa:city>Thorm&#248;hlensgt</sa:city><sa:postal-code>53C, N-5006</sa:postal-code><sa:country>Norway</sa:country></sa:affiliation><ce:source-text id="staff0002">bNorwegian Veterinary Institute, Thorm&#248;hlensgt 53C, N-5006, Norway</ce:source-text></ce:affiliation><ce:correspondence id="cor0001"><ce:label>&#x204e;</ce:label><ce:text id="cetext0001">Corresponding author.</ce:text></ce:correspondence></ce:author-group><ce:date-received day="12" month="8" year="2021"/><ce:date-revised day="8" month="10" year="2021"/><ce:date-accepted day="22" month="12" year="2021"/><ce:abstract id="abs0001" view="all" class="author"><ce:section-title id="cesectitle0001">Abstract</ce:section-title><ce:abstract-sec id="abss0001" view="all"><ce:simple-para id="spara006" view="all">A marine aquaculture recycling system (RAS) for the production of post-smolt was monitored for microbial community structures during the first year of operation. Sample material was obtained monthly from the biofilter biofilm carriers, the production water (tank 3), the fish skin (tank 3) and the tank 3 wall biofilm. Additional samples were taken during outbreaks of fish skin wounds, washing of the plant, UV filtration of the inlet water and from various wall biofilms. Samples for depth profiles from all fish tanks were also collected. The sampling tools were a ladle for capturing biofilter biofilm carriers, toothbrushes for wall biofilm capture, filters for capture of water microbes and scalpels for skin tissue slicing. The sampling times were indicated by the production cycle number (cycle 2-5) and the week number within the cycle (W). Prior to bacterial community analysis, the stored samples were exposed to cell lysis and extraction of environmental DNA by commercial kits. All samples were subjected for PCR amplification of 16S rDNA sequences for library formations and prepared for Ion Torrent technology, which sequences 250 bp fragments. A total of 1.1 million reads were obtained from the 100 RAS samples analysed. The process from Ion Torren analysis to library involved bioinformatics steps with sorting, filtering, adjustment and taxonomic identification, and the final output was shown in a table as operational taxonomic units (OTUs) and relative abundance at different sampling sites and sampling time points. Of a total of 450 taxonomically assigned OTUs, 45% were classified at genus level. The 16S library raw data are deposited in the Mendeley data repository and cited in this Data in Brief article co-submitted with the article &#x201c;Microbial colonization and stability in a marine post-smolt RAS inoculated with a commercial starter culture.&#x201d; [1]. So far, the raw data are referenced in four more publications in progress. These cover microbial shifts and enrichments between sampling times, sulfur cycling, &#x201c;in vivo biofilm&#x201d; and identification of relatives of fish pathogens in RAS. All library sequences are available in GenBank with accession numbers MN890148-MN891672.</ce:simple-para></ce:abstract-sec></ce:abstract><ce:keywords id="keys0001" view="all" class="keyword"><ce:section-title id="cesectitle0002">Keywords</ce:section-title><ce:keyword id="key0001"><ce:text id="cetext0002">RAS</ce:text></ce:keyword><ce:keyword id="key0001A"><ce:text id="cetext0002A">Marine post-smolt</ce:text></ce:keyword><ce:keyword id="key0001B"><ce:text id="cetext0002B">16S rRNA</ce:text></ce:keyword><ce:keyword id="key0001C"><ce:text id="cetext0002C">Microbiomes</ce:text></ce:keyword><ce:keyword id="key0001D"><ce:text id="cetext0002D">Ion Torren</ce:text></ce:keyword></ce:keywords></ja:head></ja:article></doc:document>
