<doc:document xmlns:doc="http://www.elsevier.com/xml/document/schema" xmlns:dp="http://www.elsevier.com/xml/common/doc-properties/schema" xmlns:cps="http://www.elsevier.com/xml/common/consyn-properties/schema" xmlns:rdf="http://www.w3.org/1999/02/22-rdf-syntax-ns#" xmlns:dct="http://purl.org/dc/terms/" xmlns:prism="http://prismstandard.org/namespaces/basic/2.0/" xmlns:oa="http://vtw.elsevier.com/data/ns/properties/OpenAccess-1/" xmlns:bam="http://vtw.elsevier.com/data/voc/ns/bam-vtw-1/" xmlns:cp="http://vtw.elsevier.com/data/ns/properties/Copyright-1/" xmlns:cja="http://www.elsevier.com/xml/cja/schema" xmlns:ja="http://www.elsevier.com/xml/ja/schema" xmlns:bk="http://www.elsevier.com/xml/bk/schema" xmlns:ce="http://www.elsevier.com/xml/common/schema" xmlns:mml="http://www.w3.org/1998/Math/MathML" xmlns:cals="http://www.elsevier.com/xml/common/cals/schema" xmlns:tb="http://www.elsevier.com/xml/common/table/schema" xmlns:sa="http://www.elsevier.com/xml/common/struct-aff/schema" xmlns:sb="http://www.elsevier.com/xml/common/struct-bib/schema" xmlns:xlink="http://www.w3.org/1999/xlink"><rdf:RDF><rdf:Description rdf:about="http://dx.doi.org/10.1016/j.dib.2021.107729"><dct:format>application/xml</dct:format><dct:title>Life-history data of a key amphipod species from three NE Atlantic estuaries under different levels of anthropogenic pressure</dct:title><dct:creator>I. Martins</dct:creator><dct:creator>A. Guerra</dct:creator><dct:creator>N. Leite</dct:creator><dct:creator>E. Constantino</dct:creator><dct:creator>M.I. Ilarri</dct:creator><dct:creator>A.T. Souza</dct:creator><dct:creator>M.M. Santos</dct:creator><dct:creator>A.T. Ford</dct:creator><dct:creator>J. Campos</dct:creator><dct:subject><rdf:Bag><rdf:li>Echinogammarus marinus</rdf:li><rdf:li>Intra-site habitats</rdf:li><rdf:li>Organic matter</rdf:li><rdf:li>Fucus spp.</rdf:li><rdf:li>Population dynamics</rdf:li></rdf:Bag></dct:subject><dct:description>Data in Brief, Uncorrected proof. doi:10.1016/j.dib.2021.107729</dct:description><prism:aggregationType>journal</prism:aggregationType><prism:publicationName>Data in Brief</prism:publicationName><prism:copyright>Crown Copyright &#169; 2021 Published by Elsevier Inc.</prism:copyright><dct:publisher>Elsevier Inc.</dct:publisher><prism:issn>2352-3409</prism:issn><prism:doi>10.1016/j.dib.2021.107729</prism:doi><prism:url>http://dx.doi.org/10.1016/j.dib.2021.107729</prism:url><dct:identifier>doi:10.1016/j.dib.2021.107729</dct:identifier><bam:articleNumber>107729</bam:articleNumber><oa:openAccessInformation><oa:openAccessStatus xmlns:xsi="http://www.w3.org/2001/XMLSchema-instance">http://vtw.elsevier.com/data/voc/oa/OpenAccessStatus#Full</oa:openAccessStatus><oa:openAccessEffective xmlns:xsi="http://www.w3.org/2001/XMLSchema-instance">2021-12-15T10:48:59Z</oa:openAccessEffective><oa:sponsor xmlns:xsi="http://www.w3.org/2001/XMLSchema-instance"><oa:sponsorType>http://vtw.elsevier.com/data/voc/oa/SponsorType#Author</oa:sponsorType></oa:sponsor><oa:userLicense xmlns:xsi="http://www.w3.org/2001/XMLSchema-instance">http://creativecommons.org/licenses/by/4.0/</oa:userLicense></oa:openAccessInformation><cp:licenseLine xmlns:xsi="http://www.w3.org/2001/XMLSchema-instance">This is an open access article under the CC BY license.</cp:licenseLine></rdf:Description></rdf:RDF><dp:document-properties><dp:aggregation-type>Journals</dp:aggregation-type><dp:version-number>S100.1</dp:version-number></dp:document-properties><ja:article docsubtype="dat" version="5.6" xml:lang="en"><ja:item-info><ja:jid>DIB</ja:jid><ja:aid>107729</ja:aid><ce:article-number>107729</ce:article-number><ce:pii>S2352-3409(21)01004-0</ce:pii><ce:doi>10.1016/j.dib.2021.107729</ce:doi><ce:document-thread><ce:refers-to-document id="ref0001"><ce:pii>S0141-1136(21)00294-4</ce:pii><ce:doi>10.1016/j.marenvres.2021.105538</ce:doi></ce:refers-to-document></ce:document-thread><ce:copyright type="unknown" year="2021"/></ja:item-info><ja:head><ce:dochead id="dchd0001"><ce:textfn id="dhtxt0001">Data Article</ce:textfn></ce:dochead><ce:title id="tte0002">Life-history data of a key amphipod species from three NE Atlantic estuaries under different levels of anthropogenic pressure</ce:title><ce:author-group id="aut0001"><ce:author id="au0001" author-id="S2352340921010040-1e4349e21b8970b85d54e082ffb6d41a"><ce:given-name>I.</ce:given-name><ce:surname>Martins</ce:surname><ce:cross-ref refid="aff0001"><ce:sup loc="post">a</ce:sup></ce:cross-ref><ce:cross-ref refid="fn1"><ce:sup loc="post">#</ce:sup></ce:cross-ref></ce:author><ce:author id="au0002" author-id="S2352340921010040-141fc4f12ec9feb0eadc637289a8c1f2"><ce:given-name>A.</ce:given-name><ce:surname>Guerra</ce:surname><ce:cross-ref refid="aff0001"><ce:sup loc="post">a</ce:sup></ce:cross-ref></ce:author><ce:author id="au0003" author-id="S2352340921010040-af069292c36f2063a9df66a283321ca4"><ce:given-name>N.</ce:given-name><ce:surname>Leite</ce:surname><ce:cross-ref refid="aff0001"><ce:sup loc="post">a</ce:sup></ce:cross-ref><ce:cross-ref refid="aff0002"><ce:sup loc="post">b</ce:sup></ce:cross-ref></ce:author><ce:author id="au0004" author-id="S2352340921010040-98efbb0e541d7df492f5101d72445975"><ce:given-name>E.</ce:given-name><ce:surname>Constantino</ce:surname><ce:cross-ref refid="aff0001"><ce:sup loc="post">a</ce:sup></ce:cross-ref></ce:author><ce:author id="au0005" author-id="S2352340921010040-9c9a1a7c6d6389c4de1c04395fa4e68c"><ce:given-name>M.I.</ce:given-name><ce:surname>Ilarri</ce:surname><ce:cross-ref refid="aff0003"><ce:sup loc="post">c</ce:sup></ce:cross-ref></ce:author><ce:author id="au0006" author-id="S2352340921010040-c68bd227874c7f21395d4ebce9e8afaf"><ce:given-name>A.T.</ce:given-name><ce:surname>Souza</ce:surname><ce:cross-ref refid="aff0004"><ce:sup loc="post">d</ce:sup></ce:cross-ref></ce:author><ce:author id="au0007" author-id="S2352340921010040-22f88a41252480995b2bc981f4808917"><ce:given-name>M.M.</ce:given-name><ce:surname>Santos</ce:surname><ce:cross-ref refid="aff0003"><ce:sup loc="post">c</ce:sup></ce:cross-ref><ce:cross-ref refid="aff0005"><ce:sup loc="post">e</ce:sup></ce:cross-ref></ce:author><ce:author id="au0008" author-id="S2352340921010040-a4cb9b16ddbb93e536afe06144248654"><ce:given-name>A.T.</ce:given-name><ce:surname>Ford</ce:surname><ce:cross-ref refid="aff0006"><ce:sup loc="post">f</ce:sup></ce:cross-ref></ce:author><ce:author id="au0009" author-id="S2352340921010040-85ef94ffa197e6f6ab3c96c40af34947" orcid="0000-0002-7214-6901"><ce:given-name>J.</ce:given-name><ce:surname>Campos</ce:surname><ce:cross-ref refid="aff0003"><ce:sup loc="post">c</ce:sup></ce:cross-ref><ce:cross-ref refid="cor0001"><ce:sup loc="post">&#x204e;</ce:sup></ce:cross-ref><ce:e-address id="ead0001" type="email" xlink:href="mailto:jcampos@ciimar.up.pt">jcampos@ciimar.up.pt</ce:e-address></ce:author><ce:affiliation id="aff0001" affiliation-id="S2352340921010040-4814be8253cf5287a44af603ea941460"><ce:label>a</ce:label><ce:textfn id="cetextfn0001">MARE- Marine and Environmental Sciences Centre, Faculdade de Ci&#234;ncias e Tecnologia, Universidade de Coimbra, Coimbra 3004-517, Portugal</ce:textfn><sa:affiliation><sa:organization>MARE- Marine and Environmental Sciences Centre</sa:organization><sa:organization>Faculdade de Ci&#234;ncias e Tecnologia</sa:organization><sa:organization>Universidade de Coimbra</sa:organization><sa:city>Coimbra</sa:city><sa:postal-code>3004-517</sa:postal-code><sa:country>Portugal</sa:country></sa:affiliation><ce:source-text id="staff0001">aMARE- Marine and Environmental Sciences Centre, Faculdade de Ci&#234;ncias e Tecnologia, Universidade de Coimbra, Coimbra 3004-517, Portugal</ce:source-text></ce:affiliation><ce:affiliation id="aff0002" affiliation-id="S2352340921010040-61419040681f90090d7bd4a02773690a"><ce:label>b</ce:label><ce:textfn id="cetextfn0002">SEAentia - Science Based Aquaculture, Parque Tecnol&#243;gico de Cantanhede, N&#250;cleo 04, Lote 2, Cantanhede 3060-197, Portugal</ce:textfn><sa:affiliation><sa:organization>SEAentia - Science Based Aquaculture</sa:organization><sa:organization>Parque Tecnol&#243;gico de Cantanhede</sa:organization><sa:address-line>N&#250;cleo 04, Lote 2</sa:address-line><sa:city>Cantanhede</sa:city><sa:postal-code>3060-197</sa:postal-code><sa:country>Portugal</sa:country></sa:affiliation><ce:source-text id="staff0002">bSEAentia - Science Based Aquaculture, Parque Tecnol&#243;gico de Cantanhede, N&#250;cleo 04, Lote 2, Cantanhede 3060-197, Portugal</ce:source-text></ce:affiliation><ce:affiliation id="aff0003" affiliation-id="S2352340921010040-679b6e987588d95d76a2697da650d4e5"><ce:label>c</ce:label><ce:textfn id="cetextfn0003">CIIMAR- Interdisciplinary Centre of Marine and Environmental Research, University of Porto, Edif&#237;cio do Terminal de Cruzeiros do Porto de Leix&#245;es, Avenida General Norton de Matos, s/n, Matosinhos 4450-208, Portugal</ce:textfn><sa:affiliation><sa:organization>CIIMAR- Interdisciplinary Centre of Marine and Environmental Research</sa:organization><sa:organization>University of Porto</sa:organization><sa:organization>Edif&#237;cio do Terminal de Cruzeiros do Porto de Leix&#245;es</sa:organization><sa:address-line>Avenida General Norton de Matos, s/n</sa:address-line><sa:city>Matosinhos</sa:city><sa:postal-code>4450-208</sa:postal-code><sa:country>Portugal</sa:country></sa:affiliation><ce:source-text id="staff0003">cCIIMAR- Interdisciplinary Centre of Marine and Environmental Research, University of Porto, Edif&#237;cio do Terminal de Cruzeiros do Porto de Leix&#245;es, Avenida General Norton de Matos, s/n, Matosinhos 4450-208, Portugal</ce:source-text></ce:affiliation><ce:affiliation id="aff0004" affiliation-id="S2352340921010040-b7905bcaae9c645d879af1821c9c5213"><ce:label>d</ce:label><ce:textfn id="cetextfn0004">Institute of Hydrobiology, Biology Centre of the Czech Academy of Sciences, Na S&#225;dk&#225;ch 7, 370 05 &#x010c;esk&#233; Bud&#x011b;jovice, Czech Republic</ce:textfn><sa:affiliation><sa:organization>Institute of Hydrobiology</sa:organization><sa:organization>Biology Centre of the Czech Academy of Sciences</sa:organization><sa:address-line>Na S&#225;dk&#225;ch 7</sa:address-line><sa:city>&#x010c;esk&#233; Bud&#x011b;jovice</sa:city><sa:postal-code>370 05</sa:postal-code><sa:country>Czech Republic</sa:country></sa:affiliation><ce:source-text id="staff0004">dInstitute of Hydrobiology, Biology Centre of the Czech Academy of Sciences, Na S&#225;dk&#225;ch 7, 370 05 &#x010c;esk&#233; Bud&#x011b;jovice, Czech Republic</ce:source-text></ce:affiliation><ce:affiliation id="aff0005" affiliation-id="S2352340921010040-b4b38a1a9a6e270be77c24278132ac65"><ce:label>e</ce:label><ce:textfn id="cetextfn0005">FCUP &#x2013; Department of Biology, Faculty of Sciences, University of Porto, Porto, Portugal</ce:textfn><sa:affiliation><sa:organization>FCUP &#x2013; Department of Biology</sa:organization><sa:organization>Faculty of Sciences</sa:organization><sa:organization>University of Porto</sa:organization><sa:city>Porto</sa:city><sa:country>Portugal</sa:country></sa:affiliation><ce:source-text id="staff0005">eFCUP &#x2013; Department of Biology, Faculty of Sciences, University of Porto, Porto, Portugal</ce:source-text></ce:affiliation><ce:affiliation id="aff0006" affiliation-id="S2352340921010040-59f12d37606a5a42512c8d25e2d6e60f"><ce:label>f</ce:label><ce:textfn id="cetextfn0006">School of Biological Sciences, Faculty of Sciences, University of Portsmouth, Institute of Marine Sciences Laboratories, Langstone Harbour, Ferry Road, Eastney, Portsmouth P04 9LY, United Kingdom</ce:textfn><sa:affiliation><sa:organization>School of Biological Sciences</sa:organization><sa:organization>Faculty of Sciences</sa:organization><sa:organization>University of Portsmouth</sa:organization><sa:organization>Institute of Marine Sciences Laboratories</sa:organization><sa:address-line>Langstone Harbour, Ferry Road, Eastney</sa:address-line><sa:city>Portsmouth</sa:city><sa:postal-code>P04 9LY</sa:postal-code><sa:country>United Kingdom</sa:country></sa:affiliation><ce:source-text id="staff0006">fSchool of Biological Sciences, Faculty of Sciences, University of Portsmouth, Institute of Marine Sciences Laboratories, Langstone Harbour, Ferry Road, Eastney, Portsmouth P04 9LY, United Kingdom</ce:source-text></ce:affiliation><ce:correspondence id="cor0001"><ce:label>&#x204e;</ce:label><ce:text id="cetext0001">Corresponding author.</ce:text></ce:correspondence><ce:footnote id="fn1"><ce:label>#</ce:label><ce:note-para id="notep0001" view="all">Present address: CIIMAR- Interdisciplinary Centre of Marine and Environmental Research, University of Porto, Edif&#237;cio do Terminal de Cruzeiros do Porto de Leix&#245;es, Avenida General Norton de Matos, s/n, 4450-208 Matosinhos, Portugal</ce:note-para></ce:footnote></ce:author-group><ce:date-received day="3" month="12" year="2021"/><ce:date-accepted day="15" month="12" year="2021"/><ce:abstract id="abs0001" view="all" class="author"><ce:section-title id="cesectitle0001">Abstract</ce:section-title><ce:abstract-sec id="abss0001" view="all"><ce:simple-para id="spara002" view="all">Knowledge on population dynamics of ecosystem's key-species is invaluable to understand how populations will respond to natural and human-induced perturbations. The amphipod <ce:italic>Echinogammarus marinus</ce:italic> is a key-species from European estuarine habitats with a distribution ranging from Norway to Portugal [1]. The present article contains supportive data related to a research article entitled &#x2018;Comparing production and life-history traits of a key amphipod species within and between estuaries under different levels of anthropogenic pressure&#x2019; [2]. The present dataset presents the density, biomass, fecundity, and production of <ce:italic>E. marinus</ce:italic> in three estuaries under different anthropogenic pressure and, within each estuary, at three sampling sites, which differed in terms of the distance to the estuary mouth, vegetation cover, and organic matter content. Monthly environmental abiotic data and seasonal concentration of PAH and other contaminants are also provided. Sampling took place monthly for 13 months at low tide on intertidal mudflats. At each site, <ce:italic>Fucus</ce:italic> fronds containing <ce:italic>E. marinus</ce:italic> individuals were randomly collected. All <ce:italic>E. marinus</ce:italic> individuals were counted, sexed, and measured under a binocular stereo microscope to estimate the density and the biomass of <ce:italic>E. marinus</ce:italic> in <ce:italic>Fucus</ce:italic> fronds. Finally, the annual production of <ce:italic>E. marinus</ce:italic> at each sampling site was estimated through the size-frequency method. This dataset may be used to compare population traits of <ce:italic>E. marinus</ce:italic> populations across different estuaries and it may overall assist designing studies regarding population dynamics and designing management strategies in coastal systems, namely targeting at habitat conservation and restoration.</ce:simple-para></ce:abstract-sec></ce:abstract><ce:keywords id="keys0001" view="all" class="keyword"><ce:section-title id="cesectitle0002">Keywords</ce:section-title><ce:keyword id="key0001"><ce:text id="cetext0002"><ce:italic>Echinogammarus marinus</ce:italic></ce:text></ce:keyword><ce:keyword id="key0002"><ce:text id="cetext0003">Intra-site habitats</ce:text></ce:keyword><ce:keyword id="key0003"><ce:text id="cetext0004">Organic matter</ce:text></ce:keyword><ce:keyword id="key0004"><ce:text id="cetext0005"><ce:italic>Fucus</ce:italic> spp.</ce:text></ce:keyword><ce:keyword id="key0005"><ce:text id="cetext0006">Population dynamics</ce:text></ce:keyword></ce:keywords></ja:head></ja:article></doc:document>
