<doc:document xmlns:doc="http://www.elsevier.com/xml/document/schema" xmlns:dp="http://www.elsevier.com/xml/common/doc-properties/schema" xmlns:cps="http://www.elsevier.com/xml/common/consyn-properties/schema" xmlns:rdf="http://www.w3.org/1999/02/22-rdf-syntax-ns#" xmlns:dct="http://purl.org/dc/terms/" xmlns:prism="http://prismstandard.org/namespaces/basic/2.0/" xmlns:oa="http://vtw.elsevier.com/data/ns/properties/OpenAccess-1/" xmlns:bam="http://vtw.elsevier.com/data/voc/ns/bam-vtw-1/" xmlns:cp="http://vtw.elsevier.com/data/ns/properties/Copyright-1/" xmlns:cja="http://www.elsevier.com/xml/cja/schema" xmlns:ja="http://www.elsevier.com/xml/ja/schema" xmlns:bk="http://www.elsevier.com/xml/bk/schema" xmlns:ce="http://www.elsevier.com/xml/common/schema" xmlns:mml="http://www.w3.org/1998/Math/MathML" xmlns:cals="http://www.elsevier.com/xml/common/cals/schema" xmlns:tb="http://www.elsevier.com/xml/common/table/schema" xmlns:sa="http://www.elsevier.com/xml/common/struct-aff/schema" xmlns:sb="http://www.elsevier.com/xml/common/struct-bib/schema" xmlns:xlink="http://www.w3.org/1999/xlink"><rdf:RDF><rdf:Description rdf:about="http://dx.doi.org/10.1016/j.dib.2021.107692"><dct:format>application/xml</dct:format><dct:title>Data on the life cycle carbon emission in Kenyan, Rwandan, and Tanzanian grid electricity generation and transmission systems</dct:title><dct:creator>Enock Chambile</dct:creator><dct:creator>Nelson Ijumba</dct:creator><dct:creator>Burnet Mkandawire</dct:creator><dct:creator>Jean de Dieu Hakizimana</dct:creator><dct:subject><rdf:Bag><rdf:li>Clean technologies</rdf:li><rdf:li>Electrical power system capacity</rdf:li><rdf:li>Carbon emissions data</rdf:li><rdf:li>Life cycle carbon emission estimation parameters</rdf:li></rdf:Bag></dct:subject><dct:description>Data in Brief 40 (2022). doi:10.1016/j.dib.2021.107692</dct:description><prism:aggregationType>journal</prism:aggregationType><prism:publicationName>Data in Brief</prism:publicationName><prism:copyright>&#169; 2021 The Author(s). Published by Elsevier Inc.</prism:copyright><dct:publisher>Elsevier Inc.</dct:publisher><prism:issn>2352-3409</prism:issn><prism:volume>40</prism:volume><prism:coverDisplayDate>February 2022</prism:coverDisplayDate><prism:doi>10.1016/j.dib.2021.107692</prism:doi><prism:url>http://dx.doi.org/10.1016/j.dib.2021.107692</prism:url><dct:identifier>doi:10.1016/j.dib.2021.107692</dct:identifier><bam:articleNumber>107692</bam:articleNumber><oa:openAccessInformation><oa:openAccessStatus xmlns:xsi="http://www.w3.org/2001/XMLSchema-instance">http://vtw.elsevier.com/data/voc/oa/OpenAccessStatus#Full</oa:openAccessStatus><oa:openAccessEffective xmlns:xsi="http://www.w3.org/2001/XMLSchema-instance">2021-12-07T15:31:15Z</oa:openAccessEffective><oa:sponsor xmlns:xsi="http://www.w3.org/2001/XMLSchema-instance"><oa:sponsorType>http://vtw.elsevier.com/data/voc/oa/SponsorType#Author</oa:sponsorType></oa:sponsor><oa:userLicense xmlns:xsi="http://www.w3.org/2001/XMLSchema-instance">http://creativecommons.org/licenses/by/4.0/</oa:userLicense></oa:openAccessInformation><cp:licenseLine xmlns:xsi="http://www.w3.org/2001/XMLSchema-instance">This is an open access article under the CC BY license.</cp:licenseLine></rdf:Description></rdf:RDF><dp:document-properties><dp:aggregation-type>Journals</dp:aggregation-type><dp:version-number>S300.1</dp:version-number></dp:document-properties><ja:article docsubtype="dat" version="5.6" xml:lang="en"><ja:item-info><ja:jid>DIB</ja:jid><ja:aid>107692</ja:aid><ce:article-number>107692</ce:article-number><ce:pii>S2352-3409(21)00967-7</ce:pii><ce:doi>10.1016/j.dib.2021.107692</ce:doi><ce:document-thread><ce:refers-to-document id="ref0001"><ce:pii>S0959-6526(21)02048-5</ce:pii><ce:doi>10.1016/j.jclepro.2021.127830</ce:doi></ce:refers-to-document></ce:document-thread><ce:copyright type="other" year="2021">The Author(s)</ce:copyright></ja:item-info><ja:head><ce:dochead id="dchd0001"><ce:textfn id="dhtxt0001">Data Article</ce:textfn></ce:dochead><ce:title id="tte0002">Data on the life cycle carbon emission in Kenyan, Rwandan, and Tanzanian grid electricity generation and transmission systems</ce:title><ce:author-group id="aut0001"><ce:author id="au0001" author-id="S2352340921009677-737c15766e1646e24895624d20b644be" orcid="0000-0003-2244-3833"><ce:given-name>Enock</ce:given-name><ce:surname>Chambile</ce:surname><ce:contributor-role role="http://credit.niso.org/contributor-roles/conceptualization">Conceptualization</ce:contributor-role><ce:contributor-role role="http://credit.niso.org/contributor-roles/methodology">Methodology</ce:contributor-role><ce:contributor-role role="http://credit.niso.org/contributor-roles/investigation">Investigation</ce:contributor-role><ce:contributor-role role="http://credit.niso.org/contributor-roles/formal-analysis">Formal analysis</ce:contributor-role><ce:contributor-role role="http://credit.niso.org/contributor-roles/data-curation">Data curation</ce:contributor-role><ce:contributor-role role="http://credit.niso.org/contributor-roles/funding-acquisition">Funding acquisition</ce:contributor-role><ce:contributor-role role="http://credit.niso.org/contributor-roles/writing-original-draft">Writing &#x2013; original draft</ce:contributor-role><ce:cross-ref refid="aff0001"><ce:sup loc="post">a</ce:sup></ce:cross-ref><ce:cross-ref refid="aff0002"><ce:sup loc="post">b</ce:sup></ce:cross-ref><ce:cross-ref refid="cor0001"><ce:sup loc="post">&#x204e;</ce:sup></ce:cross-ref><ce:e-address type="email" xlink:href="mailto:echambile@yahoo.com" id="ead0001">echambile@yahoo.com</ce:e-address></ce:author><ce:author id="au0002" author-id="S2352340921009677-e5887e3ea1ce7cf904ea11ee58d24d35"><ce:given-name>Nelson</ce:given-name><ce:surname>Ijumba</ce:surname><ce:contributor-role role="http://credit.niso.org/contributor-roles/supervision">Supervision</ce:contributor-role><ce:contributor-role role="http://credit.niso.org/contributor-roles/writing-review-editing">Writing &#x2013; review &amp; editing</ce:contributor-role><ce:contributor-role role="http://credit.niso.org/contributor-roles/validation">Validation</ce:contributor-role><ce:cross-ref refid="aff0001"><ce:sup loc="post">a</ce:sup></ce:cross-ref><ce:cross-ref refid="aff0003"><ce:sup loc="post">c</ce:sup></ce:cross-ref></ce:author><ce:author id="au0003" author-id="S2352340921009677-35d15c3382e05f52d9ce9627b022fc0e" orcid="0000-0002-9898-3724"><ce:given-name>Burnet</ce:given-name><ce:surname>Mkandawire</ce:surname><ce:contributor-role role="http://credit.niso.org/contributor-roles/supervision">Supervision</ce:contributor-role><ce:contributor-role role="http://credit.niso.org/contributor-roles/writing-review-editing">Writing &#x2013; review &amp; editing</ce:contributor-role><ce:contributor-role role="http://credit.niso.org/contributor-roles/validation">Validation</ce:contributor-role><ce:cross-ref refid="aff0001"><ce:sup loc="post">a</ce:sup></ce:cross-ref><ce:cross-ref refid="aff0004"><ce:sup loc="post">d</ce:sup></ce:cross-ref></ce:author><ce:author id="au0004" author-id="S2352340921009677-faeb5c72ec3a950c87d43bfa397500aa"><ce:given-name>Jean de Dieu</ce:given-name><ce:surname>Hakizimana</ce:surname><ce:contributor-role role="http://credit.niso.org/contributor-roles/supervision">Supervision</ce:contributor-role><ce:contributor-role role="http://credit.niso.org/contributor-roles/validation">Validation</ce:contributor-role><ce:contributor-role role="http://credit.niso.org/contributor-roles/project-administration">Project administration</ce:contributor-role><ce:cross-ref refid="aff0001"><ce:sup loc="post">a</ce:sup></ce:cross-ref></ce:author><ce:affiliation id="aff0001" affiliation-id="S2352340921009677-09c0c9666bcea5b9ca9283814b7ec3d5"><ce:label>a</ce:label><ce:textfn id="cetextfn0001">African Centre of Excellence in Energy for Sustainable Development, College of Science and Technology, University of Rwanda, KN 73 St, P.O. Box 3900, Kigali, Rwanda</ce:textfn><sa:affiliation><sa:organization>African Centre of Excellence in Energy for Sustainable Development, College of Science and Technology</sa:organization><sa:organization>University of Rwanda</sa:organization><sa:address-line>KN 73 St, P.O. Box 3900</sa:address-line><sa:city>Kigali</sa:city><sa:country>Rwanda</sa:country></sa:affiliation><ce:source-text id="staff0001">aAfrican Centre of Excellence in Energy for Sustainable Development, College of Science and Technology, University of Rwanda, KN 73 St, P.O. Box 3900, Kigali, Rwanda</ce:source-text></ce:affiliation><ce:affiliation id="aff0002" affiliation-id="S2352340921009677-4807b1ddeaed436f44d2d1c5840030c3"><ce:label>b</ce:label><ce:textfn id="cetextfn0002">Department of Geography and Environmental Studies, Solomon Mahlangu College of Natural and Applied Sciences, Sokoine University of Agriculture, P.O. Box 3038 Chuo Kikuu, Morogoro, Tanzania</ce:textfn><sa:affiliation><sa:organization>Department of Geography and Environmental Studies</sa:organization><sa:organization>Solomon Mahlangu College of Natural and Applied Sciences</sa:organization><sa:organization>Sokoine University of Agriculture</sa:organization><sa:address-line>P.O. Box 3038 Chuo Kikuu</sa:address-line><sa:city>Morogoro</sa:city><sa:country>Tanzania</sa:country></sa:affiliation><ce:source-text id="staff0002">bDepartment of Geography and Environmental Studies, Solomon Mahlangu College of Natural and Applied Sciences, Sokoine University of Agriculture, P.O. Box 3038 Chuo Kikuu, Morogoro, Tanzania</ce:source-text></ce:affiliation><ce:affiliation id="aff0003" affiliation-id="S2352340921009677-344189103a1049ad731d9aab8e86828c"><ce:label>c</ce:label><ce:textfn id="cetextfn0003">School of Engineering, University of KwaZulu Natal, Howard College Campus, P/Bag X5401, Durban 4041, South Africa</ce:textfn><sa:affiliation><sa:organization>School of Engineering</sa:organization><sa:organization>University of KwaZulu Natal</sa:organization><sa:organization>Howard College Campus</sa:organization><sa:address-line>P/Bag X5401</sa:address-line><sa:city>Durban</sa:city><sa:postal-code>4041</sa:postal-code><sa:country>South Africa</sa:country></sa:affiliation><ce:source-text id="staff0003">cSchool of Engineering, University of KwaZulu Natal, Howard College Campus, P/Bag X5401, Durban 4041, South Africa</ce:source-text></ce:affiliation><ce:affiliation id="aff0004" affiliation-id="S2352340921009677-584a8f5305b1f28fcc899a712417092a"><ce:label>d</ce:label><ce:textfn id="cetextfn0004">Faculty of Engineering, Malawi University of Business and Applied Sciences, P/Bag 303, Chichiri, Blantyre 3, Malawi</ce:textfn><sa:affiliation><sa:organization>Faculty of Engineering</sa:organization><sa:organization>Malawi University of Business and Applied Sciences</sa:organization><sa:address-line>P/Bag 303, Chichiri, Blantyre 3</sa:address-line><sa:country>Malawi</sa:country></sa:affiliation><ce:source-text id="staff0004">dFaculty of Engineering, Malawi University of Business and Applied Sciences, P/Bag 303, Chichiri, Blantyre 3, Malawi</ce:source-text></ce:affiliation><ce:correspondence id="cor0001"><ce:label>&#x204e;</ce:label><ce:text id="cetext0001">Corresponding author at: Department of Geography and Environmental Studies, Solomon Mahlangu College of Natural and Applied Sciences, Sokoine University of Agriculture, P.O. Box 3038 Chuo Kikuu, Morogoro, Tanzania.</ce:text><sa:affiliation><sa:organization>Department of Geography and Environmental Studies</sa:organization><sa:organization>Solomon Mahlangu College of Natural and Applied Sciences</sa:organization><sa:organization>Sokoine University of Agriculture</sa:organization><sa:address-line>P.O. Box 3038 Chuo Kikuu</sa:address-line><sa:city>Morogoro</sa:city><sa:country>Tanzania</sa:country></sa:affiliation></ce:correspondence></ce:author-group><ce:date-received day="29" month="6" year="2021"/><ce:date-revised day="3" month="12" year="2021"/><ce:date-accepted day="6" month="12" year="2021"/><ce:abstract id="abs0001" view="all" class="author"><ce:section-title id="cesectitle0001">Abstract</ce:section-title><ce:abstract-sec id="abss0001" view="all"><ce:simple-para id="spara003" view="all">This paper presents data for the estimation of the life cycle carbon emission in Kenyan, Rwandan, and Tanzanian grid electricity generation and transmission systems. Data was collected and estimated using the developed life-cycle carbon emission inventory (LCCEI) algorithm implemented through Excel tabs (LCCEI Excel worksheets). The data acquired through the LCCEI modelled parameters (Chambile et&#160;al., 2021). The presented dataset shows the results of the developed data collection model. The activity data were obtained from specialized data sources. Some information was obtained through meetings with relevant institutional actors and experts of national and regional power institutions as well as expert judgement. However, most of the data were also obtained from the reviewed published reputable sources, such as the scientifically indexed conference proceedings and journals. The obtained data are presented in this article and in a Mendeley data repository. The compiled data can also be customised and coded to commonly used evaluation software to enhance its open use by scientists, practitioners, and policymakers at national, regional and global levels.</ce:simple-para></ce:abstract-sec></ce:abstract><ce:keywords id="keys0001" view="all" class="keyword"><ce:section-title id="cesectitle0002">Keywords</ce:section-title><ce:keyword id="key0001"><ce:text id="cetext0002">Clean technologies</ce:text></ce:keyword><ce:keyword id="key0002"><ce:text id="cetext0003">Electrical power system capacity</ce:text></ce:keyword><ce:keyword id="key0003"><ce:text id="cetext0004">Carbon emissions data</ce:text></ce:keyword><ce:keyword id="key0004"><ce:text id="cetext0005">Life cycle carbon emission estimation parameters</ce:text></ce:keyword></ce:keywords></ja:head></ja:article></doc:document>
