<doc:document xmlns:doc="http://www.elsevier.com/xml/document/schema" xmlns:dp="http://www.elsevier.com/xml/common/doc-properties/schema" xmlns:cps="http://www.elsevier.com/xml/common/consyn-properties/schema" xmlns:rdf="http://www.w3.org/1999/02/22-rdf-syntax-ns#" xmlns:dct="http://purl.org/dc/terms/" xmlns:prism="http://prismstandard.org/namespaces/basic/2.0/" xmlns:oa="http://vtw.elsevier.com/data/ns/properties/OpenAccess-1/" xmlns:bam="http://vtw.elsevier.com/data/voc/ns/bam-vtw-1/" xmlns:cp="http://vtw.elsevier.com/data/ns/properties/Copyright-1/" xmlns:cja="http://www.elsevier.com/xml/cja/schema" xmlns:ja="http://www.elsevier.com/xml/ja/schema" xmlns:bk="http://www.elsevier.com/xml/bk/schema" xmlns:ce="http://www.elsevier.com/xml/common/schema" xmlns:mml="http://www.w3.org/1998/Math/MathML" xmlns:cals="http://www.elsevier.com/xml/common/cals/schema" xmlns:tb="http://www.elsevier.com/xml/common/table/schema" xmlns:sa="http://www.elsevier.com/xml/common/struct-aff/schema" xmlns:sb="http://www.elsevier.com/xml/common/struct-bib/schema" xmlns:xlink="http://www.w3.org/1999/xlink"><rdf:RDF><rdf:Description rdf:about="http://dx.doi.org/10.1016/j.dib.2021.107766"><dct:format>application/xml</dct:format><dct:title>QTAIM analysis dataset for non-covalent interactions in furan clusters</dct:title><dct:creator>Alhadji Malloum</dct:creator><dct:creator>Jeanet Conradie</dct:creator><dct:subject><rdf:Bag><rdf:li>Furan clusters</rdf:li><rdf:li>Non-covalent interactions</rdf:li><rdf:li>QTAIM analysis</rdf:li><rdf:li>Heterocyclic molecules</rdf:li><rdf:li>Benzene clusters</rdf:li></rdf:Bag></dct:subject><dct:description>Data in Brief 40 (2022). doi:10.1016/j.dib.2021.107766</dct:description><prism:aggregationType>journal</prism:aggregationType><prism:publicationName>Data in Brief</prism:publicationName><prism:copyright>&#169; 2021 The Author(s). Published by Elsevier Inc.</prism:copyright><dct:publisher>Elsevier Inc.</dct:publisher><prism:issn>2352-3409</prism:issn><prism:volume>40</prism:volume><prism:coverDisplayDate>February 2022</prism:coverDisplayDate><prism:doi>10.1016/j.dib.2021.107766</prism:doi><prism:url>http://dx.doi.org/10.1016/j.dib.2021.107766</prism:url><dct:identifier>doi:10.1016/j.dib.2021.107766</dct:identifier><bam:articleNumber>107766</bam:articleNumber><oa:openAccessInformation><oa:openAccessStatus xmlns:xsi="http://www.w3.org/2001/XMLSchema-instance">http://vtw.elsevier.com/data/voc/oa/OpenAccessStatus#Full</oa:openAccessStatus><oa:openAccessEffective xmlns:xsi="http://www.w3.org/2001/XMLSchema-instance">2021-12-23T14:27:46Z</oa:openAccessEffective><oa:sponsor xmlns:xsi="http://www.w3.org/2001/XMLSchema-instance"><oa:sponsorType>http://vtw.elsevier.com/data/voc/oa/SponsorType#Author</oa:sponsorType></oa:sponsor><oa:userLicense xmlns:xsi="http://www.w3.org/2001/XMLSchema-instance">http://creativecommons.org/licenses/by/4.0/</oa:userLicense></oa:openAccessInformation><cp:licenseLine xmlns:xsi="http://www.w3.org/2001/XMLSchema-instance">This is an open access article under the CC BY license.</cp:licenseLine></rdf:Description></rdf:RDF><dp:document-properties><dp:aggregation-type>Journals</dp:aggregation-type><dp:version-number>S300.1</dp:version-number></dp:document-properties><ja:article docsubtype="dat" xml:lang="en" version="5.6"><ja:item-info><ja:jid>DIB</ja:jid><ja:aid>107766</ja:aid><ce:article-number>107766</ce:article-number><ce:pii>S2352-3409(21)01040-4</ce:pii><ce:doi>10.1016/j.dib.2021.107766</ce:doi><ce:document-thread><ce:refers-to-document id="ref0002"><ce:pii>S1093-3263(21)00273-4</ce:pii><ce:doi>10.1016/j.jmgm.2021.108102</ce:doi></ce:refers-to-document></ce:document-thread><ce:copyright type="other" year="2021">The Author(s)</ce:copyright></ja:item-info><ja:head><ce:dochead id="dh1"><ce:textfn id="textfn0001">Data Article</ce:textfn></ce:dochead><ce:title id="ct0001">QTAIM analysis dataset for non-covalent interactions in furan clusters</ce:title><ce:short-title id="stitle0010">QTAIM analysis dataset for non-covalent interactions in furan clusters</ce:short-title><ce:author-group id="aut0001"><ce:author id="au0001" author-id="S2352340921010404-32c451ca21556b922f768da237f74de8" orcid="0000-0002-3013-3029"><ce:given-name>Alhadji</ce:given-name><ce:surname>Malloum</ce:surname><ce:contributor-role role="http://credit.niso.org/contributor-roles/conceptualization">Conceptualization</ce:contributor-role><ce:contributor-role role="http://credit.niso.org/contributor-roles/methodology">Methodology</ce:contributor-role><ce:contributor-role role="http://credit.niso.org/contributor-roles/validation">Validation</ce:contributor-role><ce:contributor-role role="http://credit.niso.org/contributor-roles/formal-analysis">Formal analysis</ce:contributor-role><ce:contributor-role role="http://credit.niso.org/contributor-roles/investigation">Investigation</ce:contributor-role><ce:contributor-role role="http://credit.niso.org/contributor-roles/data-curation">Data curation</ce:contributor-role><ce:contributor-role role="http://credit.niso.org/contributor-roles/writing-original-draft">Writing &#x2013; original draft</ce:contributor-role><ce:contributor-role role="http://credit.niso.org/contributor-roles/visualization">Visualization</ce:contributor-role><ce:cross-ref refid="cor0001"><ce:sup loc="post">&#x204e;</ce:sup></ce:cross-ref><ce:cross-ref refid="aff0001"><ce:sup loc="post">a</ce:sup></ce:cross-ref><ce:cross-ref refid="aff0002"><ce:sup loc="post">b</ce:sup></ce:cross-ref><ce:cross-ref refid="cor0001"><ce:sup loc="post">&#x204e;</ce:sup></ce:cross-ref><ce:e-address type="email" xlink:href="mailto:MalloumA@ufs.ac.za" id="ead0001">MalloumA@ufs.ac.za</ce:e-address></ce:author><ce:author id="au0002" author-id="S2352340921010404-423d06b3b4be311bb9311612435c6106"><ce:given-name>Jeanet</ce:given-name><ce:surname>Conradie</ce:surname><ce:contributor-role role="http://credit.niso.org/contributor-roles/resources">Resources</ce:contributor-role><ce:contributor-role role="http://credit.niso.org/contributor-roles/visualization">Visualization</ce:contributor-role><ce:contributor-role role="http://credit.niso.org/contributor-roles/writing-review-editing">Writing &#x2013; review &amp; editing</ce:contributor-role><ce:contributor-role role="http://credit.niso.org/contributor-roles/supervision">Supervision</ce:contributor-role><ce:contributor-role role="http://credit.niso.org/contributor-roles/funding-acquisition">Funding acquisition</ce:contributor-role><ce:contributor-role role="http://credit.niso.org/contributor-roles/project-administration">Project administration</ce:contributor-role><ce:cross-ref refid="aff0001"><ce:sup loc="post">a</ce:sup></ce:cross-ref><ce:cross-ref refid="PC_affwvAsQFvCAm"><ce:sup loc="post">c</ce:sup></ce:cross-ref></ce:author><ce:affiliation id="aff0001" affiliation-id="S2352340921010404-2fb7b2ba625eb2cb0cf5671bc8dc5d9a"><ce:label>a</ce:label><ce:textfn id="textfn0002">Department of Chemistry, University of the Free State, PO BOX 339, Bloemfontein 9300, South Africa</ce:textfn><sa:affiliation><sa:organization>Department of Chemistry</sa:organization><sa:organization>University of the Free State</sa:organization><sa:address-line>PO BOX 339</sa:address-line><sa:city>Bloemfontein</sa:city><sa:postal-code>9300</sa:postal-code><sa:country>South Africa</sa:country></sa:affiliation><ce:source-text id="st0001">Department of Chemistry, University of the Free State, PO BOX 339, Bloemfontein 9300, South Africa</ce:source-text></ce:affiliation><ce:affiliation id="aff0002" affiliation-id="S2352340921010404-f97d296313ef078b26a2c0332f5090c5"><ce:label>b</ce:label><ce:textfn id="textfn0003">Department of Physics, Faculty of Science, University of Maroua, PO BOX 46, Maroua, Cameroon</ce:textfn><sa:affiliation><sa:organization>Department of Physics, Faculty of Science</sa:organization><sa:organization>University of Maroua</sa:organization><sa:address-line>PO BOX 46</sa:address-line><sa:city>Maroua</sa:city><sa:country>Cameroon</sa:country></sa:affiliation><ce:source-text id="st0002">Department of Physics, Faculty of Science, University of Maroua, PO BOX 46, Maroua, Cameroon</ce:source-text></ce:affiliation><ce:affiliation id="PC_affwvAsQFvCAm" affiliation-id="S2352340921010404-2edf2958166561c5c08cd228e53bbcdc"><ce:label>c</ce:label><ce:textfn>Department of Chemistry, UiT - The Arctic University of Norway, N-9037 Troms&#248;, Norway</ce:textfn><sa:affiliation><sa:organization>Department of Chemistry</sa:organization><sa:organization>UiT - The Arctic University of Norway</sa:organization><sa:city>Troms&#248;</sa:city><sa:postal-code>N-9037</sa:postal-code><sa:country>Norway</sa:country></sa:affiliation><ce:source-text id="srctPC_affwvAsQFvCAm">Department of Chemistry, UiT - The Arctic University of Norway, N-9037 Troms&#248;, Norway</ce:source-text></ce:affiliation><ce:correspondence id="cor0001"><ce:label>&#x204e;</ce:label><ce:text id="cor1">Corresponding author at: Department of Physics, Faculty of Science, University of Maroua, PO BOX 46, Maroua, Cameroon.</ce:text><sa:affiliation><sa:organization>Department of Physics, Faculty of Science</sa:organization><sa:organization>University of Maroua</sa:organization><sa:address-line>PO BOX 46</sa:address-line><sa:city>Maroua</sa:city><sa:country>Cameroon</sa:country></sa:affiliation></ce:correspondence></ce:author-group><ce:date-received day="16" month="12" year="2021"/><ce:date-accepted day="22" month="12" year="2021"/><ce:abstract id="abs0001" class="author" view="all"><ce:section-title id="sctt0001">Abstract</ce:section-title><ce:abstract-sec id="abssec0001" view="all"><ce:simple-para id="sp0001" view="all">Furan clusters are very important to understand the dynamics and properties of the furan solvent. They can be used combined with quantum cluster equilibrium theory to theoretically determine the thermodynamics properties of the furan solvent. To understand the structures of the furan clusters, one needs to understand the non-covalent interactions that hold the furan molecules together. In this paper, we have provided the data necessary to understand the non-covalent interactions in furan clusters. Firstly, the structures of the furan clusters have been generated using classical molecular dynamics as implemented in the ABCluster code. Secondly, the generated structures have been fully optimized at the MP2/aug-cc-pVDZ level of theory. The optimized Cartesian coordinates of all the investigated structures are reported in this work to enable further investigations of the furan clusters. These Cartesian coordinates will save computational time for all further investigations involving the furan clusters. Thirdly, to understand the nature of the non-covalent interactions in furan clusters, we have performed a quantum theory of atoms in molecule (QTAIM) analysis using AIMAll program. Using QTAIM, we have provided the critical points, bond paths and their related properties for all the investigated structures. These data can be used to identify and classify the non-covalent interactions in furan clusters. The reader can refer to the original article for further information and discussion of the data provided herein Malloum and Conradie (2022) [1].</ce:simple-para></ce:abstract-sec></ce:abstract><ce:keywords id="keys0001" class="keyword" view="all"><ce:section-title id="sctt0002">Keywords</ce:section-title><ce:keyword id="key0002"><ce:text id="txt0001">Furan clusters</ce:text></ce:keyword><ce:keyword id="key0003"><ce:text id="txt0002">Non-covalent interactions</ce:text></ce:keyword><ce:keyword id="key0004"><ce:text id="txt0003">QTAIM analysis</ce:text></ce:keyword><ce:keyword id="key0005"><ce:text id="txt0004">Heterocyclic molecules</ce:text></ce:keyword><ce:keyword id="key0006"><ce:text id="txt0005">Benzene clusters</ce:text></ce:keyword></ce:keywords></ja:head></ja:article></doc:document>
