<doc:document xmlns:doc="http://www.elsevier.com/xml/document/schema" xmlns:dp="http://www.elsevier.com/xml/common/doc-properties/schema" xmlns:cps="http://www.elsevier.com/xml/common/consyn-properties/schema" xmlns:rdf="http://www.w3.org/1999/02/22-rdf-syntax-ns#" xmlns:dct="http://purl.org/dc/terms/" xmlns:prism="http://prismstandard.org/namespaces/basic/2.0/" xmlns:oa="http://vtw.elsevier.com/data/ns/properties/OpenAccess-1/" xmlns:bam="http://vtw.elsevier.com/data/voc/ns/bam-vtw-1/" xmlns:cp="http://vtw.elsevier.com/data/ns/properties/Copyright-1/" xmlns:cja="http://www.elsevier.com/xml/cja/schema" xmlns:ja="http://www.elsevier.com/xml/ja/schema" xmlns:bk="http://www.elsevier.com/xml/bk/schema" xmlns:ce="http://www.elsevier.com/xml/common/schema" xmlns:mml="http://www.w3.org/1998/Math/MathML" xmlns:cals="http://www.elsevier.com/xml/common/cals/schema" xmlns:tb="http://www.elsevier.com/xml/common/table/schema" xmlns:sa="http://www.elsevier.com/xml/common/struct-aff/schema" xmlns:sb="http://www.elsevier.com/xml/common/struct-bib/schema" xmlns:xlink="http://www.w3.org/1999/xlink"><rdf:RDF><rdf:Description rdf:about="http://dx.doi.org/10.1016/j.dib.2021.107467"><dct:format>application/xml</dct:format><dct:title>Electroencephalogram (EEG) dataset with porn addiction and healthy teenagers under rest and executive function task</dct:title><dct:creator>Xiaoxi Kang</dct:creator><dct:creator>I Made Artha Agastya</dct:creator><dct:creator>Dini Oktarina Dwi Handayani</dct:creator><dct:creator>Mun Hou Kit</dct:creator><dct:creator>Abdul Wahab Bin Abdul Rahman</dct:creator><dct:subject><rdf:Bag><rdf:li>Electroencephalogram</rdf:li><rdf:li>Emotional state</rdf:li><rdf:li>Teenager pornography addiction</rdf:li><rdf:li>Working memory capacity</rdf:li></rdf:Bag></dct:subject><dct:description>Data in Brief 39 (2021). doi:10.1016/j.dib.2021.107467</dct:description><prism:aggregationType>journal</prism:aggregationType><prism:publicationName>Data in Brief</prism:publicationName><prism:copyright>&#169; 2021 The Authors. Published by Elsevier Inc.</prism:copyright><dct:publisher>Elsevier Inc.</dct:publisher><prism:issn>2352-3409</prism:issn><prism:volume>39</prism:volume><prism:coverDisplayDate>December 2021</prism:coverDisplayDate><prism:doi>10.1016/j.dib.2021.107467</prism:doi><prism:url>http://dx.doi.org/10.1016/j.dib.2021.107467</prism:url><dct:identifier>doi:10.1016/j.dib.2021.107467</dct:identifier><bam:articleNumber>107467</bam:articleNumber><oa:openAccessInformation><oa:openAccessStatus xmlns:xsi="http://www.w3.org/2001/XMLSchema-instance">http://vtw.elsevier.com/data/voc/oa/OpenAccessStatus#Full</oa:openAccessStatus><oa:openAccessEffective xmlns:xsi="http://www.w3.org/2001/XMLSchema-instance">2021-10-07T15:31:45Z</oa:openAccessEffective><oa:sponsor xmlns:xsi="http://www.w3.org/2001/XMLSchema-instance"><oa:sponsorType>http://vtw.elsevier.com/data/voc/oa/SponsorType#Author</oa:sponsorType></oa:sponsor><oa:userLicense xmlns:xsi="http://www.w3.org/2001/XMLSchema-instance">http://creativecommons.org/licenses/by/4.0/</oa:userLicense></oa:openAccessInformation><cp:licenseLine xmlns:xsi="http://www.w3.org/2001/XMLSchema-instance">This is an open access article under the CC BY license.</cp:licenseLine></rdf:Description></rdf:RDF><dp:document-properties><dp:aggregation-type>Journals</dp:aggregation-type><dp:version-number>S300.1</dp:version-number></dp:document-properties><ja:article docsubtype="dat" version="5.6" xml:lang="en"><ja:item-info><ja:jid>DIB</ja:jid><ja:aid>107467</ja:aid><ce:article-number>107467</ce:article-number><ce:pii>S2352-3409(21)00749-6</ce:pii><ce:doi>10.1016/j.dib.2021.107467</ce:doi><ce:copyright type="unknown" year="2021"/></ja:item-info><ja:head><ce:dochead id="dchd0001"><ce:textfn id="dhtxt0001">Data Article</ce:textfn></ce:dochead><ce:title id="tte0002">Electroencephalogram (EEG) dataset with porn addiction and healthy teenagers under rest and executive function task</ce:title><ce:author-group id="aut0001"><ce:author id="au0001" author-id="S2352340921007496-40072f76c9043276ca894e7dbf324b80" orcid="0000-0003-3869-4741"><ce:given-name>Xiaoxi</ce:given-name><ce:surname>Kang</ce:surname><ce:contributor-role role="http://credit.niso.org/contributor-roles/formal-analysis">Formal analysis</ce:contributor-role><ce:contributor-role role="http://credit.niso.org/contributor-roles/writing-original-draft">Writing &#x2013; original draft</ce:contributor-role><ce:contributor-role role="http://credit.niso.org/contributor-roles/writing-review-editing">Writing &#x2013; review &amp; editing</ce:contributor-role><ce:cross-ref refid="aff0001"><ce:sup loc="post">a</ce:sup></ce:cross-ref><ce:cross-ref refid="cor0001"><ce:sup loc="post">&#x204e;</ce:sup></ce:cross-ref><ce:e-address id="ead0001" type="email" xlink:href="mailto:kangxiaoxi@sd.taylors.edu.my">kangxiaoxi@sd.taylors.edu.my</ce:e-address></ce:author><ce:author id="au0002" author-id="S2352340921007496-7619ccb8fdeb97ff4741b7ecf8d3826e" orcid="0000-0002-8739-5767"><ce:given-name>I Made Artha</ce:given-name><ce:surname>Agastya</ce:surname><ce:contributor-role role="http://credit.niso.org/contributor-roles/formal-analysis">Formal analysis</ce:contributor-role><ce:contributor-role role="http://credit.niso.org/contributor-roles/writing-review-editing">Writing &#x2013; review &amp; editing</ce:contributor-role><ce:cross-ref refid="aff0001"><ce:sup loc="post">a</ce:sup></ce:cross-ref><ce:cross-ref refid="aff0003"><ce:sup loc="post">b</ce:sup></ce:cross-ref></ce:author><ce:author id="au0003" author-id="S2352340921007496-a760b7ff7c41777ef26c105e0a8e9664" orcid="0000-0002-1544-0688"><ce:given-name>Dini Oktarina Dwi</ce:given-name><ce:surname>Handayani</ce:surname><ce:contributor-role role="http://credit.niso.org/contributor-roles/data-curation">Data curation</ce:contributor-role><ce:contributor-role role="http://credit.niso.org/contributor-roles/investigation">Investigation</ce:contributor-role><ce:contributor-role role="http://credit.niso.org/contributor-roles/validation">Validation</ce:contributor-role><ce:cross-ref refid="aff0001"><ce:sup loc="post">a</ce:sup></ce:cross-ref><ce:cross-ref refid="cor0001"><ce:sup loc="post">&#x204e;</ce:sup></ce:cross-ref><ce:e-address id="ead001a" type="email" xlink:href="mailto:dinioktarina.dwihandayani@taylors.edu.my">dinioktarina.dwihandayani@taylors.edu.my</ce:e-address></ce:author><ce:author id="au0004" author-id="S2352340921007496-82b66c4a2f60d94098d972189b635ff1"><ce:given-name>Mun Hou</ce:given-name><ce:surname>Kit</ce:surname><ce:contributor-role role="http://credit.niso.org/contributor-roles/supervision">Supervision</ce:contributor-role><ce:cross-ref refid="aff0004"><ce:sup loc="post">c</ce:sup></ce:cross-ref></ce:author><ce:author id="au0005" author-id="S2352340921007496-cab0d17ad3967881ba6961eb6064f9a4" orcid="0000-0001-9255-4104"><ce:given-name>Abdul Wahab Bin Abdul</ce:given-name><ce:surname>Rahman</ce:surname><ce:contributor-role role="http://credit.niso.org/contributor-roles/supervision">Supervision</ce:contributor-role><ce:cross-ref refid="aff0002"><ce:sup loc="post">d</ce:sup></ce:cross-ref></ce:author><ce:affiliation id="aff0001" affiliation-id="S2352340921007496-1cc4fc16a1a1a9451b78ac61637b2982"><ce:label>a</ce:label><ce:textfn id="cetextfn0001">School of Computer Science and Engineering, Faculty of Innovation and Technology, Taylor's University, 47500 Subang Jaya, Selangor, Malaysia</ce:textfn><sa:affiliation><sa:organization>School of Computer Science and Engineering, Faculty of Innovation and Technology</sa:organization><sa:organization>Taylor's University</sa:organization><sa:address-line>47500 Subang Jaya</sa:address-line><sa:state>Selangor</sa:state><sa:country>Malaysia</sa:country></sa:affiliation><ce:source-text id="staff0001">aSchool of Computer Science and Engineering, Faculty of Innovation and Technology, Taylor's University, 47500 Subang Jaya, Selangor, Malaysia</ce:source-text></ce:affiliation><ce:affiliation id="aff0003" affiliation-id="S2352340921007496-f5bb519908cdc2c526a605b889083653"><ce:label>b</ce:label><ce:textfn id="cetextfn0003">Department of Informatics, Universitas Amikom Yogyakarta, Jl. Ringroad Utara, Condong Catur Depok, Sleman Yogyakarta 55583, Indonesia</ce:textfn><sa:affiliation><sa:organization>Department of Informatics</sa:organization><sa:organization>Universitas Amikom Yogyakarta</sa:organization><sa:address-line>Jl. Ringroad Utara, Condong Catur Depok</sa:address-line><sa:state>Sleman Yogyakarta</sa:state><sa:postal-code>55583</sa:postal-code><sa:country>Indonesia</sa:country></sa:affiliation><ce:source-text id="staff0003">cDepartment of Informatics, Universitas Amikom Yogyakarta, Jl. Ringroad Utara, Condong Catur Depok, Sleman Yogyakarta 55583, Indonesia</ce:source-text></ce:affiliation><ce:affiliation id="aff0004" affiliation-id="S2352340921007496-bad09ce3692071e7714c5b97373a59f1"><ce:label>c</ce:label><ce:textfn id="cetextfn0004">Department of Mechatronic and Biomedical Engineering, Faculty of Engineering and Science, Universiti Tunku Abdul Rahman, Bandar Sungai Long, Selangor 43000, Malaysia</ce:textfn><sa:affiliation><sa:organization>Department of Mechatronic and Biomedical Engineering</sa:organization><sa:organization>Faculty of Engineering and Science</sa:organization><sa:organization>Universiti Tunku Abdul Rahman</sa:organization><sa:address-line>Bandar Sungai Long</sa:address-line><sa:state>Selangor</sa:state><sa:postal-code>43000</sa:postal-code><sa:country>Malaysia</sa:country></sa:affiliation><ce:source-text id="staff0004">dDepartment of Mechatronic and Biomedical Engineering, Faculty of Engineering and Science, Universiti Tunku Abdul Rahman, Bandar Sungai Long, Selangor 43000, Malaysia</ce:source-text></ce:affiliation><ce:affiliation id="aff0002" affiliation-id="S2352340921007496-74ca6e3e15fc5689e84bdbfa9d101e78"><ce:label>d</ce:label><ce:textfn id="cetextfn0002">Department of Computer Science, Faculty of Information Communication and Technology, International Islamic University Malaysia, 50728 Gombak, Kuala Lumpur, Malaysia</ce:textfn><sa:affiliation><sa:organization>Department of Computer Science, Faculty of Information Communication and Technology</sa:organization><sa:organization>International Islamic University Malaysia</sa:organization><sa:address-line>50728 Gombak</sa:address-line><sa:city>Kuala Lumpur</sa:city><sa:country>Malaysia</sa:country></sa:affiliation><ce:source-text id="staff0002">bComputer Science Department, Faculty of Information Communication and Technology, International Islamic University Malaysia, 50728 Gombak, Kuala Lumpur, Malaysia</ce:source-text></ce:affiliation><ce:correspondence id="cor0001"><ce:label>&#x204e;</ce:label><ce:text>Corresponding Authors.</ce:text></ce:correspondence></ce:author-group><ce:date-received day="24" month="12" year="2020"/><ce:date-revised day="5" month="10" year="2021"/><ce:date-accepted day="6" month="10" year="2021"/><ce:abstract id="abs0001" view="all" class="author"><ce:section-title id="cesectitle0001">Abstract</ce:section-title><ce:abstract-sec id="abss0001" view="all"><ce:simple-para id="spara008" view="all">The electroencephalogram (EEG) signal data were obtained from Yayasan Kita dan Buah Hati (YKBH), Jakarta, Indonesia and collected using a Brain Maker EEG machine with 19 channels. The sampling rate of the machine was 250&#160;Hz. Fourteen participants (five females and nine males) participated in the data collection. A psychologist verified that seven of them were addicted to porn, and seven were healthy teenagers. The EEG data were recorded using one protocol with nine tasks for 10&#160;min. The three stages were the baseline (tasks with eyes closed and open), emotional state (happy, calm, sad and fearful tasks) and main (15-words memorisation task, executive task and 15-words recall task) stages. The data obtained was used to analyse the signal pattern of pornography addiction amongst teenagers, as well as the emotional signal pattern and working memory capacity.</ce:simple-para></ce:abstract-sec></ce:abstract><ce:keywords id="keys0001" view="all" class="keyword"><ce:section-title id="cesectitle0002">Keywords</ce:section-title><ce:keyword id="key0001"><ce:text id="cetext0002">Electroencephalogram</ce:text></ce:keyword><ce:keyword id="key0002"><ce:text id="cetext0003">Emotional state</ce:text></ce:keyword><ce:keyword id="key0003"><ce:text id="cetext0004">Teenager pornography addiction</ce:text></ce:keyword><ce:keyword id="key0004"><ce:text id="cetext0005">Working memory capacity</ce:text></ce:keyword></ce:keywords></ja:head></ja:article></doc:document>
