<doc:document xmlns:doc="http://www.elsevier.com/xml/document/schema" xmlns:dp="http://www.elsevier.com/xml/common/doc-properties/schema" xmlns:cps="http://www.elsevier.com/xml/common/consyn-properties/schema" xmlns:rdf="http://www.w3.org/1999/02/22-rdf-syntax-ns#" xmlns:dct="http://purl.org/dc/terms/" xmlns:prism="http://prismstandard.org/namespaces/basic/2.0/" xmlns:oa="http://vtw.elsevier.com/data/ns/properties/OpenAccess-1/" xmlns:bam="http://vtw.elsevier.com/data/voc/ns/bam-vtw-1/" xmlns:cp="http://vtw.elsevier.com/data/ns/properties/Copyright-1/" xmlns:cja="http://www.elsevier.com/xml/cja/schema" xmlns:ja="http://www.elsevier.com/xml/ja/schema" xmlns:bk="http://www.elsevier.com/xml/bk/schema" xmlns:ce="http://www.elsevier.com/xml/common/schema" xmlns:mml="http://www.w3.org/1998/Math/MathML" xmlns:cals="http://www.elsevier.com/xml/common/cals/schema" xmlns:tb="http://www.elsevier.com/xml/common/table/schema" xmlns:sa="http://www.elsevier.com/xml/common/struct-aff/schema" xmlns:sb="http://www.elsevier.com/xml/common/struct-bib/schema" xmlns:xlink="http://www.w3.org/1999/xlink"><rdf:RDF><rdf:Description rdf:about="http://dx.doi.org/10.1016/j.dib.2021.107551"><dct:format>application/xml</dct:format><dct:title>Metagenome-assembled genomes recovered from the datasets of a high-altitude Himalayan hot spring Khirganga, Himachal Pradesh, India</dct:title><dct:creator>Shekhar Nagar</dct:creator><dct:creator>Chandni Talwar</dct:creator><dct:creator>Meghali Bharti</dct:creator><dct:creator>Sheetal Yadav</dct:creator><dct:creator>Sneha Siwach</dct:creator><dct:creator>Ram Krishan Negi</dct:creator><dct:subject><rdf:Bag><rdf:li>Hot spring</rdf:li><rdf:li>Himalayas</rdf:li><rdf:li>Microbes</rdf:li><rdf:li>Metagenome-assembled genomes</rdf:li><rdf:li>Khirganga</rdf:li></rdf:Bag></dct:subject><dct:description>Data in Brief 39 (2021). doi:10.1016/j.dib.2021.107551</dct:description><prism:aggregationType>journal</prism:aggregationType><prism:publicationName>Data in Brief</prism:publicationName><prism:copyright>&#169; 2021 The Authors. Published by Elsevier Inc.</prism:copyright><dct:publisher>Elsevier Inc.</dct:publisher><prism:issn>2352-3409</prism:issn><prism:volume>39</prism:volume><prism:coverDisplayDate>December 2021</prism:coverDisplayDate><prism:doi>10.1016/j.dib.2021.107551</prism:doi><prism:url>http://dx.doi.org/10.1016/j.dib.2021.107551</prism:url><dct:identifier>doi:10.1016/j.dib.2021.107551</dct:identifier><bam:articleNumber>107551</bam:articleNumber><oa:openAccessInformation><oa:openAccessStatus xmlns:xsi="http://www.w3.org/2001/XMLSchema-instance">http://vtw.elsevier.com/data/voc/oa/OpenAccessStatus#Full</oa:openAccessStatus><oa:openAccessEffective xmlns:xsi="http://www.w3.org/2001/XMLSchema-instance">2021-11-02T15:25:00Z</oa:openAccessEffective><oa:sponsor xmlns:xsi="http://www.w3.org/2001/XMLSchema-instance"><oa:sponsorType>http://vtw.elsevier.com/data/voc/oa/SponsorType#Author</oa:sponsorType></oa:sponsor><oa:userLicense xmlns:xsi="http://www.w3.org/2001/XMLSchema-instance">http://creativecommons.org/licenses/by/4.0/</oa:userLicense></oa:openAccessInformation><cp:licenseLine xmlns:xsi="http://www.w3.org/2001/XMLSchema-instance">This is an open access article under the CC BY license.</cp:licenseLine></rdf:Description></rdf:RDF><dp:document-properties><dp:aggregation-type>Journals</dp:aggregation-type><dp:version-number>S300.1</dp:version-number></dp:document-properties><ja:article docsubtype="dat" version="5.6" xml:lang="en"><ja:item-info><ja:jid>DIB</ja:jid><ja:aid>107551</ja:aid><ce:article-number>107551</ce:article-number><ce:pii>S2352-3409(21)00827-1</ce:pii><ce:doi>10.1016/j.dib.2021.107551</ce:doi><ce:copyright type="unknown" year="2021"/></ja:item-info><ja:head><ce:dochead id="dchd0001"><ce:textfn id="dhtxt0001">Data Article</ce:textfn></ce:dochead><ce:title id="tte0002">Metagenome-assembled genomes recovered from the datasets of a high-altitude Himalayan hot spring Khirganga, Himachal Pradesh, India</ce:title><ce:author-group id="aut0001"><ce:author id="au0001" author-id="S2352340921008271-a9d43004722b28dd0803531524f88163"><ce:given-name>Shekhar</ce:given-name><ce:surname>Nagar</ce:surname></ce:author><ce:author id="au0002" author-id="S2352340921008271-5f22930ec599d62dd96b77788069f23e"><ce:given-name>Chandni</ce:given-name><ce:surname>Talwar</ce:surname></ce:author><ce:author id="au0003" author-id="S2352340921008271-cfbbfdd6fc41af7e8b4c23d11893c17b"><ce:given-name>Meghali</ce:given-name><ce:surname>Bharti</ce:surname></ce:author><ce:author id="au0004" author-id="S2352340921008271-b964ff02c7eaab6357a4fd0603f12d54"><ce:given-name>Sheetal</ce:given-name><ce:surname>Yadav</ce:surname></ce:author><ce:author id="au0005" author-id="S2352340921008271-826436507f65c6f02c2575cd09e9c88e"><ce:given-name>Sneha</ce:given-name><ce:surname>Siwach</ce:surname></ce:author><ce:author id="au0006" author-id="S2352340921008271-8daf6df3f508b18a69a6b39d27fe0d38"><ce:given-name>Ram Krishan</ce:given-name><ce:surname>Negi</ce:surname><ce:cross-ref refid="cor0001"><ce:sup loc="post">&#x204e;</ce:sup></ce:cross-ref><ce:e-address id="ead0001" type="email" xlink:href="mailto:rknegi@zoology.du.ac.in">rknegi@zoology.du.ac.in</ce:e-address></ce:author><ce:affiliation id="aff0001" affiliation-id="S2352340921008271-17fabd9f9e1e3530f145cdcb1d6baf13"><ce:textfn id="cetextfn0001">Department of Zoology, University of Delhi, Delhi 110007, India</ce:textfn><sa:affiliation><sa:organization>Department of Zoology</sa:organization><sa:organization>University of Delhi</sa:organization><sa:city>Delhi</sa:city><sa:postal-code>110007</sa:postal-code><sa:country>India</sa:country></sa:affiliation><ce:source-text id="staff0001">Department of Zoology, University of Delhi, Delhi 110007, India</ce:source-text></ce:affiliation><ce:correspondence id="cor0001"><ce:label>&#x204e;</ce:label><ce:text id="cetext0001">Corresponding author.</ce:text></ce:correspondence></ce:author-group><ce:date-received day="29" month="9" year="2021"/><ce:date-revised day="28" month="10" year="2021"/><ce:date-accepted day="1" month="11" year="2021"/><ce:abstract id="abs0001" view="all" class="author"><ce:section-title id="cesectitle0001">Abstract</ce:section-title><ce:abstract-sec id="abss0001" view="all"><ce:simple-para id="spara002" view="all">Khirganga, a pristine hot spring that lies in the Parvati Valley within the Northern Himalayas characterised with unique white colour microbial mat and divine water with healing abilities. Here, we report 41 metagenome-assembled genomes (MAGs) reconstructed from the microbial mat, sediment and water samples of hot spring passed through Genome Standards Consortium (GSC) and Minimum Information of Metagenome-assembled Genome (MIMAG).</ce:simple-para></ce:abstract-sec></ce:abstract><ce:keywords id="keys0001" view="all" class="keyword"><ce:section-title id="cesectitle0002">Keywords</ce:section-title><ce:keyword id="key0001"><ce:text id="cetext0002">Hot spring</ce:text></ce:keyword><ce:keyword id="key0003"><ce:text id="cetext0004">Himalayas</ce:text></ce:keyword><ce:keyword id="key0004"><ce:text id="cetext0005">Microbes</ce:text></ce:keyword><ce:keyword id="pc_iO1Yfl3jP9"><ce:text>Metagenome-assembled genomes</ce:text></ce:keyword><ce:keyword id="pc_hWVUBzJQMA"><ce:text>Khirganga</ce:text></ce:keyword></ce:keywords></ja:head></ja:article></doc:document>
