<doc:document xmlns:doc="http://www.elsevier.com/xml/document/schema" xmlns:dp="http://www.elsevier.com/xml/common/doc-properties/schema" xmlns:cps="http://www.elsevier.com/xml/common/consyn-properties/schema" xmlns:rdf="http://www.w3.org/1999/02/22-rdf-syntax-ns#" xmlns:dct="http://purl.org/dc/terms/" xmlns:prism="http://prismstandard.org/namespaces/basic/2.0/" xmlns:oa="http://vtw.elsevier.com/data/ns/properties/OpenAccess-1/" xmlns:bam="http://vtw.elsevier.com/data/voc/ns/bam-vtw-1/" xmlns:cp="http://vtw.elsevier.com/data/ns/properties/Copyright-1/" xmlns:cja="http://www.elsevier.com/xml/cja/schema" xmlns:ja="http://www.elsevier.com/xml/ja/schema" xmlns:bk="http://www.elsevier.com/xml/bk/schema" xmlns:ce="http://www.elsevier.com/xml/common/schema" xmlns:mml="http://www.w3.org/1998/Math/MathML" xmlns:cals="http://www.elsevier.com/xml/common/cals/schema" xmlns:tb="http://www.elsevier.com/xml/common/table/schema" xmlns:sa="http://www.elsevier.com/xml/common/struct-aff/schema" xmlns:sb="http://www.elsevier.com/xml/common/struct-bib/schema" xmlns:xlink="http://www.w3.org/1999/xlink"><rdf:RDF><rdf:Description rdf:about="http://dx.doi.org/10.1016/j.dib.2021.107687"><dct:format>application/xml</dct:format><dct:title>A high-resolution mass spectrometry based proteomic dataset of human regulatory T cells</dct:title><dct:creator>Harshi Weerakoon</dct:creator><dct:creator>John J. Miles</dct:creator><dct:creator>Ailin Lepletier</dct:creator><dct:creator>Michelle M. Hill</dct:creator><dct:subject><rdf:Bag><rdf:li>Regulatory T cell</rdf:li><rdf:li>Conventional T cell</rdf:li><rdf:li>Proteomics</rdf:li><rdf:li>Tandem mass spectrometry</rdf:li><rdf:li>LC-MS/MS</rdf:li></rdf:Bag></dct:subject><dct:description>Data in Brief 40 (2022). doi:10.1016/j.dib.2021.107687</dct:description><prism:aggregationType>journal</prism:aggregationType><prism:publicationName>Data in Brief</prism:publicationName><prism:copyright>&#169; 2021 The Author(s). Published by Elsevier Inc.</prism:copyright><dct:publisher>Elsevier Inc.</dct:publisher><prism:issn>2352-3409</prism:issn><prism:volume>40</prism:volume><prism:coverDisplayDate>February 2022</prism:coverDisplayDate><prism:doi>10.1016/j.dib.2021.107687</prism:doi><prism:url>http://dx.doi.org/10.1016/j.dib.2021.107687</prism:url><dct:identifier>doi:10.1016/j.dib.2021.107687</dct:identifier><bam:articleNumber>107687</bam:articleNumber><oa:openAccessInformation><oa:openAccessStatus xmlns:xsi="http://www.w3.org/2001/XMLSchema-instance">http://vtw.elsevier.com/data/voc/oa/OpenAccessStatus#Full</oa:openAccessStatus><oa:openAccessEffective xmlns:xsi="http://www.w3.org/2001/XMLSchema-instance">2021-12-04T18:56:21Z</oa:openAccessEffective><oa:sponsor xmlns:xsi="http://www.w3.org/2001/XMLSchema-instance"><oa:sponsorType>http://vtw.elsevier.com/data/voc/oa/SponsorType#Author</oa:sponsorType></oa:sponsor><oa:userLicense xmlns:xsi="http://www.w3.org/2001/XMLSchema-instance">http://creativecommons.org/licenses/by-nc-nd/4.0/</oa:userLicense></oa:openAccessInformation><cp:licenseLine xmlns:xsi="http://www.w3.org/2001/XMLSchema-instance">This is an open access article under the CC BY-NC-ND license.</cp:licenseLine></rdf:Description></rdf:RDF><dp:document-properties><dp:aggregation-type>Journals</dp:aggregation-type><dp:version-number>S300.1</dp:version-number></dp:document-properties><ja:article docsubtype="dat" version="5.6" xml:lang="en"><ja:item-info><ja:jid>DIB</ja:jid><ja:aid>107687</ja:aid><ce:article-number>107687</ce:article-number><ce:pii>S2352-3409(21)00962-8</ce:pii><ce:doi>10.1016/j.dib.2021.107687</ce:doi><ce:copyright type="unknown" year="2021"/></ja:item-info><ja:head><ce:dochead id="dchd0001"><ce:textfn id="dhtxt0001">Data Article</ce:textfn></ce:dochead><ce:title id="tte0002">A high-resolution mass spectrometry based proteomic dataset of human regulatory T cells</ce:title><ce:author-group id="aut0001"><ce:author id="au0001" author-id="S2352340921009628-07396221698a64997b1074e5c66b2471"><ce:given-name>Harshi</ce:given-name><ce:surname>Weerakoon</ce:surname><ce:cross-ref refid="aff0001"><ce:sup loc="post">a</ce:sup></ce:cross-ref><ce:cross-ref refid="aff0002"><ce:sup loc="post">b</ce:sup></ce:cross-ref><ce:cross-ref refid="aff0003"><ce:sup loc="post">c</ce:sup></ce:cross-ref></ce:author><ce:author id="au0002" author-id="S2352340921009628-377b5a61b31813690eaf895312fa400b"><ce:given-name>John J.</ce:given-name><ce:surname>Miles</ce:surname><ce:cross-ref refid="aff0004"><ce:sup loc="post">d</ce:sup></ce:cross-ref><ce:cross-ref refid="aff0005"><ce:sup loc="post">e</ce:sup></ce:cross-ref></ce:author><ce:author id="au0003" author-id="S2352340921009628-691abf67ffcf6be1448e2e599ffeead8" orcid="0000-0002-1371-7313"><ce:given-name>Ailin</ce:given-name><ce:surname>Lepletier</ce:surname><ce:cross-ref refid="aff0004"><ce:sup loc="post">d</ce:sup></ce:cross-ref><ce:cross-ref refid="aff0006"><ce:sup loc="post">f</ce:sup></ce:cross-ref></ce:author><ce:author id="au0004" author-id="S2352340921009628-37f575978c509c2e2dd92328b2a801e0" orcid="0000-0003-1134-0951"><ce:given-name>Michelle M.</ce:given-name><ce:surname>Hill</ce:surname><ce:cross-ref refid="aff0001"><ce:sup loc="post">a</ce:sup></ce:cross-ref><ce:cross-ref refid="aff0007"><ce:sup loc="post">g</ce:sup></ce:cross-ref><ce:cross-ref refid="cor0001"><ce:sup loc="post">&#x204e;</ce:sup></ce:cross-ref><ce:e-address id="ead0001" type="email" xlink:href="mailto:michelle.hill@qimrberghofer.edu.au">michelle.hill@qimrberghofer.edu.au</ce:e-address></ce:author><ce:affiliation id="aff0001" affiliation-id="S2352340921009628-b8f31711df06821673beb7271cc5cce5"><ce:label>a</ce:label><ce:textfn id="cetextfn0001">Precision and Systems Biomedicine Laboratory, QIMR Berghofer Medical Research Institute, Herston, QLD, Australia</ce:textfn><sa:affiliation><sa:organization>Precision and Systems Biomedicine Laboratory</sa:organization><sa:organization>QIMR Berghofer Medical Research Institute</sa:organization><sa:city>Herston</sa:city><sa:state>QLD</sa:state><sa:country>Australia</sa:country></sa:affiliation><ce:source-text id="staff0001">aPrecision and Systems Biomedicine Laboratory, QIMR Berghofer Medical Research Institute, Herston, QLD, Australia</ce:source-text></ce:affiliation><ce:affiliation id="aff0002" affiliation-id="S2352340921009628-a2ba58e184ad42c0261f3b77adcc1b9e"><ce:label>b</ce:label><ce:textfn id="cetextfn0002">School of Biomedical Sciences, The University of Queensland, Brisbane, QLD, Australia</ce:textfn><sa:affiliation><sa:organization>School of Biomedical Sciences</sa:organization><sa:organization>The University of Queensland</sa:organization><sa:city>Brisbane</sa:city><sa:state>QLD</sa:state><sa:country>Australia</sa:country></sa:affiliation><ce:source-text id="staff0002">bSchool of Biomedical Sciences, The University of Queensland, Brisbane, QLD, Australia</ce:source-text></ce:affiliation><ce:affiliation id="aff0003" affiliation-id="S2352340921009628-69b681aa4bc4be40aa5be4dd442fb172"><ce:label>c</ce:label><ce:textfn id="cetextfn0003">Department of Biochemistry, Faculty of Medicine and Allied Sciences, Rajarata University of Sri Lanka, Saliyapura, Sri Lanka</ce:textfn><sa:affiliation><sa:organization>Department of Biochemistry</sa:organization><sa:organization>Faculty of Medicine and Allied Sciences</sa:organization><sa:organization>Rajarata University of Sri Lanka</sa:organization><sa:city>Saliyapura</sa:city><sa:country>Sri Lanka</sa:country></sa:affiliation><ce:source-text id="staff0003">cDepartment of Biochemistry, Faculty of Medicine and Allied Sciences, Rajarata University of Sri Lanka, Saliyapura, Sri Lanka</ce:source-text></ce:affiliation><ce:affiliation id="aff0004" affiliation-id="S2352340921009628-00d964ba9a3f45454e3bfe4934a5e74a"><ce:label>d</ce:label><ce:textfn id="cetextfn0004">Human Immunity Laboratory, QIMR Berghofer Medical Research Institute, Herston, QLD, Australia</ce:textfn><sa:affiliation><sa:organization>Human Immunity Laboratory</sa:organization><sa:organization>QIMR Berghofer Medical Research Institute</sa:organization><sa:city>Herston</sa:city><sa:state>QLD</sa:state><sa:country>Australia</sa:country></sa:affiliation><ce:source-text id="staff0004">dHuman Immunity Laboratory, QIMR Berghofer Medical Research Institute, Herston, QLD, Australia</ce:source-text></ce:affiliation><ce:affiliation id="aff0005" affiliation-id="S2352340921009628-3f8e09aae09bca99603bac39625faf0e"><ce:label>e</ce:label><ce:textfn id="cetextfn0005">Australian Institute of Tropical Health and Medicine, James Cook University, Cairns, QLD, Australia</ce:textfn><sa:affiliation><sa:organization>Australian Institute of Tropical Health and Medicine</sa:organization><sa:organization>James Cook University</sa:organization><sa:city>Cairns</sa:city><sa:state>QLD</sa:state><sa:country>Australia</sa:country></sa:affiliation><ce:source-text id="staff0005">eAustralian Institute of Tropical Health and Medicine, James Cook University, Cairns, QLD, Australia</ce:source-text></ce:affiliation><ce:affiliation id="aff0006" affiliation-id="S2352340921009628-d5a039cad3800402a69e57745371809c"><ce:label>f</ce:label><ce:textfn id="cetextfn0006">Laboratory of Vaccines for the Developing World, Institute for Glycomics, Southport, QLD, Australia</ce:textfn><sa:affiliation><sa:organization>Laboratory of Vaccines for the Developing World</sa:organization><sa:organization>Institute for Glycomics</sa:organization><sa:city>Southport</sa:city><sa:state>QLD</sa:state><sa:country>Australia</sa:country></sa:affiliation><ce:source-text id="staff0006">fLaboratory of Vaccines for the Developing World, Institute for Glycomics, Southport, QLD, Australia</ce:source-text></ce:affiliation><ce:affiliation id="aff0007" affiliation-id="S2352340921009628-df25f8e0a252be0f407562bbd0c38b2e"><ce:label>g</ce:label><ce:textfn id="cetextfn0007">Centre for Clinical Research, Faculty of Medicine, The University of Queensland, Brisbane, QLD, Australia</ce:textfn><sa:affiliation><sa:organization>Centre for Clinical Research</sa:organization><sa:organization>Faculty of Medicine</sa:organization><sa:organization>The University of Queensland</sa:organization><sa:city>Brisbane</sa:city><sa:state>QLD</sa:state><sa:country>Australia</sa:country></sa:affiliation><ce:source-text id="staff0007">gCentre for Clinical Research, Faculty of Medicine, The University of Queensland, Brisbane, QLD, Australia</ce:source-text></ce:affiliation><ce:correspondence id="cor0001"><ce:label>&#x204e;</ce:label><ce:text id="cetext0001">Corresponding author.</ce:text></ce:correspondence></ce:author-group><ce:date-received day="18" month="9" year="2021"/><ce:date-revised day="21" month="11" year="2021"/><ce:date-accepted day="3" month="12" year="2021"/><ce:abstract id="abs0001" view="all" class="author"><ce:section-title id="cesectitle0001">Abstract</ce:section-title><ce:abstract-sec id="abss0001" view="all"><ce:simple-para id="spara007" view="all">Regulatory T cells (Tregs) play a core role in maintaining immune tolerance, homeostasis, and host health. High-resolution analysis of the Treg proteome is required to identify enriched biological processes and pathways distinct to this important immune cell lineage. We present a comprehensive proteomic dataset of Tregs paired with conventional CD4<ce:sup loc="post">+</ce:sup> (Conv CD4<ce:sup loc="post">+</ce:sup>) T cells in healthy individuals. Tregs and Conv CD4<ce:sup loc="post">+</ce:sup> T cells were sorted to high purity using dual magnetic bead-based and flow cytometry-based methodologies. Proteins were trypsin-digested and analysed using label-free data-dependent acquisition mass spectrometry (DDA-MS) followed by label free quantitation (LFQ) proteomics analysis using MaxQuant software. Approximately 4,000 T cell proteins were identified with a 1% false discovery rate, of which approximately 2,800 proteins were consistently identified and quantified in all the samples. Finally, flow cytometry with a monoclonal antibody was used to validate the elevated abundance of the protein phosphatase CD148 in Tregs. This proteomic dataset serves as a reference point for future mechanistic and clinical T cell immunology and identifies receptors, processes, and pathways distinct to Tregs. Collectively, these data will lead to a better understanding of Treg immunophysiology and potentially reveal novel leads for therapeutics seeking Treg regulation.</ce:simple-para></ce:abstract-sec></ce:abstract><ce:keywords id="keys0001" view="all" class="keyword"><ce:section-title id="cesectitle0002">Keywords</ce:section-title><ce:keyword id="key0001"><ce:text id="cetext0002">Regulatory T cell</ce:text></ce:keyword><ce:keyword id="key0002"><ce:text id="cetext0003">Conventional T cell</ce:text></ce:keyword><ce:keyword id="key0003"><ce:text id="cetext0004">Proteomics</ce:text></ce:keyword><ce:keyword id="key0004"><ce:text id="cetext0005">Tandem mass spectrometry</ce:text></ce:keyword><ce:keyword id="key0005"><ce:text id="cetext0006">LC-MS/MS</ce:text></ce:keyword></ce:keywords></ja:head></ja:article></doc:document>
