<doc:document xmlns:doc="http://www.elsevier.com/xml/document/schema" xmlns:dp="http://www.elsevier.com/xml/common/doc-properties/schema" xmlns:cps="http://www.elsevier.com/xml/common/consyn-properties/schema" xmlns:rdf="http://www.w3.org/1999/02/22-rdf-syntax-ns#" xmlns:dct="http://purl.org/dc/terms/" xmlns:prism="http://prismstandard.org/namespaces/basic/2.0/" xmlns:oa="http://vtw.elsevier.com/data/ns/properties/OpenAccess-1/" xmlns:bam="http://vtw.elsevier.com/data/voc/ns/bam-vtw-1/" xmlns:cp="http://vtw.elsevier.com/data/ns/properties/Copyright-1/" xmlns:cja="http://www.elsevier.com/xml/cja/schema" xmlns:ja="http://www.elsevier.com/xml/ja/schema" xmlns:bk="http://www.elsevier.com/xml/bk/schema" xmlns:ce="http://www.elsevier.com/xml/common/schema" xmlns:mml="http://www.w3.org/1998/Math/MathML" xmlns:cals="http://www.elsevier.com/xml/common/cals/schema" xmlns:tb="http://www.elsevier.com/xml/common/table/schema" xmlns:sa="http://www.elsevier.com/xml/common/struct-aff/schema" xmlns:sb="http://www.elsevier.com/xml/common/struct-bib/schema" xmlns:xlink="http://www.w3.org/1999/xlink"><rdf:RDF><rdf:Description rdf:about="http://dx.doi.org/10.1016/j.dib.2022.107843"><dct:format>application/xml</dct:format><dct:title>Proteome data of neuroblastoma cells overexpressing Neuroglobin</dct:title><dct:creator>Michele Costanzo</dct:creator><dct:creator>Marianna Caterino</dct:creator><dct:creator>Illari Salvatori</dct:creator><dct:creator>Valeria Manganelli</dct:creator><dct:creator>Alberto Ferri</dct:creator><dct:creator>Roberta Misasi</dct:creator><dct:creator>Margherita Ruoppolo</dct:creator><dct:subject><rdf:Bag><rdf:li>Proteomics</rdf:li><rdf:li>Neuroglobin</rdf:li><rdf:li>Label-free quantification</rdf:li><rdf:li>LC-MS/MS</rdf:li><rdf:li>S-Trap</rdf:li><rdf:li>MaxQuant</rdf:li><rdf:li>Perseus</rdf:li><rdf:li>MetaboAnalyst</rdf:li></rdf:Bag></dct:subject><dct:description>Data in Brief 41 (2022). doi:10.1016/j.dib.2022.107843</dct:description><prism:aggregationType>journal</prism:aggregationType><prism:publicationName>Data in Brief</prism:publicationName><prism:copyright>&#169; 2022 The Author(s). Published by Elsevier Inc.</prism:copyright><dct:publisher>Elsevier Inc.</dct:publisher><prism:issn>2352-3409</prism:issn><prism:volume>41</prism:volume><prism:coverDisplayDate>April 2022</prism:coverDisplayDate><prism:doi>10.1016/j.dib.2022.107843</prism:doi><prism:url>http://dx.doi.org/10.1016/j.dib.2022.107843</prism:url><dct:identifier>doi:10.1016/j.dib.2022.107843</dct:identifier><bam:articleNumber>107843</bam:articleNumber><oa:openAccessInformation><oa:openAccessStatus xmlns:xsi="http://www.w3.org/2001/XMLSchema-instance">http://vtw.elsevier.com/data/voc/oa/OpenAccessStatus#Full</oa:openAccessStatus><oa:openAccessEffective xmlns:xsi="http://www.w3.org/2001/XMLSchema-instance">2022-01-16T15:39:01Z</oa:openAccessEffective><oa:sponsor xmlns:xsi="http://www.w3.org/2001/XMLSchema-instance"><oa:sponsorType>http://vtw.elsevier.com/data/voc/oa/SponsorType#Author</oa:sponsorType></oa:sponsor><oa:userLicense xmlns:xsi="http://www.w3.org/2001/XMLSchema-instance">http://creativecommons.org/licenses/by-nc-nd/4.0/</oa:userLicense></oa:openAccessInformation><cp:licenseLine xmlns:xsi="http://www.w3.org/2001/XMLSchema-instance">This is an open access article under the CC BY-NC-ND license.</cp:licenseLine></rdf:Description></rdf:RDF><dp:document-properties><dp:aggregation-type>Journals</dp:aggregation-type><dp:version-number>S250.1</dp:version-number></dp:document-properties><ja:article docsubtype="dat" version="5.6" xml:lang="en"><ja:item-info><ja:jid>DIB</ja:jid><ja:aid>107843</ja:aid><ce:article-number>107843</ce:article-number><ce:pii>S2352-3409(22)00055-5</ce:pii><ce:doi>10.1016/j.dib.2022.107843</ce:doi><ce:copyright type="unknown" year="2022"/></ja:item-info><ja:head><ce:dochead id="dchd0001"><ce:textfn id="dhtxt0001">Data Article</ce:textfn></ce:dochead><ce:title id="tte0002">Proteome data of neuroblastoma cells overexpressing Neuroglobin</ce:title><ce:author-group id="aut0001"><ce:author id="au0001" author-id="S2352340922000555-6d8b4d67668ad76c9d1a043cbb37135e" orcid="0000-0002-6386-2009"><ce:given-name>Michele</ce:given-name><ce:surname>Costanzo</ce:surname><ce:cross-ref refid="aff0001"><ce:sup loc="post">a</ce:sup></ce:cross-ref><ce:cross-ref refid="aff0002"><ce:sup loc="post">b</ce:sup></ce:cross-ref><ce:cross-ref refid="cor0001"><ce:sup loc="post">&#x204e;</ce:sup></ce:cross-ref><ce:e-address id="ead0001" type="email" xlink:href="mailto:michele.costanzo@unina.it">michele.costanzo@unina.it</ce:e-address></ce:author><ce:author id="au0002" author-id="S2352340922000555-3ad650b03550a0f295eb7d948b26524b" orcid="0000-0001-6035-8213"><ce:given-name>Marianna</ce:given-name><ce:surname>Caterino</ce:surname><ce:cross-ref refid="aff0001"><ce:sup loc="post">a</ce:sup></ce:cross-ref><ce:cross-ref refid="aff0002"><ce:sup loc="post">b</ce:sup></ce:cross-ref></ce:author><ce:author id="au0003" author-id="S2352340922000555-231e19e327f23565643930cd0575d1eb"><ce:given-name>Illari</ce:given-name><ce:surname>Salvatori</ce:surname><ce:cross-ref refid="aff0003"><ce:sup loc="post">c</ce:sup></ce:cross-ref></ce:author><ce:author id="au0004" author-id="S2352340922000555-98f61a13bece68699f2ea6378efaeffc" orcid="0000-0001-8517-4533"><ce:given-name>Valeria</ce:given-name><ce:surname>Manganelli</ce:surname><ce:cross-ref refid="aff0004"><ce:sup loc="post">d</ce:sup></ce:cross-ref></ce:author><ce:author id="au0005" author-id="S2352340922000555-2c81d7fbacc9989bec6710ea46adab0b"><ce:given-name>Alberto</ce:given-name><ce:surname>Ferri</ce:surname><ce:cross-ref refid="aff0003"><ce:sup loc="post">c</ce:sup></ce:cross-ref></ce:author><ce:author id="au0006" author-id="S2352340922000555-5caea996c661684f4c40a6012881d29c" orcid="0000-0002-1181-6190"><ce:given-name>Roberta</ce:given-name><ce:surname>Misasi</ce:surname><ce:cross-ref refid="aff0004"><ce:sup loc="post">d</ce:sup></ce:cross-ref></ce:author><ce:author id="au0007" author-id="S2352340922000555-56b72b0943f852bc155c6a591b8f3cdf"><ce:given-name>Margherita</ce:given-name><ce:surname>Ruoppolo</ce:surname><ce:cross-ref refid="aff0001"><ce:sup loc="post">a</ce:sup></ce:cross-ref><ce:cross-ref refid="aff0002"><ce:sup loc="post">b</ce:sup></ce:cross-ref></ce:author><ce:affiliation id="aff0001" affiliation-id="S2352340922000555-4d4a0719005edd6baef13198cf9f7e4b"><ce:label>a</ce:label><ce:textfn id="cetextfn0001">Department of Molecular Medicine and Medical Biotechnology, University of Naples Federico II, Naples 80131, Italy</ce:textfn><sa:affiliation><sa:organization>Department of Molecular Medicine and Medical Biotechnology</sa:organization><sa:organization>University of Naples Federico II</sa:organization><sa:city>Naples</sa:city><sa:postal-code>80131</sa:postal-code><sa:country>Italy</sa:country></sa:affiliation><ce:source-text id="staff0001">aDepartment of Molecular Medicine and Medical Biotechnology, University of Naples Federico II, Naples 80131, Italy</ce:source-text></ce:affiliation><ce:affiliation id="aff0002" affiliation-id="S2352340922000555-1f6dd31bd3491e794bf638a75b258074"><ce:label>b</ce:label><ce:textfn id="cetextfn0002">CEINGE-Biotecnologie Avanzate s.c.ar.l., Naples 80145, Italy</ce:textfn><sa:affiliation><sa:organization>CEINGE-Biotecnologie Avanzate s.c.ar.l.</sa:organization><sa:city>Naples</sa:city><sa:postal-code>80145</sa:postal-code><sa:country>Italy</sa:country></sa:affiliation><ce:source-text id="staff0002">bCEINGE-Biotecnologie Avanzate s.c.ar.l., Naples 80145, Italy</ce:source-text></ce:affiliation><ce:affiliation id="aff0003" affiliation-id="S2352340922000555-4f68c0069e594fbdbf91f16db96e2c8c"><ce:label>c</ce:label><ce:textfn id="cetextfn0003">Fondazione Santa Lucia IRCCS, c/o CERC, Rome 00143, Italy</ce:textfn><sa:affiliation><sa:organization>Fondazione Santa Lucia IRCCS, c/o CERC</sa:organization><sa:city>Rome</sa:city><sa:postal-code>00143</sa:postal-code><sa:country>Italy</sa:country></sa:affiliation><ce:source-text id="staff0003">cFondazione Santa Lucia IRCCS, c/o CERC, Rome 00143, Italy</ce:source-text></ce:affiliation><ce:affiliation id="aff0004" affiliation-id="S2352340922000555-795558f2ff264ebd2779837f6673f5e5"><ce:label>d</ce:label><ce:textfn id="cetextfn0004">Department of Experimental Medicine, "Sapienza" University of Rome, Rome 00161, Italy</ce:textfn><sa:affiliation><sa:organization>Department of Experimental Medicine</sa:organization><sa:organization>"Sapienza" University of Rome</sa:organization><sa:city>Rome</sa:city><sa:postal-code>00161</sa:postal-code><sa:country>Italy</sa:country></sa:affiliation><ce:source-text id="staff0004">dDepartment of Experimental Medicine, "Sapienza" University of Rome, Rome 00161, Italy</ce:source-text></ce:affiliation><ce:correspondence id="cor0001"><ce:label>&#x204e;</ce:label><ce:text id="cetext0001">Corresponding author at: Department of Molecular Medicine and Medical Biotechnology, University of Naples Federico II, Naples 80131, Italy.</ce:text><sa:affiliation><sa:organization>Department of Molecular Medicine and Medical Biotechnology</sa:organization><sa:organization>University of Naples Federico II</sa:organization><sa:city>Naples</sa:city><sa:postal-code>80131</sa:postal-code><sa:country>Italy</sa:country></sa:affiliation></ce:correspondence></ce:author-group><ce:date-received day="28" month="12" year="2021"/><ce:date-revised day="11" month="1" year="2022"/><ce:date-accepted day="14" month="1" year="2022"/><ce:abstract id="abs0001" view="all" class="author"><ce:section-title id="cesectitle0001">Abstract</ce:section-title><ce:abstract-sec id="abss0001" view="all"><ce:simple-para id="spara004" view="all">In this article, we present data on the proteome of human neuroblastoma cells stably overexpressing Neuroglobin (NGB). The neuroprotective role of NGB is clearly established, nevertheless the related mechanistic processes, which are dependent on NGB overexpression, are not known. To address this question, we performed shotgun label-free quantification (LFQ) proteomics using an SH-SY5Y cell model of neuroblastoma that overexpresses an NGB-FLAG construct, and wild type cells transfected with an empty vector as control (CTRL). The proteomes from six biological samples per condition were digested using the S-Trap sample preparation followed by LC-MS/MS analysis with a LTQ-Orbitrap XL mass spectrometer. The quantitative analysis was performed using the LFQ algorithm of MaxQuant, leading to 1654 correctly quantified proteins over 2580 identified proteins. Finally, the statistic comparison of the two analyzed groups within Perseus platform identified 178 differential proteins (107 up- and 71 down-regulated). In addition, multivariate statistical analysis was carried out using MetaboAnalyst 5.0 software. MS proteomics data are available via ProteomeXchange with the dataset identifier PXD029012.</ce:simple-para></ce:abstract-sec></ce:abstract><ce:keywords id="keys0001" view="all" class="keyword"><ce:section-title id="cesectitle0002">Keywords</ce:section-title><ce:keyword id="key0001"><ce:text id="cetext0002">Proteomics</ce:text></ce:keyword><ce:keyword id="key0002"><ce:text id="cetext0003">Neuroglobin</ce:text></ce:keyword><ce:keyword id="key0003"><ce:text id="cetext0004">Label-free quantification</ce:text></ce:keyword><ce:keyword id="key0004"><ce:text id="cetext0005">LC-MS/MS</ce:text></ce:keyword><ce:keyword id="key0005"><ce:text id="cetext0006">S-Trap</ce:text></ce:keyword><ce:keyword id="key0006"><ce:text id="cetext0007">MaxQuant</ce:text></ce:keyword><ce:keyword id="key0007"><ce:text id="cetext0008">Perseus</ce:text></ce:keyword><ce:keyword id="key0008"><ce:text id="cetext0009">MetaboAnalyst</ce:text></ce:keyword></ce:keywords></ja:head></ja:article></doc:document>
