<doc:document xmlns:doc="http://www.elsevier.com/xml/document/schema" xmlns:dp="http://www.elsevier.com/xml/common/doc-properties/schema" xmlns:cps="http://www.elsevier.com/xml/common/consyn-properties/schema" xmlns:rdf="http://www.w3.org/1999/02/22-rdf-syntax-ns#" xmlns:dct="http://purl.org/dc/terms/" xmlns:prism="http://prismstandard.org/namespaces/basic/2.0/" xmlns:oa="http://vtw.elsevier.com/data/ns/properties/OpenAccess-1/" xmlns:bam="http://vtw.elsevier.com/data/voc/ns/bam-vtw-1/" xmlns:cp="http://vtw.elsevier.com/data/ns/properties/Copyright-1/" xmlns:cja="http://www.elsevier.com/xml/cja/schema" xmlns:ja="http://www.elsevier.com/xml/ja/schema" xmlns:bk="http://www.elsevier.com/xml/bk/schema" xmlns:ce="http://www.elsevier.com/xml/common/schema" xmlns:mml="http://www.w3.org/1998/Math/MathML" xmlns:cals="http://www.elsevier.com/xml/common/cals/schema" xmlns:tb="http://www.elsevier.com/xml/common/table/schema" xmlns:sa="http://www.elsevier.com/xml/common/struct-aff/schema" xmlns:sb="http://www.elsevier.com/xml/common/struct-bib/schema" xmlns:xlink="http://www.w3.org/1999/xlink"><rdf:RDF><rdf:Description rdf:about="http://dx.doi.org/10.1016/j.dib.2021.107711"><dct:format>application/xml</dct:format><dct:title>Human tooth enamel carbon and oxygen stable isotope dataset from chalcolithic Inamgaon (India)</dct:title><dct:creator>Sangeeta Mahajan</dct:creator><dct:creator>Vijay Sathe</dct:creator><dct:creator>Niraj Rai</dct:creator><dct:creator>Shailesh Agrawal</dct:creator><dct:creator>Supriyo Chakraborty</dct:creator><dct:subject><rdf:Bag><rdf:li>Carbon isotopes</rdf:li><rdf:li>Oxygen isotopes</rdf:li><rdf:li>Enamel carbonates</rdf:li><rdf:li>Palaeodiet</rdf:li><rdf:li>Weaning</rdf:li><rdf:li>Chalcolithic culture</rdf:li></rdf:Bag></dct:subject><dct:description>Data in Brief, Uncorrected proof. doi:10.1016/j.dib.2021.107711</dct:description><prism:aggregationType>journal</prism:aggregationType><prism:publicationName>Data in Brief</prism:publicationName><prism:copyright>&#169; 2021 The Author(s). Published by Elsevier Inc.</prism:copyright><dct:publisher>Elsevier Inc.</dct:publisher><prism:issn>2352-3409</prism:issn><prism:doi>10.1016/j.dib.2021.107711</prism:doi><prism:url>http://dx.doi.org/10.1016/j.dib.2021.107711</prism:url><dct:identifier>doi:10.1016/j.dib.2021.107711</dct:identifier><bam:articleNumber>107711</bam:articleNumber><oa:openAccessInformation><oa:openAccessStatus xmlns:xsi="http://www.w3.org/2001/XMLSchema-instance">http://vtw.elsevier.com/data/voc/oa/OpenAccessStatus#Full</oa:openAccessStatus><oa:openAccessEffective xmlns:xsi="http://www.w3.org/2001/XMLSchema-instance">2021-12-11T12:23:17Z</oa:openAccessEffective><oa:sponsor xmlns:xsi="http://www.w3.org/2001/XMLSchema-instance"><oa:sponsorType>http://vtw.elsevier.com/data/voc/oa/SponsorType#ElsevierWaived</oa:sponsorType></oa:sponsor><oa:userLicense xmlns:xsi="http://www.w3.org/2001/XMLSchema-instance">http://creativecommons.org/licenses/by/4.0/</oa:userLicense></oa:openAccessInformation><cp:licenseLine xmlns:xsi="http://www.w3.org/2001/XMLSchema-instance">This is an open access article under the CC BY license.</cp:licenseLine></rdf:Description></rdf:RDF><dp:document-properties><dp:aggregation-type>Journals</dp:aggregation-type><dp:version-number>S100.1</dp:version-number></dp:document-properties><ja:article docsubtype="dat" version="5.6" xml:lang="en"><ja:item-info><ja:jid>DIB</ja:jid><ja:aid>107711</ja:aid><ce:article-number>107711</ce:article-number><ce:pii>S2352-3409(21)00986-0</ce:pii><ce:doi>10.1016/j.dib.2021.107711</ce:doi><ce:copyright type="unknown" year="2021"/></ja:item-info><ja:head><ce:dochead id="dchd0001"><ce:textfn id="dhtxt0001">Data Article</ce:textfn></ce:dochead><ce:title id="tte0002">Human tooth enamel carbon and oxygen stable isotope dataset from chalcolithic Inamgaon (India)</ce:title><ce:author-group id="aut0001"><ce:author id="au0001" author-id="S2352340921009860-f69c20fe4f5998f7d985dcf2de379f17" orcid="0000-0002-2479-2992"><ce:given-name>Sangeeta</ce:given-name><ce:surname>Mahajan</ce:surname><ce:contributor-role role="http://credit.niso.org/contributor-roles/conceptualization">Conceptualization</ce:contributor-role><ce:contributor-role role="http://credit.niso.org/contributor-roles/data-curation">Data curation</ce:contributor-role><ce:contributor-role role="http://credit.niso.org/contributor-roles/writing-original-draft">Writing &#x2013; original draft</ce:contributor-role><ce:cross-ref refid="aff0001"><ce:sup loc="post">a</ce:sup></ce:cross-ref><ce:cross-ref refid="cor0001"><ce:sup loc="post">&#x204e;</ce:sup></ce:cross-ref><ce:e-address id="ead0001" type="email" xlink:href="mailto:mahajansangeeta@yahoo.com">mahajansangeeta@yahoo.com</ce:e-address></ce:author><ce:author id="au0002" author-id="S2352340921009860-ff02d687f6b510eb250214ca601a220a"><ce:given-name>Vijay</ce:given-name><ce:surname>Sathe</ce:surname><ce:contributor-role role="http://credit.niso.org/contributor-roles/conceptualization">Conceptualization</ce:contributor-role><ce:cross-ref refid="aff0001"><ce:sup loc="post">a</ce:sup></ce:cross-ref></ce:author><ce:author id="au0003" author-id="S2352340921009860-52cfc4d8c5024597df8dfe285e61dbfc"><ce:given-name>Niraj</ce:given-name><ce:surname>Rai</ce:surname><ce:contributor-role role="http://credit.niso.org/contributor-roles/formal-analysis">Formal analysis</ce:contributor-role><ce:cross-ref refid="aff0002"><ce:sup loc="post">b</ce:sup></ce:cross-ref></ce:author><ce:author id="au0004" author-id="S2352340921009860-61a64c4ffd326ffe89d27da015d6fc99"><ce:given-name>Shailesh</ce:given-name><ce:surname>Agrawal</ce:surname><ce:contributor-role role="http://credit.niso.org/contributor-roles/formal-analysis">Formal analysis</ce:contributor-role><ce:cross-ref refid="aff0002"><ce:sup loc="post">b</ce:sup></ce:cross-ref></ce:author><ce:author id="au0005" author-id="S2352340921009860-9f041855ca6377cc6c2dac26624bf180"><ce:given-name>Supriyo</ce:given-name><ce:surname>Chakraborty</ce:surname><ce:contributor-role role="http://credit.niso.org/contributor-roles/conceptualization">Conceptualization</ce:contributor-role><ce:contributor-role role="http://credit.niso.org/contributor-roles/writing-review-editing">Writing &#x2013; review &amp; editing</ce:contributor-role><ce:cross-ref refid="aff0003"><ce:sup loc="post">c</ce:sup></ce:cross-ref></ce:author><ce:affiliation id="aff0001" affiliation-id="S2352340921009860-673a5932a58f58d61cd4015f20ed4256"><ce:label>a</ce:label><ce:textfn id="cetextfn0001">Deccan College Post-Graduate and Research Institute, Pune, India</ce:textfn><sa:affiliation><sa:organization>Deccan College Post-Graduate and Research Institute</sa:organization><sa:city>Pune</sa:city><sa:country>India</sa:country></sa:affiliation><ce:source-text id="staff0001">aDeccan College Post-Graduate and Research Institute, Pune, India</ce:source-text></ce:affiliation><ce:affiliation id="aff0002" affiliation-id="S2352340921009860-eeceb59521034c2840c048d666920ae0"><ce:label>b</ce:label><ce:textfn id="cetextfn0002">Birbal Sahni Institute of Palaeosciences, Lucknow, India</ce:textfn><sa:affiliation><sa:organization>Birbal Sahni Institute of Palaeosciences</sa:organization><sa:city>Lucknow</sa:city><sa:country>India</sa:country></sa:affiliation><ce:source-text id="staff0002">bBirbal Sahni Institute of Palaeosciences, Lucknow, India</ce:source-text></ce:affiliation><ce:affiliation id="aff0003" affiliation-id="S2352340921009860-3cce466745785da7d9f3de651f08342c"><ce:label>c</ce:label><ce:textfn id="cetextfn0003">Ministry of Earth Sciences, Indian Institute of Tropical Meteorology, Pune, India</ce:textfn><sa:affiliation><sa:organization>Ministry of Earth Sciences</sa:organization><sa:organization>Indian Institute of Tropical Meteorology</sa:organization><sa:city>Pune</sa:city><sa:country>India</sa:country></sa:affiliation><ce:source-text id="staff0003">cMinistry of Earth Sciences, Indian Institute of Tropical Meteorology, Pune, India</ce:source-text></ce:affiliation><ce:correspondence id="cor0001"><ce:label>&#x204e;</ce:label><ce:text id="cetext0001">Corresponding author.</ce:text></ce:correspondence></ce:author-group><ce:date-received day="2" month="5" year="2021"/><ce:date-revised day="7" month="12" year="2021"/><ce:date-accepted day="10" month="12" year="2021"/><ce:abstract id="abs0001" view="all" class="author"><ce:section-title id="cesectitle0001">Abstract</ce:section-title><ce:abstract-sec id="abss0001" view="all"><ce:simple-para id="spara007" view="all">The tooth enamel from the human remains of ten archaeological individuals belonging to a chalcolithic site at Inamgaon, District Pune, Maharashtra, were analysed for stable carbon and oxygen isotope compositions. The human remains of the involved individuals come from three consecutive periods: Period I (1600&#x2013;1400 BC; <ce:italic>n</ce:italic>&#x202f;=&#x202f;2), Period II (1400&#x2013;1000 BC; <ce:italic>n</ce:italic>&#x202f;=&#x202f;4), and Period III (1000&#x2013;700 BC; <ce:italic>n</ce:italic>&#x202f;=&#x202f;4). Enamel carbonate of twenty teeth (<ce:italic>n</ce:italic>&#x202f;=&#x202f;20), two from each individual, were analysed to understand the inter- and intra-individual variations in isotope ratios across the three habitational periods. The acquired dataset will help in understanding isotope baseline values for the region in the prehistoric context. The subsequent research works in the region can reuse our data in collation with other datasets for comparative investigations.</ce:simple-para></ce:abstract-sec></ce:abstract><ce:keywords id="keys0001" view="all" class="keyword"><ce:section-title id="cesectitle0002">Keywords</ce:section-title><ce:keyword id="key0001"><ce:text id="cetext0002">Carbon isotopes</ce:text></ce:keyword><ce:keyword id="key0002"><ce:text id="cetext0003">Oxygen isotopes</ce:text></ce:keyword><ce:keyword id="key0003"><ce:text id="cetext0004">Enamel carbonates</ce:text></ce:keyword><ce:keyword id="key0004"><ce:text id="cetext0005">Palaeodiet</ce:text></ce:keyword><ce:keyword id="key0005"><ce:text id="cetext0006">Weaning</ce:text></ce:keyword><ce:keyword id="key0006"><ce:text id="cetext0007">Chalcolithic culture</ce:text></ce:keyword></ce:keywords></ja:head></ja:article></doc:document>
