<doc:document xmlns:doc="http://www.elsevier.com/xml/document/schema" xmlns:dp="http://www.elsevier.com/xml/common/doc-properties/schema" xmlns:cps="http://www.elsevier.com/xml/common/consyn-properties/schema" xmlns:rdf="http://www.w3.org/1999/02/22-rdf-syntax-ns#" xmlns:dct="http://purl.org/dc/terms/" xmlns:prism="http://prismstandard.org/namespaces/basic/2.0/" xmlns:oa="http://vtw.elsevier.com/data/ns/properties/OpenAccess-1/" xmlns:bam="http://vtw.elsevier.com/data/voc/ns/bam-vtw-1/" xmlns:cp="http://vtw.elsevier.com/data/ns/properties/Copyright-1/" xmlns:cja="http://www.elsevier.com/xml/cja/schema" xmlns:ja="http://www.elsevier.com/xml/ja/schema" xmlns:bk="http://www.elsevier.com/xml/bk/schema" xmlns:ce="http://www.elsevier.com/xml/common/schema" xmlns:mml="http://www.w3.org/1998/Math/MathML" xmlns:cals="http://www.elsevier.com/xml/common/cals/schema" xmlns:tb="http://www.elsevier.com/xml/common/table/schema" xmlns:sa="http://www.elsevier.com/xml/common/struct-aff/schema" xmlns:sb="http://www.elsevier.com/xml/common/struct-bib/schema" xmlns:xlink="http://www.w3.org/1999/xlink"><rdf:RDF><rdf:Description rdf:about="http://dx.doi.org/10.1016/j.dib.2022.107815"><dct:format>application/xml</dct:format><dct:title>Sieved mass and shape data from simulated fluvial transport of icy clasts in the Titan Tumbler</dct:title><dct:creator>Anthony D. Maue</dct:creator><dct:creator>Joseph S. Levy</dct:creator><dct:creator>Devon M. Burr</dct:creator><dct:creator>Patrick R. Matulka</dct:creator><dct:creator>Erica Nathan</dct:creator><dct:subject><rdf:Bag><rdf:li>Geoscience</rdf:li><rdf:li>Planetary surface processes</rdf:li><rdf:li>Tumbling barrel</rdf:li><rdf:li>Titan</rdf:li><rdf:li>Ices</rdf:li><rdf:li>Fluvial abrasion</rdf:li><rdf:li>Downstream fining</rdf:li><rdf:li>Cryogenics</rdf:li></rdf:Bag></dct:subject><dct:description>Data in Brief 40 (2022). doi:10.1016/j.dib.2022.107815</dct:description><prism:aggregationType>journal</prism:aggregationType><prism:publicationName>Data in Brief</prism:publicationName><prism:copyright>&#169; 2022 The Author(s). Published by Elsevier Inc.</prism:copyright><dct:publisher>Elsevier Inc.</dct:publisher><prism:issn>2352-3409</prism:issn><prism:volume>40</prism:volume><prism:coverDisplayDate>February 2022</prism:coverDisplayDate><prism:doi>10.1016/j.dib.2022.107815</prism:doi><prism:url>http://dx.doi.org/10.1016/j.dib.2022.107815</prism:url><dct:identifier>doi:10.1016/j.dib.2022.107815</dct:identifier><bam:articleNumber>107815</bam:articleNumber><oa:openAccessInformation><oa:openAccessStatus xmlns:xsi="http://www.w3.org/2001/XMLSchema-instance">http://vtw.elsevier.com/data/voc/oa/OpenAccessStatus#Full</oa:openAccessStatus><oa:openAccessEffective xmlns:xsi="http://www.w3.org/2001/XMLSchema-instance">2022-01-07T12:05:10Z</oa:openAccessEffective><oa:sponsor xmlns:xsi="http://www.w3.org/2001/XMLSchema-instance"><oa:sponsorType>http://vtw.elsevier.com/data/voc/oa/SponsorType#Author</oa:sponsorType></oa:sponsor><oa:userLicense xmlns:xsi="http://www.w3.org/2001/XMLSchema-instance">http://creativecommons.org/licenses/by/4.0/</oa:userLicense></oa:openAccessInformation><cp:licenseLine xmlns:xsi="http://www.w3.org/2001/XMLSchema-instance">This is an open access article under the CC BY license.</cp:licenseLine></rdf:Description></rdf:RDF><dp:document-properties><dp:aggregation-type>Journals</dp:aggregation-type><dp:version-number>S300.1</dp:version-number></dp:document-properties><ja:article docsubtype="dat" version="5.6" xml:lang="en"><ja:item-info><ja:jid>DIB</ja:jid><ja:aid>107815</ja:aid><ce:article-number>107815</ce:article-number><ce:pii>S2352-3409(22)00027-0</ce:pii><ce:doi>10.1016/j.dib.2022.107815</ce:doi><ce:document-thread><ce:refers-to-document id="ref0001"><ce:pii>S0019-1035(21)00475-9</ce:pii><ce:doi>10.1016/j.icarus.2021.114831</ce:doi></ce:refers-to-document></ce:document-thread><ce:copyright type="other" year="2022">The Author(s)</ce:copyright></ja:item-info><ja:head><ce:dochead id="dchd0001"><ce:textfn id="dhtxt0001">Data Article</ce:textfn></ce:dochead><ce:title id="tte0002">Sieved mass and shape data from simulated fluvial transport of icy clasts in the Titan Tumbler</ce:title><ce:author-group id="aut0001"><ce:author id="au0001" author-id="S2352340922000270-767645fb343f54723eb5c5794d4171a3" orcid="0000-0001-5322-2289"><ce:given-name>Anthony D.</ce:given-name><ce:surname>Maue</ce:surname><ce:contributor-role role="http://credit.niso.org/contributor-roles/data-curation">Data curation</ce:contributor-role><ce:contributor-role role="http://credit.niso.org/contributor-roles/formal-analysis">Formal analysis</ce:contributor-role><ce:contributor-role role="http://credit.niso.org/contributor-roles/investigation">Investigation</ce:contributor-role><ce:contributor-role role="http://credit.niso.org/contributor-roles/methodology">Methodology</ce:contributor-role><ce:contributor-role role="http://credit.niso.org/contributor-roles/writing-original-draft">Writing &#x2013; original draft</ce:contributor-role><ce:contributor-role role="http://credit.niso.org/contributor-roles/writing-review-editing">Writing &#x2013; review &amp; editing</ce:contributor-role><ce:contributor-role role="http://credit.niso.org/contributor-roles/validation">Validation</ce:contributor-role><ce:contributor-role role="http://credit.niso.org/contributor-roles/visualization">Visualization</ce:contributor-role><ce:cross-ref refid="aff0001"><ce:sup loc="post">a</ce:sup></ce:cross-ref><ce:cross-ref refid="cor0001"><ce:sup loc="post">&#x204e;</ce:sup></ce:cross-ref><ce:e-address id="ead0001" type="email" xlink:href="mailto:maue@nau.edu">maue@nau.edu</ce:e-address></ce:author><ce:author id="au0002" author-id="S2352340922000270-e554345fc64911bf0b1e4f51b6fc8bec"><ce:given-name>Joseph S.</ce:given-name><ce:surname>Levy</ce:surname><ce:contributor-role role="http://credit.niso.org/contributor-roles/conceptualization">Conceptualization</ce:contributor-role><ce:contributor-role role="http://credit.niso.org/contributor-roles/funding-acquisition">Funding acquisition</ce:contributor-role><ce:contributor-role role="http://credit.niso.org/contributor-roles/investigation">Investigation</ce:contributor-role><ce:contributor-role role="http://credit.niso.org/contributor-roles/methodology">Methodology</ce:contributor-role><ce:contributor-role role="http://credit.niso.org/contributor-roles/project-administration">Project administration</ce:contributor-role><ce:contributor-role role="http://credit.niso.org/contributor-roles/writing-review-editing">Writing &#x2013; review &amp; editing</ce:contributor-role><ce:cross-ref refid="aff0002"><ce:sup loc="post">b</ce:sup></ce:cross-ref></ce:author><ce:author id="au0003" author-id="S2352340922000270-5e4a0c1902fa56c117c54c14292cc7a1"><ce:given-name>Devon M.</ce:given-name><ce:surname>Burr</ce:surname><ce:contributor-role role="http://credit.niso.org/contributor-roles/conceptualization">Conceptualization</ce:contributor-role><ce:contributor-role role="http://credit.niso.org/contributor-roles/funding-acquisition">Funding acquisition</ce:contributor-role><ce:contributor-role role="http://credit.niso.org/contributor-roles/investigation">Investigation</ce:contributor-role><ce:contributor-role role="http://credit.niso.org/contributor-roles/methodology">Methodology</ce:contributor-role><ce:contributor-role role="http://credit.niso.org/contributor-roles/writing-review-editing">Writing &#x2013; review &amp; editing</ce:contributor-role><ce:cross-ref refid="aff0001"><ce:sup loc="post">a</ce:sup></ce:cross-ref></ce:author><ce:author id="au0004" author-id="S2352340922000270-ca4c92671671a78897e050836a52eda7"><ce:given-name>Patrick R.</ce:given-name><ce:surname>Matulka</ce:surname><ce:contributor-role role="http://credit.niso.org/contributor-roles/formal-analysis">Formal analysis</ce:contributor-role><ce:contributor-role role="http://credit.niso.org/contributor-roles/investigation">Investigation</ce:contributor-role><ce:contributor-role role="http://credit.niso.org/contributor-roles/methodology">Methodology</ce:contributor-role><ce:cross-ref refid="aff0003"><ce:sup loc="post">c</ce:sup></ce:cross-ref></ce:author><ce:author id="au0005" author-id="S2352340922000270-3a9ca86010e7f5ac3605a0c95b848603"><ce:given-name>Erica</ce:given-name><ce:surname>Nathan</ce:surname><ce:contributor-role role="http://credit.niso.org/contributor-roles/formal-analysis">Formal analysis</ce:contributor-role><ce:contributor-role role="http://credit.niso.org/contributor-roles/investigation">Investigation</ce:contributor-role><ce:contributor-role role="http://credit.niso.org/contributor-roles/methodology">Methodology</ce:contributor-role><ce:contributor-role role="http://credit.niso.org/contributor-roles/writing-review-editing">Writing &#x2013; review &amp; editing</ce:contributor-role><ce:cross-ref refid="aff0004"><ce:sup loc="post">d</ce:sup></ce:cross-ref></ce:author><ce:affiliation id="aff0001" affiliation-id="S2352340922000270-22dbfdf02cfdf12fff8c4271d135c5af"><ce:label>a</ce:label><ce:textfn id="cetextfn0001">Department of Astronomy and Planetary Science, Northern Arizona University, 527 S. Beaver St., Flagstaff, AZ 86011, United States</ce:textfn><sa:affiliation><sa:organization>Department of Astronomy and Planetary Science</sa:organization><sa:organization>Northern Arizona University</sa:organization><sa:address-line>527 S. Beaver St.</sa:address-line><sa:city>Flagstaff</sa:city><sa:state>AZ</sa:state><sa:postal-code>86011</sa:postal-code><sa:country>United States</sa:country></sa:affiliation><ce:source-text id="staff0001">aDepartment of Astronomy and Planetary Science, Northern Arizona University, 527 S. Beaver St., Flagstaff, AZ 86011, United States</ce:source-text></ce:affiliation><ce:affiliation id="aff0002" affiliation-id="S2352340922000270-f677ad3e89b2f246961787704cd775da"><ce:label>b</ce:label><ce:textfn id="cetextfn0002">Department of Geology, Colgate University, 13 Oak Drive, Hamilton, NY 13346, United States</ce:textfn><sa:affiliation><sa:organization>Department of Geology</sa:organization><sa:organization>Colgate University</sa:organization><sa:address-line>13 Oak Drive</sa:address-line><sa:city>Hamilton</sa:city><sa:state>NY</sa:state><sa:postal-code>13346</sa:postal-code><sa:country>Canada</sa:country></sa:affiliation><ce:source-text id="staff0002">bDepartment of Geology, Colgate University, 13 Oak Drive, Hamilton, NY 13346, Canada</ce:source-text></ce:affiliation><ce:affiliation id="aff0003" affiliation-id="S2352340922000270-8a306d916b950c42069d4dc27d52df00"><ce:label>c</ce:label><ce:textfn id="cetextfn0003">Department of Earth and Planetary Sciences, Washington University in St. Louis, 1 Brookings Drive, St. Louis, MO 63130, United States</ce:textfn><sa:affiliation><sa:organization>Department of Earth and Planetary Sciences</sa:organization><sa:organization>Washington University in St. Louis</sa:organization><sa:address-line>1 Brookings Drive</sa:address-line><sa:city>St. Louis</sa:city><sa:state>MO</sa:state><sa:postal-code>63130</sa:postal-code><sa:country>United States</sa:country></sa:affiliation><ce:source-text id="staff0003">cDepartment of Earth and Planetary Sciences, Washington University in St. Louis, 1 Brookings Drive, St. Louis, MO 63130, United States</ce:source-text></ce:affiliation><ce:affiliation id="aff0004" affiliation-id="S2352340922000270-d650355cdcebc0fed29eb93b8a32e1ae"><ce:label>d</ce:label><ce:textfn id="cetextfn0004">Department of Earth, Environmental and Planetary Sciences, Brown University, Box 1846, 324 Brook Street, Providence, RI 02912, United States</ce:textfn><sa:affiliation><sa:organization>Department of Earth</sa:organization><sa:organization>Environmental and Planetary Sciences</sa:organization><sa:organization>Brown University</sa:organization><sa:address-line>Box 1846, 324 Brook Street</sa:address-line><sa:city>Providence</sa:city><sa:state>RI</sa:state><sa:postal-code>02912</sa:postal-code><sa:country>United States</sa:country></sa:affiliation><ce:source-text id="staff0004">dDepartment of Earth, Environmental and Planetary Sciences, Brown University, Box 1846, 324 Brook Street, Providence, RI 02912, United States</ce:source-text></ce:affiliation><ce:correspondence id="cor0001"><ce:label>&#x204e;</ce:label><ce:text id="cetext0001">Corresponding author.</ce:text></ce:correspondence></ce:author-group><ce:date-received day="16" month="12" year="2021"/><ce:date-revised day="4" month="1" year="2022"/><ce:date-accepted day="6" month="1" year="2022"/><ce:abstract id="abs0001" view="all" class="author"><ce:section-title id="cesectitle0001">Abstract</ce:section-title><ce:abstract-sec id="abss0001" view="all"><ce:simple-para id="spara005" view="all">Data in this article are related to the research article &#x201c;Rapid rounding of icy clasts during simulated fluvial transport in the Titan Tumbler&#x201d;. Whereas that research focused on low-temperature ice abrasion in the context of Saturn's moon Titan, the full dataset on experiments testing the breakdown of water ice under a variety of tested conditions is reported in this article. Following the work of previous terrestrial studies, these experiments utilize tumblers that produce collisions to simulate some aspects of mechanical weathering during fluvial transport. Data files publicly available on Mendeley Data include measures of mass and roundness of clasts of specific grain sizes as well as raw images, videos, and the MATLAB script used for analysis. In this article, the varying conditions of temperature, initial clast size, shape, ice type, number of clasts for each of the 42 experiments are reported, along with best-fit models of abrasion typically applied in terrestrial tumbler studies. This text describes the methodology, including the development of icy clasts, operation of the tumblers, measurement of clast properties, calculation of derived parameters, and application of abrasion models. Exploration of various approaches to tumbler development and data acquisition are reported to benefit future researchers in this area. Experiments on the abrasion of different materials benefit from cross-comparison, which is also a fundamental aspect of planetary science.</ce:simple-para></ce:abstract-sec></ce:abstract><ce:keywords id="keys0001" view="all" class="keyword"><ce:section-title id="cesectitle0002">Keywords</ce:section-title><ce:keyword id="key0001"><ce:text id="cetext0002">Geoscience</ce:text></ce:keyword><ce:keyword id="key0002"><ce:text id="cetext0003">Planetary surface processes</ce:text></ce:keyword><ce:keyword id="key0003"><ce:text id="cetext0004">Tumbling barrel</ce:text></ce:keyword><ce:keyword id="key0004"><ce:text id="cetext0005">Titan</ce:text></ce:keyword><ce:keyword id="key0005"><ce:text id="cetext0006">Ices</ce:text></ce:keyword><ce:keyword id="key0006"><ce:text id="cetext0007">Fluvial abrasion</ce:text></ce:keyword><ce:keyword id="key0007"><ce:text id="cetext0008">Downstream fining</ce:text></ce:keyword><ce:keyword id="key0008"><ce:text id="cetext0009">Cryogenics</ce:text></ce:keyword></ce:keywords></ja:head></ja:article></doc:document>
