<doc:document xmlns:doc="http://www.elsevier.com/xml/document/schema" xmlns:dp="http://www.elsevier.com/xml/common/doc-properties/schema" xmlns:cps="http://www.elsevier.com/xml/common/consyn-properties/schema" xmlns:rdf="http://www.w3.org/1999/02/22-rdf-syntax-ns#" xmlns:dct="http://purl.org/dc/terms/" xmlns:prism="http://prismstandard.org/namespaces/basic/2.0/" xmlns:oa="http://vtw.elsevier.com/data/ns/properties/OpenAccess-1/" xmlns:bam="http://vtw.elsevier.com/data/voc/ns/bam-vtw-1/" xmlns:cp="http://vtw.elsevier.com/data/ns/properties/Copyright-1/" xmlns:cja="http://www.elsevier.com/xml/cja/schema" xmlns:ja="http://www.elsevier.com/xml/ja/schema" xmlns:bk="http://www.elsevier.com/xml/bk/schema" xmlns:ce="http://www.elsevier.com/xml/common/schema" xmlns:mml="http://www.w3.org/1998/Math/MathML" xmlns:cals="http://www.elsevier.com/xml/common/cals/schema" xmlns:tb="http://www.elsevier.com/xml/common/table/schema" xmlns:sa="http://www.elsevier.com/xml/common/struct-aff/schema" xmlns:sb="http://www.elsevier.com/xml/common/struct-bib/schema" xmlns:xlink="http://www.w3.org/1999/xlink"><rdf:RDF><rdf:Description rdf:about="http://dx.doi.org/10.1016/j.dib.2021.107534"><dct:format>application/xml</dct:format><dct:title>3D printed polylactic acid - hemp fiber composites: Mechanical, thermal, and microcomputed tomography data</dct:title><dct:creator>John Arnold</dct:creator><dct:creator>Damon A. Smith</dct:creator><dct:subject><rdf:Bag><rdf:li>Hemp</rdf:li><rdf:li>Additive manufacturing</rdf:li><rdf:li>3D printing</rdf:li><rdf:li>Green manufacturing</rdf:li><rdf:li>Biomaterials</rdf:li></rdf:Bag></dct:subject><dct:description>Data in Brief 39 (2021). doi:10.1016/j.dib.2021.107534</dct:description><prism:aggregationType>journal</prism:aggregationType><prism:publicationName>Data in Brief</prism:publicationName><prism:copyright>&#169; 2021 The Authors. Published by Elsevier Inc.</prism:copyright><dct:publisher>Elsevier Inc.</dct:publisher><prism:issn>2352-3409</prism:issn><prism:volume>39</prism:volume><prism:coverDisplayDate>December 2021</prism:coverDisplayDate><prism:doi>10.1016/j.dib.2021.107534</prism:doi><prism:url>http://dx.doi.org/10.1016/j.dib.2021.107534</prism:url><dct:identifier>doi:10.1016/j.dib.2021.107534</dct:identifier><bam:articleNumber>107534</bam:articleNumber><oa:openAccessInformation><oa:openAccessStatus xmlns:xsi="http://www.w3.org/2001/XMLSchema-instance">http://vtw.elsevier.com/data/voc/oa/OpenAccessStatus#Full</oa:openAccessStatus><oa:openAccessEffective xmlns:xsi="http://www.w3.org/2001/XMLSchema-instance">2021-10-28T15:47:16Z</oa:openAccessEffective><oa:sponsor xmlns:xsi="http://www.w3.org/2001/XMLSchema-instance"><oa:sponsorType>http://vtw.elsevier.com/data/voc/oa/SponsorType#Author</oa:sponsorType></oa:sponsor><oa:userLicense xmlns:xsi="http://www.w3.org/2001/XMLSchema-instance">http://creativecommons.org/licenses/by/4.0/</oa:userLicense></oa:openAccessInformation><cp:licenseLine xmlns:xsi="http://www.w3.org/2001/XMLSchema-instance">This is an open access article under the CC BY license.</cp:licenseLine></rdf:Description></rdf:RDF><dp:document-properties><dp:aggregation-type>Journals</dp:aggregation-type><dp:version-number>S300.1</dp:version-number></dp:document-properties><ja:article docsubtype="dat" version="5.6" xml:lang="en"><ja:item-info><ja:jid>DIB</ja:jid><ja:aid>107534</ja:aid><ce:article-number>107534</ce:article-number><ce:pii>S2352-3409(21)00810-6</ce:pii><ce:doi>10.1016/j.dib.2021.107534</ce:doi><ce:copyright type="other" year="2021">The Authors</ce:copyright></ja:item-info><ja:head><ce:dochead id="dchd0001"><ce:textfn id="dhtxt0001">Data Article</ce:textfn></ce:dochead><ce:title id="tte0002">3D printed polylactic acid - hemp fiber composites: Mechanical, thermal, and microcomputed tomography data</ce:title><ce:author-group id="aut0001"><ce:author id="au0001" author-id="S2352340921008106-151be0bb6d6cf85c5b92db9fb27ba3e9"><ce:given-name>John</ce:given-name><ce:surname>Arnold</ce:surname><ce:contributor-role role="http://credit.niso.org/contributor-roles/conceptualization">Conceptualization</ce:contributor-role><ce:contributor-role role="http://credit.niso.org/contributor-roles/methodology">Methodology</ce:contributor-role><ce:contributor-role role="http://credit.niso.org/contributor-roles/formal-analysis">Formal analysis</ce:contributor-role><ce:cross-ref refid="aff0001"><ce:sup loc="post">a</ce:sup></ce:cross-ref><ce:cross-ref refid="aff0002"><ce:sup loc="post">b</ce:sup></ce:cross-ref></ce:author><ce:author id="au0002" author-id="S2352340921008106-d53ae80d994cb15cef85fb0627c153de" orcid="0000-0003-0421-8640"><ce:given-name>Damon A.</ce:given-name><ce:surname>Smith</ce:surname><ce:contributor-role role="http://credit.niso.org/contributor-roles/supervision">Supervision</ce:contributor-role><ce:contributor-role role="http://credit.niso.org/contributor-roles/conceptualization">Conceptualization</ce:contributor-role><ce:contributor-role role="http://credit.niso.org/contributor-roles/writing-review-editing">Writing &#x2013; review &amp; editing</ce:contributor-role><ce:contributor-role role="http://credit.niso.org/contributor-roles/funding-acquisition">Funding acquisition</ce:contributor-role><ce:contributor-role role="http://credit.niso.org/contributor-roles/project-administration">Project administration</ce:contributor-role><ce:cross-ref refid="aff0001"><ce:sup loc="post">a</ce:sup></ce:cross-ref><ce:cross-ref refid="aff0002"><ce:sup loc="post">b</ce:sup></ce:cross-ref><ce:cross-ref refid="cor0001"><ce:sup loc="post">&#x204e;</ce:sup></ce:cross-ref><ce:e-address id="ead0001" type="email" xlink:href="mailto:dsmith3@uno.edu">dsmith3@uno.edu</ce:e-address></ce:author><ce:affiliation id="aff0001" affiliation-id="S2352340921008106-48e2e44409e8f6d594b31b9ea449188e"><ce:label>a</ce:label><ce:textfn id="cetextfn0001">Department of Mechanical Engineering, University of New Orleans, United States</ce:textfn><sa:affiliation><sa:organization>Department of Mechanical Engineering</sa:organization><sa:organization>University of New Orleans</sa:organization><sa:country>United States</sa:country></sa:affiliation><ce:source-text id="staff0001">aDepartment of Mechanical Engineering, University of New Orleans, United States</ce:source-text></ce:affiliation><ce:affiliation id="aff0002" affiliation-id="S2352340921008106-30cca05bb292896c1910cd319b779385"><ce:label>b</ce:label><ce:textfn id="cetextfn0002">Advanced Materials Research Institute (AMRI), University of New Orleans, United States</ce:textfn><sa:affiliation><sa:organization>Advanced Materials Research Institute (AMRI)</sa:organization><sa:organization>University of New Orleans</sa:organization><sa:country>United States</sa:country></sa:affiliation><ce:source-text id="staff0002">bAdvanced Materials Research Institute (AMRI), University of New Orleans, United States</ce:source-text></ce:affiliation><ce:correspondence id="cor0001"><ce:label>&#x204e;</ce:label><ce:text id="cetext0001">Corresponding author at: Department of Mechanical Engineering, University of New Orleans, United States.</ce:text><sa:affiliation><sa:organization>Department of Mechanical Engineering</sa:organization><sa:organization>University of New Orleans</sa:organization><sa:country>United States</sa:country></sa:affiliation></ce:correspondence></ce:author-group><ce:date-received day="29" month="7" year="2021"/><ce:date-accepted day="27" month="10" year="2021"/><ce:abstract id="abs0001" view="all" class="author"><ce:section-title id="cesectitle0001">Abstract</ce:section-title><ce:abstract-sec id="abss0001" view="all"><ce:simple-para id="spara008" view="all">Hemp fiber was used untreated and treated with sodium hydroxide or (3-aminopropyl)triethoxysilane (APTES) as an additive in polylactic acid (PLA) for fused filament fabrication (FFF) of tensile test specimens. Composites granules were produced by solvent processing with 10 wt. % of hemp fiber to use as feedstock for the extrusion of filaments compatible with commercial FFF printers. The dataset shows the thermal properties of the various composites, which were used to determine the appropriate temperatures required for extrusion of filaments and FFF printer settings. Microcomputed tomography imaging was performed and tensile mechanical properties of FFF-printed tensile test specimens were determined as a function of hemp fiber surface treatment. The data provides an assessment of the use of minimally processed hemp fiber as a filler or mechanical enhancer of thermoplastic materials for additive manufacturing.</ce:simple-para></ce:abstract-sec></ce:abstract><ce:keywords id="keys0001" view="all" class="keyword"><ce:section-title id="cesectitle0002">Keywords</ce:section-title><ce:keyword id="key0001"><ce:text id="cetext0002">Hemp</ce:text></ce:keyword><ce:keyword id="key0002"><ce:text id="cetext0003">Additive manufacturing</ce:text></ce:keyword><ce:keyword id="key0003"><ce:text id="cetext0004">3D printing</ce:text></ce:keyword><ce:keyword id="key0004"><ce:text id="cetext0005">Green manufacturing</ce:text></ce:keyword><ce:keyword id="key0005"><ce:text id="cetext0006">Biomaterials</ce:text></ce:keyword></ce:keywords></ja:head></ja:article></doc:document>
