<doc:document xmlns:doc="http://www.elsevier.com/xml/document/schema" xmlns:dp="http://www.elsevier.com/xml/common/doc-properties/schema" xmlns:cps="http://www.elsevier.com/xml/common/consyn-properties/schema" xmlns:rdf="http://www.w3.org/1999/02/22-rdf-syntax-ns#" xmlns:dct="http://purl.org/dc/terms/" xmlns:prism="http://prismstandard.org/namespaces/basic/2.0/" xmlns:oa="http://vtw.elsevier.com/data/ns/properties/OpenAccess-1/" xmlns:bam="http://vtw.elsevier.com/data/voc/ns/bam-vtw-1/" xmlns:cp="http://vtw.elsevier.com/data/ns/properties/Copyright-1/" xmlns:cja="http://www.elsevier.com/xml/cja/schema" xmlns:ja="http://www.elsevier.com/xml/ja/schema" xmlns:bk="http://www.elsevier.com/xml/bk/schema" xmlns:ce="http://www.elsevier.com/xml/common/schema" xmlns:mml="http://www.w3.org/1998/Math/MathML" xmlns:cals="http://www.elsevier.com/xml/common/cals/schema" xmlns:tb="http://www.elsevier.com/xml/common/table/schema" xmlns:sa="http://www.elsevier.com/xml/common/struct-aff/schema" xmlns:sb="http://www.elsevier.com/xml/common/struct-bib/schema" xmlns:xlink="http://www.w3.org/1999/xlink"><rdf:RDF><rdf:Description rdf:about="http://dx.doi.org/10.1016/j.dib.2022.107826"><dct:format>application/xml</dct:format><dct:title>Vibrations induced by tunnel boring machines in urban areas: Dataset of synchronized in-situ measurements inside the shield and on the surface</dct:title><dct:creator>Antoine Rallu</dct:creator><dct:creator>Nicolas Berthoz</dct:creator><dct:subject><rdf:Bag><rdf:li>Ground borne vibrations</rdf:li><rdf:li>Shallow tunnel</rdf:li><rdf:li>Tunnel boring machine</rdf:li><rdf:li>In situ measurement</rdf:li><rdf:li>Dynamic characterization</rdf:li><rdf:li>Vibration levels</rdf:li><rdf:li>Data processing</rdf:li></rdf:Bag></dct:subject><dct:description>Data in Brief 41 (2022). doi:10.1016/j.dib.2022.107826</dct:description><prism:aggregationType>journal</prism:aggregationType><prism:publicationName>Data in Brief</prism:publicationName><prism:copyright>&#169; 2022 The Authors. Published by Elsevier Inc.</prism:copyright><dct:publisher>Elsevier Inc.</dct:publisher><prism:issn>2352-3409</prism:issn><prism:volume>41</prism:volume><prism:coverDisplayDate>April 2022</prism:coverDisplayDate><prism:doi>10.1016/j.dib.2022.107826</prism:doi><prism:url>http://dx.doi.org/10.1016/j.dib.2022.107826</prism:url><dct:identifier>doi:10.1016/j.dib.2022.107826</dct:identifier><bam:articleNumber>107826</bam:articleNumber><oa:openAccessInformation><oa:openAccessStatus xmlns:xsi="http://www.w3.org/2001/XMLSchema-instance">http://vtw.elsevier.com/data/voc/oa/OpenAccessStatus#Full</oa:openAccessStatus><oa:openAccessEffective xmlns:xsi="http://www.w3.org/2001/XMLSchema-instance">2022-01-11T15:55:25Z</oa:openAccessEffective><oa:sponsor xmlns:xsi="http://www.w3.org/2001/XMLSchema-instance"><oa:sponsorName>Couperin: French Agreement 2021</oa:sponsorName><oa:sponsorType>http://vtw.elsevier.com/data/voc/oa/SponsorType#FundingBody</oa:sponsorType></oa:sponsor><oa:userLicense xmlns:xsi="http://www.w3.org/2001/XMLSchema-instance">http://creativecommons.org/licenses/by-nc-nd/4.0/</oa:userLicense></oa:openAccessInformation><cp:licenseLine xmlns:xsi="http://www.w3.org/2001/XMLSchema-instance">This is an open access article under the CC BY-NC-ND license.</cp:licenseLine></rdf:Description></rdf:RDF><dp:document-properties><dp:aggregation-type>Journals</dp:aggregation-type><dp:version-number>S250.1</dp:version-number></dp:document-properties><ja:article docsubtype="dat" xml:lang="en" version="5.6"><ja:item-info><ja:jid>DIB</ja:jid><ja:aid>107826</ja:aid><ce:article-number>107826</ce:article-number><ce:pii>S2352-3409(22)00038-5</ce:pii><ce:doi>10.1016/j.dib.2022.107826</ce:doi><ce:copyright type="unknown" year="2022"/></ja:item-info><ja:head><ce:dochead id="dh1"><ce:textfn id="textfn0002">Data Article</ce:textfn></ce:dochead><ce:title id="ct0001">Vibrations induced by tunnel boring machines in urban areas: Dataset of synchronized in-situ measurements inside the shield and on the surface</ce:title><ce:short-title id="stitle0010">Vibrations induced by tunnel boring machines in urban areas: Dataset of synchronized in-situ measurements inside the shield and on the surface</ce:short-title><ce:author-group id="aut0001"><ce:author id="au0001" author-id="S2352340922000385-57418c658258f79e11e0985d9bbc2b79" orcid="0000-0001-5549-398X"><ce:given-name>Antoine</ce:given-name><ce:surname>Rallu</ce:surname><ce:contributor-role role="http://credit.niso.org/contributor-roles/conceptualization">Conceptualization</ce:contributor-role><ce:contributor-role role="http://credit.niso.org/contributor-roles/methodology">Methodology</ce:contributor-role><ce:contributor-role role="http://credit.niso.org/contributor-roles/software">Software</ce:contributor-role><ce:contributor-role role="http://credit.niso.org/contributor-roles/formal-analysis">Formal analysis</ce:contributor-role><ce:contributor-role role="http://credit.niso.org/contributor-roles/investigation">Investigation</ce:contributor-role><ce:contributor-role role="http://credit.niso.org/contributor-roles/data-curation">Data curation</ce:contributor-role><ce:contributor-role role="http://credit.niso.org/contributor-roles/writing-original-draft">Writing &#x2013; original draft</ce:contributor-role><ce:cross-ref refid="cor0001"><ce:sup loc="post">&#x204e;</ce:sup></ce:cross-ref><ce:cross-ref refid="aff0001"><ce:sup loc="post">a</ce:sup></ce:cross-ref><ce:e-address type="email" xlink:href="mailto:antoine.rallu@entpe.fr" id="ead0001">antoine.rallu@entpe.fr</ce:e-address></ce:author><ce:author id="au0002" author-id="S2352340922000385-825f2fdd7380bf139981f509a44c5fc5"><ce:given-name>Nicolas</ce:given-name><ce:surname>Berthoz</ce:surname><ce:contributor-role role="http://credit.niso.org/contributor-roles/conceptualization">Conceptualization</ce:contributor-role><ce:contributor-role role="http://credit.niso.org/contributor-roles/methodology">Methodology</ce:contributor-role><ce:contributor-role role="http://credit.niso.org/contributor-roles/formal-analysis">Formal analysis</ce:contributor-role><ce:contributor-role role="http://credit.niso.org/contributor-roles/investigation">Investigation</ce:contributor-role><ce:contributor-role role="http://credit.niso.org/contributor-roles/writing-review-editing">Writing &#x2013; review &amp; editing</ce:contributor-role><ce:cross-ref refid="aff0002"><ce:sup loc="post">b</ce:sup></ce:cross-ref></ce:author><ce:affiliation id="aff0001" affiliation-id="S2352340922000385-fa82319f062bb8a68e5d2bb75d05e326"><ce:label>a</ce:label><ce:textfn id="textfn0003">University of Lyon, ENTPE, LTDS - UMR CNRS 5513 - CELyA, Vaulx-en-Velin, France</ce:textfn><sa:affiliation><sa:organization>University of Lyon, ENTPE, LTDS - UMR CNRS 5513 - CELyA</sa:organization><sa:city>Vaulx-en-Velin</sa:city><sa:country>France</sa:country></sa:affiliation><ce:source-text id="st0001">University of Lyon, ENTPE, LTDS - UMR CNRS 5513 - CELyA, Vaulx-en-Velin, France</ce:source-text></ce:affiliation><ce:affiliation id="aff0002" affiliation-id="S2352340922000385-675710ed1b623f70147143d7b0bc1fb1"><ce:label>b</ce:label><ce:textfn id="textfn0004">French centre for tunnel studies (CETU), Bron, France</ce:textfn><sa:affiliation><sa:organization>French centre for tunnel studies (CETU)</sa:organization><sa:city>Bron</sa:city><sa:country>France</sa:country></sa:affiliation><ce:source-text id="st0002">French centre for tunnel studies (CETU), Bron, France</ce:source-text></ce:affiliation><ce:correspondence id="cor0001"><ce:label>&#x204e;</ce:label><ce:text id="cor1">Corresponding author.</ce:text></ce:correspondence></ce:author-group><ce:date-received day="16" month="11" year="2021"/><ce:date-revised day="6" month="1" year="2022"/><ce:date-accepted day="10" month="1" year="2022"/><ce:abstract id="abs0001" class="author" view="all"><ce:section-title id="sctt0001">Abstract</ce:section-title><ce:abstract-sec id="abssec0001" view="all"><ce:simple-para id="sp0001" view="all">In order to evaluate the potential impact of the shallow tunnel excavation by a tunnel boring machine (TBM) in urban areas, the authors present original in-situ measurements of vibrations inside the TBM and simultaneously on the surface. Four experimental campaigns were carried out on French tunnelling or micro-tunnelling projects, whose geotechnical contexts vary from hard rock to clayey sands. Each campaign is divided into two steps: (i) before excavation, measurements on the surface under mechanic ambient noise, and (ii) during excavation, measurements on the surface and inside the TBM. The present dataset consists in collecting, for each campaign, the time histories of all the synchronised sensors. They could be use particularly to estimate the vibration levels at different locations, and to analyse the frequency domain of the different signals.</ce:simple-para></ce:abstract-sec></ce:abstract><ce:keywords id="keys0001" class="keyword" view="all"><ce:section-title id="sctt0002">Keywords</ce:section-title><ce:keyword id="key0002"><ce:text id="txt0001">Ground borne vibrations</ce:text></ce:keyword><ce:keyword id="key0003"><ce:text id="txt0002">Shallow tunnel</ce:text></ce:keyword><ce:keyword id="key0004"><ce:text id="txt0003">Tunnel boring machine</ce:text></ce:keyword><ce:keyword id="key0005"><ce:text id="txt0004">In situ measurement</ce:text></ce:keyword><ce:keyword id="key0006"><ce:text id="txt0005">Dynamic characterization</ce:text></ce:keyword><ce:keyword id="key0007"><ce:text id="txt0006">Vibration levels</ce:text></ce:keyword><ce:keyword id="key0008"><ce:text id="txt0007">Data processing</ce:text></ce:keyword></ce:keywords></ja:head></ja:article></doc:document>
