<doc:document xmlns:doc="http://www.elsevier.com/xml/document/schema" xmlns:dp="http://www.elsevier.com/xml/common/doc-properties/schema" xmlns:cps="http://www.elsevier.com/xml/common/consyn-properties/schema" xmlns:rdf="http://www.w3.org/1999/02/22-rdf-syntax-ns#" xmlns:dct="http://purl.org/dc/terms/" xmlns:prism="http://prismstandard.org/namespaces/basic/2.0/" xmlns:oa="http://vtw.elsevier.com/data/ns/properties/OpenAccess-1/" xmlns:bam="http://vtw.elsevier.com/data/voc/ns/bam-vtw-1/" xmlns:cp="http://vtw.elsevier.com/data/ns/properties/Copyright-1/" xmlns:cja="http://www.elsevier.com/xml/cja/schema" xmlns:ja="http://www.elsevier.com/xml/ja/schema" xmlns:bk="http://www.elsevier.com/xml/bk/schema" xmlns:ce="http://www.elsevier.com/xml/common/schema" xmlns:mml="http://www.w3.org/1998/Math/MathML" xmlns:cals="http://www.elsevier.com/xml/common/cals/schema" xmlns:tb="http://www.elsevier.com/xml/common/table/schema" xmlns:sa="http://www.elsevier.com/xml/common/struct-aff/schema" xmlns:sb="http://www.elsevier.com/xml/common/struct-bib/schema" xmlns:xlink="http://www.w3.org/1999/xlink"><rdf:RDF><rdf:Description rdf:about="http://dx.doi.org/10.1016/j.dib.2021.107732"><dct:format>application/xml</dct:format><dct:title>Dataset of Factors affecting online cheating by accounting students: The relevance of social factors and the fraud triangle model factors</dct:title><dct:creator>Mohannad Obeid Al Shbail</dct:creator><dct:creator>Hashem Alshurafat</dct:creator><dct:creator>Husam Ananzeh</dct:creator><dct:creator>Jebreel Mohammad Al-Msiedeen</dct:creator><dct:description>Data in Brief, Journal Pre-proof. doi:10.1016/j.dib.2021.107732</dct:description><prism:aggregationType>journal</prism:aggregationType><prism:publicationName>Data in Brief</prism:publicationName><prism:copyright>&#169; 2021 The Author(s). Published by Elsevier Inc.</prism:copyright><dct:publisher>Elsevier Inc.</dct:publisher><prism:issn>2352-3409</prism:issn><prism:doi>10.1016/j.dib.2021.107732</prism:doi><prism:url>http://dx.doi.org/10.1016/j.dib.2021.107732</prism:url><dct:identifier>doi:10.1016/j.dib.2021.107732</dct:identifier><bam:articleNumber>107732</bam:articleNumber><oa:openAccessInformation><oa:openAccessStatus xmlns:xsi="http://www.w3.org/2001/XMLSchema-instance">http://vtw.elsevier.com/data/voc/oa/OpenAccessStatus#Full</oa:openAccessStatus><oa:openAccessEffective xmlns:xsi="http://www.w3.org/2001/XMLSchema-instance">2021-12-16T19:38:13Z</oa:openAccessEffective><oa:sponsor xmlns:xsi="http://www.w3.org/2001/XMLSchema-instance"><oa:sponsorType>http://vtw.elsevier.com/data/voc/oa/SponsorType#Author</oa:sponsorType></oa:sponsor><oa:userLicense xmlns:xsi="http://www.w3.org/2001/XMLSchema-instance">http://creativecommons.org/licenses/by/4.0/</oa:userLicense></oa:openAccessInformation><cp:licenseLine xmlns:xsi="http://www.w3.org/2001/XMLSchema-instance">This is an open access article under the CC BY license.</cp:licenseLine></rdf:Description></rdf:RDF><dp:document-properties><dp:aggregation-type>Journals</dp:aggregation-type><dp:version-number>S5.1</dp:version-number></dp:document-properties><ja:article docsubtype="dat" version="5.6" xml:lang="en"><ja:item-info><ja:jid>DIB</ja:jid><ja:aid>107732</ja:aid><ce:article-number>107732</ce:article-number><ce:pii>S2352-3409(21)01007-6</ce:pii><ce:doi>10.1016/j.dib.2021.107732</ce:doi><ce:copyright type="other" year="2021">The Authors</ce:copyright></ja:item-info><ja:head><ce:dochead id="dchd0001"><ce:textfn id="dhtxt0001">Data Article</ce:textfn></ce:dochead><ce:title id="tte0002">Dataset of Factors affecting online cheating by accounting students: The relevance of social factors and the fraud triangle model factors</ce:title><ce:author-group id="aut0001"><ce:author id="au0001" author-id="S2352340921010076-5bb22d22cb0937ac1b85a8800781ace9" orcid="0000-0002-0130-0238"><ce:given-name>Mohannad Obeid Al</ce:given-name><ce:surname>Shbail</ce:surname><ce:cross-ref refid="aff0001"><ce:sup loc="post">1</ce:sup></ce:cross-ref><ce:e-address id="ead0001" type="email" xlink:href="mailto:mohannadobeid87@aabu.edu.jo">mohannadobeid87@aabu.edu.jo</ce:e-address></ce:author><ce:author id="au0002" author-id="S2352340921010076-7b2438e379ee2a0514a01fad91ae1ea1" orcid="0000-0002-9514-3826"><ce:given-name>Hashem</ce:given-name><ce:surname>Alshurafat</ce:surname><ce:cross-ref refid="aff0002"><ce:sup loc="post">2</ce:sup></ce:cross-ref><ce:e-address id="ead0002" type="email" xlink:href="mailto:hashema@hu.edu.jo">hashema@hu.edu.jo</ce:e-address></ce:author><ce:author id="au0003" author-id="S2352340921010076-36cff29b0053df164db28abe361d8e14" orcid="0000-0001-7274-1199"><ce:given-name>Husam</ce:given-name><ce:surname>Ananzeh</ce:surname><ce:cross-ref refid="aff0003"><ce:sup loc="post">3</ce:sup></ce:cross-ref><ce:cross-ref refid="cor0001"><ce:sup loc="post">&#x204e;</ce:sup></ce:cross-ref><ce:e-address id="ead0003" type="email" xlink:href="mailto:h.ananzeh@inu.edu.jo">h.ananzeh@inu.edu.jo</ce:e-address></ce:author><ce:author id="au0004" author-id="S2352340921010076-c66441308fbba69ae6b6695fafb9e244" orcid="0000-0001-9110-2616"><ce:given-name>Jebreel Mohammad</ce:given-name><ce:surname>Al-Msiedeen</ce:surname><ce:cross-ref refid="aff0004"><ce:sup loc="post">4</ce:sup></ce:cross-ref><ce:e-address id="ead0004" type="email" xlink:href="mailto:Dr.Jebreel@ttu.edu.jo">Dr.Jebreel@ttu.edu.jo</ce:e-address></ce:author><ce:affiliation id="aff0001" affiliation-id="S2352340921010076-63e42e112156e40de3cc1f75a52fafa0"><ce:label>1</ce:label><ce:textfn id="cetextfn0001">Assistant professor, School of Business, Al al-Bayt University. P.O.BOX 130040. Mafraq 25113, Jordan</ce:textfn><sa:affiliation><sa:organization>Assistant professor</sa:organization><sa:organization>School of Business</sa:organization><sa:organization>Al al-Bayt University</sa:organization><sa:address-line>P.O.BOX 130040</sa:address-line><sa:city>Mafraq</sa:city><sa:postal-code>25113</sa:postal-code><sa:country>Jordan</sa:country></sa:affiliation><ce:source-text id="staff0001">1Assistant professor, School of Business, Al al-Bayt University. P.O.BOX 130040. Mafraq 25113, Jordan</ce:source-text></ce:affiliation><ce:affiliation id="aff0002" affiliation-id="S2352340921010076-1741fba3b74276979f0633464d8551e8"><ce:label>2</ce:label><ce:textfn id="cetextfn0002">Assistant Professor, Department of Accounting, Faculty of Economics and Administrative Sciences, Hashemite University. P.O. Box 330127, Zarqa 13133, Jordan</ce:textfn><sa:affiliation><sa:organization>Assistant Professor</sa:organization><sa:organization>Department of Accounting</sa:organization><sa:organization>Faculty of Economics and Administrative Sciences</sa:organization><sa:organization>Hashemite University</sa:organization><sa:address-line>P.O. Box 330127</sa:address-line><sa:city>Zarqa</sa:city><sa:postal-code>13133</sa:postal-code><sa:country>Jordan</sa:country></sa:affiliation><ce:source-text id="staff0002">2Assistant Professor, Department of Accounting, Faculty of Economics and Administrative Sciences, Hashemite University. P.O. Box 330127, Zarqa 13133, Jordan</ce:source-text></ce:affiliation><ce:affiliation id="aff0003" affiliation-id="S2352340921010076-acc27dfca676cda42c0b4ae24b6df604"><ce:label>3</ce:label><ce:textfn id="cetextfn0003">Assistant Professor, Irbid National University, Irbid, Jordan</ce:textfn><sa:affiliation><sa:organization>Assistant Professor</sa:organization><sa:organization>Irbid National University</sa:organization><sa:state>Irbid</sa:state><sa:country>Jordan</sa:country></sa:affiliation><ce:source-text id="staff0003">3Assistant Professor, Irbid National University, Irbid, Jordan</ce:source-text></ce:affiliation><ce:affiliation id="aff0004" affiliation-id="S2352340921010076-af75cce352a43e917a850eba2bc3b95c"><ce:label>4</ce:label><ce:textfn id="cetextfn0004">Jebreel Mohammad Al-Msiedeen, Assistant Professor, Tafila Technical University - Jordan</ce:textfn><sa:affiliation><sa:organization>Jebreel Mohammad Al-Msiedeen</sa:organization><sa:organization>Assistant Professor</sa:organization><sa:organization>Tafila Technical University - Jordan</sa:organization></sa:affiliation><ce:source-text id="staff0004">4Jebreel Mohammad Al-Msiedeen, Assistant Professor, Tafila Technical University - Jordan</ce:source-text></ce:affiliation><ce:correspondence id="cor0001"><ce:label>&#x204e;</ce:label><ce:text id="cetext0001"><ce:bold>Corresponding author(s):</ce:bold> Husam Ananzeh, Irbid National University, Irbid, Jordan</ce:text><sa:affiliation><sa:organization>Irbid National University</sa:organization><sa:city>Irbid</sa:city><sa:country>Jordan</sa:country></sa:affiliation></ce:correspondence></ce:author-group><ce:date-received day="12" month="8" year="2021"/><ce:date-revised day="14" month="12" year="2021"/><ce:date-accepted day="15" month="12" year="2021"/><ce:abstract id="abs0001" view="all" class="author"><ce:section-title id="cesectitle0001">Abstract</ce:section-title><ce:abstract-sec id="abss0001" view="all"><ce:simple-para id="spara005" view="all">In this paper, the authors present survey data concerning to understand the motivations underlying the cheating behavior while university exams are held online during the Covid-19 pandemic. In pursuing its aims, this study uses an integrated theoretical framework that includes the social capital theory and the fraud triangle theory. Through the use of a previously tested questionnaire, this study gathers data concerning the students cheating behavior from 213 respondents across a group of Jordanian universities. The findings of this study show that pressures, opportunities, rationalization, social norms, and social trust are all factors that affect the behavioral intention to cheat, which ultimately lead accounting students to commit cheating while taking exams online. This research provides several practical contributions to the educators who are seeking to minimize the chances for dishonest students to cheat in online exams. Future studies can refer to the study and its findings when it comes to educational equity and policy making regarding distance education.</ce:simple-para></ce:abstract-sec></ce:abstract></ja:head></ja:article></doc:document>
