<doc:document xmlns:doc="http://www.elsevier.com/xml/document/schema" xmlns:dp="http://www.elsevier.com/xml/common/doc-properties/schema" xmlns:cps="http://www.elsevier.com/xml/common/consyn-properties/schema" xmlns:rdf="http://www.w3.org/1999/02/22-rdf-syntax-ns#" xmlns:dct="http://purl.org/dc/terms/" xmlns:prism="http://prismstandard.org/namespaces/basic/2.0/" xmlns:oa="http://vtw.elsevier.com/data/ns/properties/OpenAccess-1/" xmlns:bam="http://vtw.elsevier.com/data/voc/ns/bam-vtw-1/" xmlns:cp="http://vtw.elsevier.com/data/ns/properties/Copyright-1/" xmlns:cja="http://www.elsevier.com/xml/cja/schema" xmlns:ja="http://www.elsevier.com/xml/ja/schema" xmlns:bk="http://www.elsevier.com/xml/bk/schema" xmlns:ce="http://www.elsevier.com/xml/common/schema" xmlns:mml="http://www.w3.org/1998/Math/MathML" xmlns:cals="http://www.elsevier.com/xml/common/cals/schema" xmlns:tb="http://www.elsevier.com/xml/common/table/schema" xmlns:sa="http://www.elsevier.com/xml/common/struct-aff/schema" xmlns:sb="http://www.elsevier.com/xml/common/struct-bib/schema" xmlns:xlink="http://www.w3.org/1999/xlink"><rdf:RDF><rdf:Description rdf:about="http://dx.doi.org/10.1016/j.dib.2021.107725"><dct:format>application/xml</dct:format><dct:title>Lagrangian and Eulerian dataset of the wake downstream of a smooth cylinder at a Reynolds number equal to 3900</dct:title><dct:creator>Ali Rahimi Khojasteh</dct:creator><dct:creator>Sylvain Laizet</dct:creator><dct:creator>Dominique Heitz</dct:creator><dct:creator>Yin Yang</dct:creator><dct:subject><rdf:Bag><rdf:li>Lagrangian particle trajectory</rdf:li><rdf:li>Direct Numerical Simulation</rdf:li><rdf:li>Synthetic particle transport</rdf:li><rdf:li>Turbulent wake flow</rdf:li></rdf:Bag></dct:subject><dct:description>Data in Brief 40 (2022). doi:10.1016/j.dib.2021.107725</dct:description><prism:aggregationType>journal</prism:aggregationType><prism:publicationName>Data in Brief</prism:publicationName><prism:copyright>&#169; 2021 The Authors. Published by Elsevier Inc.</prism:copyright><dct:publisher>Elsevier Inc.</dct:publisher><prism:issn>2352-3409</prism:issn><prism:volume>40</prism:volume><prism:coverDisplayDate>February 2022</prism:coverDisplayDate><prism:doi>10.1016/j.dib.2021.107725</prism:doi><prism:url>http://dx.doi.org/10.1016/j.dib.2021.107725</prism:url><dct:identifier>doi:10.1016/j.dib.2021.107725</dct:identifier><bam:articleNumber>107725</bam:articleNumber><oa:openAccessInformation><oa:openAccessStatus xmlns:xsi="http://www.w3.org/2001/XMLSchema-instance">http://vtw.elsevier.com/data/voc/oa/OpenAccessStatus#Full</oa:openAccessStatus><oa:openAccessEffective xmlns:xsi="http://www.w3.org/2001/XMLSchema-instance">2021-12-14T16:35:35Z</oa:openAccessEffective><oa:sponsor xmlns:xsi="http://www.w3.org/2001/XMLSchema-instance"><oa:sponsorName>Couperin: French Agreement 2021</oa:sponsorName><oa:sponsorType>http://vtw.elsevier.com/data/voc/oa/SponsorType#FundingBody</oa:sponsorType></oa:sponsor><oa:userLicense xmlns:xsi="http://www.w3.org/2001/XMLSchema-instance">http://creativecommons.org/licenses/by/4.0/</oa:userLicense></oa:openAccessInformation><cp:licenseLine xmlns:xsi="http://www.w3.org/2001/XMLSchema-instance">This is an open access article under the CC BY license.</cp:licenseLine></rdf:Description></rdf:RDF><dp:document-properties><dp:aggregation-type>Journals</dp:aggregation-type><dp:version-number>S300.1</dp:version-number></dp:document-properties><ja:article docsubtype="dat" xml:lang="en" version="5.6"><ja:item-info><ja:jid>DIB</ja:jid><ja:aid>107725</ja:aid><ce:article-number>107725</ce:article-number><ce:pii>S2352-3409(21)01000-3</ce:pii><ce:doi>10.1016/j.dib.2021.107725</ce:doi><ce:copyright type="unknown" year="2021"/></ja:item-info><ja:head><ce:dochead id="dh1"><ce:textfn id="textfn0001">Data Article</ce:textfn></ce:dochead><ce:title id="ct0001">Lagrangian and Eulerian dataset of the wake downstream of a smooth cylinder at a Reynolds number equal to 3900</ce:title><ce:short-title id="stitle0010">Lagrangian and Eulerian dataset of the wake downstream of a smooth cylinder at a Reynolds number equal to 3900</ce:short-title><ce:author-group id="aut0001"><ce:author id="au0001" author-id="S2352340921010003-8e690a4a3d8dbf4595afbe52dad595e9" orcid="0000-0002-3545-8391"><ce:given-name>Ali Rahimi</ce:given-name><ce:surname>Khojasteh</ce:surname><ce:contributor-role role="http://credit.niso.org/contributor-roles/conceptualization">Conceptualization</ce:contributor-role><ce:contributor-role role="http://credit.niso.org/contributor-roles/methodology">Methodology</ce:contributor-role><ce:contributor-role role="http://credit.niso.org/contributor-roles/investigation">Investigation</ce:contributor-role><ce:contributor-role role="http://credit.niso.org/contributor-roles/visualization">Visualization</ce:contributor-role><ce:contributor-role role="http://credit.niso.org/contributor-roles/writing-original-draft">Writing &#x2013; original draft</ce:contributor-role><ce:cross-ref refid="cor0001"><ce:sup loc="post">&#x204e;</ce:sup></ce:cross-ref><ce:cross-ref refid="aff0001"><ce:sup loc="post">a</ce:sup></ce:cross-ref><ce:e-address type="email" xlink:href="mailto:ali.rahimi-khojasteh@inrae.fr" id="ead0001">ali.rahimi-khojasteh@inrae.fr</ce:e-address><ce:e-address id="ea3" type="social-media" xlink:href="https://twitter.com/krishnariat">@krishnariat</ce:e-address></ce:author><ce:author id="au0002" author-id="S2352340921010003-37a4c5f7b19b918005f422ff187b9427"><ce:given-name>Sylvain</ce:given-name><ce:surname>Laizet</ce:surname><ce:contributor-role role="http://credit.niso.org/contributor-roles/methodology">Methodology</ce:contributor-role><ce:contributor-role role="http://credit.niso.org/contributor-roles/investigation">Investigation</ce:contributor-role><ce:contributor-role role="http://credit.niso.org/contributor-roles/writing-review-editing">Writing &#x2013; review &amp; editing</ce:contributor-role><ce:cross-ref refid="aff0002"><ce:sup loc="post">b</ce:sup></ce:cross-ref></ce:author><ce:author id="au0003" author-id="S2352340921010003-b8a9f4630d9fc33245f53d1b69562156" orcid="0000-0001-6295-2822"><ce:given-name>Dominique</ce:given-name><ce:surname>Heitz</ce:surname><ce:contributor-role role="http://credit.niso.org/contributor-roles/methodology">Methodology</ce:contributor-role><ce:contributor-role role="http://credit.niso.org/contributor-roles/supervision">Supervision</ce:contributor-role><ce:contributor-role role="http://credit.niso.org/contributor-roles/writing-review-editing">Writing &#x2013; review &amp; editing</ce:contributor-role><ce:cross-ref refid="aff0001"><ce:sup loc="post">a</ce:sup></ce:cross-ref></ce:author><ce:author id="au0004" author-id="S2352340921010003-61f918607d1d352c843a57c4647177b3" orcid="0000-0002-7492-8552"><ce:given-name>Yin</ce:given-name><ce:surname>Yang</ce:surname><ce:contributor-role role="http://credit.niso.org/contributor-roles/methodology">Methodology</ce:contributor-role><ce:contributor-role role="http://credit.niso.org/contributor-roles/writing-review-editing">Writing &#x2013; review &amp; editing</ce:contributor-role><ce:cross-ref refid="aff0001"><ce:sup loc="post">a</ce:sup></ce:cross-ref></ce:author><ce:affiliation id="aff0001" affiliation-id="S2352340921010003-3cc8880dfe746bd647f12d1f42f5a044"><ce:label>a</ce:label><ce:textfn id="textfn0002">INRAE, OPAALE, 17 avenue de Cucill&#233;, Rennes 35044, France</ce:textfn><sa:affiliation><sa:organization>INRAE, OPAALE</sa:organization><sa:address-line>17 avenue de Cucill&#233;</sa:address-line><sa:city>Rennes</sa:city><sa:postal-code>35044</sa:postal-code><sa:country>France</sa:country></sa:affiliation><ce:source-text id="st0001">INRAE, OPAALE, 17 avenue de Cucill&#233;, Rennes 35044, France</ce:source-text></ce:affiliation><ce:affiliation id="aff0002" affiliation-id="S2352340921010003-0747fade40b3f046d5d7930e835de271"><ce:label>b</ce:label><ce:textfn id="textfn0003">Turbulence Simulation Group, Department of Aeronautics, Imperial College London, Exhibition Road, London SW7 2AZ, United Kingdom</ce:textfn><sa:affiliation><sa:organization>Turbulence Simulation Group, Department of Aeronautics</sa:organization><sa:organization>Imperial College London</sa:organization><sa:address-line>Exhibition Road</sa:address-line><sa:city>London</sa:city><sa:postal-code>SW7 2AZ</sa:postal-code><sa:country>United Kingdom</sa:country></sa:affiliation><ce:source-text id="st0002">Turbulence Simulation Group, Department of Aeronautics, Imperial College London, Exhibition Road, London SW7 2AZ, United Kingdom</ce:source-text></ce:affiliation><ce:correspondence id="cor0001"><ce:label>&#x204e;</ce:label><ce:text id="cor1">Corresponding author.</ce:text></ce:correspondence></ce:author-group><ce:date-received day="25" month="8" year="2021"/><ce:date-revised day="12" month="12" year="2021"/><ce:date-accepted day="13" month="12" year="2021"/><ce:abstract id="abs0001" class="author" view="all"><ce:section-title id="sctt0001">Abstract</ce:section-title><ce:abstract-sec id="abssec0001" view="all"><ce:simple-para id="sp0001" view="all">The dataset contains Eulerian velocity and pressure fields, and Lagrangian particle trajectories of the wake flow downstream of a smooth cylinder at a Reynolds number equal to 3900. An open source Direct Numerical Simulation (DNS) flow solver named <ce:monospace>Incompact3d</ce:monospace> was used to calculate the Eulerian field around the cylinder. The synthetic Lagrangian tracer particles were transported using a fourth-order Runge-Kutta scheme in time and trilinear interpolations in space. Trajectories of roughly 200,000 particles for two 3D sub-domains are available to the public. This dataset can be used as a test case for tracking algorithm assessment, exploring the Lagrangian physics, statistic analyses, machine learning, and data assimilation interests.</ce:simple-para></ce:abstract-sec></ce:abstract><ce:keywords id="keys0001" class="keyword" view="all"><ce:section-title id="sctt0002">Keywords</ce:section-title><ce:keyword id="key0002"><ce:text id="txt0001">Lagrangian particle trajectory</ce:text></ce:keyword><ce:keyword id="key0003"><ce:text id="txt0002">Direct Numerical Simulation</ce:text></ce:keyword><ce:keyword id="key0004"><ce:text id="txt0003">Synthetic particle transport</ce:text></ce:keyword><ce:keyword id="key0005"><ce:text id="txt0004">Turbulent wake flow</ce:text></ce:keyword></ce:keywords></ja:head></ja:article></doc:document>
