<doc:document xmlns:doc="http://www.elsevier.com/xml/document/schema" xmlns:dp="http://www.elsevier.com/xml/common/doc-properties/schema" xmlns:cps="http://www.elsevier.com/xml/common/consyn-properties/schema" xmlns:rdf="http://www.w3.org/1999/02/22-rdf-syntax-ns#" xmlns:dct="http://purl.org/dc/terms/" xmlns:prism="http://prismstandard.org/namespaces/basic/2.0/" xmlns:oa="http://vtw.elsevier.com/data/ns/properties/OpenAccess-1/" xmlns:bam="http://vtw.elsevier.com/data/voc/ns/bam-vtw-1/" xmlns:cp="http://vtw.elsevier.com/data/ns/properties/Copyright-1/" xmlns:cja="http://www.elsevier.com/xml/cja/schema" xmlns:ja="http://www.elsevier.com/xml/ja/schema" xmlns:bk="http://www.elsevier.com/xml/bk/schema" xmlns:ce="http://www.elsevier.com/xml/common/schema" xmlns:mml="http://www.w3.org/1998/Math/MathML" xmlns:cals="http://www.elsevier.com/xml/common/cals/schema" xmlns:tb="http://www.elsevier.com/xml/common/table/schema" xmlns:sa="http://www.elsevier.com/xml/common/struct-aff/schema" xmlns:sb="http://www.elsevier.com/xml/common/struct-bib/schema" xmlns:xlink="http://www.w3.org/1999/xlink"><rdf:RDF><rdf:Description rdf:about="http://dx.doi.org/10.1016/j.dib.2021.107695"><dct:format>application/xml</dct:format><dct:title>Key performance indicators of Russian universities for 2015&#x2013;2018: Dataset and Benchmarking Data</dct:title><dct:creator>Anna I. Guseva</dct:creator><dct:creator>Viacheslav M. Kalashnik</dct:creator><dct:creator>Vladimir I. Kaminskii</dct:creator><dct:creator>Sergey V. Kireev</dct:creator><dct:subject><rdf:Bag><rdf:li>National Research Universities</rdf:li><rdf:li>World University Rankings</rdf:li><rdf:li>Russian Academic Excellence Project</rdf:li><rdf:li>Data collection and processing algorithms</rdf:li><rdf:li>Displaced Ideal Method</rdf:li></rdf:Bag></dct:subject><dct:description>Data in Brief 40 (2022). doi:10.1016/j.dib.2021.107695</dct:description><prism:aggregationType>journal</prism:aggregationType><prism:publicationName>Data in Brief</prism:publicationName><prism:copyright>&#169; 2021 The Author(s). Published by Elsevier Inc.</prism:copyright><dct:publisher>Elsevier Inc.</dct:publisher><prism:issn>2352-3409</prism:issn><prism:volume>40</prism:volume><prism:coverDisplayDate>February 2022</prism:coverDisplayDate><prism:doi>10.1016/j.dib.2021.107695</prism:doi><prism:url>http://dx.doi.org/10.1016/j.dib.2021.107695</prism:url><dct:identifier>doi:10.1016/j.dib.2021.107695</dct:identifier><bam:articleNumber>107695</bam:articleNumber><oa:openAccessInformation><oa:openAccessStatus xmlns:xsi="http://www.w3.org/2001/XMLSchema-instance">http://vtw.elsevier.com/data/voc/oa/OpenAccessStatus#Full</oa:openAccessStatus><oa:openAccessEffective xmlns:xsi="http://www.w3.org/2001/XMLSchema-instance">2021-12-08T14:22:30Z</oa:openAccessEffective><oa:sponsor xmlns:xsi="http://www.w3.org/2001/XMLSchema-instance"><oa:sponsorName>Russia: LE Tracking</oa:sponsorName><oa:sponsorType>http://vtw.elsevier.com/data/voc/oa/SponsorType#FundingBody</oa:sponsorType></oa:sponsor><oa:userLicense xmlns:xsi="http://www.w3.org/2001/XMLSchema-instance">http://creativecommons.org/licenses/by-nc-nd/4.0/</oa:userLicense></oa:openAccessInformation><cp:licenseLine xmlns:xsi="http://www.w3.org/2001/XMLSchema-instance">This is an open access article under the CC BY-NC-ND license.</cp:licenseLine></rdf:Description></rdf:RDF><dp:document-properties><dp:aggregation-type>Journals</dp:aggregation-type><dp:version-number>S300.1</dp:version-number></dp:document-properties><ja:article docsubtype="dat" version="5.6" xml:lang="en"><ja:item-info><ja:jid>DIB</ja:jid><ja:aid>107695</ja:aid><ce:article-number>107695</ce:article-number><ce:pii>S2352-3409(21)00970-7</ce:pii><ce:doi>10.1016/j.dib.2021.107695</ce:doi><ce:copyright type="unknown" year="2021"/></ja:item-info><ja:head><ce:dochead id="dchd0001"><ce:textfn id="dhtxt0001">Data Article</ce:textfn></ce:dochead><ce:title id="tte0002">Key performance indicators of Russian universities for 2015&#x2013;2018: Dataset and Benchmarking Data</ce:title><ce:author-group id="aut0001"><ce:author id="au0001" author-id="S2352340921009707-ddfecd6a9da5a9c9060f7b51900d004c"><ce:given-name>Anna I.</ce:given-name><ce:surname>Guseva</ce:surname><ce:contributor-role role="http://credit.niso.org/contributor-roles/conceptualization">Conceptualization</ce:contributor-role><ce:contributor-role role="http://credit.niso.org/contributor-roles/methodology">Methodology</ce:contributor-role><ce:contributor-role role="http://credit.niso.org/contributor-roles/software">Software</ce:contributor-role><ce:contributor-role role="http://credit.niso.org/contributor-roles/data-curation">Data curation</ce:contributor-role><ce:contributor-role role="http://credit.niso.org/contributor-roles/investigation">Investigation</ce:contributor-role><ce:contributor-role role="http://credit.niso.org/contributor-roles/writing-original-draft">Writing &#x2013; original draft</ce:contributor-role><ce:contributor-role role="http://credit.niso.org/contributor-roles/visualization">Visualization</ce:contributor-role></ce:author><ce:author id="au0002" author-id="S2352340921009707-256b99185487903573b921e4debd24cf" orcid="0000-0003-2968-0831"><ce:given-name>Viacheslav M.</ce:given-name><ce:surname>Kalashnik</ce:surname><ce:contributor-role role="http://credit.niso.org/contributor-roles/data-curation">Data curation</ce:contributor-role><ce:contributor-role role="http://credit.niso.org/contributor-roles/investigation">Investigation</ce:contributor-role><ce:contributor-role role="http://credit.niso.org/contributor-roles/writing-original-draft">Writing &#x2013; original draft</ce:contributor-role><ce:cross-ref refid="cor0001"><ce:sup loc="post">&#x204e;</ce:sup></ce:cross-ref><ce:e-address id="ead0001" type="email" xlink:href="mailto:VMKalashnik@mephi.ru">VMKalashnik@mephi.ru</ce:e-address></ce:author><ce:author id="au0003" author-id="S2352340921009707-1786ec3a4eb1b9e36dbe562580b26c4b"><ce:given-name>Vladimir I.</ce:given-name><ce:surname>Kaminskii</ce:surname><ce:contributor-role role="http://credit.niso.org/contributor-roles/conceptualization">Conceptualization</ce:contributor-role><ce:contributor-role role="http://credit.niso.org/contributor-roles/methodology">Methodology</ce:contributor-role><ce:contributor-role role="http://credit.niso.org/contributor-roles/validation">Validation</ce:contributor-role><ce:contributor-role role="http://credit.niso.org/contributor-roles/formal-analysis">Formal analysis</ce:contributor-role><ce:contributor-role role="http://credit.niso.org/contributor-roles/supervision">Supervision</ce:contributor-role></ce:author><ce:author id="au0004" author-id="S2352340921009707-77b8b9b1cfbd6374fac42e1a1ca14280"><ce:given-name>Sergey V.</ce:given-name><ce:surname>Kireev</ce:surname><ce:contributor-role role="http://credit.niso.org/contributor-roles/conceptualization">Conceptualization</ce:contributor-role><ce:contributor-role role="http://credit.niso.org/contributor-roles/resources">Resources</ce:contributor-role><ce:contributor-role role="http://credit.niso.org/contributor-roles/supervision">Supervision</ce:contributor-role><ce:contributor-role role="http://credit.niso.org/contributor-roles/project-administration">Project administration</ce:contributor-role></ce:author><ce:affiliation id="aff0001" affiliation-id="S2352340921009707-169f3a6e3051572b9f3f84981b8c3d97"><ce:textfn id="cetextfn0001">National Research Nuclear University MEPhI (Moscow Engineering Physics Institute), Moscow, Russia</ce:textfn><sa:affiliation><sa:organization>National Research Nuclear University MEPhI (Moscow Engineering Physics Institute)</sa:organization><sa:city>Moscow</sa:city><sa:country>Russia</sa:country></sa:affiliation><ce:source-text id="staff0001">National Research Nuclear University MEPhI (Moscow Engineering Physics Institute), Moscow, Russia</ce:source-text></ce:affiliation><ce:correspondence id="cor0001"><ce:label>&#x204e;</ce:label><ce:text id="cetext0001">Corresponding author.</ce:text></ce:correspondence></ce:author-group><ce:date-received day="8" month="10" year="2021"/><ce:date-revised day="6" month="12" year="2021"/><ce:date-accepted day="7" month="12" year="2021"/><ce:abstract id="abs0001" view="all" class="author"><ce:section-title id="cesectitle0001">Abstract</ce:section-title><ce:abstract-sec id="abss0001" view="all"><ce:simple-para id="spara011" view="all">This article presents a performance dataset of 93 Russian universities, collected from 2015 to 2018 and evaluated according to 24 indicators. These data were gathered from materials, published in the process of monitoring the effectiveness of higher education institutions by the Ministry of Science and Higher Education of the Russian Federation, Web of Science (citation-based research analytics tool InCites) and Scopus (citation-based research analytics tool SciVal) databases, and information from international ranking agencies QS, THE, ARWU. The dataset comprises the assessments of university performances according to the most important indicators used in socio-economic studies of comparative analysis of higher education system development levels in different countries: educational, scientific and research, international, financial and economic performance and international public recognition (university positions in leading international rankings). Evaluated universities are grouped pursuant to their missions: Federal Universities (FU), National Research Universities (NRU), Flagship Universities (FlU) and university-participants of the Russian Academic Excellence Project (Project 5-100). The indicators for the comparative analysis are aggregated by the type of activities and analyzed based on the calculation of median values and Displaced Ideal Method. The dataset can be helpful to researchers, university administration, specialists of higher education system, etc. Data processing can be executed using data mining methods, machine learning, and pattern analysis for the development of intellectual structures, applicable for university performance assessment in different educational systems. Presented data allows us to assert that the implementation of targeted support for leading Russian universities has a positive impact on the development of Russian higher education increasing its role on the international academic arena. Leading national research university-participants of the Project 5-100 had the greatest influence on increasing the competitiveness of Russian education in the world.</ce:simple-para></ce:abstract-sec></ce:abstract><ce:keywords id="keys0001" view="all" class="keyword"><ce:section-title id="cesectitle0002">Keywords</ce:section-title><ce:keyword id="key0001"><ce:text id="cetext0002">National Research Universities</ce:text></ce:keyword><ce:keyword id="key0002"><ce:text id="cetext0003">World University Rankings</ce:text></ce:keyword><ce:keyword id="key0003"><ce:text id="cetext0004">Russian Academic Excellence Project</ce:text></ce:keyword><ce:keyword id="key0004"><ce:text id="cetext0005">Data collection and processing algorithms</ce:text></ce:keyword><ce:keyword id="key0005"><ce:text id="cetext0006">Displaced Ideal Method</ce:text></ce:keyword></ce:keywords></ja:head></ja:article></doc:document>
