<doc:document xmlns:doc="http://www.elsevier.com/xml/document/schema" xmlns:dp="http://www.elsevier.com/xml/common/doc-properties/schema" xmlns:cps="http://www.elsevier.com/xml/common/consyn-properties/schema" xmlns:rdf="http://www.w3.org/1999/02/22-rdf-syntax-ns#" xmlns:dct="http://purl.org/dc/terms/" xmlns:prism="http://prismstandard.org/namespaces/basic/2.0/" xmlns:oa="http://vtw.elsevier.com/data/ns/properties/OpenAccess-1/" xmlns:bam="http://vtw.elsevier.com/data/voc/ns/bam-vtw-1/" xmlns:cp="http://vtw.elsevier.com/data/ns/properties/Copyright-1/" xmlns:cja="http://www.elsevier.com/xml/cja/schema" xmlns:ja="http://www.elsevier.com/xml/ja/schema" xmlns:bk="http://www.elsevier.com/xml/bk/schema" xmlns:ce="http://www.elsevier.com/xml/common/schema" xmlns:mml="http://www.w3.org/1998/Math/MathML" xmlns:cals="http://www.elsevier.com/xml/common/cals/schema" xmlns:tb="http://www.elsevier.com/xml/common/table/schema" xmlns:sa="http://www.elsevier.com/xml/common/struct-aff/schema" xmlns:sb="http://www.elsevier.com/xml/common/struct-bib/schema" xmlns:xlink="http://www.w3.org/1999/xlink"><rdf:RDF><rdf:Description rdf:about="http://dx.doi.org/10.1016/j.dib.2022.107864"><dct:format>application/xml</dct:format><dct:title>Data description of &#x201c;building age map, Vienna, around 1920&#x201d;</dct:title><dct:creator>Ferdinand Reimer</dct:creator><dct:creator>Ulrich Kral</dct:creator><dct:creator>Emre Can S&#246;nmez</dct:creator><dct:creator>Friedrich Hauer</dct:creator><dct:creator>Severin Hohensinner</dct:creator><dct:creator>Hannah Wolfinger</dct:creator><dct:creator>Klara Stuppacher</dct:creator><dct:creator>Andreas Danzinger</dct:creator><dct:creator>Ingeborg Hengl</dct:creator><dct:creator>Lupina Prospero</dct:creator><dct:creator>Sarah Prunner</dct:creator><dct:creator>Helmut Rechberger</dct:creator><dct:subject><rdf:Bag><rdf:li>Historic GIS</rdf:li><rdf:li>Building stock</rdf:li><rdf:li>Building period</rdf:li><rdf:li>Construction date</rdf:li><rdf:li>Digitalization</rdf:li></rdf:Bag></dct:subject><dct:description>Data in Brief, Uncorrected proof. doi:10.1016/j.dib.2022.107864</dct:description><prism:aggregationType>journal</prism:aggregationType><prism:publicationName>Data in Brief</prism:publicationName><prism:copyright>&#169; 2022 The Author(s). Published by Elsevier Inc.</prism:copyright><dct:publisher>Elsevier Inc.</dct:publisher><prism:issn>2352-3409</prism:issn><prism:doi>10.1016/j.dib.2022.107864</prism:doi><prism:url>http://dx.doi.org/10.1016/j.dib.2022.107864</prism:url><dct:identifier>doi:10.1016/j.dib.2022.107864</dct:identifier><bam:articleNumber>107864</bam:articleNumber><oa:openAccessInformation><oa:openAccessStatus xmlns:xsi="http://www.w3.org/2001/XMLSchema-instance">http://vtw.elsevier.com/data/voc/oa/OpenAccessStatus#Full</oa:openAccessStatus><oa:openAccessEffective xmlns:xsi="http://www.w3.org/2001/XMLSchema-instance">2022-01-20T13:43:03Z</oa:openAccessEffective><oa:sponsor xmlns:xsi="http://www.w3.org/2001/XMLSchema-instance"><oa:sponsorName>Austria Science Fund (FWF) 2021</oa:sponsorName><oa:sponsorType>http://vtw.elsevier.com/data/voc/oa/SponsorType#FundingBody</oa:sponsorType></oa:sponsor><oa:userLicense xmlns:xsi="http://www.w3.org/2001/XMLSchema-instance">http://creativecommons.org/licenses/by/4.0/</oa:userLicense></oa:openAccessInformation><cp:licenseLine xmlns:xsi="http://www.w3.org/2001/XMLSchema-instance">This is an open access article under the CC BY license.</cp:licenseLine></rdf:Description></rdf:RDF><dp:document-properties><dp:aggregation-type>Journals</dp:aggregation-type><dp:version-number>S100.1</dp:version-number></dp:document-properties><ja:article docsubtype="dat" version="5.6" xml:lang="en"><ja:item-info><ja:jid>DIB</ja:jid><ja:aid>107864</ja:aid><ce:article-number>107864</ce:article-number><ce:pii>S2352-3409(22)00076-2</ce:pii><ce:doi>10.1016/j.dib.2022.107864</ce:doi><ce:copyright type="unknown" year="2022"/></ja:item-info><ja:head><ce:dochead id="dchd0001"><ce:textfn id="dhtxt0001">Data Article</ce:textfn></ce:dochead><ce:title id="tte0002">Data description of &#x201c;building age map, Vienna, around 1920&#x201d;</ce:title><ce:author-group id="aut0001"><ce:author id="au0001" author-id="S2352340922000762-4ee2bdf9faaaa522a077807dacc18d01"><ce:given-name>Ferdinand</ce:given-name><ce:surname>Reimer</ce:surname><ce:contributor-role role="http://credit.niso.org/contributor-roles/methodology">Methodology</ce:contributor-role><ce:contributor-role role="http://credit.niso.org/contributor-roles/data-curation">Data curation</ce:contributor-role><ce:contributor-role role="http://credit.niso.org/contributor-roles/formal-analysis">Formal analysis</ce:contributor-role><ce:contributor-role role="http://credit.niso.org/contributor-roles/investigation">Investigation</ce:contributor-role><ce:contributor-role role="http://credit.niso.org/contributor-roles/visualization">Visualization</ce:contributor-role><ce:contributor-role role="http://credit.niso.org/contributor-roles/writing-original-draft">Writing &#x2013; original draft</ce:contributor-role><ce:cross-ref refid="aff0001"><ce:sup loc="post">a</ce:sup></ce:cross-ref></ce:author><ce:author id="au0002" author-id="S2352340922000762-2b0deb75591035bdb8b37e60ed00abcd" orcid="0000-0002-2848-1673"><ce:given-name>Ulrich</ce:given-name><ce:surname>Kral</ce:surname><ce:contributor-role role="http://credit.niso.org/contributor-roles/conceptualization">Conceptualization</ce:contributor-role><ce:contributor-role role="http://credit.niso.org/contributor-roles/methodology">Methodology</ce:contributor-role><ce:contributor-role role="http://credit.niso.org/contributor-roles/data-curation">Data curation</ce:contributor-role><ce:contributor-role role="http://credit.niso.org/contributor-roles/investigation">Investigation</ce:contributor-role><ce:contributor-role role="http://credit.niso.org/contributor-roles/formal-analysis">Formal analysis</ce:contributor-role><ce:contributor-role role="http://credit.niso.org/contributor-roles/validation">Validation</ce:contributor-role><ce:contributor-role role="http://credit.niso.org/contributor-roles/visualization">Visualization</ce:contributor-role><ce:contributor-role role="http://credit.niso.org/contributor-roles/writing-original-draft">Writing &#x2013; original draft</ce:contributor-role><ce:contributor-role role="http://credit.niso.org/contributor-roles/funding-acquisition">Funding acquisition</ce:contributor-role><ce:cross-ref refid="aff0001"><ce:sup loc="post">a</ce:sup></ce:cross-ref><ce:cross-ref refid="cor0001"><ce:sup loc="post">&#x204e;</ce:sup></ce:cross-ref><ce:e-address id="ead0001" type="email" xlink:href="mailto:ulrich.kral@tele1.at">ulrich.kral@tele1.at</ce:e-address></ce:author><ce:author id="au0003" author-id="S2352340922000762-6d54e4e23349e87f4dca2a220197b1f0" orcid="0000-0003-2407-9289"><ce:given-name>Emre Can</ce:given-name><ce:surname>S&#246;nmez</ce:surname><ce:contributor-role role="http://credit.niso.org/contributor-roles/investigation">Investigation</ce:contributor-role><ce:contributor-role role="http://credit.niso.org/contributor-roles/writing-original-draft">Writing &#x2013; original draft</ce:contributor-role><ce:cross-ref refid="aff0002"><ce:sup loc="post">b</ce:sup></ce:cross-ref></ce:author><ce:author id="au0004" author-id="S2352340922000762-db35bca7f13c502a413a897e394bc835" orcid="0000-0002-4750-8632"><ce:given-name>Friedrich</ce:given-name><ce:surname>Hauer</ce:surname><ce:contributor-role role="http://credit.niso.org/contributor-roles/investigation">Investigation</ce:contributor-role><ce:contributor-role role="http://credit.niso.org/contributor-roles/data-curation">Data curation</ce:contributor-role><ce:contributor-role role="http://credit.niso.org/contributor-roles/writing-review-editing">Writing &#x2013; review &amp; editing</ce:contributor-role><ce:cross-ref refid="aff0003"><ce:sup loc="post">c</ce:sup></ce:cross-ref></ce:author><ce:author id="au0005" author-id="S2352340922000762-c16aff10adb738f5ac7b4e3d3e392ef3" orcid="0000-0002-3517-0259"><ce:given-name>Severin</ce:given-name><ce:surname>Hohensinner</ce:surname><ce:contributor-role role="http://credit.niso.org/contributor-roles/investigation">Investigation</ce:contributor-role><ce:contributor-role role="http://credit.niso.org/contributor-roles/data-curation">Data curation</ce:contributor-role><ce:contributor-role role="http://credit.niso.org/contributor-roles/writing-review-editing">Writing &#x2013; review &amp; editing</ce:contributor-role><ce:cross-ref refid="aff0004"><ce:sup loc="post">d</ce:sup></ce:cross-ref></ce:author><ce:author id="au0006" author-id="S2352340922000762-d3ccdcef7e03ff07533f96340ee77171"><ce:given-name>Hannah</ce:given-name><ce:surname>Wolfinger</ce:surname><ce:contributor-role role="http://credit.niso.org/contributor-roles/investigation">Investigation</ce:contributor-role><ce:contributor-role role="http://credit.niso.org/contributor-roles/writing-review-editing">Writing &#x2013; review &amp; editing</ce:contributor-role><ce:cross-ref refid="aff0001"><ce:sup loc="post">a</ce:sup></ce:cross-ref></ce:author><ce:author id="au0007" author-id="S2352340922000762-50b395d0825aa07f387c9ced4ea8f59e"><ce:given-name>Klara</ce:given-name><ce:surname>Stuppacher</ce:surname><ce:contributor-role role="http://credit.niso.org/contributor-roles/investigation">Investigation</ce:contributor-role><ce:contributor-role role="http://credit.niso.org/contributor-roles/writing-review-editing">Writing &#x2013; review &amp; editing</ce:contributor-role><ce:cross-ref refid="aff0001"><ce:sup loc="post">a</ce:sup></ce:cross-ref></ce:author><ce:author id="au0008" author-id="S2352340922000762-2a4452669bcc749faad1d5356a8d075d"><ce:given-name>Andreas</ce:given-name><ce:surname>Danzinger</ce:surname><ce:contributor-role role="http://credit.niso.org/contributor-roles/investigation">Investigation</ce:contributor-role><ce:contributor-role role="http://credit.niso.org/contributor-roles/writing-review-editing">Writing &#x2013; review &amp; editing</ce:contributor-role><ce:cross-ref refid="aff0001"><ce:sup loc="post">a</ce:sup></ce:cross-ref></ce:author><ce:author id="au0009" author-id="S2352340922000762-2bbd472e6d59d41c901c75e761654aee"><ce:given-name>Ingeborg</ce:given-name><ce:surname>Hengl</ce:surname><ce:contributor-role>Investigation</ce:contributor-role><ce:cross-ref refid="aff0001"><ce:sup loc="post">a</ce:sup></ce:cross-ref></ce:author><ce:author id="au0010" author-id="S2352340922000762-caf526c0e15d4a26a6f6e6de3ceee02c"><ce:given-name>Lupina</ce:given-name><ce:surname>Prospero</ce:surname><ce:contributor-role role="http://credit.niso.org/contributor-roles/investigation">Investigation</ce:contributor-role><ce:contributor-role role="http://credit.niso.org/contributor-roles/writing-review-editing">Writing &#x2013; review &amp; editing</ce:contributor-role><ce:cross-ref refid="aff0001"><ce:sup loc="post">a</ce:sup></ce:cross-ref></ce:author><ce:author id="au0011" author-id="S2352340922000762-7c098e75f41e0c771f19a0be7c417dfa"><ce:given-name>Sarah</ce:given-name><ce:surname>Prunner</ce:surname><ce:contributor-role role="http://credit.niso.org/contributor-roles/investigation">Investigation</ce:contributor-role><ce:contributor-role role="http://credit.niso.org/contributor-roles/writing-review-editing">Writing &#x2013; review &amp; editing</ce:contributor-role><ce:cross-ref refid="aff0001"><ce:sup loc="post">a</ce:sup></ce:cross-ref></ce:author><ce:author id="au0012" author-id="S2352340922000762-a59925908f29a4e4e060baebb6f095e7"><ce:given-name>Helmut</ce:given-name><ce:surname>Rechberger</ce:surname><ce:contributor-role role="http://credit.niso.org/contributor-roles/supervision">Supervision</ce:contributor-role><ce:contributor-role role="http://credit.niso.org/contributor-roles/writing-review-editing">Writing &#x2013; review &amp; editing</ce:contributor-role><ce:cross-ref refid="aff0001"><ce:sup loc="post">a</ce:sup></ce:cross-ref></ce:author><ce:affiliation id="aff0001" affiliation-id="S2352340922000762-8c53678612f1bc97be8cc61bd0d391be"><ce:label>a</ce:label><ce:textfn id="cetextfn0001">Institute for Water Quality and Resource Management, Technische Universit&#228;t Wien, Karlsplatz 13/226, Vienna 1040, Austria</ce:textfn><sa:affiliation><sa:organization>Institute for Water Quality and Resource Management</sa:organization><sa:organization>Technische Universit&#228;t Wien</sa:organization><sa:address-line>Karlsplatz 13/226</sa:address-line><sa:city>Vienna</sa:city><sa:postal-code>1040</sa:postal-code><sa:country>Austria</sa:country></sa:affiliation><ce:source-text id="staff0001">aInstitute for Water Quality and Resource Management, Technische Universit&#228;t Wien, Karlsplatz 13/226, Vienna 1040, Austria</ce:source-text></ce:affiliation><ce:affiliation id="aff0002" affiliation-id="S2352340922000762-25f4ae6acd803f4bdac3c6406d399953"><ce:label>b</ce:label><ce:textfn id="cetextfn0002">Unaffiliated, Vienna, Austria</ce:textfn><sa:affiliation><sa:organization>Unaffiliated</sa:organization><sa:city>Vienna</sa:city><sa:country>Austria</sa:country></sa:affiliation><ce:source-text id="staff0002">bUnaffiliated, Vienna, Austria</ce:source-text></ce:affiliation><ce:affiliation id="aff0003" affiliation-id="S2352340922000762-45529e98e0c0abf1be0115dd2c8c5677"><ce:label>c</ce:label><ce:textfn id="cetextfn0003">Institute of Urban Design and Landscape Architecture, Technische Universit&#228;t Wien, Karlsplatz 13/260, Vienna 1040, Austria</ce:textfn><sa:affiliation><sa:organization>Institute of Urban Design and Landscape Architecture</sa:organization><sa:organization>Technische Universit&#228;t Wien</sa:organization><sa:address-line>Karlsplatz 13/260</sa:address-line><sa:city>Vienna</sa:city><sa:postal-code>1040</sa:postal-code><sa:country>Austria</sa:country></sa:affiliation><ce:source-text id="staff0003">cInstitute of Urban Design and Landscape Architecture, Technische Universit&#228;t Wien, Karlsplatz 13/260, Vienna 1040, Austria</ce:source-text></ce:affiliation><ce:affiliation id="aff0004" affiliation-id="S2352340922000762-1595799f66498dbc4a08c1dc46c9d2f8"><ce:label>d</ce:label><ce:textfn id="cetextfn0004">Institute of Hydrobiology and Aquatic Ecosystem Management, University of Natural Resources and Life Sciences Vienna, Gregor-Mendel-Stra&#223;e 33/DG, Vienna 1180, Austria</ce:textfn><sa:affiliation><sa:organization>Institute of Hydrobiology and Aquatic Ecosystem Management</sa:organization><sa:organization>University of Natural Resources and Life Sciences Vienna</sa:organization><sa:address-line>Gregor-Mendel-Stra&#223;e 33/DG</sa:address-line><sa:city>Vienna</sa:city><sa:postal-code>1180</sa:postal-code><sa:country>Austria</sa:country></sa:affiliation><ce:source-text id="staff0004">dInstitute of Hydrobiology and Aquatic Ecosystem Management, University of Natural Resources and Life Sciences Vienna, Gregor-Mendel-Stra&#223;e 33/DG, Vienna 1180, Austria</ce:source-text></ce:affiliation><ce:correspondence id="cor0001"><ce:label>&#x204e;</ce:label><ce:text id="cetext0001">Corresponding author.</ce:text></ce:correspondence></ce:author-group><ce:date-received day="27" month="10" year="2021"/><ce:date-revised day="9" month="1" year="2022"/><ce:date-accepted day="19" month="1" year="2022"/><ce:abstract id="abs0001" view="all" class="author"><ce:section-title id="cesectitle0001">Abstract</ce:section-title><ce:abstract-sec id="abss0001" view="all"><ce:simple-para id="spara023" view="all">Building age maps inventory the construction dates of buildings. While many cities routinely map the construction dates of present building stocks, building age maps of the distant past are mostly not available. An exception is the building age map of Vienna around 1920. It covers about 80% of the building footprint area within the city boundary in 2020 and is available in analog format only. This impedes spatial analysis of the building stock in the past and the production of time-series data for the spatio-temporal analysis of building stock developments over the last 100 years. To create the digital map, we manually vectorized 80,640 building footprints from 134 historical map sheets and assigned construction dates (i) from the analog building age map by digitizing color-encoded thematic information and (2) from a historical building registry by matching building address. From the analysis of the generated dataset we infer that the total building footprint area was 2279 hectares. The classification of the building footprint areas by construction date shows that 14% of the buildings were older and 63% were younger than 70 years. The remaining 23% lack construction period assignments due to missing data. The resulting dataset underwent technical quality checks and external data sources were used to validate the building counts, the building presence around 1920 and the construction dates of buildings. During course of validation, we critically discuss data quality and recommend improvements. We see a practical reuse value of the data for the spatio-temporal analysis of urban buildings stocks, which facilitates urban history research as well as resource and environmental management in the city of Vienna.</ce:simple-para></ce:abstract-sec></ce:abstract><ce:keywords id="keys0001" view="all" class="keyword"><ce:section-title id="cesectitle0002">Keywords</ce:section-title><ce:keyword id="key0001"><ce:text id="cetext0002">Historic GIS</ce:text></ce:keyword><ce:keyword id="key0002"><ce:text id="cetext0003">Building stock</ce:text></ce:keyword><ce:keyword id="key0003"><ce:text id="cetext0004">Building period</ce:text></ce:keyword><ce:keyword id="key0004"><ce:text id="cetext0005">Construction date</ce:text></ce:keyword><ce:keyword id="key0005"><ce:text id="cetext0006">Digitalization</ce:text></ce:keyword></ce:keywords></ja:head></ja:article></doc:document>
