<doc:document xmlns:doc="http://www.elsevier.com/xml/document/schema" xmlns:dp="http://www.elsevier.com/xml/common/doc-properties/schema" xmlns:cps="http://www.elsevier.com/xml/common/consyn-properties/schema" xmlns:rdf="http://www.w3.org/1999/02/22-rdf-syntax-ns#" xmlns:dct="http://purl.org/dc/terms/" xmlns:prism="http://prismstandard.org/namespaces/basic/2.0/" xmlns:oa="http://vtw.elsevier.com/data/ns/properties/OpenAccess-1/" xmlns:bam="http://vtw.elsevier.com/data/voc/ns/bam-vtw-1/" xmlns:cp="http://vtw.elsevier.com/data/ns/properties/Copyright-1/" xmlns:cja="http://www.elsevier.com/xml/cja/schema" xmlns:ja="http://www.elsevier.com/xml/ja/schema" xmlns:bk="http://www.elsevier.com/xml/bk/schema" xmlns:ce="http://www.elsevier.com/xml/common/schema" xmlns:mml="http://www.w3.org/1998/Math/MathML" xmlns:cals="http://www.elsevier.com/xml/common/cals/schema" xmlns:tb="http://www.elsevier.com/xml/common/table/schema" xmlns:sa="http://www.elsevier.com/xml/common/struct-aff/schema" xmlns:sb="http://www.elsevier.com/xml/common/struct-bib/schema" xmlns:xlink="http://www.w3.org/1999/xlink"><rdf:RDF><rdf:Description rdf:about="http://dx.doi.org/10.1016/j.dib.2021.107783"><dct:format>application/xml</dct:format><dct:title>Application of probabilistic models for extreme values to the COVID-2019 epidemic daily dataset</dct:title><dct:creator>Daniel Canton Enriquez</dct:creator><dct:creator>Jose A. Niembro-Cece&#241;a</dct:creator><dct:creator>Martin Mu&#241;oz Mandujano</dct:creator><dct:creator>Daniel Alarcon</dct:creator><dct:creator>Jorge Arcadia Guerrero</dct:creator><dct:creator>Ivan Gonzalez Garcia</dct:creator><dct:creator>Agueda Areli Montes Gutierrez</dct:creator><dct:creator>Alfonso Gutierrez-Lopez</dct:creator><dct:subject><rdf:Bag><rdf:li>Daily new cases statistical analysis</rdf:li><rdf:li>Coronavirus</rdf:li><rdf:li>Gumbel distribution</rdf:li><rdf:li>Exponential distribution</rdf:li><rdf:li>Probabilistic analysis</rdf:li></rdf:Bag></dct:subject><dct:description>Data in Brief 40 (2022). doi:10.1016/j.dib.2021.107783</dct:description><prism:aggregationType>journal</prism:aggregationType><prism:publicationName>Data in Brief</prism:publicationName><prism:copyright>&#169; 2022 The Authors. Published by Elsevier Inc.</prism:copyright><dct:publisher>Elsevier Inc.</dct:publisher><prism:issn>2352-3409</prism:issn><prism:volume>40</prism:volume><prism:coverDisplayDate>February 2022</prism:coverDisplayDate><prism:doi>10.1016/j.dib.2021.107783</prism:doi><prism:url>http://dx.doi.org/10.1016/j.dib.2021.107783</prism:url><dct:identifier>doi:10.1016/j.dib.2021.107783</dct:identifier><bam:articleNumber>107783</bam:articleNumber><oa:openAccessInformation><oa:openAccessStatus xmlns:xsi="http://www.w3.org/2001/XMLSchema-instance">http://vtw.elsevier.com/data/voc/oa/OpenAccessStatus#Full</oa:openAccessStatus><oa:openAccessEffective xmlns:xsi="http://www.w3.org/2001/XMLSchema-instance">2021-12-30T12:54:39Z</oa:openAccessEffective><oa:sponsor xmlns:xsi="http://www.w3.org/2001/XMLSchema-instance"><oa:sponsorName>Mexico: LE Tracking</oa:sponsorName><oa:sponsorType>http://vtw.elsevier.com/data/voc/oa/SponsorType#FundingBody</oa:sponsorType></oa:sponsor><oa:userLicense xmlns:xsi="http://www.w3.org/2001/XMLSchema-instance">http://creativecommons.org/licenses/by/4.0/</oa:userLicense></oa:openAccessInformation><cp:licenseLine xmlns:xsi="http://www.w3.org/2001/XMLSchema-instance">This is an open access article under the CC BY license.</cp:licenseLine></rdf:Description></rdf:RDF><dp:document-properties><dp:aggregation-type>Journals</dp:aggregation-type><dp:version-number>S300.1</dp:version-number></dp:document-properties><ja:article docsubtype="dat" version="5.6" xml:lang="en"><ja:item-info><ja:jid>DIB</ja:jid><ja:aid>107783</ja:aid><ce:article-number>107783</ce:article-number><ce:pii>S2352-3409(21)01057-X</ce:pii><ce:doi>10.1016/j.dib.2021.107783</ce:doi><ce:copyright type="unknown" year="2022"/></ja:item-info><ja:head><ce:dochead id="dchd0001"><ce:textfn id="dhtxt0001">Data Article</ce:textfn></ce:dochead><ce:title id="tte0002">Application of probabilistic models for extreme values to the COVID-2019 epidemic daily dataset</ce:title><ce:author-group id="aut0001"><ce:author id="au0001" author-id="S235234092101057X-e4a23e2bfc3d96222d2257770f240206" orcid="0000-0002-6543-5078"><ce:given-name>Daniel</ce:given-name><ce:surname>Canton Enriquez</ce:surname><ce:cross-ref refid="aff0001"><ce:sup loc="post">a</ce:sup></ce:cross-ref></ce:author><ce:author id="au0002" author-id="S235234092101057X-eaa7b8572b6c0c17f95a19adeb54922c"><ce:given-name>Jose A.</ce:given-name><ce:surname>Niembro-Cece&#241;a</ce:surname><ce:cross-ref refid="aff0001"><ce:sup loc="post">a</ce:sup></ce:cross-ref></ce:author><ce:author id="au0003" author-id="S235234092101057X-1730e5fed1cd1b76d97e85350af554aa" orcid="0000-0003-3464-4456"><ce:given-name>Martin</ce:given-name><ce:surname>Mu&#241;oz Mandujano</ce:surname><ce:cross-ref refid="aff0001"><ce:sup loc="post">a</ce:sup></ce:cross-ref></ce:author><ce:author id="au0004" author-id="S235234092101057X-cac984fb6dbbcdf22d651572cbe2eacb" orcid="0000-0002-4893-7543"><ce:given-name>Daniel</ce:given-name><ce:surname>Alarcon</ce:surname><ce:cross-ref refid="aff0001"><ce:sup loc="post">a</ce:sup></ce:cross-ref></ce:author><ce:author id="au0005" author-id="S235234092101057X-d777ba956ad2e9e704ad4a6afd8b8500"><ce:given-name>Jorge</ce:given-name><ce:surname>Arcadia Guerrero</ce:surname><ce:cross-ref refid="aff0002"><ce:sup loc="post">b</ce:sup></ce:cross-ref></ce:author><ce:author id="au0006" author-id="S235234092101057X-0f3581b3e64575cf706a1d3426cfc747"><ce:given-name>Ivan</ce:given-name><ce:surname>Gonzalez Garcia</ce:surname><ce:cross-ref refid="aff0001"><ce:sup loc="post">a</ce:sup></ce:cross-ref></ce:author><ce:author id="au0007" author-id="S235234092101057X-73ded583855c414fce3506d7a9559332"><ce:given-name>Agueda Areli</ce:given-name><ce:surname>Montes Gutierrez</ce:surname><ce:cross-ref refid="aff0002"><ce:sup loc="post">b</ce:sup></ce:cross-ref></ce:author><ce:author id="au0008" author-id="S235234092101057X-5958853726030f8642a6fc17a56f667d" orcid="0000-0003-2770-8642"><ce:given-name>Alfonso</ce:given-name><ce:surname>Gutierrez-Lopez</ce:surname><ce:cross-ref refid="aff0003"><ce:sup loc="post">c</ce:sup></ce:cross-ref><ce:cross-ref refid="cor0001"><ce:sup loc="post">&#x204e;</ce:sup></ce:cross-ref><ce:e-address id="ead0001" type="email" xlink:href="mailto:alfonso.gutierrez@uaq.mx">alfonso.gutierrez@uaq.mx</ce:e-address></ce:author><ce:affiliation id="aff0001" affiliation-id="S235234092101057X-1993c0485c3dc2fbe7ba40c463692089"><ce:label>a</ce:label><ce:textfn id="cetextfn0001">Facultad de Informatica, Universidad Autonoma de Queretaro, Juriquilla, Queretaro 76230, Mexico</ce:textfn><sa:affiliation><sa:organization>Facultad de Informatica</sa:organization><sa:organization>Universidad Autonoma de Queretaro,</sa:organization><sa:city>Juriquilla</sa:city><sa:state>Queretaro</sa:state><sa:postal-code>76230</sa:postal-code><sa:country>Mexico</sa:country></sa:affiliation><ce:source-text id="staff0001">aFacultad de Informatica, Universidad Autonoma de Queretaro, Juriquilla, Queretaro 76230, Mexico</ce:source-text></ce:affiliation><ce:affiliation id="aff0002" affiliation-id="S235234092101057X-5145f8fcb569d876b87ae3cf070296cf"><ce:label>b</ce:label><ce:textfn id="cetextfn0002">Facultad de Ingenier&#237;a, Universidad Autonoma de Queretaro, Centro Universitario, Queretaro 76010, Mexico</ce:textfn><sa:affiliation><sa:organization>Facultad de Ingenier&#237;a</sa:organization><sa:organization>Universidad Autonoma de Queretaro, Centro Universitario</sa:organization><sa:state>Queretaro</sa:state><sa:postal-code>76010</sa:postal-code><sa:country>Mexico</sa:country></sa:affiliation><ce:source-text id="staff0002">bFacultad de Ingenier&#237;a, Universidad Autonoma de Queretaro, Centro Universitario, Queretaro 76010, Mexico</ce:source-text></ce:affiliation><ce:affiliation id="aff0003" affiliation-id="S235234092101057X-b44fb2aee84a21b2d2a755ae6f6b4d84"><ce:label>c</ce:label><ce:textfn id="cetextfn0003">Water Research Center, Centro de Investigaciones del Agua-Queretaro (CIAQ), International Flood Initiative, Latin-American and the Caribbean Region (IFI-LAC), Intergovernmental Hydrological Programme (IHP-UNESCO), Universidad Autonoma de Queretaro, Queretaro 76010, Mexico</ce:textfn><sa:affiliation><sa:organization>Water Research Center, Centro de Investigaciones del Agua-Queretaro (CIAQ), International Flood Initiative, Latin-American and the Caribbean Region (IFI-LAC), Intergovernmental Hydrological Programme (IHP-UNESCO)</sa:organization><sa:organization>Universidad Autonoma de Queretaro</sa:organization><sa:state>Queretaro</sa:state><sa:postal-code>76010</sa:postal-code><sa:country>Mexico</sa:country></sa:affiliation><ce:source-text id="staff0003">cWater Research Center, Centro de Investigaciones del Agua-Queretaro (CIAQ), International Flood Initiative, Latin-American and the Caribbean Region (IFI-LAC), Intergovernmental Hydrological Programme (IHP-UNESCO), Universidad Autonoma de Queretaro, Queretaro 76010, Mexico</ce:source-text></ce:affiliation><ce:correspondence id="cor0001"><ce:label>&#x204e;</ce:label><ce:text id="cetext0001">Corresponding author.</ce:text></ce:correspondence></ce:author-group><ce:date-received day="14" month="9" year="2021"/><ce:date-revised day="23" month="12" year="2021"/><ce:date-accepted day="29" month="12" year="2021"/><ce:abstract id="abs0001" view="all" class="author"><ce:section-title id="cesectitle0001">Abstract</ce:section-title><ce:abstract-sec id="abss0001" view="all"><ce:simple-para id="spara009" view="all">Worldwide, COVID-19 coronavirus disease is spreading rapidly in a second and third wave of infections. In this context of increasing infections, it is critical to know the probability of a specific number of cases being reported. We collated data on new daily confirmed cases of COVID-19 breakouts in: Argentina, Brazil, China, Colombia, France, Germany, India, Indonesia, Iran, Italy, Mexico, Poland, Russia, Spain, U.K., and the United States, from the 20th of January, 2020 to 28th of August 2021. A selected sample of almost ten thousand data is used to validate the proposed models. Generalized Extreme-Value Distribution Type 1-Gumbel and Exponential (1, 2 parameters) models were introduced to analyze the probability of new daily confirmed cases. The data presented in this document for each country provide the daily probability of rate incidence. In addition, the frequencies of historical events expressed as a return period in days of the complete data set is provided.</ce:simple-para></ce:abstract-sec></ce:abstract><ce:keywords id="keys0001" view="all" class="keyword"><ce:section-title id="cesectitle0002">Keywords</ce:section-title><ce:keyword id="key0001"><ce:text id="cetext0002">Daily new cases statistical analysis</ce:text></ce:keyword><ce:keyword id="key0002"><ce:text id="cetext0003">Coronavirus</ce:text></ce:keyword><ce:keyword id="key0003"><ce:text id="cetext0004">Gumbel distribution</ce:text></ce:keyword><ce:keyword id="key0004"><ce:text id="cetext0005">Exponential distribution</ce:text></ce:keyword><ce:keyword id="key0005"><ce:text id="cetext0006">Probabilistic analysis</ce:text></ce:keyword></ce:keywords></ja:head></ja:article></doc:document>
