<doc:document xmlns:doc="http://www.elsevier.com/xml/document/schema" xmlns:dp="http://www.elsevier.com/xml/common/doc-properties/schema" xmlns:cps="http://www.elsevier.com/xml/common/consyn-properties/schema" xmlns:rdf="http://www.w3.org/1999/02/22-rdf-syntax-ns#" xmlns:dct="http://purl.org/dc/terms/" xmlns:prism="http://prismstandard.org/namespaces/basic/2.0/" xmlns:oa="http://vtw.elsevier.com/data/ns/properties/OpenAccess-1/" xmlns:bam="http://vtw.elsevier.com/data/voc/ns/bam-vtw-1/" xmlns:cp="http://vtw.elsevier.com/data/ns/properties/Copyright-1/" xmlns:cja="http://www.elsevier.com/xml/cja/schema" xmlns:ja="http://www.elsevier.com/xml/ja/schema" xmlns:bk="http://www.elsevier.com/xml/bk/schema" xmlns:ce="http://www.elsevier.com/xml/common/schema" xmlns:mml="http://www.w3.org/1998/Math/MathML" xmlns:cals="http://www.elsevier.com/xml/common/cals/schema" xmlns:tb="http://www.elsevier.com/xml/common/table/schema" xmlns:sa="http://www.elsevier.com/xml/common/struct-aff/schema" xmlns:sb="http://www.elsevier.com/xml/common/struct-bib/schema" xmlns:xlink="http://www.w3.org/1999/xlink"><rdf:RDF><rdf:Description rdf:about="http://dx.doi.org/10.1016/j.dib.2021.107723"><dct:format>application/xml</dct:format><dct:title>A multi-purpose dataset of Devanagari script comprising of isolated numerals and vowels</dct:title><dct:creator>Duddela Sai Prashanth</dct:creator><dct:creator>R Vasanth Kumar Mehta</dct:creator><dct:creator>Nagendra Panini Challa</dct:creator><dct:subject><rdf:Bag><rdf:li>Devanagari dataset</rdf:li><rdf:li>Handwritten character</rdf:li><rdf:li>Computer vision</rdf:li><rdf:li>Machine learning</rdf:li></rdf:Bag></dct:subject><dct:description>Data in Brief 40 (2022). doi:10.1016/j.dib.2021.107723</dct:description><prism:aggregationType>journal</prism:aggregationType><prism:publicationName>Data in Brief</prism:publicationName><prism:copyright>&#169; 2022 The Authors. Published by Elsevier Inc.</prism:copyright><dct:publisher>Elsevier Inc.</dct:publisher><prism:issn>2352-3409</prism:issn><prism:volume>40</prism:volume><prism:coverDisplayDate>February 2022</prism:coverDisplayDate><prism:doi>10.1016/j.dib.2021.107723</prism:doi><prism:url>http://dx.doi.org/10.1016/j.dib.2021.107723</prism:url><dct:identifier>doi:10.1016/j.dib.2021.107723</dct:identifier><bam:articleNumber>107723</bam:articleNumber><oa:openAccessInformation><oa:openAccessStatus xmlns:xsi="http://www.w3.org/2001/XMLSchema-instance">http://vtw.elsevier.com/data/voc/oa/OpenAccessStatus#Full</oa:openAccessStatus><oa:openAccessEffective xmlns:xsi="http://www.w3.org/2001/XMLSchema-instance">2021-12-14T16:31:29Z</oa:openAccessEffective><oa:sponsor xmlns:xsi="http://www.w3.org/2001/XMLSchema-instance"><oa:sponsorType>http://vtw.elsevier.com/data/voc/oa/SponsorType#ElsevierWaived</oa:sponsorType></oa:sponsor><oa:userLicense xmlns:xsi="http://www.w3.org/2001/XMLSchema-instance">http://creativecommons.org/licenses/by/4.0/</oa:userLicense></oa:openAccessInformation><cp:licenseLine xmlns:xsi="http://www.w3.org/2001/XMLSchema-instance">This is an open access article under the CC BY license.</cp:licenseLine></rdf:Description></rdf:RDF><dp:document-properties><dp:aggregation-type>Journals</dp:aggregation-type><dp:version-number>S300.1</dp:version-number></dp:document-properties><ja:article docsubtype="dat" version="5.6" xml:lang="en"><ja:item-info><ja:jid>DIB</ja:jid><ja:aid>107723</ja:aid><ce:article-number>107723</ce:article-number><ce:pii>S2352-3409(21)00998-7</ce:pii><ce:doi>10.1016/j.dib.2021.107723</ce:doi><ce:copyright type="unknown" year="2021"/></ja:item-info><ja:head><ce:dochead id="dchd0001"><ce:textfn id="dhtxt0001">Data Article</ce:textfn></ce:dochead><ce:title id="tte0002">A multi-purpose dataset of Devanagari script comprising of isolated numerals and vowels</ce:title><ce:author-group id="aut0001"><ce:author id="au0001" author-id="S2352340921009987-ee1dd9d18120ba8d88c76318bc5e6283" orcid="0000-0002-4392-6810"><ce:given-name>Duddela Sai</ce:given-name><ce:surname>Prashanth</ce:surname><ce:contributor-role role="http://credit.niso.org/contributor-roles/conceptualization">Conceptualization</ce:contributor-role><ce:contributor-role role="http://credit.niso.org/contributor-roles/methodology">Methodology</ce:contributor-role><ce:contributor-role role="http://credit.niso.org/contributor-roles/writing-original-draft">Writing &#x2013; original draft</ce:contributor-role><ce:cross-ref refid="aff0001"><ce:sup loc="post">a</ce:sup></ce:cross-ref><ce:cross-ref refid="aff0002"><ce:sup loc="post">b</ce:sup></ce:cross-ref><ce:cross-ref refid="cor0001"><ce:sup loc="post">&#x204e;</ce:sup></ce:cross-ref><ce:e-address id="ead0001" type="email" xlink:href="mailto:prashanth.cs@sahyadri.edu.in">prashanth.cs@sahyadri.edu.in</ce:e-address></ce:author><ce:author id="au0002" author-id="S2352340921009987-33d7ebcfedee88cce55fa622ffea114d" orcid="0000-0001-5690-3805"><ce:given-name>R Vasanth Kumar</ce:given-name><ce:surname>Mehta</ce:surname><ce:contributor-role role="http://credit.niso.org/contributor-roles/supervision">Supervision</ce:contributor-role><ce:cross-ref refid="aff0001"><ce:sup loc="post">a</ce:sup></ce:cross-ref><ce:e-address id="ead0002" type="email" xlink:href="mailto:vasanth.mehta@kanchiuniv.ac.in">vasanth.mehta@kanchiuniv.ac.in</ce:e-address></ce:author><ce:author id="au0003" author-id="S2352340921009987-f97e1300fbc99d8ae7cf28ea515fffd4" orcid="0000-0002-8894-6436"><ce:given-name>Nagendra Panini</ce:given-name><ce:surname>Challa</ce:surname><ce:contributor-role role="http://credit.niso.org/contributor-roles/writing-review-editing">Writing &#x2013; review &amp; editing</ce:contributor-role><ce:contributor-role role="http://credit.niso.org/contributor-roles/visualization">Visualization</ce:contributor-role><ce:cross-ref refid="aff0003"><ce:sup loc="post">c</ce:sup></ce:cross-ref></ce:author><ce:affiliation id="aff0001" affiliation-id="S2352340921009987-db72f8b392eb359bc2af09a7347a0fcb"><ce:label>a</ce:label><ce:textfn id="cetextfn0001">SCSVMV Univesity, Kanchipuram 631561, India</ce:textfn><sa:affiliation><sa:organization>SCSVMV Univesity</sa:organization><sa:city>Kanchipuram</sa:city><sa:postal-code>631561</sa:postal-code><sa:country>India</sa:country></sa:affiliation><ce:source-text id="staff0001">aSCSVMV Univesity, Kanchipuram 631561, India</ce:source-text></ce:affiliation><ce:affiliation id="aff0002" affiliation-id="S2352340921009987-8fa8116918fc2a78cbe4e2c9cf6335cf"><ce:label>b</ce:label><ce:textfn id="cetextfn0002">Sahyadri College of Engineering and Management, Mangaluru 575005, India</ce:textfn><sa:affiliation><sa:organization>Sahyadri College of Engineering and Management</sa:organization><sa:city>Mangaluru</sa:city><sa:postal-code>575005</sa:postal-code><sa:country>India</sa:country></sa:affiliation><ce:source-text id="staff0002">bSahyadri College of Engineering and Management, Mangaluru 575005, India</ce:source-text></ce:affiliation><ce:affiliation id="aff0003" affiliation-id="S2352340921009987-16491b086c46e4fcf012b176ef2ff523"><ce:label>c</ce:label><ce:textfn id="cetextfn0003">Shri Vishnu Engineering College for Women (A), Bhimavaram 534202, India</ce:textfn><sa:affiliation><sa:organization>Shri Vishnu Engineering College for Women (A)</sa:organization><sa:city>Bhimavaram</sa:city><sa:postal-code>534202</sa:postal-code><sa:country>India</sa:country></sa:affiliation><ce:source-text id="staff0003">cShri Vishnu Engineering College for Women (A), Bhimavaram 534202, India</ce:source-text></ce:affiliation><ce:correspondence id="cor0001"><ce:label>&#x204e;</ce:label><ce:text id="cetext0001">Corresponding author at: SCSVMV Univesity, Kanchipuram 631561, India.</ce:text><sa:affiliation><sa:organization>SCSVMV Univesity</sa:organization><sa:city>Kanchipuram</sa:city><sa:postal-code>631561</sa:postal-code><sa:country>India</sa:country></sa:affiliation></ce:correspondence></ce:author-group><ce:date-received day="10" month="7" year="2021"/><ce:date-revised day="11" month="12" year="2021"/><ce:date-accepted day="13" month="12" year="2021"/><ce:abstract id="abs0001" view="all" class="author"><ce:section-title id="cesectitle0001">Abstract</ce:section-title><ce:abstract-sec id="abss0001" view="all"><ce:simple-para id="spara005" view="all">This article presents handwritten isolated characters of the Devanagari script. Devanagari script contains ten numerals, 13 vowels, and 33 consonants. Devanagari Character dataset includes 23 different characters of numerals and vowels. 2400 handwritten samples are collected for each of the numerals and 1400 for each vowel. Collected samples are digitized and pre-processed. During pre-processing, images with noise are removed. In this context, a final dataset of 38,750 images were included, where 2,250 and 1,250 samples for each numeral and vowel, respectively. The data is available in images and comma-separated-values, along with attached labels. The dataset could be used for Optical Character Recognition research and deep learning. In India, the Devanagari script is the base script on which 120+ languages are evolved; hence this dataset serves as the base for Machine Learning research in these languages. The data set is publicly available at <ce:inter-ref id="interref0002ba" xlink:href="https://data.mendeley.com/datasets/pxrnvp4yy8/2" xlink:type="simple">https://data.mendeley.com/datasets/pxrnvp4yy8/2</ce:inter-ref>.</ce:simple-para></ce:abstract-sec></ce:abstract><ce:keywords id="keys0001" view="all" class="keyword"><ce:section-title id="cesectitle0002">Keywords</ce:section-title><ce:keyword id="key0001"><ce:text id="cetext0002">Devanagari dataset</ce:text></ce:keyword><ce:keyword id="key0002"><ce:text id="cetext0003">Handwritten character</ce:text></ce:keyword><ce:keyword id="key0003"><ce:text id="cetext0004">Computer vision</ce:text></ce:keyword><ce:keyword id="key0004"><ce:text id="cetext0005">Machine learning</ce:text></ce:keyword></ce:keywords></ja:head></ja:article></doc:document>
