<doc:document xmlns:doc="http://www.elsevier.com/xml/document/schema" xmlns:dp="http://www.elsevier.com/xml/common/doc-properties/schema" xmlns:cps="http://www.elsevier.com/xml/common/consyn-properties/schema" xmlns:rdf="http://www.w3.org/1999/02/22-rdf-syntax-ns#" xmlns:dct="http://purl.org/dc/terms/" xmlns:prism="http://prismstandard.org/namespaces/basic/2.0/" xmlns:oa="http://vtw.elsevier.com/data/ns/properties/OpenAccess-1/" xmlns:bam="http://vtw.elsevier.com/data/voc/ns/bam-vtw-1/" xmlns:cp="http://vtw.elsevier.com/data/ns/properties/Copyright-1/" xmlns:cja="http://www.elsevier.com/xml/cja/schema" xmlns:ja="http://www.elsevier.com/xml/ja/schema" xmlns:bk="http://www.elsevier.com/xml/bk/schema" xmlns:ce="http://www.elsevier.com/xml/common/schema" xmlns:mml="http://www.w3.org/1998/Math/MathML" xmlns:cals="http://www.elsevier.com/xml/common/cals/schema" xmlns:tb="http://www.elsevier.com/xml/common/table/schema" xmlns:sa="http://www.elsevier.com/xml/common/struct-aff/schema" xmlns:sb="http://www.elsevier.com/xml/common/struct-bib/schema" xmlns:xlink="http://www.w3.org/1999/xlink"><rdf:RDF><rdf:Description rdf:about="http://dx.doi.org/10.1016/j.dib.2021.107674"><dct:format>application/xml</dct:format><dct:title>Ultra-small cobalt particles embedded in titania by ion beam synthesis: Additional datasets including electron microscopy, neutron reflectometry, modelling outputs and particle size analysis</dct:title><dct:creator>Abdulhakim Bake</dct:creator><dct:creator>Md Rezoanur Rahman</dct:creator><dct:creator>Peter J. Evans</dct:creator><dct:creator>Michael Cortie</dct:creator><dct:creator>Mitchell Nancarrow</dct:creator><dct:creator>Radu Abrudan</dct:creator><dct:creator>Florin Radu</dct:creator><dct:creator>Yury Khaydukov</dct:creator><dct:creator>Grace Causer</dct:creator><dct:creator>Karen L. Livesey</dct:creator><dct:creator>Sara Callori</dct:creator><dct:creator>David R.G. Mitchell</dct:creator><dct:creator>Zeljko Pastuovic</dct:creator><dct:creator>Xiaolin Wang</dct:creator><dct:creator>David Cortie</dct:creator><dct:subject><rdf:Bag><rdf:li>Cobalt nanoclusters</rdf:li><rdf:li>Ion implantation</rdf:li><rdf:li>In-situ heat treatment</rdf:li><rdf:li>Superparamagnetic</rdf:li><rdf:li>Neutron spin asymmetry</rdf:li></rdf:Bag></dct:subject><dct:description>Data in Brief 40 (2022). doi:10.1016/j.dib.2021.107674</dct:description><prism:aggregationType>journal</prism:aggregationType><prism:publicationName>Data in Brief</prism:publicationName><prism:copyright>Crown Copyright &#169; 2021 Published by Elsevier Inc.</prism:copyright><dct:publisher>Elsevier Inc.</dct:publisher><prism:issn>2352-3409</prism:issn><prism:volume>40</prism:volume><prism:coverDisplayDate>February 2022</prism:coverDisplayDate><prism:doi>10.1016/j.dib.2021.107674</prism:doi><prism:url>http://dx.doi.org/10.1016/j.dib.2021.107674</prism:url><dct:identifier>doi:10.1016/j.dib.2021.107674</dct:identifier><bam:articleNumber>107674</bam:articleNumber><oa:openAccessInformation><oa:openAccessStatus xmlns:xsi="http://www.w3.org/2001/XMLSchema-instance">http://vtw.elsevier.com/data/voc/oa/OpenAccessStatus#Full</oa:openAccessStatus><oa:openAccessEffective xmlns:xsi="http://www.w3.org/2001/XMLSchema-instance">2021-12-01T16:34:14Z</oa:openAccessEffective><oa:sponsor xmlns:xsi="http://www.w3.org/2001/XMLSchema-instance"><oa:sponsorName>Australian and New Zealand Institutes</oa:sponsorName><oa:sponsorType>http://vtw.elsevier.com/data/voc/oa/SponsorType#Author</oa:sponsorType></oa:sponsor><oa:userLicense xmlns:xsi="http://www.w3.org/2001/XMLSchema-instance">http://creativecommons.org/licenses/by-nc-nd/4.0/</oa:userLicense></oa:openAccessInformation><cp:licenseLine xmlns:xsi="http://www.w3.org/2001/XMLSchema-instance">This is an open access article under the CC BY-NC-ND license.</cp:licenseLine></rdf:Description></rdf:RDF><dp:document-properties><dp:aggregation-type>Journals</dp:aggregation-type><dp:version-number>S300.1</dp:version-number></dp:document-properties><ja:article docsubtype="dat" version="5.6" xml:lang="en"><ja:item-info><ja:jid>DIB</ja:jid><ja:aid>107674</ja:aid><ce:article-number>107674</ce:article-number><ce:pii>S2352-3409(21)00949-5</ce:pii><ce:doi>10.1016/j.dib.2021.107674</ce:doi><ce:document-thread><ce:refers-to-document id="ref0001"><ce:pii>S0169-4332(21)02125-5</ce:pii><ce:doi>10.1016/j.apsusc.2021.151068</ce:doi></ce:refers-to-document></ce:document-thread><ce:copyright type="unknown" year="2021"/></ja:item-info><ja:head><ce:dochead id="dchd0001"><ce:textfn id="dhtxt0001">Data Article</ce:textfn></ce:dochead><ce:title id="tte0002">Ultra-small cobalt particles embedded in titania by ion beam synthesis: Additional datasets including electron microscopy, neutron reflectometry, modelling outputs and particle size analysis</ce:title><ce:author-group id="aut0001"><ce:author id="au0001" author-id="S2352340921009495-7a4cbed7ce33a77e46e51cf0416c0419" orcid="0000-0003-1974-6200"><ce:given-name>Abdulhakim</ce:given-name><ce:surname>Bake</ce:surname><ce:cross-ref refid="aff0001"><ce:sup loc="post">a</ce:sup></ce:cross-ref><ce:cross-ref refid="aff0002"><ce:sup loc="post">b</ce:sup></ce:cross-ref></ce:author><ce:author id="au0002" author-id="S2352340921009495-0b18ae4b982caf54b01bd3bfe0937388" orcid="0000-0002-7678-6439"><ce:given-name>Md Rezoanur</ce:given-name><ce:surname>Rahman</ce:surname><ce:cross-ref refid="aff0001"><ce:sup loc="post">a</ce:sup></ce:cross-ref></ce:author><ce:author id="au0003" author-id="S2352340921009495-aad5f61b6a19ada3508b417aa21359f0"><ce:given-name>Peter J.</ce:given-name><ce:surname>Evans</ce:surname><ce:cross-ref refid="aff0003"><ce:sup loc="post">c</ce:sup></ce:cross-ref></ce:author><ce:author id="au0004" author-id="S2352340921009495-38bd653a3874a91e733a850940395337" orcid="0000-0003-3202-6398"><ce:given-name>Michael</ce:given-name><ce:surname>Cortie</ce:surname><ce:cross-ref refid="aff0004"><ce:sup loc="post">d</ce:sup></ce:cross-ref></ce:author><ce:author id="au0005" author-id="S2352340921009495-e4020dfe5f762cb3b9b064f457d947dd"><ce:given-name>Mitchell</ce:given-name><ce:surname>Nancarrow</ce:surname><ce:cross-ref refid="aff0002"><ce:sup loc="post">b</ce:sup></ce:cross-ref></ce:author><ce:author id="au0006" author-id="S2352340921009495-e7715ccbbc7ed5e2220f4c5f5408199e"><ce:given-name>Radu</ce:given-name><ce:surname>Abrudan</ce:surname><ce:cross-ref refid="aff0005"><ce:sup loc="post">e</ce:sup></ce:cross-ref></ce:author><ce:author id="au0007" author-id="S2352340921009495-3720985db3cef58850b9bbad2d3f1a6b" orcid="0000-0003-0284-7937"><ce:given-name>Florin</ce:given-name><ce:surname>Radu</ce:surname><ce:cross-ref refid="aff0005"><ce:sup loc="post">e</ce:sup></ce:cross-ref></ce:author><ce:author id="au0008" author-id="S2352340921009495-b49709f0e4019a2fbb235f7334b10ff2" orcid="0000-0001-9945-8342"><ce:given-name>Yury</ce:given-name><ce:surname>Khaydukov</ce:surname><ce:cross-ref refid="aff0006"><ce:sup loc="post">f</ce:sup></ce:cross-ref></ce:author><ce:author id="au0009" author-id="S2352340921009495-c86d2fcf8a9427fde590611804fbce49" orcid="0000-0002-8246-038X"><ce:given-name>Grace</ce:given-name><ce:surname>Causer</ce:surname><ce:cross-ref refid="aff0001"><ce:sup loc="post">a</ce:sup></ce:cross-ref></ce:author><ce:author id="au0010" author-id="S2352340921009495-00b91275d71995a19947b3bd2e4c274e" orcid="0000-0002-4392-7784"><ce:given-name>Karen L.</ce:given-name><ce:surname>Livesey</ce:surname><ce:cross-ref refid="aff0007"><ce:sup loc="post">g</ce:sup></ce:cross-ref></ce:author><ce:author id="au0011" author-id="S2352340921009495-b60bb5157c869cf43bc96467d287eb9b"><ce:given-name>Sara</ce:given-name><ce:surname>Callori</ce:surname><ce:cross-ref refid="aff0008"><ce:sup loc="post">h</ce:sup></ce:cross-ref></ce:author><ce:author id="au0012" author-id="S2352340921009495-f44d44f3b81ae7349df67b9d3aa97284"><ce:given-name>David R.G.</ce:given-name><ce:surname>Mitchell</ce:surname><ce:cross-ref refid="aff0002"><ce:sup loc="post">b</ce:sup></ce:cross-ref></ce:author><ce:author id="au0013" author-id="S2352340921009495-1af15ad639bf742f11ba6ff412380dc9"><ce:given-name>Zeljko</ce:given-name><ce:surname>Pastuovic</ce:surname><ce:cross-ref refid="aff0003"><ce:sup loc="post">c</ce:sup></ce:cross-ref></ce:author><ce:author id="au0014" author-id="S2352340921009495-7603c07b4e4a24f598977ab7aff559cc"><ce:given-name>Xiaolin</ce:given-name><ce:surname>Wang</ce:surname><ce:cross-ref refid="aff0001"><ce:sup loc="post">a</ce:sup></ce:cross-ref></ce:author><ce:author id="au0015" author-id="S2352340921009495-1fee5353f21f92c285ed6a27973c96a5"><ce:given-name>David</ce:given-name><ce:surname>Cortie</ce:surname><ce:cross-ref refid="aff0001"><ce:sup loc="post">a</ce:sup></ce:cross-ref><ce:cross-ref refid="aff0003"><ce:sup loc="post">c</ce:sup></ce:cross-ref><ce:cross-ref refid="cor0001"><ce:sup loc="post">&#x204e;</ce:sup></ce:cross-ref><ce:e-address id="ead0001" type="email" xlink:href="mailto:dcortie@uow.edu.au">dcortie@uow.edu.au</ce:e-address></ce:author><ce:affiliation id="aff0001" affiliation-id="S2352340921009495-d2a76bc650101267d26b5be91f6c612e"><ce:label>a</ce:label><ce:textfn id="cetextfn0001">Institute for Superconducting and Electronic Materials, University of Wollongong, North Wollongong, NSW 2519, Australia</ce:textfn><sa:affiliation><sa:organization>Institute for Superconducting and Electronic Materials</sa:organization><sa:organization>University of Wollongong</sa:organization><sa:city>North Wollongong</sa:city><sa:state>NSW</sa:state><sa:postal-code>2519</sa:postal-code><sa:country>Australia</sa:country></sa:affiliation><ce:source-text id="staff0001">aInstitute for Superconducting and Electronic Materials, University of Wollongong, North Wollongong, NSW 2519, Australia</ce:source-text></ce:affiliation><ce:affiliation id="aff0002" affiliation-id="S2352340921009495-1276540607a9f73cdea2a7f50df3267c"><ce:label>b</ce:label><ce:textfn id="cetextfn0002">Electron Microscopy Centre, Innovation Campus, University of Wollongong, North Wollongong, NSW, 2519, Australia</ce:textfn><sa:affiliation><sa:organization>Electron Microscopy Centre</sa:organization><sa:organization>Innovation Campus</sa:organization><sa:organization>University of Wollongong</sa:organization><sa:city>North Wollongong</sa:city><sa:state>NSW</sa:state><sa:postal-code>2519</sa:postal-code><sa:country>Australia</sa:country></sa:affiliation><ce:source-text id="staff0002">bElectron Microscopy Centre, Innovation Campus, University of Wollongong, North Wollongong, NSW, 2519, Australia</ce:source-text></ce:affiliation><ce:affiliation id="aff0003" affiliation-id="S2352340921009495-93be26206346deab1a8d32b850cf54c1"><ce:label>c</ce:label><ce:textfn id="cetextfn0003">The Australian Nuclear Science and Technology Organisation, Lucas Heights, NSW, 2232, Australia</ce:textfn><sa:affiliation><sa:organization>The Australian Nuclear Science and Technology Organisation</sa:organization><sa:city>Lucas Heights</sa:city><sa:state>NSW</sa:state><sa:postal-code>2232</sa:postal-code><sa:country>Australia</sa:country></sa:affiliation><ce:source-text id="staff0003">cThe Australian Nuclear Science and Technology Organisation, Lucas Heights, NSW, 2232, Australia</ce:source-text></ce:affiliation><ce:affiliation id="aff0004" affiliation-id="S2352340921009495-bdc8790f4ff25f40fb1d2e5fbeb14927"><ce:label>d</ce:label><ce:textfn id="cetextfn0004">School of Mathematical and Physical Sciences, Faculty of Science, University of Technology Sydney, Ultimo 2007, Australia</ce:textfn><sa:affiliation><sa:organization>School of Mathematical and Physical Sciences</sa:organization><sa:organization>Faculty of Science</sa:organization><sa:organization>University of Technology Sydney</sa:organization><sa:city>Ultimo</sa:city><sa:postal-code>2007</sa:postal-code><sa:country>Australia</sa:country></sa:affiliation><ce:source-text id="staff0004">dSchool of Mathematical and Physical Sciences, Faculty of Science, University of Technology Sydney, Ultimo 2007, Australia</ce:source-text></ce:affiliation><ce:affiliation id="aff0005" affiliation-id="S2352340921009495-003925d02b91bfbcf7a47c8f6f150e6e"><ce:label>e</ce:label><ce:textfn id="cetextfn0005">BESSY, Hahn-Meitner-Platz Ultra-small cobalt particles embedded 1, D-14109 Berlin, Germany</ce:textfn><sa:affiliation><sa:organization>BESSY</sa:organization><sa:address-line>Hahn-Meitner-Platz 1</sa:address-line><sa:city>Berlin</sa:city><sa:postal-code>D-14109</sa:postal-code><sa:country>Germany</sa:country></sa:affiliation><ce:source-text id="staff0005">eBESSY, Hahn-Meitner-Platz 1, D-14109 Berlin, Germany</ce:source-text></ce:affiliation><ce:affiliation id="aff0006" affiliation-id="S2352340921009495-6fa4b956eb7e7a5e70628dfea08f1307"><ce:label>f</ce:label><ce:textfn id="cetextfn0006">Max Planck Society, Outstation at the MLZ, 85748 Garching Germany/Max Planck Institute f&#252;r Festk&#246;rperforschung, Stuttgart, 70569 Germany</ce:textfn><sa:affiliation><sa:organization>Max Planck Society</sa:organization><sa:organization>Outstation at the MLZ</sa:organization><sa:organization>85748 Garching Germany/Max Planck Institute f&#252;r Festk&#246;rperforschung</sa:organization><sa:city>Stuttgart</sa:city><sa:postal-code>70569</sa:postal-code><sa:country>Germany</sa:country></sa:affiliation><ce:source-text id="staff0006">fMax Planck Society, Outstation at the MLZ, 85748 Garching Germany/Max Planck Institute f&#252;r Festk&#246;rperforschung, Stuttgart, 70569 Germany</ce:source-text></ce:affiliation><ce:affiliation id="aff0007" affiliation-id="S2352340921009495-04013ee31252a78b70e35d386dd94865"><ce:label>g</ce:label><ce:textfn id="cetextfn0007">The University of Newcastle, School of Mathematical and Physical Sciences, Newcastle, NSW, 2308, Australia</ce:textfn><sa:affiliation><sa:organization>The University of Newcastle</sa:organization><sa:organization>School of Mathematical and Physical Sciences</sa:organization><sa:organization>2308</sa:organization><sa:city>Newcastle</sa:city><sa:state>NSW</sa:state><sa:country>Australia</sa:country></sa:affiliation><ce:source-text id="staff0007">gThe University of Newcastle, School of Mathematical and Physical Sciences, Newcastle, NSW, 2308, Australia</ce:source-text></ce:affiliation><ce:affiliation id="aff0008" affiliation-id="S2352340921009495-2a4270b6314c7ee8184681bfe6c676fa"><ce:label>h</ce:label><ce:textfn id="cetextfn0008">Department of Physics, California State University, San Bernardino, CA, United States</ce:textfn><sa:affiliation><sa:organization>Department of Physics</sa:organization><sa:organization>California State University</sa:organization><sa:city>San Bernardino</sa:city><sa:state>CA</sa:state><sa:country>United States</sa:country></sa:affiliation><ce:source-text id="staff0008">hDepartment of Physics, California State University, San Bernardino, CA, United States</ce:source-text></ce:affiliation><ce:correspondence id="cor0001"><ce:label>&#x204e;</ce:label><ce:text id="cetext0001">Corresponding author.</ce:text></ce:correspondence></ce:author-group><ce:date-received day="14" month="9" year="2021"/><ce:date-revised day="26" month="11" year="2021"/><ce:date-accepted day="30" month="11" year="2021"/><ce:abstract id="abs0001" view="all" class="author"><ce:section-title id="cesectitle0001">Abstract</ce:section-title><ce:abstract-sec id="abss0001" view="all"><ce:simple-para id="spara009" view="all">This Data-in-brief article includes datasets of electron microscopy, polarised neutron reflectometry and magnetometry for ultra-small cobalt particles formed in titania thin films via ion beam synthesis. Raw data for polarised neutron reflectometry, magnetometry and the particle size distribution are included and made available on a public repository. Additional elemental maps from scanning electron microscopy (SEM) with energy dispersive spectroscopy (EDS) are also presented. Data were obtained using the following types of equipment: the NREX and PLATYPUS polarised neutron reflectometers; a Quantum Design Physical Property Measurement System (14 T); a JEOL JSM-6490LV SEM, and a JEOL ARM-200F scanning transmission electron microscope (STEM). The data is provided as supporting evidence for the article in Applied Surface Science (A. Bake <ce:italic>et al.</ce:italic>, Appl. Surf. Sci., vol. 570, p. 151068, 2021, <ce:inter-ref id="interref0001" xlink:href="https://doi.org/10.1016/j.apsusc.2021.151068" xlink:type="simple">DOI 10.1016/j.apsusc.2021.151068</ce:inter-ref>), where a full discussion is given. The additional supplementary reflectometry and modelling datasets are intended to assist future scientific software development of advanced fitting algorithms for magnetization gradients in thin films.</ce:simple-para></ce:abstract-sec></ce:abstract><ce:keywords id="keys0001" view="all" class="keyword"><ce:section-title id="cesectitle0002">Keywords</ce:section-title><ce:keyword id="key0001"><ce:text id="cetext0002">Cobalt nanoclusters</ce:text></ce:keyword><ce:keyword id="key0002"><ce:text id="cetext0003">Ion implantation</ce:text></ce:keyword><ce:keyword id="key0003"><ce:text id="cetext0004">In-situ heat treatment</ce:text></ce:keyword><ce:keyword id="key0004"><ce:text id="cetext0005">Superparamagnetic</ce:text></ce:keyword><ce:keyword id="key0005"><ce:text id="cetext0006">Neutron spin asymmetry</ce:text></ce:keyword></ce:keywords></ja:head></ja:article></doc:document>
