<doc:document xmlns:doc="http://www.elsevier.com/xml/document/schema" xmlns:dp="http://www.elsevier.com/xml/common/doc-properties/schema" xmlns:cps="http://www.elsevier.com/xml/common/consyn-properties/schema" xmlns:rdf="http://www.w3.org/1999/02/22-rdf-syntax-ns#" xmlns:dct="http://purl.org/dc/terms/" xmlns:prism="http://prismstandard.org/namespaces/basic/2.0/" xmlns:oa="http://vtw.elsevier.com/data/ns/properties/OpenAccess-1/" xmlns:bam="http://vtw.elsevier.com/data/voc/ns/bam-vtw-1/" xmlns:cp="http://vtw.elsevier.com/data/ns/properties/Copyright-1/" xmlns:cja="http://www.elsevier.com/xml/cja/schema" xmlns:ja="http://www.elsevier.com/xml/ja/schema" xmlns:bk="http://www.elsevier.com/xml/bk/schema" xmlns:ce="http://www.elsevier.com/xml/common/schema" xmlns:mml="http://www.w3.org/1998/Math/MathML" xmlns:cals="http://www.elsevier.com/xml/common/cals/schema" xmlns:tb="http://www.elsevier.com/xml/common/table/schema" xmlns:sa="http://www.elsevier.com/xml/common/struct-aff/schema" xmlns:sb="http://www.elsevier.com/xml/common/struct-bib/schema" xmlns:xlink="http://www.w3.org/1999/xlink"><rdf:RDF><rdf:Description rdf:about="http://dx.doi.org/10.1016/j.dib.2021.107567"><dct:format>application/xml</dct:format><dct:title>Forms of extramural research acquisition and product innovation: Data from econometric estimations</dct:title><dct:creator>Oliviero A. Carboni</dct:creator><dct:creator>Giuseppe Medda</dct:creator><dct:subject><rdf:Bag><rdf:li>External R&amp;D</rdf:li><rdf:li>European firms</rdf:li><rdf:li>Product innovation</rdf:li><rdf:li>Over outsourcing</rdf:li><rdf:li>Econometric tests of U-shape relationship</rdf:li><rdf:li>Regional and industrial analysis</rdf:li></rdf:Bag></dct:subject><dct:description>Data in Brief 39 (2021). doi:10.1016/j.dib.2021.107567</dct:description><prism:aggregationType>journal</prism:aggregationType><prism:publicationName>Data in Brief</prism:publicationName><prism:copyright>&#169; 2021 The Authors. Published by Elsevier Inc.</prism:copyright><dct:publisher>Elsevier Inc.</dct:publisher><prism:issn>2352-3409</prism:issn><prism:volume>39</prism:volume><prism:coverDisplayDate>December 2021</prism:coverDisplayDate><prism:doi>10.1016/j.dib.2021.107567</prism:doi><prism:url>http://dx.doi.org/10.1016/j.dib.2021.107567</prism:url><dct:identifier>doi:10.1016/j.dib.2021.107567</dct:identifier><bam:articleNumber>107567</bam:articleNumber><oa:openAccessInformation><oa:openAccessStatus xmlns:xsi="http://www.w3.org/2001/XMLSchema-instance">http://vtw.elsevier.com/data/voc/oa/OpenAccessStatus#Full</oa:openAccessStatus><oa:openAccessEffective xmlns:xsi="http://www.w3.org/2001/XMLSchema-instance">2021-11-09T09:28:14Z</oa:openAccessEffective><oa:sponsor xmlns:xsi="http://www.w3.org/2001/XMLSchema-instance"><oa:sponsorName>Italian Institutions (CRUI) 2020</oa:sponsorName><oa:sponsorType>http://vtw.elsevier.com/data/voc/oa/SponsorType#FundingBody</oa:sponsorType></oa:sponsor><oa:userLicense xmlns:xsi="http://www.w3.org/2001/XMLSchema-instance">http://creativecommons.org/licenses/by-nc-nd/4.0/</oa:userLicense></oa:openAccessInformation><cp:licenseLine xmlns:xsi="http://www.w3.org/2001/XMLSchema-instance">This is an open access article under the CC BY-NC-ND license.</cp:licenseLine></rdf:Description></rdf:RDF><dp:document-properties><dp:aggregation-type>Journals</dp:aggregation-type><dp:version-number>S300.1</dp:version-number></dp:document-properties><ja:article docsubtype="dat" version="5.6" xml:lang="en"><ja:item-info><ja:jid>DIB</ja:jid><ja:aid>107567</ja:aid><ce:article-number>107567</ce:article-number><ce:pii>S2352-3409(21)00843-X</ce:pii><ce:doi>10.1016/j.dib.2021.107567</ce:doi><ce:document-thread><ce:refers-to-document id="ref0001"><ce:pii>S0264-9993(21)00190-5</ce:pii><ce:doi>10.1016/j.econmod.2021.105601</ce:doi></ce:refers-to-document></ce:document-thread><ce:copyright type="other" year="2021">The Authors</ce:copyright></ja:item-info><ja:head><ce:dochead id="dchd0001"><ce:textfn id="dhtxt0001">Data Article</ce:textfn></ce:dochead><ce:title id="tte0002">Forms of extramural research acquisition and product innovation: Data from econometric estimations</ce:title><ce:author-group id="aut0001"><ce:author id="au0001" author-id="S235234092100843X-d15a9694231d40325a1039fb7e775c4f"><ce:given-name>Oliviero A.</ce:given-name><ce:surname>Carboni</ce:surname><ce:contributor-role role="http://credit.niso.org/contributor-roles/conceptualization">Conceptualization</ce:contributor-role><ce:contributor-role role="http://credit.niso.org/contributor-roles/methodology">Methodology</ce:contributor-role><ce:contributor-role role="http://credit.niso.org/contributor-roles/writing-original-draft">Writing &#x2013; original draft</ce:contributor-role><ce:cross-ref refid="aff0001"><ce:sup loc="post">a</ce:sup></ce:cross-ref></ce:author><ce:author id="au0002" author-id="S235234092100843X-df28c18d91056af116b9697d8359aa68"><ce:given-name>Giuseppe</ce:given-name><ce:surname>Medda</ce:surname><ce:contributor-role role="http://credit.niso.org/contributor-roles/methodology">Methodology</ce:contributor-role><ce:contributor-role role="http://credit.niso.org/contributor-roles/software">Software</ce:contributor-role><ce:contributor-role role="http://credit.niso.org/contributor-roles/data-curation">Data curation</ce:contributor-role><ce:cross-ref refid="aff0002"><ce:sup loc="post">b</ce:sup></ce:cross-ref><ce:cross-ref refid="cor0001"><ce:sup loc="post">&#x204e;</ce:sup></ce:cross-ref><ce:e-address id="ead0001" type="email" xlink:href="mailto:giuseppe.medda@comune.sassari.it">giuseppe.medda@comune.sassari.it</ce:e-address></ce:author><ce:affiliation id="aff0001" affiliation-id="S235234092100843X-cf42b0900f82f15b1f16d4c76b6a870c"><ce:label>a</ce:label><ce:textfn id="cetextfn0001">Department of Economics (DiSEA), University of Sassari and CRENoS, Italy</ce:textfn><sa:affiliation><sa:organization>Department of Economics (DiSEA)</sa:organization><sa:organization>University of Sassari and CRENoS</sa:organization><sa:country>Italy</sa:country></sa:affiliation><ce:source-text id="staff0001">aDepartment of Economics (DiSEA), University of Sassari and CRENoS, Italy</ce:source-text></ce:affiliation><ce:affiliation id="aff0002" affiliation-id="S235234092100843X-608383e1596572365a9880b8b6e5a8e0"><ce:label>b</ce:label><ce:textfn id="cetextfn0002">Department of Economics (DiSEA), University of Sassari, Italy</ce:textfn><sa:affiliation><sa:organization>Department of Economics (DiSEA)</sa:organization><sa:organization>University of Sassari</sa:organization><sa:country>Italy</sa:country></sa:affiliation><ce:source-text id="staff0002">bDepartment of Economics (DiSEA), University of Sassari, Italy</ce:source-text></ce:affiliation><ce:correspondence id="cor0001"><ce:label>&#x204e;</ce:label><ce:text id="cetext0001">Corresponding author.</ce:text></ce:correspondence></ce:author-group><ce:date-received day="13" month="9" year="2021"/><ce:date-revised day="15" month="10" year="2021"/><ce:date-accepted day="8" month="11" year="2021"/><ce:abstract id="abs0001" view="all" class="author"><ce:section-title id="cesectitle0001">Abstract</ce:section-title><ce:abstract-sec id="abss0001" view="all"><ce:simple-para id="spara003" view="all">This Data article provides a collection of Data and econometric estimates of the relationship between various forms of external research and Development (R&amp;D) acquisition and product innovation. Specifically, the Data are elaborations on Eurostat (2015) and the EFIGE (2015) survey. Data relate to research acquired by external firms inside the group to which a company belongs, universities and research centres, and other companies. The Data presented here are additional information and analysis to the article of Carboni and Medda [1]. Data derive from econometric applications on the information contained in a survey of 13,621 European manufacturing firms. The econometric framework considers: (<ce:italic>1</ce:italic>) Potential non-linear effects of the age of firms on product innovation; (<ce:italic>2</ce:italic>) Geographical variation of innovative activity by the inclusion of 137 regional dummies (NUTS-2-level); (<ce:italic>3</ce:italic>) Intersectoral differences by the inclusion of 117 industrial dummies (3-digit NACE). We employ systems of equations regressions to take simultaneity end endogeneity into account. For this purpose, the model identification is accomplished through the use of a reduced form equation for R&amp;D with two instrumental variables (IV) aimed at capturing regional technological environment. Specifically, we use an instrumental variable framework to compute the impact of external research on (1) the probability of implementing product innovations and (2) the market success of product innovations. The latter is measured by the share of total turnover of innovative products sales. Special focus is put on the potential role of the regional technological environment. For the computations we used the <ce:italic>cmp</ce:italic> command in STATA, which builds upon the maximum simulated likelihood analysis. The models are also estimated using the fractional response technique to check the 0-100% bounded nature of this variable. The Data presented here can be useful for companies to better design R&amp;D strategies aimed at improving firms&#x2019; organization, synergies, and growth. This may help strategic decision making, and a more efficient coordination of the complex process of production. Data are also useful for policy makers for designing public R&amp;D schemes, both at the national and at the European level. Finally, the Data represent a useful starting point for future research concerning the proprietary structure of the firm and the workforce, innovation and R&amp;D, internationalization, finance, and market.</ce:simple-para></ce:abstract-sec></ce:abstract><ce:keywords id="keys0001" view="all" class="keyword"><ce:section-title id="cesectitle0002">Keywords</ce:section-title><ce:keyword id="key0001"><ce:text id="cetext0002">External R&amp;D</ce:text></ce:keyword><ce:keyword id="key0001a"><ce:text id="cetext0002a">European firms</ce:text></ce:keyword><ce:keyword id="key0001b"><ce:text id="cetext0002b">Product innovation</ce:text></ce:keyword><ce:keyword id="key0001c"><ce:text id="cetext0002c">Over outsourcing</ce:text></ce:keyword><ce:keyword id="key0001d"><ce:text id="cetext0002d">Econometric tests of U-shape relationship</ce:text></ce:keyword><ce:keyword id="key0001e"><ce:text id="cetext0002e">Regional and industrial analysis</ce:text></ce:keyword></ce:keywords></ja:head></ja:article></doc:document>
