<doc:document xmlns:doc="http://www.elsevier.com/xml/document/schema" xmlns:dp="http://www.elsevier.com/xml/common/doc-properties/schema" xmlns:cps="http://www.elsevier.com/xml/common/consyn-properties/schema" xmlns:rdf="http://www.w3.org/1999/02/22-rdf-syntax-ns#" xmlns:dct="http://purl.org/dc/terms/" xmlns:prism="http://prismstandard.org/namespaces/basic/2.0/" xmlns:oa="http://vtw.elsevier.com/data/ns/properties/OpenAccess-1/" xmlns:bam="http://vtw.elsevier.com/data/voc/ns/bam-vtw-1/" xmlns:cp="http://vtw.elsevier.com/data/ns/properties/Copyright-1/" xmlns:cja="http://www.elsevier.com/xml/cja/schema" xmlns:ja="http://www.elsevier.com/xml/ja/schema" xmlns:bk="http://www.elsevier.com/xml/bk/schema" xmlns:ce="http://www.elsevier.com/xml/common/schema" xmlns:mml="http://www.w3.org/1998/Math/MathML" xmlns:cals="http://www.elsevier.com/xml/common/cals/schema" xmlns:tb="http://www.elsevier.com/xml/common/table/schema" xmlns:sa="http://www.elsevier.com/xml/common/struct-aff/schema" xmlns:sb="http://www.elsevier.com/xml/common/struct-bib/schema" xmlns:xlink="http://www.w3.org/1999/xlink"><rdf:RDF><rdf:Description rdf:about="http://dx.doi.org/10.1016/j.dib.2021.107709"><dct:format>application/xml</dct:format><dct:title>Historical dataset of mills for Galicia in the Austro-Hungarian Empire/southern Poland from 1880 to the 1930s</dct:title><dct:creator>Krzysztof Ostafin</dct:creator><dct:creator>Magdalena Jasionek</dct:creator><dct:creator>Dominik Kaim</dct:creator><dct:creator>Anna Miklar</dct:creator><dct:subject><rdf:Bag><rdf:li>Watermill</rdf:li><rdf:li>Windmill</rdf:li><rdf:li>Sawmill</rdf:li><rdf:li>Historical GIS</rdf:li><rdf:li>HGIS</rdf:li><rdf:li>Galicia</rdf:li><rdf:li>Central Europe</rdf:li></rdf:Bag></dct:subject><dct:description>Data in Brief 40 (2022). doi:10.1016/j.dib.2021.107709</dct:description><prism:aggregationType>journal</prism:aggregationType><prism:publicationName>Data in Brief</prism:publicationName><prism:copyright>&#169; 2021 The Author(s). Published by Elsevier Inc.</prism:copyright><dct:publisher>Elsevier Inc.</dct:publisher><prism:issn>2352-3409</prism:issn><prism:volume>40</prism:volume><prism:coverDisplayDate>February 2022</prism:coverDisplayDate><prism:doi>10.1016/j.dib.2021.107709</prism:doi><prism:url>http://dx.doi.org/10.1016/j.dib.2021.107709</prism:url><dct:identifier>doi:10.1016/j.dib.2021.107709</dct:identifier><bam:articleNumber>107709</bam:articleNumber><oa:openAccessInformation><oa:openAccessStatus xmlns:xsi="http://www.w3.org/2001/XMLSchema-instance">http://vtw.elsevier.com/data/voc/oa/OpenAccessStatus#Full</oa:openAccessStatus><oa:openAccessEffective xmlns:xsi="http://www.w3.org/2001/XMLSchema-instance">2021-12-11T11:19:39Z</oa:openAccessEffective><oa:sponsor xmlns:xsi="http://www.w3.org/2001/XMLSchema-instance"><oa:sponsorName>Poland: LE Tracking</oa:sponsorName><oa:sponsorType>http://vtw.elsevier.com/data/voc/oa/SponsorType#FundingBody</oa:sponsorType></oa:sponsor><oa:userLicense xmlns:xsi="http://www.w3.org/2001/XMLSchema-instance">http://creativecommons.org/licenses/by/4.0/</oa:userLicense></oa:openAccessInformation><cp:licenseLine xmlns:xsi="http://www.w3.org/2001/XMLSchema-instance">This is an open access article under the CC BY license.</cp:licenseLine></rdf:Description></rdf:RDF><dp:document-properties><dp:aggregation-type>Journals</dp:aggregation-type><dp:version-number>S250.1</dp:version-number></dp:document-properties><ja:article docsubtype="dat" version="5.6" xml:lang="en"><ja:item-info><ja:jid>DIB</ja:jid><ja:aid>107709</ja:aid><ce:article-number>107709</ce:article-number><ce:pii>S2352-3409(21)00984-7</ce:pii><ce:doi>10.1016/j.dib.2021.107709</ce:doi><ce:copyright type="unknown" year="2021"/></ja:item-info><ja:head><ce:dochead id="dchd0001"><ce:textfn id="dhtxt0001">Data Article</ce:textfn></ce:dochead><ce:title id="tte0002">Historical dataset of mills for Galicia in the Austro-Hungarian Empire/southern Poland from 1880 to the 1930s</ce:title><ce:author-group id="aut0001"><ce:author id="au0001" author-id="S2352340921009847-37d7714b799306afb8ad0744a2d8dc4f" orcid="0000-0002-4426-3211"><ce:given-name>Krzysztof</ce:given-name><ce:surname>Ostafin</ce:surname><ce:contributor-role role="http://credit.niso.org/contributor-roles/conceptualization">Conceptualization</ce:contributor-role><ce:contributor-role role="http://credit.niso.org/contributor-roles/writing-original-draft">Writing &#x2013; original draft</ce:contributor-role><ce:cross-ref refid="cor0001"><ce:sup loc="post">&#x204e;</ce:sup></ce:cross-ref><ce:e-address id="ead0001" type="email" xlink:href="mailto:krzysztof.ostafin@uj.edu.pl">krzysztof.ostafin@uj.edu.pl</ce:e-address></ce:author><ce:author id="au0002" author-id="S2352340921009847-1dcb07dbe4b89c90727820666d58887c"><ce:given-name>Magdalena</ce:given-name><ce:surname>Jasionek</ce:surname><ce:contributor-role role="http://credit.niso.org/contributor-roles/writing-review-editing">Writing &#x2013; review &amp; editing</ce:contributor-role></ce:author><ce:author id="au0003" author-id="S2352340921009847-d4b1f97350a0e9dfde8415d0d733c94a" orcid="0000-0001-8004-6890"><ce:given-name>Dominik</ce:given-name><ce:surname>Kaim</ce:surname><ce:contributor-role role="http://credit.niso.org/contributor-roles/writing-review-editing">Writing &#x2013; review &amp; editing</ce:contributor-role><ce:e-address id="ea3" type="social-media" xlink:href="https://twitter.com/kaim_dominik">@kaim_dominik</ce:e-address></ce:author><ce:author id="au0004" author-id="S2352340921009847-7e71cf09a066a4643b946a6beb101081" orcid="0000-0001-9773-7110"><ce:given-name>Anna</ce:given-name><ce:surname>Miklar</ce:surname><ce:contributor-role role="http://credit.niso.org/contributor-roles/writing-review-editing">Writing &#x2013; review &amp; editing</ce:contributor-role></ce:author><ce:affiliation id="aff0001" affiliation-id="S2352340921009847-c0a4d488b7f8c66b2e5909e577f3015b"><ce:textfn id="cetextfn0001">Jagiellonian University, Faculty of Geography and Geology, Institute of Geography and Spatial Management, Gronostajowa 7, Krak&#243;w 30-387, Poland</ce:textfn><sa:affiliation><sa:organization>Jagiellonian University, Faculty of Geography and Geology</sa:organization><sa:organization>Institute of Geography and Spatial Management</sa:organization><sa:address-line>Gronostajowa 7</sa:address-line><sa:city>Krak&#243;w</sa:city><sa:postal-code>30-387</sa:postal-code><sa:country>Poland</sa:country></sa:affiliation><ce:source-text id="staff0001">Jagiellonian University, Faculty of Geography and Geology, Institute of Geography and Spatial Management, Gronostajowa 7, Krak&#243;w 30-387, Poland</ce:source-text></ce:affiliation><ce:correspondence id="cor0001"><ce:label>&#x204e;</ce:label><ce:text id="cetext0001">Corresponding author.</ce:text></ce:correspondence></ce:author-group><ce:date-received day="21" month="8" year="2021"/><ce:date-revised day="2" month="12" year="2021"/><ce:date-accepted day="10" month="12" year="2021"/><ce:abstract id="abs0001" view="all" class="author"><ce:section-title id="cesectitle0001">Abstract</ce:section-title><ce:abstract-sec id="abss0001" view="all"><ce:simple-para id="spara006" view="all">In this article, we present the dataset of mills from 1880 and 1920s&#x2013;1930s in the area of the former Galicia (78,500&#160;km<ce:sup loc="post">2</ce:sup>), now in Ukraine and Poland. The data was obtained as a result of manual vectorisation from 162 map sheets at scales of 1:115,200 and 1:100,000, according to the map legends. We found 4022 mill locations for 1880 and 3588 for the 1920s&#x2013;1930s. We present them as vector points in shapefile, GML, GeoJSON, KML formats with attributes for seven types of mills for 1880 and ten types of mills for 1920s&#x2013;1930s, and mills counted in a 10&#160;km grid.</ce:simple-para><ce:simple-para id="spara007" view="all">The data can be used in economic, demographic and environmental reconstructions, e.g. to estimate historical anthropopressure related to settlement, agriculture and forestry. Mills are often associated with river structures such as floodgates, dams, and millraces and therefore they are a good example of human interference in river ecosystems. They can also be one criteria for identifying areas where the local population used traditional environmental knowledge. It can be useful for a contemporary assessment of the environment's suitability for devices using renewable energy sources. Finally, the data on the remains of former mills is suitable for the protection of cultural heritage sites that are technical monuments related to traditional food processing and industry.</ce:simple-para></ce:abstract-sec></ce:abstract><ce:keywords id="keys0001" view="all" class="keyword"><ce:section-title id="cesectitle0002">Keywords</ce:section-title><ce:keyword id="key0001"><ce:text id="cetext0002">Watermill</ce:text></ce:keyword><ce:keyword id="key0002"><ce:text id="cetext0003">Windmill</ce:text></ce:keyword><ce:keyword id="key0003"><ce:text id="cetext0004">Sawmill</ce:text></ce:keyword><ce:keyword id="key0004"><ce:text id="cetext0005">Historical GIS</ce:text></ce:keyword><ce:keyword id="key0005"><ce:text id="cetext0006">HGIS</ce:text></ce:keyword><ce:keyword id="key0006"><ce:text id="cetext0007">Galicia</ce:text></ce:keyword><ce:keyword id="key0007"><ce:text id="cetext0008">Central Europe</ce:text></ce:keyword></ce:keywords></ja:head></ja:article></doc:document>
