<doc:document xmlns:doc="http://www.elsevier.com/xml/document/schema" xmlns:dp="http://www.elsevier.com/xml/common/doc-properties/schema" xmlns:cps="http://www.elsevier.com/xml/common/consyn-properties/schema" xmlns:rdf="http://www.w3.org/1999/02/22-rdf-syntax-ns#" xmlns:dct="http://purl.org/dc/terms/" xmlns:prism="http://prismstandard.org/namespaces/basic/2.0/" xmlns:oa="http://vtw.elsevier.com/data/ns/properties/OpenAccess-1/" xmlns:bam="http://vtw.elsevier.com/data/voc/ns/bam-vtw-1/" xmlns:cp="http://vtw.elsevier.com/data/ns/properties/Copyright-1/" xmlns:cja="http://www.elsevier.com/xml/cja/schema" xmlns:ja="http://www.elsevier.com/xml/ja/schema" xmlns:bk="http://www.elsevier.com/xml/bk/schema" xmlns:ce="http://www.elsevier.com/xml/common/schema" xmlns:mml="http://www.w3.org/1998/Math/MathML" xmlns:cals="http://www.elsevier.com/xml/common/cals/schema" xmlns:tb="http://www.elsevier.com/xml/common/table/schema" xmlns:sa="http://www.elsevier.com/xml/common/struct-aff/schema" xmlns:sb="http://www.elsevier.com/xml/common/struct-bib/schema" xmlns:xlink="http://www.w3.org/1999/xlink"><rdf:RDF><rdf:Description rdf:about="http://dx.doi.org/10.1016/j.dib.2021.107698"><dct:format>application/xml</dct:format><dct:title>Dataset: COVID-19 epidemic policy and events timeline (Sweden)</dct:title><dct:creator>Tobias Olofsson</dct:creator><dct:creator>Andreas Vilhelmsson</dct:creator><dct:subject><rdf:Bag><rdf:li>COVID-19</rdf:li><rdf:li>Sweden</rdf:li><rdf:li>Timeline</rdf:li><rdf:li>Qualitative data</rdf:li><rdf:li>Archival material</rdf:li><rdf:li>Swedish strategy</rdf:li><rdf:li>Pandemic governance</rdf:li><rdf:li>Public Health</rdf:li></rdf:Bag></dct:subject><dct:description>Data in Brief 40 (2022). doi:10.1016/j.dib.2021.107698</dct:description><prism:aggregationType>journal</prism:aggregationType><prism:publicationName>Data in Brief</prism:publicationName><prism:copyright>&#169; 2021 The Author(s). Published by Elsevier Inc.</prism:copyright><dct:publisher>Elsevier Inc.</dct:publisher><prism:issn>2352-3409</prism:issn><prism:volume>40</prism:volume><prism:coverDisplayDate>February 2022</prism:coverDisplayDate><prism:doi>10.1016/j.dib.2021.107698</prism:doi><prism:url>http://dx.doi.org/10.1016/j.dib.2021.107698</prism:url><dct:identifier>doi:10.1016/j.dib.2021.107698</dct:identifier><bam:articleNumber>107698</bam:articleNumber><oa:openAccessInformation><oa:openAccessStatus xmlns:xsi="http://www.w3.org/2001/XMLSchema-instance">http://vtw.elsevier.com/data/voc/oa/OpenAccessStatus#Full</oa:openAccessStatus><oa:openAccessEffective xmlns:xsi="http://www.w3.org/2001/XMLSchema-instance">2021-12-09T14:00:50Z</oa:openAccessEffective><oa:sponsor xmlns:xsi="http://www.w3.org/2001/XMLSchema-instance"><oa:sponsorName>Sweden Institutes</oa:sponsorName><oa:sponsorType>http://vtw.elsevier.com/data/voc/oa/SponsorType#FundingBody</oa:sponsorType></oa:sponsor><oa:userLicense xmlns:xsi="http://www.w3.org/2001/XMLSchema-instance">http://creativecommons.org/licenses/by/4.0/</oa:userLicense></oa:openAccessInformation><cp:licenseLine xmlns:xsi="http://www.w3.org/2001/XMLSchema-instance">This is an open access article under the CC BY license.</cp:licenseLine></rdf:Description></rdf:RDF><dp:document-properties><dp:aggregation-type>Journals</dp:aggregation-type><dp:version-number>S250.1</dp:version-number></dp:document-properties><ja:article docsubtype="dat" version="5.6" xml:lang="en"><ja:item-info><ja:jid>DIB</ja:jid><ja:aid>107698</ja:aid><ce:article-number>107698</ce:article-number><ce:pii>S2352-3409(21)00973-2</ce:pii><ce:doi>10.1016/j.dib.2021.107698</ce:doi><ce:copyright type="other" year="2021">The Authors</ce:copyright></ja:item-info><ja:head><ce:dochead id="dchd0001"><ce:textfn id="dhtxt0001">Data Article</ce:textfn></ce:dochead><ce:title id="tte0002">Dataset: COVID-19 epidemic policy and events timeline (Sweden)</ce:title><ce:author-group id="aut0001"><ce:author id="au0001" author-id="S2352340921009732-3cf5543caaac5545d5d73e5e21d22153" orcid="0000-0002-0289-1826"><ce:given-name>Tobias</ce:given-name><ce:surname>Olofsson</ce:surname><ce:contributor-role role="http://credit.niso.org/contributor-roles/data-curation">Data curation</ce:contributor-role><ce:contributor-role role="http://credit.niso.org/contributor-roles/methodology">Methodology</ce:contributor-role><ce:contributor-role role="http://credit.niso.org/contributor-roles/writing-review-editing">Writing &#x2013; review &amp; editing</ce:contributor-role><ce:cross-ref refid="aff0001"><ce:sup loc="post">a</ce:sup></ce:cross-ref><ce:cross-ref refid="cor0001"><ce:sup loc="post">&#x204e;</ce:sup></ce:cross-ref><ce:e-address id="ead0001" type="email" xlink:href="mailto:tobias.olofsson@soc.lu.se">tobias.olofsson@soc.lu.se</ce:e-address><ce:e-address id="ea3" type="social-media" xlink:href="https://twitter.com/OlofssonTbs">@OlofssonTbs</ce:e-address></ce:author><ce:author id="au0002" author-id="S2352340921009732-0b30d82fe70055ca87cc5b4030c9e1dd" orcid="0000-0002-6635-8182"><ce:given-name>Andreas</ce:given-name><ce:surname>Vilhelmsson</ce:surname><ce:contributor-role role="http://credit.niso.org/contributor-roles/conceptualization">Conceptualization</ce:contributor-role><ce:contributor-role role="http://credit.niso.org/contributor-roles/methodology">Methodology</ce:contributor-role><ce:contributor-role role="http://credit.niso.org/contributor-roles/data-curation">Data curation</ce:contributor-role><ce:cross-ref refid="aff0002"><ce:sup loc="post">b</ce:sup></ce:cross-ref><ce:e-address id="ea3a" type="social-media" xlink:href="https://twitter.com/andvilhelm">@andvilhelm</ce:e-address></ce:author><ce:affiliation id="aff0001" affiliation-id="S2352340921009732-efa197143e2c2b55c493a6c32f32f7d5"><ce:label>a</ce:label><ce:textfn id="cetextfn0001">Department of Sociology, Lund University, Sweden</ce:textfn><sa:affiliation><sa:organization>Department of Sociology</sa:organization><sa:organization>Lund University</sa:organization><sa:country>Sweden</sa:country></sa:affiliation><ce:source-text id="staff0001">aDepartment of Sociology, Lund University, Sweden</ce:source-text></ce:affiliation><ce:affiliation id="aff0002" affiliation-id="S2352340921009732-0874963ce1d0bf37c8cc69a727501800"><ce:label>b</ce:label><ce:textfn id="cetextfn0002">Department of Laboratory Medicine, Division of Occupational and Environmental Medicine, Lund University, Sweden</ce:textfn><sa:affiliation><sa:organization>Department of Laboratory Medicine</sa:organization><sa:organization>Division of Occupational and Environmental Medicine</sa:organization><sa:organization>Lund University</sa:organization><sa:country>Sweden</sa:country></sa:affiliation><ce:source-text id="staff0002">bDepartment of Laboratory Medicine, Division of Occupational and Environmental Medicine, Lund University, Sweden</ce:source-text></ce:affiliation><ce:correspondence id="cor0001"><ce:label>&#x204e;</ce:label><ce:text id="cetext0001">Corresponding author.</ce:text></ce:correspondence></ce:author-group><ce:date-received day="15" month="9" year="2021"/><ce:date-revised day="23" month="11" year="2021"/><ce:date-accepted day="8" month="12" year="2021"/><ce:abstract id="abs0001" view="all" class="author"><ce:section-title id="cesectitle0001">Abstract</ce:section-title><ce:abstract-sec id="abss0001" view="all"><ce:simple-para id="spara001" view="all">The Swedish approach to managing the 2020-2021 COVID-19 pandemic has received significant attention in international scholarly work and press. For this dataset, we have reviewed governmental and media archives to build a detailed timeline that chronicles significant policies, interventions, and events in the Swedish management of COVID-19. The dataset contains summary descriptions of what took place, when it happened, and who the principal actors involved were. Links to primary sources are provided for each entry. Because of the level of detail and saturation, the dataset offers a detailed account of Swedish pandemic governance and will benefit anyone working on Swedish pandemic management or doing comparative work between Sweden and other jurisdictions.</ce:simple-para></ce:abstract-sec></ce:abstract><ce:keywords id="keys0001" view="all" class="keyword"><ce:section-title id="cesectitle0002">Keywords</ce:section-title><ce:keyword id="key0001"><ce:text id="cetext0002">COVID-19</ce:text></ce:keyword><ce:keyword id="key0002"><ce:text id="cetext0003">Sweden</ce:text></ce:keyword><ce:keyword id="key0003"><ce:text id="cetext0004">Timeline</ce:text></ce:keyword><ce:keyword id="key0004"><ce:text id="cetext0005">Qualitative data</ce:text></ce:keyword><ce:keyword id="key0005"><ce:text id="cetext0006">Archival material</ce:text></ce:keyword><ce:keyword id="key0006"><ce:text id="cetext0007">Swedish strategy</ce:text></ce:keyword><ce:keyword id="key0007"><ce:text id="cetext0008">Pandemic governance</ce:text></ce:keyword><ce:keyword id="key0008"><ce:text id="cetext0009">Public Health</ce:text></ce:keyword></ce:keywords></ja:head></ja:article></doc:document>
