<doc:document xmlns:doc="http://www.elsevier.com/xml/document/schema" xmlns:dp="http://www.elsevier.com/xml/common/doc-properties/schema" xmlns:cps="http://www.elsevier.com/xml/common/consyn-properties/schema" xmlns:rdf="http://www.w3.org/1999/02/22-rdf-syntax-ns#" xmlns:dct="http://purl.org/dc/terms/" xmlns:prism="http://prismstandard.org/namespaces/basic/2.0/" xmlns:oa="http://vtw.elsevier.com/data/ns/properties/OpenAccess-1/" xmlns:bam="http://vtw.elsevier.com/data/voc/ns/bam-vtw-1/" xmlns:cp="http://vtw.elsevier.com/data/ns/properties/Copyright-1/" xmlns:cja="http://www.elsevier.com/xml/cja/schema" xmlns:ja="http://www.elsevier.com/xml/ja/schema" xmlns:bk="http://www.elsevier.com/xml/bk/schema" xmlns:ce="http://www.elsevier.com/xml/common/schema" xmlns:mml="http://www.w3.org/1998/Math/MathML" xmlns:cals="http://www.elsevier.com/xml/common/cals/schema" xmlns:tb="http://www.elsevier.com/xml/common/table/schema" xmlns:sa="http://www.elsevier.com/xml/common/struct-aff/schema" xmlns:sb="http://www.elsevier.com/xml/common/struct-bib/schema" xmlns:xlink="http://www.w3.org/1999/xlink"><rdf:RDF><rdf:Description rdf:about="http://dx.doi.org/10.1016/j.fufo.2022.100115"><dct:format>application/xml</dct:format><dct:title>Comparative study on the hedonic and fuzzy logic based sensory analysis of formulated soup mix</dct:title><dct:creator>Jagan Karthik Sugumar</dct:creator><dct:creator>Proshanta Guha</dct:creator><dct:subject><rdf:Bag><rdf:li>Hedonic sensory analysis</rdf:li><rdf:li>Fuzzy logic analysis</rdf:li><rdf:li>Functional soup</rdf:li><rdf:li>Solanum nigrum</rdf:li><rdf:li>Sensory attributes</rdf:li></rdf:Bag></dct:subject><dct:description>Future Foods 5 (2022). doi:10.1016/j.fufo.2022.100115</dct:description><prism:aggregationType>journal</prism:aggregationType><prism:publicationName>Future Foods</prism:publicationName><prism:copyright>&#169; 2022 The Authors. Published by Elsevier B.V.</prism:copyright><dct:publisher>Elsevier B.V.</dct:publisher><prism:issn>2666-8335</prism:issn><prism:volume>5</prism:volume><prism:coverDisplayDate>June 2022</prism:coverDisplayDate><prism:doi>10.1016/j.fufo.2022.100115</prism:doi><prism:url>http://dx.doi.org/10.1016/j.fufo.2022.100115</prism:url><dct:identifier>doi:10.1016/j.fufo.2022.100115</dct:identifier><bam:articleNumber>100115</bam:articleNumber><oa:openAccessInformation><oa:openAccessStatus xmlns:xsi="http://www.w3.org/2001/XMLSchema-instance">http://vtw.elsevier.com/data/voc/oa/OpenAccessStatus#Full</oa:openAccessStatus><oa:openAccessEffective xmlns:xsi="http://www.w3.org/2001/XMLSchema-instance">2022-01-16T15:09:57Z</oa:openAccessEffective><oa:sponsor xmlns:xsi="http://www.w3.org/2001/XMLSchema-instance"><oa:sponsorName>India: LE Tracking</oa:sponsorName><oa:sponsorType>http://vtw.elsevier.com/data/voc/oa/SponsorType#FundingBody</oa:sponsorType></oa:sponsor><oa:userLicense xmlns:xsi="http://www.w3.org/2001/XMLSchema-instance">http://creativecommons.org/licenses/by-nc-nd/4.0/</oa:userLicense></oa:openAccessInformation><cp:licenseLine xmlns:xsi="http://www.w3.org/2001/XMLSchema-instance">This is an open access article under the CC BY-NC-ND license.</cp:licenseLine></rdf:Description></rdf:RDF><dp:document-properties><dp:aggregation-type>Journals</dp:aggregation-type><dp:version-number>S250.1</dp:version-number></dp:document-properties><ja:article docsubtype="fla" version="5.6" xml:lang="en"><ja:item-info><ja:jid>FUFO</ja:jid><ja:aid>100115</ja:aid><ce:article-number>100115</ce:article-number><ce:pii>S2666-8335(22)00003-X</ce:pii><ce:doi>10.1016/j.fufo.2022.100115</ce:doi><ce:copyright type="other" year="2022">The Authors</ce:copyright></ja:item-info><ja:head><ce:title id="tte0002">Comparative study on the hedonic and fuzzy logic based sensory analysis of formulated soup mix</ce:title><ce:author-group id="aut0001"><ce:author id="au0001" author-id="S266683352200003X-93280cc65a16ddc547beeabc75db0960" orcid="0000-0002-6232-6976"><ce:given-name>Jagan Karthik</ce:given-name><ce:surname>Sugumar</ce:surname><ce:cross-ref refid="cor0001"><ce:sup loc="post">&#x204e;</ce:sup></ce:cross-ref><ce:e-address id="ead0001" type="email" xlink:href="mailto:s.jagankarthik@gmail.com">s.jagankarthik@gmail.com</ce:e-address></ce:author><ce:author id="au0002" author-id="S266683352200003X-a8a3f919fe69a46b0cd4e737fca8bf1a"><ce:given-name>Proshanta</ce:given-name><ce:surname>Guha</ce:surname></ce:author><ce:affiliation id="aff0001" affiliation-id="S266683352200003X-729ba17127540df43654af2fdcdc0f8f"><ce:textfn id="cetextfn0001">Agricultural and Food Engineering Department, Indian Institute of Technology Kharagpur, West Bengal, India</ce:textfn><sa:affiliation><sa:organization>Agricultural and Food Engineering Department</sa:organization><sa:organization>Indian Institute of Technology Kharagpur</sa:organization><sa:state>West Bengal</sa:state><sa:country>India</sa:country></sa:affiliation><ce:source-text id="staff0001">Agricultural and Food Engineering Department, Indian Institute of Technology Kharagpur, West Bengal, India</ce:source-text></ce:affiliation><ce:correspondence id="cor0001"><ce:label>&#x204e;</ce:label><ce:text id="cetext0001">Corresponding author.</ce:text></ce:correspondence></ce:author-group><ce:date-received day="28" month="8" year="2021"/><ce:date-revised day="7" month="1" year="2022"/><ce:date-accepted day="16" month="1" year="2022"/><ce:abstract id="abs0001" class="author-highlights" view="all"><ce:section-title id="cesectitle0001">Highlights</ce:section-title><ce:abstract-sec id="abss0001" view="all"><ce:simple-para id="spara011" view="all"><ce:list id="celist0001"><ce:list-item id="celistitem0001"><ce:label>1</ce:label><ce:para id="para0001" view="all">Flavour, Taste and Mouthfeel influence overall acceptance of formulated soups.</ce:para></ce:list-item><ce:list-item id="celistitem0002"><ce:label>2</ce:label><ce:para id="para0002" view="all">3% leaf-powder, 35% starch and 62% spice-mix combo was preferred hedonically.</ce:para></ce:list-item><ce:list-item id="celistitem0003"><ce:label>3</ce:label><ce:para id="para0003" view="all">Based on correlation &amp; linear regression Flavour was the critical sensory attribute.</ce:para></ce:list-item><ce:list-item id="celistitem0004"><ce:label>4</ce:label><ce:para id="para0004" view="all">1% leaf-powder, 28% starch and 68% spice-mix had highest SI in Fuzzy analysis.</ce:para></ce:list-item></ce:list></ce:simple-para></ce:abstract-sec></ce:abstract><ce:abstract id="abs0002" view="all" class="author"><ce:section-title id="cesectitle0002">Abstract</ce:section-title><ce:abstract-sec id="abss0002" view="all"><ce:simple-para id="spara012" view="all">The functional soup formulated with leaves of <ce:italic>Solanum nigrum</ce:italic>, an underutilized food crop, was studied for the comparison between two different types of sensory analysis to identify the sample with the most preferable sensory acceptability and to determine the sensory attribute that influences the overall acceptability of the product. Hedonic scale analysis and Fuzzy logic sensory analysis were performed on 11 combinations of formulated soup mix obtained by D-optimal mixture design. The hedonic and fuzzy logic analysis revealed that flavour and taste had higher contribution towards overall acceptability of the soup, based on hedonic sensory score and higher similarity index values. The consumers preferred these parameters primarily and these influenced towards the consumer acceptability of the product. Linear regression analysis and Pearson's correlation of the hedonic data expressed that flavour and taste had major influence and correlation to the overall acceptability. The soup samples with moderate levels of leaf powder (3%), starch (35%) and spice mix (62%) were found to be the most organoleptically acceptable hedonically amongst all 11 combinations with the highest hedonic sensory score of 6.4 but based on fuzzy analysis sample 3 of leaf powder (1%), starch (28%) and spice mix (68%) had higher similarity index of 0.92.</ce:simple-para></ce:abstract-sec></ce:abstract><ce:abstract id="abs0003" class="graphical" view="all"><ce:section-title id="cesectitle0003">Graphical abstract</ce:section-title><ce:abstract-sec id="abss0003" view="all"><ce:simple-para id="spara014" view="all"> [Display omitted] </ce:simple-para></ce:abstract-sec></ce:abstract><ce:keywords id="keys0001" view="all" class="keyword"><ce:section-title id="cesectitle0004">Keywords</ce:section-title><ce:keyword id="key0001"><ce:text id="cetext0002">Hedonic sensory analysis</ce:text></ce:keyword><ce:keyword id="key0002"><ce:text id="cetext0003">Fuzzy logic analysis</ce:text></ce:keyword><ce:keyword id="key0003"><ce:text id="cetext0004">Functional soup</ce:text></ce:keyword><ce:keyword id="key0004"><ce:text id="cetext0005"><ce:italic>Solanum nigrum</ce:italic></ce:text></ce:keyword><ce:keyword id="key0005"><ce:text id="cetext0006">Sensory attributes</ce:text></ce:keyword></ce:keywords></ja:head></ja:article></doc:document>
