<doc:document xmlns:doc="http://www.elsevier.com/xml/document/schema" xmlns:dp="http://www.elsevier.com/xml/common/doc-properties/schema" xmlns:cps="http://www.elsevier.com/xml/common/consyn-properties/schema" xmlns:rdf="http://www.w3.org/1999/02/22-rdf-syntax-ns#" xmlns:dct="http://purl.org/dc/terms/" xmlns:prism="http://prismstandard.org/namespaces/basic/2.0/" xmlns:oa="http://vtw.elsevier.com/data/ns/properties/OpenAccess-1/" xmlns:bam="http://vtw.elsevier.com/data/voc/ns/bam-vtw-1/" xmlns:cp="http://vtw.elsevier.com/data/ns/properties/Copyright-1/" xmlns:cja="http://www.elsevier.com/xml/cja/schema" xmlns:ja="http://www.elsevier.com/xml/ja/schema" xmlns:bk="http://www.elsevier.com/xml/bk/schema" xmlns:ce="http://www.elsevier.com/xml/common/schema" xmlns:mml="http://www.w3.org/1998/Math/MathML" xmlns:cals="http://www.elsevier.com/xml/common/cals/schema" xmlns:tb="http://www.elsevier.com/xml/common/table/schema" xmlns:sa="http://www.elsevier.com/xml/common/struct-aff/schema" xmlns:sb="http://www.elsevier.com/xml/common/struct-bib/schema" xmlns:xlink="http://www.w3.org/1999/xlink"><rdf:RDF><rdf:Description rdf:about="http://dx.doi.org/10.1016/j.fsiae.2022.100041"><dct:format>application/xml</dct:format><dct:title>Investigating the Utility of a Handheld X-Ray Fluorescence (XRF) Device as a Field Test for Suspected Ivory</dct:title><dct:creator>Mark J. McLellan</dct:creator><dct:creator>Kelly L. Carrothers</dct:creator><dct:creator>Ashley M. Spicer</dct:creator><dct:subject><rdf:Bag><rdf:li>Ivory</rdf:li><rdf:li>XRF</rdf:li><rdf:li>Forensic</rdf:li><rdf:li>Field test</rdf:li><rdf:li>Ca/P ratio</rdf:li><rdf:li>LE percentage</rdf:li></rdf:Bag></dct:subject><dct:description>Forensic Science International: Animals and Environments, Journal Pre-proof. doi:10.1016/j.fsiae.2022.100041</dct:description><prism:aggregationType>journal</prism:aggregationType><prism:publicationName>Forensic Science International: Animals and Environments</prism:publicationName><prism:copyright>Published by Elsevier B.V.</prism:copyright><dct:publisher>Elsevier B.V.</dct:publisher><prism:issn>2666-9374</prism:issn><prism:doi>10.1016/j.fsiae.2022.100041</prism:doi><prism:url>http://dx.doi.org/10.1016/j.fsiae.2022.100041</prism:url><dct:identifier>doi:10.1016/j.fsiae.2022.100041</dct:identifier><bam:articleNumber>100041</bam:articleNumber><oa:openAccessInformation><oa:openAccessStatus xmlns:xsi="http://www.w3.org/2001/XMLSchema-instance">http://vtw.elsevier.com/data/voc/oa/OpenAccessStatus#Full</oa:openAccessStatus><oa:openAccessEffective xmlns:xsi="http://www.w3.org/2001/XMLSchema-instance">2022-01-25T01:53:36Z</oa:openAccessEffective><oa:sponsor xmlns:xsi="http://www.w3.org/2001/XMLSchema-instance"><oa:sponsorType>http://vtw.elsevier.com/data/voc/oa/SponsorType#Author</oa:sponsorType></oa:sponsor><oa:userLicense xmlns:xsi="http://www.w3.org/2001/XMLSchema-instance">http://creativecommons.org/licenses/by-nc-nd/4.0/</oa:userLicense></oa:openAccessInformation><cp:licenseLine xmlns:xsi="http://www.w3.org/2001/XMLSchema-instance">This is an open access article under the CC BY-NC-ND license.</cp:licenseLine></rdf:Description></rdf:RDF><dp:document-properties><dp:aggregation-type>Journals</dp:aggregation-type><dp:version-number>S5.1</dp:version-number></dp:document-properties><ja:article docsubtype="fla" xml:lang="en" version="5.6"><ja:item-info><ja:jid>FSIAE</ja:jid><ja:aid>100041</ja:aid><ce:article-number>100041</ce:article-number><ce:pii>S2666-9374(22)00001-4</ce:pii><ce:doi>10.1016/j.fsiae.2022.100041</ce:doi><ce:copyright type="unknown" year="2022"/></ja:item-info><ja:head><ce:title id="tit0005">Investigating the Utility of a Handheld X-Ray Fluorescence (XRF) Device as a Field Test for Suspected Ivory</ce:title><ce:author-group id="ag0005"><ce:author id="au0005" author-id="S2666937422000014-5afff6a25fdf1e99f3d8c0c442cd81ad"><ce:given-name>Mark J.</ce:given-name><ce:surname>McLellan</ce:surname><ce:cross-ref refid="aff0005"><ce:sup loc="post">a</ce:sup></ce:cross-ref><ce:cross-ref refid="cor1"><ce:sup loc="post">&#x204e;</ce:sup></ce:cross-ref><ce:e-address id="eadd0005" type="email" xlink:href="mailto:mjmclellan@ucdavis.edu">mjmclellan@ucdavis.edu</ce:e-address></ce:author><ce:author id="au0010" author-id="S2666937422000014-64c00f0809bbe6ef7424538fed5f3cfa"><ce:given-name>Kelly L.</ce:given-name><ce:surname>Carrothers</ce:surname><ce:cross-ref refid="aff0010"><ce:sup loc="post">b</ce:sup></ce:cross-ref></ce:author><ce:author id="au0015" author-id="S2666937422000014-354d80d172d58a3c18f6a72074207ca0"><ce:given-name>Ashley M.</ce:given-name><ce:surname>Spicer</ce:surname><ce:cross-ref refid="aff0005"><ce:sup loc="post">a</ce:sup></ce:cross-ref></ce:author><ce:affiliation id="aff0005" affiliation-id="S2666937422000014-1abedeb7b4202c53f0d50c37055be96d"><ce:label>a</ce:label><ce:textfn>California Department of Fish and Wildlife, Wildlife Forensics Laboratory, 1415 North Market Blvd. Suite 3, Sacramento, CA, 95834, USA</ce:textfn><sa:affiliation><sa:organization>California Department of Fish and Wildlife, Wildlife Forensics Laboratory, 1415 North Market Blvd. Suite 3</sa:organization><sa:city>Sacramento</sa:city><sa:state>CA</sa:state><sa:postal-code>95834</sa:postal-code><sa:country>USA</sa:country></sa:affiliation><ce:source-text id="srct0005">California Department of Fish and Wildlife, Wildlife Forensics Laboratory, 1415 North Market Blvd. Suite 3, Sacramento, CA, 95834, USA</ce:source-text></ce:affiliation><ce:affiliation id="aff0010" affiliation-id="S2666937422000014-571c065513f7c71ac72fcae934012ed3"><ce:label>b</ce:label><ce:textfn>California Department of Fish and Wildlife, Genetic Research Laboratory, 1415 North Market Blvd. Suite 9, Sacramento, CA, 95834, USA</ce:textfn><sa:affiliation><sa:organization>California Department of Fish and Wildlife, Genetic Research Laboratory, 1415 North Market Blvd. Suite 9</sa:organization><sa:city>Sacramento</sa:city><sa:state>CA</sa:state><sa:postal-code>95834</sa:postal-code><sa:country>USA</sa:country></sa:affiliation><ce:source-text id="srct0010">California Department of Fish and Wildlife, Genetic Research Laboratory, 1415 North Market Blvd. Suite 9, Sacramento, CA, 95834, USA</ce:source-text></ce:affiliation><ce:correspondence id="cor1"><ce:label>&#x204e;</ce:label><ce:text>Corresponding author.</ce:text></ce:correspondence></ce:author-group><ce:date-received day="22" month="10" year="2021"/><ce:date-revised day="21" month="12" year="2021"/><ce:date-accepted day="18" month="1" year="2022"/><ce:abstract id="ab0005" view="all" class="author"><ce:section-title id="sect0005">Abstract</ce:section-title><ce:abstract-sec id="abs0005" view="all"><ce:simple-para id="sp0025" view="all">Forensic or field investigators can use X-ray fluorescence (XRF) to determine the elemental profile of an item. The elemental composition of an item can subsequently be used to identify the source of that item when compared with the elemental compositions of known potential source materials. For example, illegal trafficking of animal parts, including ivory, requires investigators to identify that an item originated from an animal source. Here, we describe a quick and effective field test that enables law enforcement officers to differentiate genuine ivory, bone, and antler from fake ivory, and to seize genuine ivory items with greater certainty. We used a handheld XRF device to scan 445 items from 9 categories to represent a range of biological and non-biological materials that may be encountered in the field. We established an XRF Ivory Flowchart with ranges for ivory based on a calcium to phosphorus (Ca/P) ratio of 1.2-4.0 and a light element (LE) percentage range of 27%-76%. Four volunteers used the XRF device to scan 21 items (9 ivory and 12 non-ivory items) in combination with the XRF Ivory Flowchart to effectively identify 97% of the ivory items and to eliminate 83% of the non-ivory items. We believe the utility of the XRF device combined with the XRF Ivory Flowchart provides law enforcement officers with a valuable tool to combat illegal ivory trafficking and can assist with efforts to eliminate the poaching of protected ivory-bearing species.</ce:simple-para></ce:abstract-sec></ce:abstract><ce:abstract id="ab0010" class="author-highlights" view="all"><ce:section-title id="sect0010">Highlights</ce:section-title><ce:abstract-sec id="abs0010" view="all"><ce:simple-para id="sp0030" view="all"><ce:list id="li0005"><ce:list-item id="u0005"><ce:label>&#x2022;</ce:label><ce:para id="p0005" view="all">Developed an XRF Ivory Flowchart to assist field officers in rapid screening of suspected ivory items using Ca/P ratio and LE percentage ranges.</ce:para></ce:list-item><ce:list-item id="u0010"><ce:label>&#x2022;</ce:label><ce:para id="p0010" view="all">The XRF field test enables law enforcement officers to differentiate biological from non-biological materials when morphological features are not visible, eliminating unnecessary processing of non-probative evidence that might otherwise be seized.</ce:para></ce:list-item><ce:list-item id="u0015"><ce:label>&#x2022;</ce:label><ce:para id="p0015" view="all">XRF field screening is non-destructive, portable, and requires minimal training.</ce:para></ce:list-item></ce:list></ce:simple-para></ce:abstract-sec></ce:abstract><ce:keywords id="keys0005" class="keyword" view="all"><ce:section-title id="sect0015">Keywords</ce:section-title><ce:keyword id="key0005"><ce:text>Ivory</ce:text></ce:keyword><ce:keyword id="key0010"><ce:text>XRF</ce:text></ce:keyword><ce:keyword id="key0015"><ce:text>Forensic</ce:text></ce:keyword><ce:keyword id="key0020"><ce:text>Field test</ce:text></ce:keyword><ce:keyword id="key0025"><ce:text>Ca/P ratio</ce:text></ce:keyword><ce:keyword id="key0030"><ce:text>LE percentage</ce:text></ce:keyword></ce:keywords></ja:head></ja:article></doc:document>
