<doc:document xmlns:doc="http://www.elsevier.com/xml/document/schema" xmlns:dp="http://www.elsevier.com/xml/common/doc-properties/schema" xmlns:cps="http://www.elsevier.com/xml/common/consyn-properties/schema" xmlns:rdf="http://www.w3.org/1999/02/22-rdf-syntax-ns#" xmlns:dct="http://purl.org/dc/terms/" xmlns:prism="http://prismstandard.org/namespaces/basic/2.0/" xmlns:oa="http://vtw.elsevier.com/data/ns/properties/OpenAccess-1/" xmlns:bam="http://vtw.elsevier.com/data/voc/ns/bam-vtw-1/" xmlns:cp="http://vtw.elsevier.com/data/ns/properties/Copyright-1/" xmlns:cja="http://www.elsevier.com/xml/cja/schema" xmlns:ja="http://www.elsevier.com/xml/ja/schema" xmlns:bk="http://www.elsevier.com/xml/bk/schema" xmlns:ce="http://www.elsevier.com/xml/common/schema" xmlns:mml="http://www.w3.org/1998/Math/MathML" xmlns:cals="http://www.elsevier.com/xml/common/cals/schema" xmlns:tb="http://www.elsevier.com/xml/common/table/schema" xmlns:sa="http://www.elsevier.com/xml/common/struct-aff/schema" xmlns:sb="http://www.elsevier.com/xml/common/struct-bib/schema" xmlns:xlink="http://www.w3.org/1999/xlink"><rdf:RDF><rdf:Description rdf:about="http://dx.doi.org/10.1016/j.dib.2022.107861"><dct:format>application/xml</dct:format><dct:title>Allium test genotoxicity data on water from river valley of Irtysh, West Siberia</dct:title><dct:creator>Dmitry S. Pesnya</dct:creator><dct:creator>Sergey E. Bolotov</dct:creator><dct:subject><rdf:Bag><rdf:li>Allium test</rdf:li><rdf:li>Mutation research</rdf:li><rdf:li>Chromosomal aberrations</rdf:li><rdf:li>Micronuclei</rdf:li><rdf:li>Siberia</rdf:li><rdf:li>Irtysh river</rdf:li><rdf:li>Floodplain</rdf:li></rdf:Bag></dct:subject><dct:description>Data in Brief, Uncorrected proof. doi:10.1016/j.dib.2022.107861</dct:description><prism:aggregationType>journal</prism:aggregationType><prism:publicationName>Data in Brief</prism:publicationName><prism:copyright>&#169; 2022 The Author(s). Published by Elsevier Inc.</prism:copyright><dct:publisher>Elsevier Inc.</dct:publisher><prism:issn>2352-3409</prism:issn><prism:doi>10.1016/j.dib.2022.107861</prism:doi><prism:url>http://dx.doi.org/10.1016/j.dib.2022.107861</prism:url><dct:identifier>doi:10.1016/j.dib.2022.107861</dct:identifier><bam:articleNumber>107861</bam:articleNumber><oa:openAccessInformation><oa:openAccessStatus xmlns:xsi="http://www.w3.org/2001/XMLSchema-instance">http://vtw.elsevier.com/data/voc/oa/OpenAccessStatus#Full</oa:openAccessStatus><oa:openAccessEffective xmlns:xsi="http://www.w3.org/2001/XMLSchema-instance">2022-01-20T12:52:06Z</oa:openAccessEffective><oa:sponsor xmlns:xsi="http://www.w3.org/2001/XMLSchema-instance"><oa:sponsorType>http://vtw.elsevier.com/data/voc/oa/SponsorType#Author</oa:sponsorType></oa:sponsor><oa:userLicense xmlns:xsi="http://www.w3.org/2001/XMLSchema-instance">http://creativecommons.org/licenses/by/4.0/</oa:userLicense></oa:openAccessInformation><cp:licenseLine xmlns:xsi="http://www.w3.org/2001/XMLSchema-instance">This is an open access article under the CC BY license.</cp:licenseLine></rdf:Description></rdf:RDF><dp:document-properties><dp:aggregation-type>Journals</dp:aggregation-type><dp:version-number>S100.1</dp:version-number></dp:document-properties><ja:article docsubtype="dat" version="5.6" xml:lang="en"><ja:item-info><ja:jid>DIB</ja:jid><ja:aid>107861</ja:aid><ce:article-number>107861</ce:article-number><ce:pii>S2352-3409(22)00073-7</ce:pii><ce:doi>10.1016/j.dib.2022.107861</ce:doi><ce:copyright type="unknown" year="2022"/></ja:item-info><ja:head><ce:dochead id="dchd0001"><ce:textfn id="dhtxt0001">Data Article</ce:textfn></ce:dochead><ce:title id="tte0002">Allium test genotoxicity data on water from river valley of Irtysh, West Siberia</ce:title><ce:author-group id="aut0001"><ce:author id="au0001" author-id="S2352340922000737-35a4644c77966615a33477c525b24723" orcid="0000-0001-9741-1313"><ce:given-name>Dmitry S.</ce:given-name><ce:surname>Pesnya</ce:surname><ce:cross-ref refid="aff0001"><ce:sup loc="post">a</ce:sup></ce:cross-ref><ce:cross-ref refid="cor0001"><ce:sup loc="post">&#x204e;</ce:sup></ce:cross-ref><ce:e-address id="ead0001" type="email" xlink:href="mailto:ihildetann@gmail.com">ihildetann@gmail.com</ce:e-address><ce:e-address id="ead0002" type="social-media" xlink:href="https://twitter.com/pesnyaibiw.ru">pesnya@ibiw.ru</ce:e-address></ce:author><ce:author id="au0002" author-id="S2352340922000737-b3531c75c3a8b4bbf788fa473e53606a" orcid="0000-0002-3096-0913"><ce:given-name>Sergey E.</ce:given-name><ce:surname>Bolotov</ce:surname><ce:cross-ref refid="aff0001"><ce:sup loc="post">a</ce:sup></ce:cross-ref><ce:cross-ref refid="aff0002"><ce:sup loc="post">b</ce:sup></ce:cross-ref><ce:cross-ref refid="aff0003"><ce:sup loc="post">c</ce:sup></ce:cross-ref></ce:author><ce:affiliation id="aff0001" affiliation-id="S2352340922000737-e6a33c2b3b7ff7900d348018bc663fbd"><ce:label>a</ce:label><ce:textfn id="cetextfn0001">Papanin Institute for Biology of Inland Waters Russian Academy of Sciences, Yaroslavl Region, Nekoyz District, 152742 Borok, Russia</ce:textfn><sa:affiliation><sa:organization>Papanin Institute for Biology of Inland Waters Russian Academy of Sciences</sa:organization><sa:organization>Yaroslavl Region</sa:organization><sa:city>Nekoyz District</sa:city><sa:state>Borok</sa:state><sa:postal-code>152742</sa:postal-code><sa:country>Russia</sa:country></sa:affiliation><ce:source-text id="staff0001">aPapanin Institute for Biology of Inland Waters Russian Academy of Sciences, Yaroslavl Region, Nekoyz District, 152742 Borok, Russia</ce:source-text></ce:affiliation><ce:affiliation id="aff0002" affiliation-id="S2352340922000737-b13a31a27fd18e80bf3db29284687beb"><ce:label>b</ce:label><ce:textfn id="cetextfn0002">Laboratory &#x201c;AquaBioSafe&#x201d;, Tyumen State University, Volodarskogo st., 6, 625003 Tyumen, Russia</ce:textfn><sa:affiliation><sa:organization>Laboratory &#x201c;AquaBioSafe&#x201d;</sa:organization><sa:organization>Tyumen State University</sa:organization><sa:address-line>Volodarskogo st., 6</sa:address-line><sa:city>Tyumen</sa:city><sa:postal-code>625003</sa:postal-code><sa:country>Russia</sa:country></sa:affiliation><ce:source-text id="staff0002">bLaboratory &#x201c;AquaBioSafe&#x201d;, Tyumen State University, Volodarskogo st., 6, 625003 Tyumen, Russia</ce:source-text></ce:affiliation><ce:affiliation id="aff0003" affiliation-id="S2352340922000737-8ab7e8b2db1833126f8c90015edc1ac5"><ce:label>c</ce:label><ce:textfn id="cetextfn0003">Higher Environmental School, Ugra State University, Chekhova st., 16, 628011 Khanty-Mansiysk, Russia</ce:textfn><sa:affiliation><sa:organization>Higher Environmental School</sa:organization><sa:organization>Ugra State University</sa:organization><sa:address-line>Chekhova st., 16</sa:address-line><sa:city>Khanty-Mansiysk</sa:city><sa:postal-code>628011</sa:postal-code><sa:country>Russia</sa:country></sa:affiliation><ce:source-text id="staff0003">cHigher Environmental School, Ugra State University, Chekhova st., 16, 628011 Khanty-Mansiysk, Russia</ce:source-text></ce:affiliation><ce:correspondence id="cor0001"><ce:label>&#x204e;</ce:label><ce:text id="cetext0001">Corresponding author.</ce:text></ce:correspondence></ce:author-group><ce:date-received day="6" month="12" year="2021"/><ce:date-revised day="16" month="1" year="2022"/><ce:date-accepted day="19" month="1" year="2022"/><ce:abstract id="abs0001" view="all" class="author"><ce:section-title id="cesectitle0001">Abstract</ce:section-title><ce:abstract-sec id="abss0001" view="all"><ce:simple-para id="spara007" view="all">Assessment of genotoxicity of aquatic ecosystems is of great importance for environmental management and assessment of water ecological quality as well as health safety.</ce:simple-para><ce:simple-para id="spara008" view="all">Data on the genotoxicity of water in rivers of such a large region as Siberia are almost absent. Researchers do not pay enough attention to river floodplains, but such studies are important for assessing the ecological condition of the river system, because a significant part of toxic and genotoxic substances accumulates in the river floodplains</ce:simple-para><ce:simple-para id="spara009" view="all">A unique feature of the Ob-Irtysh interfluve is its vast floodplain, the largest in the Northern Hemisphere, providing key ecological functions of the territory. Originality of this river system lies not only in enormous size, but also in the exceptional duration and magnitude of spring-summer floods and the formation of complex biogeocenosis.</ce:simple-para><ce:simple-para id="spara010" view="all">In this data article we provide for the first time genotoxicity data for the Irtysh river valley (West Siberia) which is longest tributary river in the world. Water samples were collected from 5 sites: Irtysh river, floodplain sites (Jivaya river, Mukhrina river, Baybalak river) and terrace (Bog Mukhrino). Allium test was used to assess genotoxic effects. This method is one of the recommended bioassays for rapid genotoxicity screening of the water. Ana-telophase chromosomal aberration assay and micronuclei test were performed to determine genotoxic effects. Obtained data for mitotic index and other phase indexes. Data on water genotoxic effects are accompanied by data on physicochemical parameters. The data shows that the floodplain waters accumulate allochthonous organic matter, which is evidently supplied with high water. This determines the increased genotoxicity of floodplain waters. The data allow other researchers to conduct a comprehensive analysis of the genotoxicity of natural waters on the landscape gradient of a river valley (terrace-floodplain-river) and reveal possible causes of the observed effects.</ce:simple-para></ce:abstract-sec></ce:abstract><ce:keywords id="keys0001" view="all" class="keyword"><ce:section-title id="cesectitle0002">Keywords</ce:section-title><ce:keyword id="key0001"><ce:text id="cetext0002">Allium test</ce:text></ce:keyword><ce:keyword id="key0002"><ce:text id="cetext0002a">Mutation research</ce:text></ce:keyword><ce:keyword id="key0003"><ce:text id="cetext0002b">Chromosomal aberrations</ce:text></ce:keyword><ce:keyword id="key0004"><ce:text id="cetext0002c">Micronuclei</ce:text></ce:keyword><ce:keyword id="key0005"><ce:text id="cetext0002d">Siberia</ce:text></ce:keyword><ce:keyword id="key0006"><ce:text id="cetext0002e">Irtysh river</ce:text></ce:keyword><ce:keyword id="key0007"><ce:text id="cetext0002f">Floodplain</ce:text></ce:keyword></ce:keywords></ja:head></ja:article></doc:document>
