<doc:document xmlns:doc="http://www.elsevier.com/xml/document/schema" xmlns:dp="http://www.elsevier.com/xml/common/doc-properties/schema" xmlns:cps="http://www.elsevier.com/xml/common/consyn-properties/schema" xmlns:rdf="http://www.w3.org/1999/02/22-rdf-syntax-ns#" xmlns:dct="http://purl.org/dc/terms/" xmlns:prism="http://prismstandard.org/namespaces/basic/2.0/" xmlns:oa="http://vtw.elsevier.com/data/ns/properties/OpenAccess-1/" xmlns:bam="http://vtw.elsevier.com/data/voc/ns/bam-vtw-1/" xmlns:cp="http://vtw.elsevier.com/data/ns/properties/Copyright-1/" xmlns:cja="http://www.elsevier.com/xml/cja/schema" xmlns:ja="http://www.elsevier.com/xml/ja/schema" xmlns:bk="http://www.elsevier.com/xml/bk/schema" xmlns:ce="http://www.elsevier.com/xml/common/schema" xmlns:mml="http://www.w3.org/1998/Math/MathML" xmlns:cals="http://www.elsevier.com/xml/common/cals/schema" xmlns:tb="http://www.elsevier.com/xml/common/table/schema" xmlns:sa="http://www.elsevier.com/xml/common/struct-aff/schema" xmlns:sb="http://www.elsevier.com/xml/common/struct-bib/schema" xmlns:xlink="http://www.w3.org/1999/xlink"><rdf:RDF><rdf:Description rdf:about="http://dx.doi.org/10.1016/j.hnm.2022.200142"><dct:format>application/xml</dct:format><dct:title>Food security during the COVID-19 home confinement: A cross-sectional study focusing on adults in Malaysia</dct:title><dct:creator>Seok Tyug Tan</dct:creator><dct:creator>Chin Xuan Tan</dct:creator><dct:creator>Seok Shin Tan</dct:creator><dct:subject><rdf:Bag><rdf:li>Food security</rdf:li><rdf:li>COVID-19</rdf:li><rdf:li>Lockdown</rdf:li></rdf:Bag></dct:subject><dct:description>Human Nutrition &amp; Metabolism, Journal Pre-proof. doi:10.1016/j.hnm.2022.200142</dct:description><prism:aggregationType>journal</prism:aggregationType><prism:publicationName>Human Nutrition &amp; Metabolism</prism:publicationName><prism:copyright>&#169; 2022 The Authors. Published by Elsevier Inc.</prism:copyright><dct:publisher>Elsevier Inc.</dct:publisher><prism:issn>2666-1497</prism:issn><prism:doi>10.1016/j.hnm.2022.200142</prism:doi><prism:url>http://dx.doi.org/10.1016/j.hnm.2022.200142</prism:url><dct:identifier>doi:10.1016/j.hnm.2022.200142</dct:identifier><bam:articleNumber>200142</bam:articleNumber><oa:openAccessInformation><oa:openAccessStatus xmlns:xsi="http://www.w3.org/2001/XMLSchema-instance">http://vtw.elsevier.com/data/voc/oa/OpenAccessStatus#Full</oa:openAccessStatus><oa:openAccessEffective xmlns:xsi="http://www.w3.org/2001/XMLSchema-instance">2022-01-22T16:32:22Z</oa:openAccessEffective><oa:sponsor xmlns:xsi="http://www.w3.org/2001/XMLSchema-instance"><oa:sponsorType>http://vtw.elsevier.com/data/voc/oa/SponsorType#Author</oa:sponsorType></oa:sponsor><oa:userLicense xmlns:xsi="http://www.w3.org/2001/XMLSchema-instance">http://creativecommons.org/licenses/by-nc-nd/4.0/</oa:userLicense></oa:openAccessInformation><cp:licenseLine xmlns:xsi="http://www.w3.org/2001/XMLSchema-instance">This is an open access article under the CC BY-NC-ND license.</cp:licenseLine></rdf:Description></rdf:RDF><dp:document-properties><dp:aggregation-type>Journals</dp:aggregation-type><dp:version-number>S5.1</dp:version-number></dp:document-properties><ja:article docsubtype="fla" version="5.6" xml:lang="en"><ja:item-info><ja:jid>HNM</ja:jid><ja:aid>200142</ja:aid><ce:article-number>200142</ce:article-number><ce:pii>S2666-1497(22)00005-6</ce:pii><ce:doi>10.1016/j.hnm.2022.200142</ce:doi><ce:copyright type="unknown" year="2022"/></ja:item-info><ja:head><ce:title id="title0010">Food security during the COVID-19 home confinement: A cross-sectional study focusing on adults in Malaysia</ce:title><ce:author-group id="augrp0010"><ce:author id="au1" orcid="0000-0003-2492-063X" author-id="S2666149722000056-f93c6073f0ed7351e05779a73898e765"><ce:given-name>Seok Tyug</ce:given-name><ce:surname>Tan</ce:surname><ce:cross-ref refid="aff1"><ce:sup loc="post">a</ce:sup></ce:cross-ref><ce:cross-ref refid="cor1"><ce:sup loc="post">&#x2217;</ce:sup></ce:cross-ref><ce:e-address type="email" xlink:href="mailto:sttan@msu.edu.my" id="eadd0010">sttan@msu.edu.my</ce:e-address></ce:author><ce:author id="au2" author-id="S2666149722000056-fc988bbbd05fe9cca59ec22516d86cb8"><ce:given-name>Chin Xuan</ce:given-name><ce:surname>Tan</ce:surname><ce:cross-ref refid="aff2"><ce:sup loc="post">b</ce:sup></ce:cross-ref></ce:author><ce:author id="au3" orcid="0000-0002-8831-0702" author-id="S2666149722000056-0c2e7d81e8e35e375b6820d124e0d41f"><ce:given-name>Seok Shin</ce:given-name><ce:surname>Tan</ce:surname><ce:cross-ref refid="aff3"><ce:sup loc="post">c</ce:sup></ce:cross-ref></ce:author><ce:affiliation id="aff1" affiliation-id="S2666149722000056-fd15e0afe55dce0cca3478711e65d0ba"><ce:label>a</ce:label><ce:textfn>Department of Healthcare Professional, Faculty of Health and Life Sciences, Management and Science University, University Drive, off Persiaran Olahraga, Seksyen 13, 40100, Shah Alam, Selangor, Malaysia</ce:textfn><sa:affiliation><sa:organization>Department of Healthcare Professional</sa:organization><sa:organization>Faculty of Health and Life Sciences</sa:organization><sa:organization>Management and Science University</sa:organization><sa:organization>University Drive</sa:organization><sa:address-line>off Persiaran Olahraga, Seksyen 13</sa:address-line><sa:city>Shah Alam</sa:city><sa:state>Selangor</sa:state><sa:postal-code>40100</sa:postal-code><sa:country>Malaysia</sa:country></sa:affiliation><ce:source-text id="srct0010">Department of Healthcare Professional, Faculty of Health and Life Sciences, Management and Science University, University Drive, off Persiaran Olahraga, Seksyen 13, 40100 Shah Alam, Selangor, Malaysia</ce:source-text></ce:affiliation><ce:affiliation id="aff2" affiliation-id="S2666149722000056-e9a4717d84354c1632256b207925a586"><ce:label>b</ce:label><ce:textfn>Department of Allied Health Sciences, Faculty of Science, Universiti Tunku Abdul Rahman, Jalan Universiti Bandar Barat, 31900, Kampar, Perak, Malaysia</ce:textfn><sa:affiliation><sa:organization>Department of Allied Health Sciences</sa:organization><sa:organization>Faculty of Science</sa:organization><sa:organization>Universiti Tunku Abdul Rahman</sa:organization><sa:organization>Jalan Universiti Bandar Barat</sa:organization><sa:city>Kampar</sa:city><sa:state>Perak</sa:state><sa:postal-code>31900</sa:postal-code><sa:country>Malaysia</sa:country></sa:affiliation><ce:source-text id="srct0015">Department of Allied Health Sciences, Faculty of Science, Universiti Tunku Abdul Rahman, Jalan Universiti Bandar Barat, 31900 Kampar, Perak, Malaysia</ce:source-text></ce:affiliation><ce:affiliation id="aff3" affiliation-id="S2666149722000056-a2b9469dc844c6d42855c02c5d9b4015"><ce:label>c</ce:label><ce:textfn>Department of Nutrition and Dietetics, School of Health Sciences, International Medical University, Bukit Jalil, 57000, Kuala Lumpur, Malaysia</ce:textfn><sa:affiliation><sa:organization>Department of Nutrition and Dietetics</sa:organization><sa:organization>School of Health Sciences</sa:organization><sa:organization>International Medical University</sa:organization><sa:address-line>Bukit Jalil</sa:address-line><sa:city>Kuala Lumpur</sa:city><sa:postal-code>57000</sa:postal-code><sa:country>Malaysia</sa:country></sa:affiliation><ce:source-text id="srct0020">Department of Nutrition and Dietetics, School of Health Sciences, International Medical University, Bukit Jalil, 57000 Kuala Lumpur, Malaysia</ce:source-text></ce:affiliation><ce:correspondence id="cor1"><ce:label>&#x2217;</ce:label><ce:text>Corresponding author.</ce:text></ce:correspondence></ce:author-group><ce:date-received day="2" month="4" year="2021"/><ce:date-revised day="4" month="12" year="2021"/><ce:date-accepted day="22" month="1" year="2022"/><ce:abstract xml:lang="en" id="abs0010" view="all" class="author"><ce:section-title id="sectitle0010">Abstract</ce:section-title><ce:abstract-sec id="abssec0010" view="all"><ce:simple-para id="abspara0010" view="all">The surge in COVID-19 transmission cases has led to the decision to execute the Movement Control Order (MCO) by the federal government. Economic activities, psychological wellbeing, and food security may be negatively affected by the implementation of MCO. Therefore, this study aims to assess the prevalence of food insecurity and its associated factors during the enforcement of MCO 1.0. A total of 162 respondents were enrolled in this study using convenience and snowball sampling approaches. Socio-demographic information was self-reported by the respondents. Food security and the presence of depressive symptoms during the MCO 1.0 were assessed with Food Insecurity Experience Scale (FIES) and Patient Health Questionnaire-2 (PHQ-2), respectively. Current findings demonstrated that the prevalence of food insecurity was 43.2%. Ethnicity, marital status, employment status, monthly earned income and being the head of a household were significantly associated (<ce:italic>p</ce:italic>&#x202f;&lt;&#x202f;0.05) with food insecurity during the MCO 1.0. A higher odds ratio for food insecurity were observed among Malaysian Indian (OR&#x202f;=&#x202f;2.541, CI: 1.041&#x2013;6.205), those with active employment during the MCO 1.0 (OR&#x202f;=&#x202f;4.175, CI: 1.189&#x2013;14.660) and those with a monthly income of less than RM4000 during the MCO 1.0 (OR&#x202f;=&#x202f;5.396, CI: 1.362&#x2013;21.838). In conclusion, policymakers are urged to pay more attention to these vulnerable populations when formulating economic stimulus plans and coping strategies for food insecurity in the post-COVID-19 era.</ce:simple-para></ce:abstract-sec></ce:abstract><ce:abstract class="author-highlights" xml:lang="en" id="abs0015" view="all"><ce:section-title id="sectitle0015">Highlights</ce:section-title><ce:abstract-sec id="abssec0015" view="all"><ce:simple-para id="abspara0015" view="all"><ce:list id="ulist0010"><ce:list-item id="u0010"><ce:label>&#x2022;</ce:label><ce:para id="p0010" view="all">This study aims to assess the prevalence of food insecurity and its associated factors during the COVID-19 home confinement.</ce:para></ce:list-item><ce:list-item id="u0015"><ce:label>&#x2022;</ce:label><ce:para id="p0015" view="all">Current findings demonstrated that the prevalence of food insecurity was 43.2%, while 11.1% of the respondents were reported to have depressive symptoms during the MCO 1.0.</ce:para></ce:list-item><ce:list-item id="u0020"><ce:label>&#x2022;</ce:label><ce:para id="p0020" view="all">A higher odds ratio for food insecurity were observed among Malaysian Indian, those with active employment and those with a monthly income of less than RM4000 in the time of pandemic confinement.</ce:para></ce:list-item></ce:list></ce:simple-para></ce:abstract-sec></ce:abstract><ce:keywords xml:lang="en" id="kwrds0010" view="all" class="keyword"><ce:section-title id="sectitle0020">Keywords</ce:section-title><ce:keyword id="kwrd0010"><ce:text>Food security</ce:text></ce:keyword><ce:keyword id="kwrd0015"><ce:text>COVID-19</ce:text></ce:keyword><ce:keyword id="kwrd0020"><ce:text>Lockdown</ce:text></ce:keyword></ce:keywords></ja:head></ja:article></doc:document>
