<doc:document xmlns:doc="http://www.elsevier.com/xml/document/schema" xmlns:dp="http://www.elsevier.com/xml/common/doc-properties/schema" xmlns:cps="http://www.elsevier.com/xml/common/consyn-properties/schema" xmlns:rdf="http://www.w3.org/1999/02/22-rdf-syntax-ns#" xmlns:dct="http://purl.org/dc/terms/" xmlns:prism="http://prismstandard.org/namespaces/basic/2.0/" xmlns:oa="http://vtw.elsevier.com/data/ns/properties/OpenAccess-1/" xmlns:bam="http://vtw.elsevier.com/data/voc/ns/bam-vtw-1/" xmlns:cp="http://vtw.elsevier.com/data/ns/properties/Copyright-1/" xmlns:cja="http://www.elsevier.com/xml/cja/schema" xmlns:ja="http://www.elsevier.com/xml/ja/schema" xmlns:bk="http://www.elsevier.com/xml/bk/schema" xmlns:ce="http://www.elsevier.com/xml/common/schema" xmlns:mml="http://www.w3.org/1998/Math/MathML" xmlns:cals="http://www.elsevier.com/xml/common/cals/schema" xmlns:tb="http://www.elsevier.com/xml/common/table/schema" xmlns:sa="http://www.elsevier.com/xml/common/struct-aff/schema" xmlns:sb="http://www.elsevier.com/xml/common/struct-bib/schema" xmlns:xlink="http://www.w3.org/1999/xlink"><rdf:RDF><rdf:Description rdf:about="http://dx.doi.org/10.1016/j.phyplu.2022.100226"><dct:format>application/xml</dct:format><dct:title>Ethno pharmacology, Phytochemical Analysis, Safety Profile, Prophylactic Aspects, and Therapeutic Potential of Asarum europaeum L. in Unani Medicine: An Evidence-Based Appraisal</dct:title><dct:creator>Shaheen Akhlaq</dct:creator><dct:creator>Shabnam Anjum Ara</dct:creator><dct:creator>Mohammad Fazil</dct:creator><dct:creator>Bilal Ahmad</dct:creator><dct:creator>Usama Akram</dct:creator><dct:creator>Merajul Haque</dct:creator><dct:creator>Asim Ali Khan</dct:creator><dct:subject><rdf:Bag><rdf:li>A. europaeum</rdf:li><rdf:li>Unani</rdf:li><rdf:li>traditional</rdf:li><rdf:li>phyto-chemical</rdf:li><rdf:li>prophylactic</rdf:li></rdf:Bag></dct:subject><dct:description>Phytomedicine Plus, Journal Pre-proof. doi:10.1016/j.phyplu.2022.100226</dct:description><prism:aggregationType>journal</prism:aggregationType><prism:publicationName>Phytomedicine Plus</prism:publicationName><prism:copyright>&#169; 2022 The Author(s). Published by Elsevier B.V.</prism:copyright><dct:publisher>Elsevier B.V.</dct:publisher><prism:issn>2667-0313</prism:issn><prism:doi>10.1016/j.phyplu.2022.100226</prism:doi><prism:url>http://dx.doi.org/10.1016/j.phyplu.2022.100226</prism:url><dct:identifier>doi:10.1016/j.phyplu.2022.100226</dct:identifier><bam:articleNumber>100226</bam:articleNumber><oa:openAccessInformation><oa:openAccessStatus xmlns:xsi="http://www.w3.org/2001/XMLSchema-instance">http://vtw.elsevier.com/data/voc/oa/OpenAccessStatus#Full</oa:openAccessStatus><oa:openAccessEffective xmlns:xsi="http://www.w3.org/2001/XMLSchema-instance">2022-01-26T07:19:33Z</oa:openAccessEffective><oa:sponsor xmlns:xsi="http://www.w3.org/2001/XMLSchema-instance"><oa:sponsorType>http://vtw.elsevier.com/data/voc/oa/SponsorType#Author</oa:sponsorType></oa:sponsor><oa:userLicense xmlns:xsi="http://www.w3.org/2001/XMLSchema-instance">http://creativecommons.org/licenses/by-nc-nd/4.0/</oa:userLicense></oa:openAccessInformation><cp:licenseLine xmlns:xsi="http://www.w3.org/2001/XMLSchema-instance">This is an open access article under the CC BY-NC-ND license.</cp:licenseLine></rdf:Description></rdf:RDF><dp:document-properties><dp:aggregation-type>Journals</dp:aggregation-type><dp:version-number>S5.1</dp:version-number></dp:document-properties><ja:article docsubtype="rev" version="5.6" xml:lang="en"><ja:item-info><ja:jid>PHYPLU</ja:jid><ja:aid>100226</ja:aid><ce:article-number>100226</ce:article-number><ce:pii>S2667-0313(22)00012-4</ce:pii><ce:doi>10.1016/j.phyplu.2022.100226</ce:doi><ce:copyright type="unknown" year="2022"/></ja:item-info><ja:head><ce:title id="tte0002">Ethno pharmacology, Phytochemical Analysis, Safety Profile, Prophylactic Aspects, and Therapeutic Potential of <ce:italic>Asarum europaeum</ce:italic> L. in Unani Medicine: An Evidence-Based Appraisal</ce:title><ce:author-group id="aut0001"><ce:author id="au0001" author-id="S2667031322000124-46a7331019e0a954f2b7d327496c962c"><ce:given-name>Shaheen</ce:given-name><ce:surname>Akhlaq</ce:surname><ce:cross-ref refid="aff0001"><ce:sup loc="post">a</ce:sup></ce:cross-ref><ce:cross-ref refid="cor0001"><ce:sup loc="post">&#x204e;</ce:sup></ce:cross-ref><ce:e-address id="ead0001" type="email" xlink:href="mailto:shazy123654@gmail.com">shazy123654@gmail.com</ce:e-address></ce:author><ce:author id="au0002" author-id="S2667031322000124-56633857eea3337ed56cad9d5fcf5c9b"><ce:given-name>Shabnam Anjum</ce:given-name><ce:surname>Ara</ce:surname><ce:cross-ref refid="aff0001"><ce:sup loc="post">a</ce:sup></ce:cross-ref></ce:author><ce:author id="au0003" author-id="S2667031322000124-54d5cb3330bf69d4264f05a680d3d63d"><ce:given-name>Mohammad</ce:given-name><ce:surname>Fazil</ce:surname><ce:cross-ref refid="aff0002"><ce:sup loc="post">b</ce:sup></ce:cross-ref></ce:author><ce:author id="au0004" author-id="S2667031322000124-8686218c49ff5a5a8e66616211b805c1"><ce:given-name>Bilal</ce:given-name><ce:surname>Ahmad</ce:surname><ce:cross-ref refid="aff0003"><ce:sup loc="post">c</ce:sup></ce:cross-ref></ce:author><ce:author id="au0005" author-id="S2667031322000124-6ce1c03a95899b4b5d95b84d7cd50915"><ce:given-name>Usama</ce:given-name><ce:surname>Akram</ce:surname><ce:cross-ref refid="aff0003"><ce:sup loc="post">c</ce:sup></ce:cross-ref></ce:author><ce:author id="au0006" author-id="S2667031322000124-59a4be75e0f7e24cd48a99df6bbd9ae6"><ce:given-name>Merajul</ce:given-name><ce:surname>Haque</ce:surname><ce:cross-ref refid="aff0003"><ce:sup loc="post">c</ce:sup></ce:cross-ref></ce:author><ce:author id="au0007" author-id="S2667031322000124-ea98cc2e8b46d219721048bc9b8ce6c8"><ce:given-name>Asim Ali</ce:given-name><ce:surname>Khan</ce:surname><ce:cross-ref refid="aff0004"><ce:sup loc="post">d</ce:sup></ce:cross-ref></ce:author><ce:affiliation id="aff0001" affiliation-id="S2667031322000124-a9b6516198df6ee558a2f91d8fc532cb"><ce:label>a</ce:label><ce:textfn id="cetextfn0001">Senior Research Fellow, Hakim Ajmal Khan Institute for Literary &amp; Historical Research in Unani Medicine, Central Council for Research in Unani Medicine, Ministry of AYUSH, Government of India, Jamia Milia Islamia, Jamia Nagar, New Delhi 110025, India.</ce:textfn><sa:affiliation><sa:organization>Senior Research Fellow, Hakim Ajmal Khan Institute for Literary &amp; Historical Research in Unani Medicine, Central Council for Research in Unani Medicine, Ministry of AYUSH, Government of India, Jamia Milia Islamia</sa:organization><sa:address-line>Jamia Nagar</sa:address-line><sa:city>New Delhi</sa:city><sa:postal-code>110025</sa:postal-code><sa:country>India.</sa:country></sa:affiliation><ce:source-text id="staff0001">aSenior Research Fellow, Hakim Ajmal Khan Institute for Literary &amp; Historical Research in Unani Medicine, Central Council for Research in Unani Medicine, Ministry of AYUSH, Government of India, Jamia Milia Islamia, Jamia Nagar, New Delhi 110025, India.</ce:source-text></ce:affiliation><ce:affiliation id="aff0002" affiliation-id="S2667031322000124-238dd78b1521a531eccaebab7383b11a"><ce:label>b</ce:label><ce:textfn id="cetextfn0002">Incharge, Hakim Ajmal Khan Institute for Literary &amp; Historical Research in Unani Medicine, Central Council for Research in Unani Medicine, Ministry of AYUSH, Government of India, Jamia Milia Islamia, Jamia Nagar, New Delhi 110025, India.</ce:textfn><sa:affiliation><sa:organization>Incharge, Hakim Ajmal Khan Institute for Literary &amp; Historical Research in Unani Medicine, Central Council for Research in Unani Medicine, Ministry of AYUSH, Government of India, Jamia Milia Islamia</sa:organization><sa:address-line>Jamia Nagar</sa:address-line><sa:city>New Delhi</sa:city><sa:postal-code>110025</sa:postal-code><sa:country>India.</sa:country></sa:affiliation><ce:source-text id="staff0002">bIncharge, Hakim Ajmal Khan Institute for Literary &amp; Historical Research in Unani Medicine, Central Council for Research in Unani Medicine, Ministry of AYUSH, Government of India, Jamia Milia Islamia, Jamia Nagar, New Delhi 110025, India.</ce:source-text></ce:affiliation><ce:affiliation id="aff0003" affiliation-id="S2667031322000124-532ee8813a0c8be47e43fd90edbe74a5"><ce:label>c</ce:label><ce:textfn id="cetextfn0003">Research officer, Hakim Ajmal Khan Institute for Literary &amp; Historical Research in Unani Medicine, Central Council for Research in Unani Medicine, Ministry of AYUSH, Government of India, Jamia Milia Islamia, Jamia Nagar, New Delhi 110025, India.</ce:textfn><sa:affiliation><sa:organization>Research officer, Hakim Ajmal Khan Institute for Literary &amp; Historical Research in Unani Medicine, Central Council for Research in Unani Medicine, Ministry of AYUSH, Government of India, Jamia Milia Islamia</sa:organization><sa:address-line>Jamia Nagar</sa:address-line><sa:city>New Delhi</sa:city><sa:postal-code>110025</sa:postal-code><sa:country>India.</sa:country></sa:affiliation><ce:source-text id="staff0003">cResearch officer, Hakim Ajmal Khan Institute for Literary &amp; Historical Research in Unani Medicine, Central Council for Research in Unani Medicine, Ministry of AYUSH, Government of India, Jamia Milia Islamia, Jamia Nagar, New Delhi 110025, India.</ce:source-text></ce:affiliation><ce:affiliation id="aff0004" affiliation-id="S2667031322000124-80e362d7c806b1c01e42c6128aa36ca9"><ce:label>d</ce:label><ce:textfn id="cetextfn0004">Director General, Central Council for Research in Unani Medicine, Ministry of AYUSH, Government of India, New Delhi, India.</ce:textfn><sa:affiliation><sa:organization>Director General, Central Council for Research in Unani Medicine, Ministry of AYUSH, Government of India</sa:organization><sa:city>New Delhi</sa:city><sa:country>India.</sa:country></sa:affiliation><ce:source-text id="staff0004">dDirector General, Central Council for Research in Unani Medicine, Ministry of AYUSH, Government of India, New Delhi, India.</ce:source-text></ce:affiliation><ce:correspondence id="cor0001"><ce:label>&#x204e;</ce:label><ce:text id="cetext0001">Corresponding author</ce:text></ce:correspondence></ce:author-group><ce:abstract id="abs0001" view="all" class="author"><ce:section-title id="cesectitle0001">Abstract</ce:section-title><ce:abstract-sec id="abss0001" role="background" view="all"><ce:section-title id="cesectitle0002">Background</ce:section-title><ce:simple-para id="spara009" view="all">: A. europaeum is a well mentioned Unani herb, belonging to Aristolochiaceae family and indigenous to the Eastern and Southern Europe. A. europaeum has traditionally been utilised in Unani medicine to treat respiratory ailments, gastrointestinal disorders, neurological disorders, hepatic disorders, genitourinary disorders, snake poisoning, vector-borne infections, and epidemic prophylaxis. This review aims to the compile previous and present available information concerning about the ethno-botanical aspects, phyto-chemical constituents, isolated metabolites, and pharmacological profiling of this herb correlating the principles of Unani doctrine, thereby may offer series of valuable data for researchers and pharmaceuticals to develop novel therapeutic ways.</ce:simple-para><ce:simple-para id="spara010" view="all">&#x200f;</ce:simple-para></ce:abstract-sec><ce:abstract-sec id="abss0002" role="materials-methods" view="all"><ce:section-title id="cesectitle0003">Material and methods</ce:section-title><ce:simple-para id="spara011" view="all">: A detailed literature review has been conducted on A. europaeum in various electronic databases, including Pub Med, Web of Science, Wiley, Science Direct, Elsevier, Google Scholar, ACS publications, Springer Link etc. Furthermore, books (Unani ancient classical books) were consulted in Urdu, Arabic, Persian and English to collate the particulars.</ce:simple-para></ce:abstract-sec><ce:abstract-sec id="abss0003" role="results" view="all"><ce:section-title id="cesectitle0004">Results</ce:section-title><ce:simple-para id="spara012" view="all">: The present literature survey incorrigibly illustrated the usage of A. europaeum as a prophylactic drug in several diseases such as chicken pox, plague, and viral fevers, including COVID-19 and therapeutically, aid in managing bronchitis, epilepsy, hepatitis, ascites, amenorrhea, paralysis, sciatica, lumbago, and urolithiasis. It has been well documented its usage in the form of powder, decoction, syrup, extract, and oil as a single drug or in compound formulations with the amalgamation of other herbs. Phyto-chemical analysis from various sections of the plant revealed the presence of varied chemical constituents for example essential oils (with four chemotypes), flavonoids, phenolic compounds, organic acids, vitamins, terpenes and sesquiterpenes. It has also been evaluated through in vitro, in vivo, in silico, preclinical and clinical trial models for diverse pharmacological activities such as antibacterial, anti-diabetic, and anti-proliferative activities, etc. Still, only sporadic herb studies have been published so far.</ce:simple-para></ce:abstract-sec><ce:abstract-sec id="abss0004" role="conclusion" view="all"><ce:section-title id="cesectitle0005">Conclusion</ce:section-title><ce:simple-para id="spara013" view="all">: The current paper highlights botany, ethno pharmacology, phyto-chemistry, pharmacology, and toxicology in depth. Preliminary pharmacological studies on different extracts and fractions of A. europaeum support the claim of Unani scholars that it is useful in the treatment of various diseases. However, immediate efforts must be made to determine its mechanism of action, efficacy, dosage, and safety in combating various pathological states. The study will undoubtedly serve as the basis for future research to further demonstrate the ethno medicinal and therapeutic potential for health-care product improvement.</ce:simple-para></ce:abstract-sec></ce:abstract><ce:abstract id="abs0002" class="graphical" view="all"><ce:section-title id="cesectitle0006">Graphical Abstract</ce:section-title><ce:abstract-sec id="abss0006" view="all"><ce:simple-para id="spara014" view="all"> [Display omitted] </ce:simple-para></ce:abstract-sec></ce:abstract><ce:keywords id="keys0001" view="all" class="keyword"><ce:section-title id="cesectitle0007">Keywords</ce:section-title><ce:keyword id="key0001"><ce:text id="cetext0002">A. europaeum</ce:text></ce:keyword><ce:keyword id="key0002"><ce:text id="cetext0003">Unani</ce:text></ce:keyword><ce:keyword id="key0003"><ce:text id="cetext0004">traditional</ce:text></ce:keyword><ce:keyword id="key0004"><ce:text id="cetext0005">phyto-chemical</ce:text></ce:keyword><ce:keyword id="key0005"><ce:text id="cetext0006">prophylactic</ce:text></ce:keyword></ce:keywords></ja:head></ja:article></doc:document>
