<doc:document xmlns:doc="http://www.elsevier.com/xml/document/schema" xmlns:dp="http://www.elsevier.com/xml/common/doc-properties/schema" xmlns:cps="http://www.elsevier.com/xml/common/consyn-properties/schema" xmlns:rdf="http://www.w3.org/1999/02/22-rdf-syntax-ns#" xmlns:dct="http://purl.org/dc/terms/" xmlns:prism="http://prismstandard.org/namespaces/basic/2.0/" xmlns:oa="http://vtw.elsevier.com/data/ns/properties/OpenAccess-1/" xmlns:bam="http://vtw.elsevier.com/data/voc/ns/bam-vtw-1/" xmlns:cp="http://vtw.elsevier.com/data/ns/properties/Copyright-1/" xmlns:cja="http://www.elsevier.com/xml/cja/schema" xmlns:ja="http://www.elsevier.com/xml/ja/schema" xmlns:bk="http://www.elsevier.com/xml/bk/schema" xmlns:ce="http://www.elsevier.com/xml/common/schema" xmlns:mml="http://www.w3.org/1998/Math/MathML" xmlns:cals="http://www.elsevier.com/xml/common/cals/schema" xmlns:tb="http://www.elsevier.com/xml/common/table/schema" xmlns:sa="http://www.elsevier.com/xml/common/struct-aff/schema" xmlns:sb="http://www.elsevier.com/xml/common/struct-bib/schema" xmlns:xlink="http://www.w3.org/1999/xlink"><rdf:RDF><rdf:Description rdf:about="http://dx.doi.org/10.1016/j.dib.2021.107777"><dct:format>application/xml</dct:format><dct:title>IADD: An integrated Arabic dialect identification dataset</dct:title><dct:creator>Jihad Zahir</dct:creator><dct:subject><rdf:Bag><rdf:li>Dialect identification</rdf:li><rdf:li>Arabic language</rdf:li><rdf:li>Geographic disaggregation</rdf:li><rdf:li>Web mining</rdf:li></rdf:Bag></dct:subject><dct:description>Data in Brief 40 (2022). doi:10.1016/j.dib.2021.107777</dct:description><prism:aggregationType>journal</prism:aggregationType><prism:publicationName>Data in Brief</prism:publicationName><prism:copyright>&#169; 2021 The Author. Published by Elsevier Inc.</prism:copyright><dct:publisher>Elsevier Inc.</dct:publisher><prism:issn>2352-3409</prism:issn><prism:volume>40</prism:volume><prism:coverDisplayDate>February 2022</prism:coverDisplayDate><prism:doi>10.1016/j.dib.2021.107777</prism:doi><prism:url>http://dx.doi.org/10.1016/j.dib.2021.107777</prism:url><dct:identifier>doi:10.1016/j.dib.2021.107777</dct:identifier><bam:articleNumber>107777</bam:articleNumber><oa:openAccessInformation><oa:openAccessStatus xmlns:xsi="http://www.w3.org/2001/XMLSchema-instance">http://vtw.elsevier.com/data/voc/oa/OpenAccessStatus#Full</oa:openAccessStatus><oa:openAccessEffective xmlns:xsi="http://www.w3.org/2001/XMLSchema-instance">2021-12-29T14:16:39Z</oa:openAccessEffective><oa:sponsor xmlns:xsi="http://www.w3.org/2001/XMLSchema-instance"><oa:sponsorType>http://vtw.elsevier.com/data/voc/oa/SponsorType#Author</oa:sponsorType></oa:sponsor><oa:userLicense xmlns:xsi="http://www.w3.org/2001/XMLSchema-instance">http://creativecommons.org/licenses/by/4.0/</oa:userLicense></oa:openAccessInformation><cp:licenseLine xmlns:xsi="http://www.w3.org/2001/XMLSchema-instance">This is an open access article under the CC BY license.</cp:licenseLine></rdf:Description></rdf:RDF><dp:document-properties><dp:aggregation-type>Journals</dp:aggregation-type><dp:version-number>S300.1</dp:version-number></dp:document-properties><ja:article docsubtype="dat" xml:lang="en" version="5.6"><ja:item-info><ja:jid>DIB</ja:jid><ja:aid>107777</ja:aid><ce:article-number>107777</ce:article-number><ce:pii>S2352-3409(21)01051-9</ce:pii><ce:doi>10.1016/j.dib.2021.107777</ce:doi><ce:copyright type="unknown" year="2021"/></ja:item-info><ja:head><ce:dochead id="dh1"><ce:textfn id="textfn0001">Data Article</ce:textfn></ce:dochead><ce:title id="ct0001">IADD: An integrated Arabic dialect identification dataset</ce:title><ce:short-title id="stitle0010">IADD: An integrated Arabic dialect identification dataset</ce:short-title><ce:author-group id="aut0001"><ce:author id="au0001" author-id="S2352340921010519-5dabb02753511e523bf6abcbf28ad2a6"><ce:given-name>Jihad</ce:given-name><ce:surname>Zahir</ce:surname><ce:e-address type="email" xlink:href="mailto:j.zahir@uca.ac.ma" id="ead0001">j.zahir@uca.ac.ma</ce:e-address></ce:author><ce:affiliation id="aff0001" affiliation-id="S2352340921010519-a85d0ca5ffe3064979e52a5b6fcd85f5"><ce:textfn id="textfn0002">LISI laboratory, Cadi Ayyad University, Marrakesh, Morocco</ce:textfn><sa:affiliation><sa:organization>LISI laboratory</sa:organization><sa:organization>Cadi Ayyad University</sa:organization><sa:city>Marrakesh</sa:city><sa:country>Morocco</sa:country></sa:affiliation><ce:source-text id="st0001">LISI laboratory, Cadi Ayyad University, Marrakesh, Morocco</ce:source-text></ce:affiliation></ce:author-group><ce:date-received day="29" month="9" year="2021"/><ce:date-revised day="27" month="12" year="2021"/><ce:date-accepted day="29" month="12" year="2021"/><ce:abstract id="abs0001" class="author" view="all"><ce:section-title id="sctt0001">Abstract</ce:section-title><ce:abstract-sec id="abssec0001" view="all"><ce:simple-para id="sp0001" view="all">Arabic language has different variants that can be roughly categorized into three main categories: Classical Arabic (CA), Modern Standard Arabic (MSA) and Dialectal Arabic (DA). There are subtle differences between MSA and CA in terms of syntax, terminology and pronunciation. However, Dialectal Arabic (DA) significantly differs from CA and MSA in that it reflects geographic location of the speaker, or at least the country of origin, if mobility factors are taken into account. This paper presents IADD, an Integrated dataset for Arabic dialect identification, that contains <mml:math altimg="si8.svg"><mml:mrow><mml:mn>135</mml:mn><mml:mo>,</mml:mo><mml:mn>804</mml:mn></mml:mrow></mml:math> texts representing Arabic dialects from 5 regions and 9 countries. IADD dataset is created, from the combination of subsets of five corpora, to support the task of automatic Arabic dialects detection.</ce:simple-para></ce:abstract-sec></ce:abstract><ce:keywords id="keys0001" class="keyword" view="all"><ce:section-title id="sctt0002">Keywords</ce:section-title><ce:keyword id="key0002"><ce:text id="txt0001">Dialect identification</ce:text></ce:keyword><ce:keyword id="key0003"><ce:text id="txt0002">Arabic language</ce:text></ce:keyword><ce:keyword id="key0004"><ce:text id="txt0003">Geographic disaggregation</ce:text></ce:keyword><ce:keyword id="key0005"><ce:text id="txt0004">Web mining</ce:text></ce:keyword></ce:keywords></ja:head></ja:article></doc:document>
