<doc:document xmlns:doc="http://www.elsevier.com/xml/document/schema" xmlns:dp="http://www.elsevier.com/xml/common/doc-properties/schema" xmlns:cps="http://www.elsevier.com/xml/common/consyn-properties/schema" xmlns:rdf="http://www.w3.org/1999/02/22-rdf-syntax-ns#" xmlns:dct="http://purl.org/dc/terms/" xmlns:prism="http://prismstandard.org/namespaces/basic/2.0/" xmlns:oa="http://vtw.elsevier.com/data/ns/properties/OpenAccess-1/" xmlns:bam="http://vtw.elsevier.com/data/voc/ns/bam-vtw-1/" xmlns:cp="http://vtw.elsevier.com/data/ns/properties/Copyright-1/" xmlns:cja="http://www.elsevier.com/xml/cja/schema" xmlns:ja="http://www.elsevier.com/xml/ja/schema" xmlns:bk="http://www.elsevier.com/xml/bk/schema" xmlns:ce="http://www.elsevier.com/xml/common/schema" xmlns:mml="http://www.w3.org/1998/Math/MathML" xmlns:cals="http://www.elsevier.com/xml/common/cals/schema" xmlns:tb="http://www.elsevier.com/xml/common/table/schema" xmlns:sa="http://www.elsevier.com/xml/common/struct-aff/schema" xmlns:sb="http://www.elsevier.com/xml/common/struct-bib/schema" xmlns:xlink="http://www.w3.org/1999/xlink"><rdf:RDF><rdf:Description rdf:about="http://dx.doi.org/10.1016/j.dib.2022.107814"><dct:format>application/xml</dct:format><dct:title>A comprehensive dataset describing nurse's emotions, perceived stressors and coping mechanisms during the first surge of the COVID-19 pandemic</dct:title><dct:creator>Suzanne Rose</dct:creator><dct:creator>Josette Hartnett</dct:creator><dct:creator>Seema Pillai</dct:creator><dct:subject><rdf:Bag><rdf:li>Coping Strategies</rdf:li><rdf:li>Emotions</rdf:li><rdf:li>Stress</rdf:li><rdf:li>Burnout</rdf:li><rdf:li>Nurses</rdf:li><rdf:li>Healthcare workers</rdf:li><rdf:li>COVID-19</rdf:li><rdf:li>Occupational health</rdf:li></rdf:Bag></dct:subject><dct:description>Data in Brief 40 (2022). doi:10.1016/j.dib.2022.107814</dct:description><prism:aggregationType>journal</prism:aggregationType><prism:publicationName>Data in Brief</prism:publicationName><prism:copyright>&#169; 2022 The Authors. Published by Elsevier Inc.</prism:copyright><dct:publisher>Elsevier Inc.</dct:publisher><prism:issn>2352-3409</prism:issn><prism:volume>40</prism:volume><prism:coverDisplayDate>February 2022</prism:coverDisplayDate><prism:doi>10.1016/j.dib.2022.107814</prism:doi><prism:url>http://dx.doi.org/10.1016/j.dib.2022.107814</prism:url><dct:identifier>doi:10.1016/j.dib.2022.107814</dct:identifier><bam:articleNumber>107814</bam:articleNumber><oa:openAccessInformation><oa:openAccessStatus xmlns:xsi="http://www.w3.org/2001/XMLSchema-instance">http://vtw.elsevier.com/data/voc/oa/OpenAccessStatus#Full</oa:openAccessStatus><oa:openAccessEffective xmlns:xsi="http://www.w3.org/2001/XMLSchema-instance">2022-01-06T15:09:31Z</oa:openAccessEffective><oa:sponsor xmlns:xsi="http://www.w3.org/2001/XMLSchema-instance"><oa:sponsorType>http://vtw.elsevier.com/data/voc/oa/SponsorType#Author</oa:sponsorType></oa:sponsor><oa:userLicense xmlns:xsi="http://www.w3.org/2001/XMLSchema-instance">http://creativecommons.org/licenses/by-nc-nd/4.0/</oa:userLicense></oa:openAccessInformation><cp:licenseLine xmlns:xsi="http://www.w3.org/2001/XMLSchema-instance">This is an open access article under the CC BY-NC-ND license.</cp:licenseLine></rdf:Description></rdf:RDF><dp:document-properties><dp:aggregation-type>Journals</dp:aggregation-type><dp:version-number>S300.1</dp:version-number></dp:document-properties><ja:article docsubtype="dat" version="5.6" xml:lang="en"><ja:item-info><ja:jid>DIB</ja:jid><ja:aid>107814</ja:aid><ce:article-number>107814</ce:article-number><ce:pii>S2352-3409(22)00026-9</ce:pii><ce:doi>10.1016/j.dib.2022.107814</ce:doi><ce:copyright type="other" year="2022">The Authors</ce:copyright></ja:item-info><ja:head><ce:dochead id="dchd0001"><ce:textfn id="dhtxt0001">Data Article</ce:textfn></ce:dochead><ce:title id="tte0002">A comprehensive dataset describing nurse's emotions, perceived stressors and coping mechanisms during the first surge of the COVID-19 pandemic</ce:title><ce:author-group id="aut0001"><ce:author id="au0001" author-id="S2352340922000269-1dfece481c07332464392f32b50e5f47" orcid="0000-0001-5770-826X"><ce:given-name>Suzanne</ce:given-name><ce:surname>Rose</ce:surname><ce:contributor-role role="http://credit.niso.org/contributor-roles/conceptualization">Conceptualization</ce:contributor-role><ce:contributor-role role="http://credit.niso.org/contributor-roles/data-curation">Data curation</ce:contributor-role><ce:contributor-role role="http://credit.niso.org/contributor-roles/investigation">Investigation</ce:contributor-role><ce:contributor-role role="http://credit.niso.org/contributor-roles/methodology">Methodology</ce:contributor-role><ce:contributor-role role="http://credit.niso.org/contributor-roles/project-administration">Project administration</ce:contributor-role><ce:contributor-role role="http://credit.niso.org/contributor-roles/resources">Resources</ce:contributor-role><ce:contributor-role role="http://credit.niso.org/contributor-roles/supervision">Supervision</ce:contributor-role><ce:contributor-role role="http://credit.niso.org/contributor-roles/writing-original-draft">Writing &#x2013; original draft</ce:contributor-role><ce:contributor-role role="http://credit.niso.org/contributor-roles/writing-review-editing">Writing &#x2013; review &amp; editing</ce:contributor-role><ce:cross-ref refid="aff0001"><ce:sup loc="post">a</ce:sup></ce:cross-ref><ce:cross-ref refid="cor0001"><ce:sup loc="post">&#x204e;</ce:sup></ce:cross-ref><ce:e-address id="ead0001" type="email" xlink:href="mailto:SRose@stamhealth.org">SRose@stamhealth.org</ce:e-address></ce:author><ce:author id="au0002" author-id="S2352340922000269-50cb6c04b12d89d7b4b15af45a23e0fb" orcid="0000-0002-7475-4265"><ce:given-name>Josette</ce:given-name><ce:surname>Hartnett</ce:surname><ce:contributor-role role="http://credit.niso.org/contributor-roles/investigation">Investigation</ce:contributor-role><ce:contributor-role role="http://credit.niso.org/contributor-roles/methodology">Methodology</ce:contributor-role><ce:contributor-role role="http://credit.niso.org/contributor-roles/resources">Resources</ce:contributor-role><ce:contributor-role role="http://credit.niso.org/contributor-roles/writing-original-draft">Writing &#x2013; original draft</ce:contributor-role><ce:contributor-role role="http://credit.niso.org/contributor-roles/writing-review-editing">Writing &#x2013; review &amp; editing</ce:contributor-role><ce:cross-ref refid="aff0001"><ce:sup loc="post">a</ce:sup></ce:cross-ref></ce:author><ce:author id="au0003" author-id="S2352340922000269-af6ba67ad20e284e0877a27c6c791d91"><ce:given-name>Seema</ce:given-name><ce:surname>Pillai</ce:surname><ce:contributor-role role="http://credit.niso.org/contributor-roles/conceptualization">Conceptualization</ce:contributor-role><ce:contributor-role role="http://credit.niso.org/contributor-roles/investigation">Investigation</ce:contributor-role><ce:contributor-role role="http://credit.niso.org/contributor-roles/methodology">Methodology</ce:contributor-role><ce:contributor-role role="http://credit.niso.org/contributor-roles/project-administration">Project administration</ce:contributor-role><ce:contributor-role role="http://credit.niso.org/contributor-roles/supervision">Supervision</ce:contributor-role><ce:contributor-role role="http://credit.niso.org/contributor-roles/writing-original-draft">Writing &#x2013; original draft</ce:contributor-role><ce:contributor-role role="http://credit.niso.org/contributor-roles/writing-review-editing">Writing &#x2013; review &amp; editing</ce:contributor-role><ce:cross-ref refid="aff0002"><ce:sup loc="post">b</ce:sup></ce:cross-ref></ce:author><ce:affiliation id="aff0001" affiliation-id="S2352340922000269-2b554beadb1dbb6499d4313d65eeb4a9"><ce:label>a</ce:label><ce:textfn id="cetextfn0001">Office of Research, Stamford Hospital, Stamford, CT, USA</ce:textfn><sa:affiliation><sa:organization>Office of Research</sa:organization><sa:organization>Stamford Hospital</sa:organization><sa:city>Stamford</sa:city><sa:state>CT</sa:state><sa:country>USA</sa:country></sa:affiliation><ce:source-text id="staff0001">aOffice of Research, Stamford Hospital, Stamford, CT, USA</ce:source-text></ce:affiliation><ce:affiliation id="aff0002" affiliation-id="S2352340922000269-e807faf54d232c236642d68777ae21cd"><ce:label>b</ce:label><ce:textfn id="cetextfn0002">Department of Nursing, Stamford Hospital, Stamford, CT, USA</ce:textfn><sa:affiliation><sa:organization>Department of Nursing</sa:organization><sa:organization>Stamford Hospital</sa:organization><sa:city>Stamford</sa:city><sa:state>CT</sa:state><sa:country>USA</sa:country></sa:affiliation><ce:source-text id="staff0002">bDepartment of Nursing, Stamford Hospital, Stamford, CT, USA</ce:source-text></ce:affiliation><ce:correspondence id="cor0001"><ce:label>&#x204e;</ce:label><ce:text id="cetext0001">Corresponding author.</ce:text></ce:correspondence></ce:author-group><ce:date-received day="26" month="10" year="2021"/><ce:date-revised day="17" month="12" year="2021"/><ce:date-accepted day="5" month="1" year="2022"/><ce:abstract id="abs0001" view="all" class="author"><ce:section-title id="cesectitle0001">Abstract</ce:section-title><ce:abstract-sec id="abss0001" view="all"><ce:simple-para id="spara004" view="all">A comprehensive and validated questionnaire modified from previous epidemics [1,2] was distributed to frontline HCWs at high risk for COVID-19 at our community-based teaching hospital, the epicenter of the pandemic in our state. Results of the full analysis were previously reported [3] indicating that our nursing staff were more likely to report feelings of stress, emotional exhaustion and fatigue compared to physicians and other health professionals. We highlight the pandemic's specific impact on nurses&#x2019; emotions, perceived stressors and effective coping mechanisms used during the first surge of COVID-19.</ce:simple-para></ce:abstract-sec></ce:abstract><ce:keywords id="keys0001" view="all" class="keyword"><ce:section-title id="cesectitle0002">Keywords</ce:section-title><ce:keyword id="key0001"><ce:text id="cetext0002">Coping Strategies</ce:text></ce:keyword><ce:keyword id="key0002"><ce:text id="cetext0003">Emotions</ce:text></ce:keyword><ce:keyword id="key0003"><ce:text id="cetext0004">Stress</ce:text></ce:keyword><ce:keyword id="key0004"><ce:text id="cetext0005">Burnout</ce:text></ce:keyword><ce:keyword id="key0005"><ce:text id="cetext0006">Nurses</ce:text></ce:keyword><ce:keyword id="key0006"><ce:text id="cetext0007">Healthcare workers</ce:text></ce:keyword><ce:keyword id="key0007"><ce:text id="cetext0008">COVID-19</ce:text></ce:keyword><ce:keyword id="key0008"><ce:text id="cetext0009">Occupational health</ce:text></ce:keyword></ce:keywords></ja:head></ja:article></doc:document>
