<doc:document xmlns:doc="http://www.elsevier.com/xml/document/schema" xmlns:dp="http://www.elsevier.com/xml/common/doc-properties/schema" xmlns:cps="http://www.elsevier.com/xml/common/consyn-properties/schema" xmlns:rdf="http://www.w3.org/1999/02/22-rdf-syntax-ns#" xmlns:dct="http://purl.org/dc/terms/" xmlns:prism="http://prismstandard.org/namespaces/basic/2.0/" xmlns:oa="http://vtw.elsevier.com/data/ns/properties/OpenAccess-1/" xmlns:bam="http://vtw.elsevier.com/data/voc/ns/bam-vtw-1/" xmlns:cp="http://vtw.elsevier.com/data/ns/properties/Copyright-1/" xmlns:cja="http://www.elsevier.com/xml/cja/schema" xmlns:ja="http://www.elsevier.com/xml/ja/schema" xmlns:bk="http://www.elsevier.com/xml/bk/schema" xmlns:ce="http://www.elsevier.com/xml/common/schema" xmlns:mml="http://www.w3.org/1998/Math/MathML" xmlns:cals="http://www.elsevier.com/xml/common/cals/schema" xmlns:tb="http://www.elsevier.com/xml/common/table/schema" xmlns:sa="http://www.elsevier.com/xml/common/struct-aff/schema" xmlns:sb="http://www.elsevier.com/xml/common/struct-bib/schema" xmlns:xlink="http://www.w3.org/1999/xlink"><rdf:RDF><rdf:Description rdf:about="http://dx.doi.org/10.1016/j.dib.2021.107644"><dct:format>application/xml</dct:format><dct:title>Glacial and postglacial sedimentary infill in Slovakian High Tatra Mts. lakes: Acoustic survey and lithological data</dct:title><dct:creator>Dhavamani Ramachandran</dct:creator><dct:creator>Radovan Pip&#237;k</dct:creator><dct:creator>Valent&#237;n So&#x010d;uvka</dct:creator><dct:creator>Juraj &#x0160;urka</dct:creator><dct:creator>Du&#x0161;an Starek</dct:creator><dct:creator>Rastislav Milovsk&#253;</dct:creator><dct:creator>Peter Uhl&#237;k</dct:creator><dct:creator>Marina Vidhya</dct:creator><dct:creator>Lucia &#x017d;atkov&#225;</dct:creator><dct:creator>Pavol Kr&#225;l</dct:creator><dct:subject><rdf:Bag><rdf:li>Chirp sonar</rdf:li><rdf:li>AUV Ecomapper sonar</rdf:li><rdf:li>CT-numbers</rdf:li><rdf:li>Acoustic profiling</rdf:li><rdf:li>Alpine lakes</rdf:li><rdf:li>Pockmarks</rdf:li><rdf:li>Central Europe</rdf:li></rdf:Bag></dct:subject><dct:description>Data in Brief, Uncorrected proof. doi:10.1016/j.dib.2021.107644</dct:description><prism:aggregationType>journal</prism:aggregationType><prism:publicationName>Data in Brief</prism:publicationName><prism:copyright>&#169; 2021 The Authors. Published by Elsevier Inc.</prism:copyright><dct:publisher>Elsevier Inc.</dct:publisher><prism:issn>2352-3409</prism:issn><prism:doi>10.1016/j.dib.2021.107644</prism:doi><prism:url>http://dx.doi.org/10.1016/j.dib.2021.107644</prism:url><dct:identifier>doi:10.1016/j.dib.2021.107644</dct:identifier><oa:openAccessInformation><oa:openAccessStatus xmlns:xsi="http://www.w3.org/2001/XMLSchema-instance">http://vtw.elsevier.com/data/voc/oa/OpenAccessStatus#Full</oa:openAccessStatus><oa:openAccessEffective xmlns:xsi="http://www.w3.org/2001/XMLSchema-instance">2021-11-25T01:41:40Z</oa:openAccessEffective><oa:sponsor xmlns:xsi="http://www.w3.org/2001/XMLSchema-instance"><oa:sponsorType>http://vtw.elsevier.com/data/voc/oa/SponsorType#Author</oa:sponsorType></oa:sponsor><oa:userLicense xmlns:xsi="http://www.w3.org/2001/XMLSchema-instance">http://creativecommons.org/licenses/by/4.0/</oa:userLicense></oa:openAccessInformation><cp:licenseLine xmlns:xsi="http://www.w3.org/2001/XMLSchema-instance">This is an open access article under the CC BY license.</cp:licenseLine></rdf:Description></rdf:RDF><dp:document-properties><dp:aggregation-type>Journals</dp:aggregation-type><dp:version-number>S100.1</dp:version-number></dp:document-properties><ja:article docsubtype="dat" version="5.6" xml:lang="en"><ja:item-info><ja:jid>DIB</ja:jid><ja:aid>107644</ja:aid><ce:pii>S2352-3409(21)00919-7</ce:pii><ce:doi>10.1016/j.dib.2021.107644</ce:doi><ce:document-thread><ce:refers-to-document id="doc0001"><ce:pii>S0341-8162(21)00645-7</ce:pii><ce:doi>10.1016/j.catena.2021.105787</ce:doi></ce:refers-to-document></ce:document-thread><ce:copyright type="other" year="2021">The Authors</ce:copyright></ja:item-info><ja:head><ce:dochead id="dchd0001"><ce:textfn id="dhtxt0001">Data Article</ce:textfn></ce:dochead><ce:title id="tte0002">Glacial and postglacial sedimentary infill in Slovakian High Tatra Mts. lakes: Acoustic survey and lithological data</ce:title><ce:author-group id="aut0001"><ce:author id="au0001" author-id="S2352340921009197-8b964cfe48a03a9afb27900b3ae1c8a5"><ce:given-name>Dhavamani</ce:given-name><ce:surname>Ramachandran</ce:surname><ce:contributor-role role="http://credit.niso.org/contributor-roles/conceptualization">Conceptualization</ce:contributor-role><ce:contributor-role role="http://credit.niso.org/contributor-roles/writing-original-draft">Writing &#x2013; original draft</ce:contributor-role><ce:contributor-role role="http://credit.niso.org/contributor-roles/methodology">Methodology</ce:contributor-role><ce:contributor-role role="http://credit.niso.org/contributor-roles/formal-analysis">Formal analysis</ce:contributor-role><ce:contributor-role role="http://credit.niso.org/contributor-roles/investigation">Investigation</ce:contributor-role><ce:cross-ref refid="aff0001"><ce:sup loc="post">a</ce:sup></ce:cross-ref></ce:author><ce:author id="au0002" author-id="S2352340921009197-dfbc9d54f650dc96795d4b68e64ad03a" orcid="0000-0001-6646-5984"><ce:given-name>Radovan</ce:given-name><ce:surname>Pip&#237;k</ce:surname><ce:contributor-role role="http://credit.niso.org/contributor-roles/conceptualization">Conceptualization</ce:contributor-role><ce:contributor-role role="http://credit.niso.org/contributor-roles/writing-original-draft">Writing &#x2013; original draft</ce:contributor-role><ce:contributor-role role="http://credit.niso.org/contributor-roles/methodology">Methodology</ce:contributor-role><ce:contributor-role role="http://credit.niso.org/contributor-roles/investigation">Investigation</ce:contributor-role><ce:contributor-role role="http://credit.niso.org/contributor-roles/supervision">Supervision</ce:contributor-role><ce:cross-ref refid="aff0001"><ce:sup loc="post">a</ce:sup></ce:cross-ref><ce:cross-ref refid="cor0001"><ce:sup loc="post">&#x204e;</ce:sup></ce:cross-ref><ce:e-address id="ead0001" type="email" xlink:href="mailto:pipik@savbb.sk">pipik@savbb.sk</ce:e-address></ce:author><ce:author id="au0003" author-id="S2352340921009197-d500ebe09d5e3993e8e143e3ad0f0b83" orcid="0000-0002-1541-173X"><ce:given-name>Valent&#237;n</ce:given-name><ce:surname>So&#x010d;uvka</ce:surname><ce:contributor-role role="http://credit.niso.org/contributor-roles/writing-original-draft">Writing &#x2013; original draft</ce:contributor-role><ce:contributor-role role="http://credit.niso.org/contributor-roles/methodology">Methodology</ce:contributor-role><ce:contributor-role role="http://credit.niso.org/contributor-roles/formal-analysis">Formal analysis</ce:contributor-role><ce:contributor-role role="http://credit.niso.org/contributor-roles/investigation">Investigation</ce:contributor-role><ce:cross-ref refid="aff0002"><ce:sup loc="post">b</ce:sup></ce:cross-ref></ce:author><ce:author id="au0004" author-id="S2352340921009197-1ade8f4d21bb6e24761855ff44c1f78d"><ce:given-name>Juraj</ce:given-name><ce:surname>&#x0160;urka</ce:surname><ce:contributor-role role="http://credit.niso.org/contributor-roles/investigation">Investigation</ce:contributor-role><ce:contributor-role role="http://credit.niso.org/contributor-roles/methodology">Methodology</ce:contributor-role><ce:cross-ref refid="aff0001"><ce:sup loc="post">a</ce:sup></ce:cross-ref></ce:author><ce:author id="au0005" author-id="S2352340921009197-191304964834d95e7f70307cf5c30afe"><ce:given-name>Du&#x0161;an</ce:given-name><ce:surname>Starek</ce:surname><ce:contributor-role role="http://credit.niso.org/contributor-roles/investigation">Investigation</ce:contributor-role><ce:contributor-role role="http://credit.niso.org/contributor-roles/conceptualization">Conceptualization</ce:contributor-role><ce:cross-ref refid="aff0003"><ce:sup loc="post">c</ce:sup></ce:cross-ref></ce:author><ce:author id="au0006" author-id="S2352340921009197-070f3819b2239cb8b07dfa67b7bb2973" orcid="0000-0003-1880-865X"><ce:given-name>Rastislav</ce:given-name><ce:surname>Milovsk&#253;</ce:surname><ce:contributor-role role="http://credit.niso.org/contributor-roles/investigation">Investigation</ce:contributor-role><ce:contributor-role role="http://credit.niso.org/contributor-roles/conceptualization">Conceptualization</ce:contributor-role><ce:cross-ref refid="aff0001"><ce:sup loc="post">a</ce:sup></ce:cross-ref></ce:author><ce:author id="au0007" author-id="S2352340921009197-7f427318c299a8cbef0c0df3c8b27d7a"><ce:given-name>Peter</ce:given-name><ce:surname>Uhl&#237;k</ce:surname><ce:contributor-role role="http://credit.niso.org/contributor-roles/investigation">Investigation</ce:contributor-role><ce:cross-ref refid="aff0004"><ce:sup loc="post">d</ce:sup></ce:cross-ref></ce:author><ce:author id="au0008" author-id="S2352340921009197-b5bd1d09018e3bb282c6d35bc1f7bd61"><ce:given-name>Marina</ce:given-name><ce:surname>Vidhya</ce:surname><ce:contributor-role role="http://credit.niso.org/contributor-roles/resources">Resources</ce:contributor-role><ce:cross-ref refid="aff0001"><ce:sup loc="post">a</ce:sup></ce:cross-ref></ce:author><ce:author id="au0009" author-id="S2352340921009197-1dd422c94b94727cd488b121b4882351" orcid="0000-0002-8570-4845"><ce:given-name>Lucia</ce:given-name><ce:surname>&#x017d;atkov&#225;</ce:surname><ce:contributor-role role="http://credit.niso.org/contributor-roles/resources">Resources</ce:contributor-role><ce:cross-ref refid="aff0001"><ce:sup loc="post">a</ce:sup></ce:cross-ref></ce:author><ce:author id="au0010" author-id="S2352340921009197-b8624d7d52d7afaf3aea63e73c068aed"><ce:given-name>Pavol</ce:given-name><ce:surname>Kr&#225;l</ce:surname><ce:contributor-role role="http://credit.niso.org/contributor-roles/resources">Resources</ce:contributor-role><ce:contributor-role role="http://credit.niso.org/contributor-roles/investigation">Investigation</ce:contributor-role><ce:cross-ref refid="aff0005"><ce:sup loc="post">e</ce:sup></ce:cross-ref></ce:author><ce:affiliation id="aff0001" affiliation-id="S2352340921009197-267dcdb2fea0783c2449243fd354e918"><ce:label>a</ce:label><ce:textfn id="cetextfn0001">Earth Science Institute, Slovak Academy of Sciences, &#x010e;umbierska 1, Bansk&#225; Bystrica SK-97411, Slovakia</ce:textfn><sa:affiliation><sa:organization>Earth Science Institute</sa:organization><sa:organization>Slovak Academy of Sciences</sa:organization><sa:address-line>&#x010e;umbierska 1</sa:address-line><sa:city>Bansk&#225; Bystrica</sa:city><sa:postal-code>SK-97411</sa:postal-code><sa:country>Slovakia</sa:country></sa:affiliation><ce:source-text id="staff0001">aEarth Science Institute, Slovak Academy of Sciences, &#x010e;umbierska 1, Bansk&#225; Bystrica SK-97411, Slovakia</ce:source-text></ce:affiliation><ce:affiliation id="aff0002" affiliation-id="S2352340921009197-06ac735b6223cb8e370b9f9ee74fe4c9"><ce:label>b</ce:label><ce:textfn id="cetextfn0002">Institute of Hydrology, Slovak Academy of Sciences, D&#250;bravsk&#225; cesta 9, Bratislava SK-84005, Slovakia</ce:textfn><sa:affiliation><sa:organization>Institute of Hydrology</sa:organization><sa:organization>Slovak Academy of Sciences</sa:organization><sa:address-line>D&#250;bravsk&#225; cesta 9</sa:address-line><sa:city>Bratislava</sa:city><sa:postal-code>SK-84005</sa:postal-code><sa:country>Slovakia</sa:country></sa:affiliation><ce:source-text id="staff0002">bInstitute of Hydrology, Slovak Academy of Sciences, D&#250;bravsk&#225; cesta 9, Bratislava SK-84005, Slovakia</ce:source-text></ce:affiliation><ce:affiliation id="aff0003" affiliation-id="S2352340921009197-ba3391ef6eef719059966e581a0838ed"><ce:label>c</ce:label><ce:textfn id="cetextfn0003">Earth Science Institute, Slovak Academy of Sciences, D&#250;bravsk&#225; cesta 9, Bratislava SK-84005, Slovakia</ce:textfn><sa:affiliation><sa:organization>Earth Science Institute</sa:organization><sa:organization>Slovak Academy of Sciences</sa:organization><sa:address-line>D&#250;bravsk&#225; cesta 9</sa:address-line><sa:city>Bratislava</sa:city><sa:postal-code>SK-84005</sa:postal-code><sa:country>Slovakia</sa:country></sa:affiliation><ce:source-text id="staff0003">cEarth Science Institute, Slovak Academy of Sciences, D&#250;bravsk&#225; cesta 9, Bratislava SK-84005, Slovakia</ce:source-text></ce:affiliation><ce:affiliation id="aff0004" affiliation-id="S2352340921009197-cdc475e850b0aafe15bf83ac78839bb7"><ce:label>d</ce:label><ce:textfn id="cetextfn0004">Department of Mineralogy, Petrology and Economic Geology, Faculty of Natural Sciences, Comenius University in Bratislava, Mlynsk&#225; dolina, Ilkovi&#x010d;ova 6, Bratislava SK-84215, Slovakia</ce:textfn><sa:affiliation><sa:organization>Department of Mineralogy, Petrology and Economic Geology</sa:organization><sa:organization>Faculty of Natural Sciences</sa:organization><sa:organization>Comenius University in Bratislava</sa:organization><sa:address-line>Mlynsk&#225; dolina, Ilkovi&#x010d;ova 6</sa:address-line><sa:city>Bratislava</sa:city><sa:postal-code>SK-84215</sa:postal-code><sa:country>Slovakia</sa:country></sa:affiliation><ce:source-text id="staff0004">dDepartment of Mineralogy, Petrology and Economic Geology, Faculty of Natural Sciences, Comenius University in Bratislava, Mlynsk&#225; dolina, Ilkovi&#x010d;ova 6, Bratislava SK-84215, Slovakia</ce:source-text></ce:affiliation><ce:affiliation id="aff0005" affiliation-id="S2352340921009197-4f9b89aa9b1a0c5bfc113d3613833403"><ce:label>e</ce:label><ce:textfn id="cetextfn0005">&#x0160;t&#225;tne lesy TANAPu, Tatransk&#225; Lomnica SK-059 60, Slovakia</ce:textfn><sa:affiliation><sa:organization>&#x0160;t&#225;tne lesy TANAPu</sa:organization><sa:city>Tatransk&#225; Lomnica</sa:city><sa:postal-code>SK-059 60</sa:postal-code><sa:country>Slovakia</sa:country></sa:affiliation><ce:source-text id="staff0005">e&#x0160;t&#225;tne lesy TANAPu, Tatransk&#225; Lomnica SK-059 60, Slovakia</ce:source-text></ce:affiliation><ce:correspondence id="cor0001"><ce:label>&#x204e;</ce:label><ce:text id="cetext0001">Corresponding author.</ce:text></ce:correspondence></ce:author-group><ce:date-received day="22" month="10" year="2021"/><ce:date-revised day="18" month="11" year="2021"/><ce:date-accepted day="23" month="11" year="2021"/><ce:abstract id="abs0001" view="all" class="author"><ce:section-title id="cesectitle0001">Abstract</ce:section-title><ce:abstract-sec id="abss0001" view="all"><ce:simple-para id="spara015" view="all">The data presented in this paper are related to the research article &#x201c;Sub-bottom and bathymetry sonar inspection of postglacial lacustrine infill of the alpine lakes (Tatra Mts., Slovakia)&#x201d; (Dhavamani et al., 2022). An implementation of acoustic sonar protocols provided data for the interpretation of glacigene, glaciolacustrine, postglacial, mass-movement deposits, and geodynamic factors influencing the sedimentation in seven alpine and sub-alpine Tatra Mountains lakes. The field data document the survey track lines of the sonars and allow to identify the location of the geomorphologic phenomena described in (Dhavamani et al., 2022). The laboratory data obtained by micro-CT document the lithology of glaciolacustrine and postglacial lake infill and support the interpretation of sub-bottom sonar record.</ce:simple-para></ce:abstract-sec></ce:abstract><ce:keywords id="keys0001" view="all" class="keyword"><ce:section-title id="cesectitle0002">Keywords</ce:section-title><ce:keyword id="key0001"><ce:text id="cetext0002">Chirp sonar</ce:text></ce:keyword><ce:keyword id="key0002"><ce:text id="cetext0003">AUV Ecomapper sonar</ce:text></ce:keyword><ce:keyword id="key0003"><ce:text id="cetext0004">CT-numbers</ce:text></ce:keyword><ce:keyword id="key0004"><ce:text id="cetext0005">Acoustic profiling</ce:text></ce:keyword><ce:keyword id="key0005"><ce:text id="cetext0006">Alpine lakes</ce:text></ce:keyword><ce:keyword id="key0006"><ce:text id="cetext0007">Pockmarks</ce:text></ce:keyword><ce:keyword id="key0007"><ce:text id="cetext0008">Central Europe</ce:text></ce:keyword></ce:keywords></ja:head></ja:article></doc:document>
