<doc:document xmlns:doc="http://www.elsevier.com/xml/document/schema" xmlns:dp="http://www.elsevier.com/xml/common/doc-properties/schema" xmlns:cps="http://www.elsevier.com/xml/common/consyn-properties/schema" xmlns:rdf="http://www.w3.org/1999/02/22-rdf-syntax-ns#" xmlns:dct="http://purl.org/dc/terms/" xmlns:prism="http://prismstandard.org/namespaces/basic/2.0/" xmlns:oa="http://vtw.elsevier.com/data/ns/properties/OpenAccess-1/" xmlns:bam="http://vtw.elsevier.com/data/voc/ns/bam-vtw-1/" xmlns:cp="http://vtw.elsevier.com/data/ns/properties/Copyright-1/" xmlns:cja="http://www.elsevier.com/xml/cja/schema" xmlns:ja="http://www.elsevier.com/xml/ja/schema" xmlns:bk="http://www.elsevier.com/xml/bk/schema" xmlns:ce="http://www.elsevier.com/xml/common/schema" xmlns:mml="http://www.w3.org/1998/Math/MathML" xmlns:cals="http://www.elsevier.com/xml/common/cals/schema" xmlns:tb="http://www.elsevier.com/xml/common/table/schema" xmlns:sa="http://www.elsevier.com/xml/common/struct-aff/schema" xmlns:sb="http://www.elsevier.com/xml/common/struct-bib/schema" xmlns:xlink="http://www.w3.org/1999/xlink"><rdf:RDF><rdf:Description rdf:about="http://dx.doi.org/10.1016/j.dib.2021.107475"><dct:format>application/xml</dct:format><dct:title>A dataset of the chemical composition and near-infrared spectroscopy measurements of raw cattle, poultry and pig manure</dct:title><dct:creator>Thierry Morvan</dct:creator><dct:creator>Fabien Gog&#233;</dct:creator><dct:creator>Thierry Oboyet</dct:creator><dct:creator>Odile Carel</dct:creator><dct:creator>Youssef Fouad</dct:creator><dct:subject><rdf:Bag><rdf:li>Solid animal organic waste product</rdf:li><rdf:li>NIR spectroscopy</rdf:li><rdf:li>Chemical composition</rdf:li><rdf:li>Fertilizing value</rdf:li></rdf:Bag></dct:subject><dct:description>Data in Brief 39 (2021). doi:10.1016/j.dib.2021.107475</dct:description><prism:aggregationType>journal</prism:aggregationType><prism:publicationName>Data in Brief</prism:publicationName><prism:copyright>&#169; 2021 The Authors. Published by Elsevier Inc.</prism:copyright><dct:publisher>Elsevier Inc.</dct:publisher><prism:issn>2352-3409</prism:issn><prism:volume>39</prism:volume><prism:coverDisplayDate>December 2021</prism:coverDisplayDate><prism:doi>10.1016/j.dib.2021.107475</prism:doi><prism:url>http://dx.doi.org/10.1016/j.dib.2021.107475</prism:url><dct:identifier>doi:10.1016/j.dib.2021.107475</dct:identifier><bam:articleNumber>107475</bam:articleNumber><oa:openAccessInformation><oa:openAccessStatus xmlns:xsi="http://www.w3.org/2001/XMLSchema-instance">http://vtw.elsevier.com/data/voc/oa/OpenAccessStatus#Full</oa:openAccessStatus><oa:openAccessEffective xmlns:xsi="http://www.w3.org/2001/XMLSchema-instance">2021-10-11T13:23:49Z</oa:openAccessEffective><oa:sponsor xmlns:xsi="http://www.w3.org/2001/XMLSchema-instance"><oa:sponsorName>French Institutes</oa:sponsorName><oa:sponsorType>http://vtw.elsevier.com/data/voc/oa/SponsorType#FundingBody</oa:sponsorType></oa:sponsor><oa:userLicense xmlns:xsi="http://www.w3.org/2001/XMLSchema-instance">http://creativecommons.org/licenses/by-nc-nd/4.0/</oa:userLicense></oa:openAccessInformation><cp:licenseLine xmlns:xsi="http://www.w3.org/2001/XMLSchema-instance">This is an open access article under the CC BY-NC-ND license.</cp:licenseLine></rdf:Description></rdf:RDF><dp:document-properties><dp:aggregation-type>Journals</dp:aggregation-type><dp:version-number>S300.1</dp:version-number></dp:document-properties><ja:article docsubtype="dat" version="5.6" xml:lang="en"><ja:item-info><ja:jid>DIB</ja:jid><ja:aid>107475</ja:aid><ce:article-number>107475</ce:article-number><ce:pii>S2352-3409(21)00756-3</ce:pii><ce:doi>10.1016/j.dib.2021.107475</ce:doi><ce:copyright type="unknown" year="2021"/></ja:item-info><ja:head><ce:dochead id="dchd0001"><ce:textfn id="dhtxt0001">Data Article</ce:textfn></ce:dochead><ce:title id="tte0002">A dataset of the chemical composition and near-infrared spectroscopy measurements of raw cattle, poultry and pig manure</ce:title><ce:author-group id="aut0001"><ce:author id="au0001" author-id="S2352340921007563-6fcc15131004ad2594944548413a0fa7" orcid="0000-0002-6678-2661"><ce:given-name>Thierry</ce:given-name><ce:surname>Morvan</ce:surname><ce:contributor-role role="http://credit.niso.org/contributor-roles/conceptualization">Conceptualization</ce:contributor-role><ce:contributor-role role="http://credit.niso.org/contributor-roles/methodology">Methodology</ce:contributor-role><ce:contributor-role role="http://credit.niso.org/contributor-roles/writing-original-draft">Writing &#x2013; original draft</ce:contributor-role><ce:contributor-role role="http://credit.niso.org/contributor-roles/writing-review-editing">Writing &#x2013; review &amp; editing</ce:contributor-role><ce:contributor-role role="http://credit.niso.org/contributor-roles/visualization">Visualization</ce:contributor-role><ce:contributor-role role="http://credit.niso.org/contributor-roles/supervision">Supervision</ce:contributor-role><ce:contributor-role role="http://credit.niso.org/contributor-roles/data-curation">Data curation</ce:contributor-role><ce:contributor-role role="http://credit.niso.org/contributor-roles/project-administration">Project administration</ce:contributor-role><ce:cross-ref refid="aff0001"><ce:sup loc="post">a</ce:sup></ce:cross-ref><ce:cross-ref refid="cor0001"><ce:sup loc="post">&#x204e;</ce:sup></ce:cross-ref><ce:e-address id="ead0001" type="email" xlink:href="mailto:thierry.morvan@inrae.fr">thierry.morvan@inrae.fr</ce:e-address></ce:author><ce:author id="au0002" author-id="S2352340921007563-9e4abd8d6b257c919424ccb5c605bca4" orcid="0000-0002-1396-6862"><ce:given-name>Fabien</ce:given-name><ce:surname>Gog&#233;</ce:surname><ce:contributor-role role="http://credit.niso.org/contributor-roles/conceptualization">Conceptualization</ce:contributor-role><ce:contributor-role role="http://credit.niso.org/contributor-roles/methodology">Methodology</ce:contributor-role><ce:contributor-role role="http://credit.niso.org/contributor-roles/validation">Validation</ce:contributor-role><ce:contributor-role role="http://credit.niso.org/contributor-roles/formal-analysis">Formal analysis</ce:contributor-role><ce:contributor-role role="http://credit.niso.org/contributor-roles/investigation">Investigation</ce:contributor-role><ce:contributor-role role="http://credit.niso.org/contributor-roles/data-curation">Data curation</ce:contributor-role><ce:contributor-role role="http://credit.niso.org/contributor-roles/writing-original-draft">Writing &#x2013; original draft</ce:contributor-role><ce:contributor-role role="http://credit.niso.org/contributor-roles/visualization">Visualization</ce:contributor-role><ce:cross-ref refid="aff0001"><ce:sup loc="post">a</ce:sup></ce:cross-ref></ce:author><ce:author id="au0003" author-id="S2352340921007563-d909911584fad26775e0a6a7e847a7f9"><ce:given-name>Thierry</ce:given-name><ce:surname>Oboyet</ce:surname><ce:contributor-role role="http://credit.niso.org/contributor-roles/methodology">Methodology</ce:contributor-role><ce:contributor-role role="http://credit.niso.org/contributor-roles/validation">Validation</ce:contributor-role><ce:contributor-role role="http://credit.niso.org/contributor-roles/formal-analysis">Formal analysis</ce:contributor-role><ce:cross-ref refid="aff0002"><ce:sup loc="post">b</ce:sup></ce:cross-ref></ce:author><ce:author id="au0004" author-id="S2352340921007563-6c04be6bd427c77dc5e8b7b237128647"><ce:given-name>Odile</ce:given-name><ce:surname>Carel</ce:surname><ce:contributor-role role="http://credit.niso.org/contributor-roles/methodology">Methodology</ce:contributor-role><ce:contributor-role role="http://credit.niso.org/contributor-roles/validation">Validation</ce:contributor-role><ce:contributor-role role="http://credit.niso.org/contributor-roles/formal-analysis">Formal analysis</ce:contributor-role><ce:cross-ref refid="aff0002"><ce:sup loc="post">b</ce:sup></ce:cross-ref></ce:author><ce:author id="au0005" author-id="S2352340921007563-9ec3c8c6a856d4a3a5dd1e6f7586f799" orcid="0000-0003-3344-7928"><ce:given-name>Youssef</ce:given-name><ce:surname>Fouad</ce:surname><ce:contributor-role role="http://credit.niso.org/contributor-roles/conceptualization">Conceptualization</ce:contributor-role><ce:contributor-role role="http://credit.niso.org/contributor-roles/methodology">Methodology</ce:contributor-role><ce:contributor-role role="http://credit.niso.org/contributor-roles/writing-original-draft">Writing &#x2013; original draft</ce:contributor-role><ce:contributor-role role="http://credit.niso.org/contributor-roles/supervision">Supervision</ce:contributor-role><ce:contributor-role role="http://credit.niso.org/contributor-roles/data-curation">Data curation</ce:contributor-role><ce:contributor-role role="http://credit.niso.org/contributor-roles/project-administration">Project administration</ce:contributor-role><ce:cross-ref refid="aff0001"><ce:sup loc="post">a</ce:sup></ce:cross-ref><ce:cross-ref refid="cor0001"><ce:sup loc="post">&#x204e;</ce:sup></ce:cross-ref><ce:e-address id="ead0002" type="email" xlink:href="mailto:youssef.fouad@agrocampus-ouest.fr">youssef.fouad@agrocampus-ouest.fr</ce:e-address></ce:author><ce:affiliation id="aff0001" affiliation-id="S2352340921007563-b073dd75024bde596b6ecfc275572c64"><ce:label>a</ce:label><ce:textfn id="cetextfn0001">INRAE, Institut Agro, UMR SAS, Rennes 35000, France</ce:textfn><sa:affiliation><sa:organization>INRAE</sa:organization><sa:organization>Institut Agro</sa:organization><sa:organization>UMR SAS</sa:organization><sa:city>Rennes</sa:city><sa:postal-code>35000</sa:postal-code><sa:country>France</sa:country></sa:affiliation><ce:source-text id="staff0001">aINRAE, Institut Agro, UMR SAS, Rennes 35000, France</ce:source-text></ce:affiliation><ce:affiliation id="aff0002" affiliation-id="S2352340921007563-768bc7dc5d934053e52c2b02b8809ddc"><ce:label>b</ce:label><ce:textfn id="cetextfn0002">CAPINOV, Landerneau 29800, France</ce:textfn><sa:affiliation><sa:organization>CAPINOV</sa:organization><sa:city>Landerneau</sa:city><sa:postal-code>29800</sa:postal-code><sa:country>France</sa:country></sa:affiliation><ce:source-text id="staff0002">bCAPINOV, Landerneau 29800, France</ce:source-text></ce:affiliation><ce:correspondence id="cor0001"><ce:label>&#x204e;</ce:label><ce:text id="cetext0001">Corresponding authors.</ce:text></ce:correspondence></ce:author-group><ce:date-received day="18" month="6" year="2021"/><ce:date-revised day="14" month="9" year="2021"/><ce:date-accepted day="16" month="9" year="2021"/><ce:abstract id="abs0001" view="all" class="author"><ce:section-title id="cesectitle0001">Abstract</ce:section-title><ce:abstract-sec id="abss0001" view="all"><ce:simple-para id="spara007" view="all">Organic waste products (OWPs) from livestock have a high fertilizer value (N, P, K), but can also lead to environmental problems when applied in excessive quantities. Because their composition varies greatly, it is important to develop fast, reliable and inexpensive methods for determining their chemical contents. Near-infrared spectroscopy (NIRS) offers the possibility of rapid analysis of samples and requires little sample preparation, and previous studies have demonstrated that NIRS could be able to determine the most important compositional parameters of solid animal manure. The recent development of low-cost miniaturized spectrometers even enables manure-spreading equipment to be equipped with sensors to measure the composition in real time, and some applications are already being commercialized for the spreading of liquid OWPs. In-situ analysis of these very heterogeneous products (roughness, humidity) is a challenge for such applications, because spectral acquisition must be performed on raw samples with no preparation. To evaluate the accuracy with which NIRS estimates dry matter content, organic matter, total and ammonium nitrogen, phosphorus, potassium, calcium and magnesium contents, we created a large calibration database representative of raw solid animal manures encountered in Brittany. A total of 490 samples of solid OWPs from livestock farms were collected in the early spring from 270 farms in Brittany (western France), in 2 campaigns conducted in 2018 and 2019. The sampling was designed to capture the large diversity of animal species (mainly cattle, pigs and poultry), type of farming and storage modes. Compositional parameters were analyzed according to analysis methods certified by the French standards organization (AFNOR). Samples were scanned using a <ce:italic>Q</ce:italic>-interline AgriQuant B8 equipped with a patented spiral sampler, which aggregates the heterogeneity of the sample. NIRS measurements were made in triplicate. Because the dataset covers a wide range of variability in the composition of solid animal manure, these data are of great interest to chemometrics experts and agronomists in search of references on the fertilizing value of products.</ce:simple-para></ce:abstract-sec></ce:abstract><ce:keywords id="keys0001" view="all" class="keyword"><ce:section-title id="cesectitle0002">Keywords</ce:section-title><ce:keyword id="key0001"><ce:text id="cetext0002">Solid animal organic waste product</ce:text></ce:keyword><ce:keyword id="key0001a"><ce:text id="cetext0002a">NIR spectroscopy</ce:text></ce:keyword><ce:keyword id="key0001b"><ce:text id="cetext0002b">Chemical composition</ce:text></ce:keyword><ce:keyword id="key0001c"><ce:text id="cetext0002c">Fertilizing value</ce:text></ce:keyword></ce:keywords></ja:head></ja:article></doc:document>
