<doc:document xmlns:doc="http://www.elsevier.com/xml/document/schema" xmlns:dp="http://www.elsevier.com/xml/common/doc-properties/schema" xmlns:cps="http://www.elsevier.com/xml/common/consyn-properties/schema" xmlns:rdf="http://www.w3.org/1999/02/22-rdf-syntax-ns#" xmlns:dct="http://purl.org/dc/terms/" xmlns:prism="http://prismstandard.org/namespaces/basic/2.0/" xmlns:oa="http://vtw.elsevier.com/data/ns/properties/OpenAccess-1/" xmlns:bam="http://vtw.elsevier.com/data/voc/ns/bam-vtw-1/" xmlns:cp="http://vtw.elsevier.com/data/ns/properties/Copyright-1/" xmlns:cja="http://www.elsevier.com/xml/cja/schema" xmlns:ja="http://www.elsevier.com/xml/ja/schema" xmlns:bk="http://www.elsevier.com/xml/bk/schema" xmlns:ce="http://www.elsevier.com/xml/common/schema" xmlns:mml="http://www.w3.org/1998/Math/MathML" xmlns:cals="http://www.elsevier.com/xml/common/cals/schema" xmlns:tb="http://www.elsevier.com/xml/common/table/schema" xmlns:sa="http://www.elsevier.com/xml/common/struct-aff/schema" xmlns:sb="http://www.elsevier.com/xml/common/struct-bib/schema" xmlns:xlink="http://www.w3.org/1999/xlink"><rdf:RDF><rdf:Description rdf:about="http://dx.doi.org/10.1016/j.dib.2021.107519"><dct:format>application/xml</dct:format><dct:title>Descriptive data on simultaneous nitrification and denitrification of hypersaline wastewater by a robust bacterium Halomonas salifodinae</dct:title><dct:creator>Jie Hu</dct:creator><dct:creator>Jiabao Yan</dct:creator><dct:creator>Ling Wu</dct:creator><dct:creator>Yanzhou Bao</dct:creator><dct:creator>Danqing Yu</dct:creator><dct:creator>Jing Li</dct:creator><dct:subject><rdf:Bag><rdf:li>Hypersaline wastewater</rdf:li><rdf:li>Halotolerant bacterium</rdf:li><rdf:li>Heterotrophic nitrification</rdf:li><rdf:li>Aerobic denitrification</rdf:li><rdf:li>Enzymatic activity</rdf:li></rdf:Bag></dct:subject><dct:description>Data in Brief 39 (2021). doi:10.1016/j.dib.2021.107519</dct:description><prism:aggregationType>journal</prism:aggregationType><prism:publicationName>Data in Brief</prism:publicationName><prism:copyright>&#169; 2021 The Author(s). Published by Elsevier Inc.</prism:copyright><dct:publisher>Elsevier Inc.</dct:publisher><prism:issn>2352-3409</prism:issn><prism:volume>39</prism:volume><prism:coverDisplayDate>December 2021</prism:coverDisplayDate><prism:doi>10.1016/j.dib.2021.107519</prism:doi><prism:url>http://dx.doi.org/10.1016/j.dib.2021.107519</prism:url><dct:identifier>doi:10.1016/j.dib.2021.107519</dct:identifier><bam:articleNumber>107519</bam:articleNumber><oa:openAccessInformation><oa:openAccessStatus xmlns:xsi="http://www.w3.org/2001/XMLSchema-instance">http://vtw.elsevier.com/data/voc/oa/OpenAccessStatus#Full</oa:openAccessStatus><oa:openAccessEffective xmlns:xsi="http://www.w3.org/2001/XMLSchema-instance">2021-10-22T19:18:10Z</oa:openAccessEffective><oa:sponsor xmlns:xsi="http://www.w3.org/2001/XMLSchema-instance"><oa:sponsorName>China Institutes Tracking agreement</oa:sponsorName><oa:sponsorType>http://vtw.elsevier.com/data/voc/oa/SponsorType#Author</oa:sponsorType></oa:sponsor><oa:userLicense xmlns:xsi="http://www.w3.org/2001/XMLSchema-instance">http://creativecommons.org/licenses/by-nc-nd/4.0/</oa:userLicense></oa:openAccessInformation><cp:licenseLine xmlns:xsi="http://www.w3.org/2001/XMLSchema-instance">This is an open access article under the CC BY-NC-ND license.</cp:licenseLine></rdf:Description></rdf:RDF><dp:document-properties><dp:aggregation-type>Journals</dp:aggregation-type><dp:version-number>S300.1</dp:version-number></dp:document-properties><ja:article docsubtype="dat" version="5.6" xml:lang="en"><ja:item-info><ja:jid>DIB</ja:jid><ja:aid>107519</ja:aid><ce:article-number>107519</ce:article-number><ce:pii>S2352-3409(21)00795-2</ce:pii><ce:doi>10.1016/j.dib.2021.107519</ce:doi><ce:document-thread><ce:refers-to-document id="ref0001"><ce:pii>S0960-8524(21)01159-7</ce:pii><ce:doi>10.1016/j.biortech.2021.125818</ce:doi></ce:refers-to-document></ce:document-thread><ce:copyright type="unknown" year="2021"/></ja:item-info><ja:head><ce:dochead id="dchd0001"><ce:textfn id="dhtxt0001">Data Article</ce:textfn></ce:dochead><ce:title id="tte0002">Descriptive data on simultaneous nitrification and denitrification of hypersaline wastewater by a robust bacterium <ce:italic>Halomonas salifodinae</ce:italic></ce:title><ce:author-group id="aut0001"><ce:author id="au0001" author-id="S2352340921007952-e56d69d68ba04100246650d999a3da53"><ce:given-name>Jie</ce:given-name><ce:surname>Hu</ce:surname><ce:cross-ref refid="aff0001"><ce:sup loc="post">a</ce:sup></ce:cross-ref><ce:cross-ref refid="aff0002"><ce:sup loc="post">b</ce:sup></ce:cross-ref></ce:author><ce:author id="au0002" author-id="S2352340921007952-79b3245363014813c6f42968b3f6558c" orcid="0000-0003-3275-9444"><ce:given-name>Jiabao</ce:given-name><ce:surname>Yan</ce:surname><ce:cross-ref refid="aff0001"><ce:sup loc="post">a</ce:sup></ce:cross-ref><ce:cross-ref refid="aff0002"><ce:sup loc="post">b</ce:sup></ce:cross-ref></ce:author><ce:author id="au0003" author-id="S2352340921007952-73dfba9a8a9c4fd1b166a75617a78a3c"><ce:given-name>Ling</ce:given-name><ce:surname>Wu</ce:surname><ce:cross-ref refid="aff0001"><ce:sup loc="post">a</ce:sup></ce:cross-ref><ce:cross-ref refid="aff0002"><ce:sup loc="post">b</ce:sup></ce:cross-ref></ce:author><ce:author id="au0004" author-id="S2352340921007952-aa4bf28c508837c34c640f963c81a1fa"><ce:given-name>Yanzhou</ce:given-name><ce:surname>Bao</ce:surname><ce:cross-ref refid="aff0001"><ce:sup loc="post">a</ce:sup></ce:cross-ref><ce:cross-ref refid="aff0002"><ce:sup loc="post">b</ce:sup></ce:cross-ref></ce:author><ce:author id="au0005" author-id="S2352340921007952-d96fafdd117cec22ad08da6445fda29c"><ce:given-name>Danqing</ce:given-name><ce:surname>Yu</ce:surname><ce:cross-ref refid="aff0001"><ce:sup loc="post">a</ce:sup></ce:cross-ref><ce:cross-ref refid="aff0002"><ce:sup loc="post">b</ce:sup></ce:cross-ref></ce:author><ce:author id="au0006" author-id="S2352340921007952-b8e0db7615e597047ea479976eff249f" orcid="0000-0002-4183-6440"><ce:given-name>Jing</ce:given-name><ce:surname>Li</ce:surname><ce:cross-ref refid="aff0001"><ce:sup loc="post">a</ce:sup></ce:cross-ref><ce:cross-ref refid="aff0002"><ce:sup loc="post">b</ce:sup></ce:cross-ref><ce:cross-ref refid="cor0001"><ce:sup loc="post">&#x204e;</ce:sup></ce:cross-ref><ce:e-address id="ead0001" type="email" xlink:href="mailto:jli82@wust.edu.cn">jli82@wust.edu.cn</ce:e-address></ce:author><ce:affiliation id="aff0001" affiliation-id="S2352340921007952-f4e5dc51c876021e88b252070a2d9136"><ce:label>a</ce:label><ce:textfn id="cetextfn0001">School of Chemistry and Chemical Engineering, Wuhan University of Science and Technology, Wuhan 430081, China</ce:textfn><sa:affiliation><sa:organization>School of Chemistry and Chemical Engineering</sa:organization><sa:organization>Wuhan University of Science and Technology</sa:organization><sa:city>Wuhan</sa:city><sa:postal-code>430081</sa:postal-code><sa:country>China</sa:country></sa:affiliation><ce:source-text id="staff0001">aSchool of Chemistry and Chemical Engineering, Wuhan University of Science and Technology, Wuhan 430081, China</ce:source-text></ce:affiliation><ce:affiliation id="aff0002" affiliation-id="S2352340921007952-5ad5bff59b429838ef75be7d4800b637"><ce:label>b</ce:label><ce:textfn id="cetextfn0002">Hubei Province Key Laboratory of Coal Conversion and New Carbon Materials, Wuhan University of Science and Technology, Wuhan 430081, China</ce:textfn><sa:affiliation><sa:organization>Hubei Province Key Laboratory of Coal Conversion and New Carbon Materials</sa:organization><sa:organization>Wuhan University of Science and Technology</sa:organization><sa:city>Wuhan</sa:city><sa:postal-code>430081</sa:postal-code><sa:country>China</sa:country></sa:affiliation><ce:source-text id="staff0002">bHubei Province Key Laboratory of Coal Conversion and New Carbon Materials, Wuhan University of Science and Technology, Wuhan 430081, China</ce:source-text></ce:affiliation><ce:correspondence id="cor0001"><ce:label>&#x204e;</ce:label><ce:text id="cetext0001">Corresponding author.</ce:text></ce:correspondence></ce:author-group><ce:date-received day="5" month="10" year="2021"/><ce:date-revised day="21" month="10" year="2021"/><ce:date-accepted day="22" month="10" year="2021"/><ce:abstract id="abs0001" view="all" class="author"><ce:section-title id="cesectitle0001">Abstract</ce:section-title><ce:abstract-sec id="abss0001" view="all"><ce:simple-para id="spara014" view="all">This article aims to illustrate and expand the information published in the article &#x201c;Simultaneous nitrification and denitrification of hypersaline wastewater by a robust bacterium <ce:italic>Halomonas salifodinae</ce:italic> from a repeated-batch acclimation&#x201d; [1]. The data present the salt tolerance of strain Y5 at different salinities (0%, 5%, 10%, 15%, and 20%). The effect of salinity on the morphology of bacteria was observed by scanning electron microscope. The influence of culture conditions including carbon source, C/N ratio, initial pH value, temperature, and shaking speed on bacterial growth and NH<ce:inf loc="post">4</ce:inf><ce:sup loc="post">+</ce:sup>-N removal capability of strain Y5 was investigated by single factor experiments. The enzymatic activities of ammonia monooxygenase (AMO), hydroxylamine oxidase (HAO), nitrite reductase (NIR), and periplasm nitrate reductase (NAP) were measured by extracting the cell-free crude enzymes from strain Y5.</ce:simple-para></ce:abstract-sec></ce:abstract><ce:keywords id="keys0001" view="all" class="keyword"><ce:section-title id="cesectitle0002">Keywords</ce:section-title><ce:keyword id="key0001"><ce:text id="cetext0002">Hypersaline wastewater</ce:text></ce:keyword><ce:keyword id="key0001a"><ce:text id="cetext0003">Halotolerant bacterium</ce:text></ce:keyword><ce:keyword id="key0001b"><ce:text id="cetext0004">Heterotrophic nitrification</ce:text></ce:keyword><ce:keyword id="key0001c"><ce:text id="cetext0005">Aerobic denitrification</ce:text></ce:keyword><ce:keyword id="key0001d"><ce:text id="cetext0006">Enzymatic activity</ce:text></ce:keyword></ce:keywords></ja:head></ja:article></doc:document>
