<doc:document xmlns:doc="http://www.elsevier.com/xml/document/schema" xmlns:dp="http://www.elsevier.com/xml/common/doc-properties/schema" xmlns:cps="http://www.elsevier.com/xml/common/consyn-properties/schema" xmlns:rdf="http://www.w3.org/1999/02/22-rdf-syntax-ns#" xmlns:dct="http://purl.org/dc/terms/" xmlns:prism="http://prismstandard.org/namespaces/basic/2.0/" xmlns:oa="http://vtw.elsevier.com/data/ns/properties/OpenAccess-1/" xmlns:bam="http://vtw.elsevier.com/data/voc/ns/bam-vtw-1/" xmlns:cp="http://vtw.elsevier.com/data/ns/properties/Copyright-1/" xmlns:cja="http://www.elsevier.com/xml/cja/schema" xmlns:ja="http://www.elsevier.com/xml/ja/schema" xmlns:bk="http://www.elsevier.com/xml/bk/schema" xmlns:ce="http://www.elsevier.com/xml/common/schema" xmlns:mml="http://www.w3.org/1998/Math/MathML" xmlns:cals="http://www.elsevier.com/xml/common/cals/schema" xmlns:tb="http://www.elsevier.com/xml/common/table/schema" xmlns:sa="http://www.elsevier.com/xml/common/struct-aff/schema" xmlns:sb="http://www.elsevier.com/xml/common/struct-bib/schema" xmlns:xlink="http://www.w3.org/1999/xlink"><rdf:RDF><rdf:Description rdf:about="http://dx.doi.org/10.1016/j.dib.2021.107719"><dct:format>application/xml</dct:format><dct:title>Hydro-sedimentary provenance analyses in the Wei&#223;e Elster catchment (Central Germany): The basic dataset</dct:title><dct:creator>Helen Ballasus</dct:creator><dct:creator>Hans von Suchodoletz</dct:creator><dct:creator>Birgit Schneider</dct:creator><dct:creator>Hermann Gr&#252;n</dct:creator><dct:creator>Anna Heller</dct:creator><dct:creator>Marie-Sophie Kind</dct:creator><dct:creator>Bennet Wroblewski</dct:creator><dct:creator>Stefan Wurlitzer</dct:creator><dct:creator>Christoph Zielhofer</dct:creator><dct:subject><rdf:Bag><rdf:li>Provenance analysis</rdf:li><rdf:li>Stationary XRF data</rdf:li><rdf:li>Grain size data</rdf:li><rdf:li>Floodplain</rdf:li><rdf:li>Catchment-scale</rdf:li><rdf:li>Hydro-sedimentary dynamics</rdf:li><rdf:li>Neolithic</rdf:li><rdf:li>Central Germany</rdf:li></rdf:Bag></dct:subject><dct:description>Data in Brief, Uncorrected proof. doi:10.1016/j.dib.2021.107719</dct:description><prism:aggregationType>journal</prism:aggregationType><prism:publicationName>Data in Brief</prism:publicationName><prism:copyright>&#169; 2021 Published by Elsevier Inc.</prism:copyright><dct:publisher>Elsevier Inc.</dct:publisher><prism:issn>2352-3409</prism:issn><prism:doi>10.1016/j.dib.2021.107719</prism:doi><prism:url>http://dx.doi.org/10.1016/j.dib.2021.107719</prism:url><dct:identifier>doi:10.1016/j.dib.2021.107719</dct:identifier><bam:articleNumber>107719</bam:articleNumber><oa:openAccessInformation><oa:openAccessStatus xmlns:xsi="http://www.w3.org/2001/XMLSchema-instance">http://vtw.elsevier.com/data/voc/oa/OpenAccessStatus#Full</oa:openAccessStatus><oa:openAccessEffective xmlns:xsi="http://www.w3.org/2001/XMLSchema-instance">2021-12-14T17:50:50Z</oa:openAccessEffective><oa:sponsor xmlns:xsi="http://www.w3.org/2001/XMLSchema-instance"><oa:sponsorType>http://vtw.elsevier.com/data/voc/oa/SponsorType#ElsevierWaived</oa:sponsorType></oa:sponsor><oa:userLicense xmlns:xsi="http://www.w3.org/2001/XMLSchema-instance">http://creativecommons.org/licenses/by/4.0/</oa:userLicense></oa:openAccessInformation><cp:licenseLine xmlns:xsi="http://www.w3.org/2001/XMLSchema-instance">This is an open access article under the CC BY license.</cp:licenseLine></rdf:Description></rdf:RDF><dp:document-properties><dp:aggregation-type>Journals</dp:aggregation-type><dp:version-number>S100.1</dp:version-number></dp:document-properties><ja:article docsubtype="dat" version="5.6" xml:lang="en"><ja:item-info><ja:jid>DIB</ja:jid><ja:aid>107719</ja:aid><ce:article-number>107719</ce:article-number><ce:pii>S2352-3409(21)00994-X</ce:pii><ce:doi>10.1016/j.dib.2021.107719</ce:doi><ce:document-thread><ce:refers-to-document id="ref0001"><ce:pii>S0048-9697(21)05936-2</ce:pii><ce:doi>10.1016/j.scitotenv.2021.150858</ce:doi></ce:refers-to-document></ce:document-thread><ce:copyright type="unknown" year="2021"/></ja:item-info><ja:head><ce:dochead id="dchd0001"><ce:textfn id="dhtxt0001">Data Article</ce:textfn></ce:dochead><ce:title id="tte0002">Hydro-sedimentary provenance analyses in the Wei&#223;e Elster catchment (Central Germany): The basic dataset</ce:title><ce:author-group id="aut0001"><ce:author id="au0001" author-id="S235234092100994X-98bc32833686bc14d8d9e56d275c2f39"><ce:given-name>Helen</ce:given-name><ce:surname>Ballasus</ce:surname><ce:contributor-role role="http://credit.niso.org/contributor-roles/conceptualization">Conceptualization</ce:contributor-role><ce:contributor-role role="http://credit.niso.org/contributor-roles/methodology">Methodology</ce:contributor-role><ce:contributor-role role="http://credit.niso.org/contributor-roles/software">Software</ce:contributor-role><ce:contributor-role role="http://credit.niso.org/contributor-roles/validation">Validation</ce:contributor-role><ce:contributor-role role="http://credit.niso.org/contributor-roles/formal-analysis">Formal analysis</ce:contributor-role><ce:contributor-role role="http://credit.niso.org/contributor-roles/investigation">Investigation</ce:contributor-role><ce:contributor-role role="http://credit.niso.org/contributor-roles/data-curation">Data curation</ce:contributor-role><ce:contributor-role role="http://credit.niso.org/contributor-roles/writing-original-draft">Writing &#x2013; original draft</ce:contributor-role><ce:contributor-role role="http://credit.niso.org/contributor-roles/visualization">Visualization</ce:contributor-role><ce:contributor-role role="http://credit.niso.org/contributor-roles/project-administration">Project administration</ce:contributor-role><ce:e-address id="ead0001" type="email" xlink:href="mailto:Helen.ballasus@uni-leipzig.de">Helen.ballasus@uni-leipzig.de</ce:e-address></ce:author><ce:author id="au0002" author-id="S235234092100994X-f582cfd8352ca1a2a290801700479fc7"><ce:given-name>Hans</ce:given-name><ce:surname>von Suchodoletz</ce:surname><ce:contributor-role role="http://credit.niso.org/contributor-roles/investigation">Investigation</ce:contributor-role><ce:contributor-role role="http://credit.niso.org/contributor-roles/resources">Resources</ce:contributor-role><ce:contributor-role role="http://credit.niso.org/contributor-roles/writing-review-editing">Writing &#x2013; review &amp; editing</ce:contributor-role><ce:contributor-role role="http://credit.niso.org/contributor-roles/funding-acquisition">Funding acquisition</ce:contributor-role><ce:e-address id="ead0002" type="email" xlink:href="mailto:hans.von.suchodoletz@uni-leipzig.de">hans.von.suchodoletz@uni-leipzig.de</ce:e-address></ce:author><ce:author id="au0003" author-id="S235234092100994X-94e2f0c1777c72c1c63b11f4258c3abb"><ce:given-name>Birgit</ce:given-name><ce:surname>Schneider</ce:surname><ce:contributor-role role="http://credit.niso.org/contributor-roles/investigation">Investigation</ce:contributor-role><ce:contributor-role role="http://credit.niso.org/contributor-roles/data-curation">Data curation</ce:contributor-role><ce:e-address id="ead0003" type="email" xlink:href="mailto:bschneid@rz.uni-leipzig.de">bschneid@rz.uni-leipzig.de</ce:e-address></ce:author><ce:author id="au0004" author-id="S235234092100994X-f315f337a7a71b4edb799133764b212a"><ce:given-name>Hermann</ce:given-name><ce:surname>Gr&#252;n</ce:surname><ce:contributor-role>Investigation</ce:contributor-role><ce:e-address id="ead0004" type="email" xlink:href="mailto:hg75taqo@studserv.uni-leipzig.de">hg75taqo@studserv.uni-leipzig.de</ce:e-address></ce:author><ce:author id="au0005" author-id="S235234092100994X-fd602431a77c5d3b70518eec1018e3b9"><ce:given-name>Anna</ce:given-name><ce:surname>Heller</ce:surname><ce:contributor-role>Investigation</ce:contributor-role><ce:e-address id="ead0005" type="email" xlink:href="mailto:ah58fipo@studserv.uni-leipzig.de">ah58fipo@studserv.uni-leipzig.de</ce:e-address></ce:author><ce:author id="au0006" author-id="S235234092100994X-b358552685325e783b86d5f1f26a9f7c"><ce:given-name>Marie-Sophie</ce:given-name><ce:surname>Kind</ce:surname><ce:contributor-role role="http://credit.niso.org/contributor-roles/formal-analysis">Formal analysis</ce:contributor-role><ce:contributor-role role="http://credit.niso.org/contributor-roles/investigation">Investigation</ce:contributor-role><ce:e-address id="ead0006" type="email" xlink:href="mailto:marie.kind@gmx.de">marie.kind@gmx.de</ce:e-address></ce:author><ce:author id="au0007" author-id="S235234092100994X-109f6b9a92da22c268345073eb3cd276"><ce:given-name>Bennet</ce:given-name><ce:surname>Wroblewski</ce:surname><ce:contributor-role>Investigation</ce:contributor-role><ce:e-address id="ead0007" type="email" xlink:href="mailto:bw44zugo@studserv.uni-leipzig.de">bw44zugo@studserv.uni-leipzig.de</ce:e-address></ce:author><ce:author id="au0008" author-id="S235234092100994X-c8f6a6f118677a2d7264775645fd2f92"><ce:given-name>Stefan</ce:given-name><ce:surname>Wurlitzer</ce:surname><ce:contributor-role>Investigation</ce:contributor-role><ce:e-address id="ead0008" type="email" xlink:href="mailto:jur13ecg@studserv.uni-leipzig.de">jur13ecg@studserv.uni-leipzig.de</ce:e-address></ce:author><ce:author id="au0009" author-id="S235234092100994X-4734be75357f3364f1d1dce7bcaeb8ec" orcid="0000-0001-9551-4466"><ce:given-name>Christoph</ce:given-name><ce:surname>Zielhofer</ce:surname><ce:contributor-role role="http://credit.niso.org/contributor-roles/conceptualization">Conceptualization</ce:contributor-role><ce:contributor-role role="http://credit.niso.org/contributor-roles/methodology">Methodology</ce:contributor-role><ce:contributor-role role="http://credit.niso.org/contributor-roles/validation">Validation</ce:contributor-role><ce:contributor-role role="http://credit.niso.org/contributor-roles/formal-analysis">Formal analysis</ce:contributor-role><ce:contributor-role role="http://credit.niso.org/contributor-roles/resources">Resources</ce:contributor-role><ce:contributor-role role="http://credit.niso.org/contributor-roles/writing-original-draft">Writing &#x2013; original draft</ce:contributor-role><ce:contributor-role role="http://credit.niso.org/contributor-roles/writing-review-editing">Writing &#x2013; review &amp; editing</ce:contributor-role><ce:contributor-role role="http://credit.niso.org/contributor-roles/supervision">Supervision</ce:contributor-role><ce:contributor-role role="http://credit.niso.org/contributor-roles/funding-acquisition">Funding acquisition</ce:contributor-role><ce:cross-ref refid="cor0001"><ce:sup loc="post">&#x204e;</ce:sup></ce:cross-ref><ce:e-address id="ead0009" type="email" xlink:href="mailto:zielhofer@uni-leipzig.de">zielhofer@uni-leipzig.de</ce:e-address></ce:author><ce:affiliation id="aff0001" affiliation-id="S235234092100994X-6a075330363667770d2ab444160013ac"><ce:textfn id="cetextfn0001">Chair of Physical Geography, Institute of Geography, Leipzig University, Johannisallee 19a, D-04103 Leipzig, Germany</ce:textfn><sa:affiliation><sa:organization>Chair of Physical Geography</sa:organization><sa:organization>Institute of Geography</sa:organization><sa:organization>Leipzig University</sa:organization><sa:address-line>Johannisallee 19a</sa:address-line><sa:city>Leipzig</sa:city><sa:postal-code>D-04103</sa:postal-code><sa:country>Germany</sa:country></sa:affiliation><ce:source-text id="staff0001">Chair of Physical Geography, Institute of Geography, Leipzig University, Johannisallee 19a, D-04103 Leipzig, Germany</ce:source-text></ce:affiliation><ce:correspondence id="cor0001"><ce:label>&#x204e;</ce:label><ce:text id="cetext0001">Corresponding author.</ce:text></ce:correspondence></ce:author-group><ce:date-received day="18" month="11" year="2021"/><ce:date-revised day="12" month="12" year="2021"/><ce:date-accepted day="13" month="12" year="2021"/><ce:abstract id="abs0001" view="all" class="author"><ce:section-title id="cesectitle0001">Abstract</ce:section-title><ce:abstract-sec id="abss0001" view="all"><ce:simple-para id="spara010" view="all">This manuscript documents geological master data and X-ray fluorescence (XRF) data of a standardized 8*8 km sampling grid of the entire Wei&#223;e Elster catchment in Central Germany. Further, the manuscript documents XRF data of a refined 4*4 km sampling grid in the proximity of Salsitz floodplain transect as well as grain size data and XRF data of Salsitz SC40 core that was recovered from the Wei&#223;e Elster floodplain. The data provide opportunities for hydro-sedimentary provenance analyses as presented in the corresponding research article by Ballasus et al. [1].</ce:simple-para></ce:abstract-sec></ce:abstract><ce:keywords id="keys0001" view="all" class="keyword"><ce:section-title id="cesectitle0002">Keywords</ce:section-title><ce:keyword id="key0001"><ce:text id="cetext0002">Provenance analysis</ce:text></ce:keyword><ce:keyword id="key0001a"><ce:text id="cetext0002a">Stationary XRF data</ce:text></ce:keyword><ce:keyword id="key0001b"><ce:text id="cetext0002b">Grain size data</ce:text></ce:keyword><ce:keyword id="key0001c"><ce:text id="cetext0002c">Floodplain</ce:text></ce:keyword><ce:keyword id="key0001d"><ce:text id="cetext0002d">Catchment-scale</ce:text></ce:keyword><ce:keyword id="key0001e"><ce:text id="cetext0002e">Hydro-sedimentary dynamics</ce:text></ce:keyword><ce:keyword id="key0001f"><ce:text id="cetext0002f">Neolithic</ce:text></ce:keyword><ce:keyword id="key0001g"><ce:text id="cetext0002g">Central Germany</ce:text></ce:keyword></ce:keywords></ja:head></ja:article></doc:document>
