<doc:document xmlns:doc="http://www.elsevier.com/xml/document/schema" xmlns:dp="http://www.elsevier.com/xml/common/doc-properties/schema" xmlns:cps="http://www.elsevier.com/xml/common/consyn-properties/schema" xmlns:rdf="http://www.w3.org/1999/02/22-rdf-syntax-ns#" xmlns:dct="http://purl.org/dc/terms/" xmlns:prism="http://prismstandard.org/namespaces/basic/2.0/" xmlns:oa="http://vtw.elsevier.com/data/ns/properties/OpenAccess-1/" xmlns:bam="http://vtw.elsevier.com/data/voc/ns/bam-vtw-1/" xmlns:cp="http://vtw.elsevier.com/data/ns/properties/Copyright-1/" xmlns:cja="http://www.elsevier.com/xml/cja/schema" xmlns:ja="http://www.elsevier.com/xml/ja/schema" xmlns:bk="http://www.elsevier.com/xml/bk/schema" xmlns:ce="http://www.elsevier.com/xml/common/schema" xmlns:mml="http://www.w3.org/1998/Math/MathML" xmlns:cals="http://www.elsevier.com/xml/common/cals/schema" xmlns:tb="http://www.elsevier.com/xml/common/table/schema" xmlns:sa="http://www.elsevier.com/xml/common/struct-aff/schema" xmlns:sb="http://www.elsevier.com/xml/common/struct-bib/schema" xmlns:xlink="http://www.w3.org/1999/xlink"><rdf:RDF><rdf:Description rdf:about="http://dx.doi.org/10.1016/j.dib.2021.107785"><dct:format>application/xml</dct:format><dct:title>Proteome dataset of peripheral blood mononuclear cells in postpartum dairy cows supplemented with different sources of omega-3 fatty acids</dct:title><dct:creator>Gitit Kra</dct:creator><dct:creator>Nataly Nemes-Navon</dct:creator><dct:creator>Jayasimha Rayalu Daddam</dct:creator><dct:creator>Lilya Livshits</dct:creator><dct:creator>Shamay Jacoby</dct:creator><dct:creator>Yishai Levin</dct:creator><dct:creator>Maya Zachut</dct:creator><dct:creator>Uzi Moallem</dct:creator><dct:subject><rdf:Bag><rdf:li>Dairy cows</rdf:li><rdf:li>Peripheral blood mononuclear cells</rdf:li><rdf:li>Proteomic analysis</rdf:li><rdf:li>Omega-3 fatty acids</rdf:li></rdf:Bag></dct:subject><dct:description>Data in Brief 40 (2022). doi:10.1016/j.dib.2021.107785</dct:description><prism:aggregationType>journal</prism:aggregationType><prism:publicationName>Data in Brief</prism:publicationName><prism:copyright>&#169; 2022 The Author(s). Published by Elsevier Inc.</prism:copyright><dct:publisher>Elsevier Inc.</dct:publisher><prism:issn>2352-3409</prism:issn><prism:volume>40</prism:volume><prism:coverDisplayDate>February 2022</prism:coverDisplayDate><prism:doi>10.1016/j.dib.2021.107785</prism:doi><prism:url>http://dx.doi.org/10.1016/j.dib.2021.107785</prism:url><dct:identifier>doi:10.1016/j.dib.2021.107785</dct:identifier><bam:articleNumber>107785</bam:articleNumber><oa:openAccessInformation><oa:openAccessStatus xmlns:xsi="http://www.w3.org/2001/XMLSchema-instance">http://vtw.elsevier.com/data/voc/oa/OpenAccessStatus#Full</oa:openAccessStatus><oa:openAccessEffective xmlns:xsi="http://www.w3.org/2001/XMLSchema-instance">2021-12-30T13:29:39Z</oa:openAccessEffective><oa:sponsor xmlns:xsi="http://www.w3.org/2001/XMLSchema-instance"><oa:sponsorType>http://vtw.elsevier.com/data/voc/oa/SponsorType#Author</oa:sponsorType></oa:sponsor><oa:userLicense xmlns:xsi="http://www.w3.org/2001/XMLSchema-instance">http://creativecommons.org/licenses/by/4.0/</oa:userLicense></oa:openAccessInformation><cp:licenseLine xmlns:xsi="http://www.w3.org/2001/XMLSchema-instance">This is an open access article under the CC BY license.</cp:licenseLine></rdf:Description></rdf:RDF><dp:document-properties><dp:aggregation-type>Journals</dp:aggregation-type><dp:version-number>S300.1</dp:version-number></dp:document-properties><ja:article docsubtype="dat" version="5.6" xml:lang="en"><ja:item-info><ja:jid>DIB</ja:jid><ja:aid>107785</ja:aid><ce:article-number>107785</ce:article-number><ce:pii>S2352-3409(21)01059-3</ce:pii><ce:doi>10.1016/j.dib.2021.107785</ce:doi><ce:document-thread><ce:refers-to-document id="doc0001"><ce:pii>S1874-3919(21)00212-8</ce:pii><ce:doi>10.1016/j.jprot.2021.104313</ce:doi></ce:refers-to-document></ce:document-thread><ce:copyright type="unknown" year="2022"/></ja:item-info><ja:head><ce:dochead id="dchd0001"><ce:textfn id="dhtxt0001">Data Article</ce:textfn></ce:dochead><ce:title id="tte0002">Proteome dataset of peripheral blood mononuclear cells in postpartum dairy cows supplemented with different sources of omega-3 fatty acids</ce:title><ce:author-group id="aut0001"><ce:author id="au0001" author-id="S2352340921010593-d6f61ce9952571528ab16498983b2140"><ce:given-name>Gitit</ce:given-name><ce:surname>Kra</ce:surname><ce:contributor-role role="http://credit.niso.org/contributor-roles/methodology">Methodology</ce:contributor-role><ce:contributor-role role="http://credit.niso.org/contributor-roles/project-administration">Project administration</ce:contributor-role><ce:contributor-role role="http://credit.niso.org/contributor-roles/data-curation">Data curation</ce:contributor-role><ce:contributor-role role="http://credit.niso.org/contributor-roles/visualization">Visualization</ce:contributor-role><ce:contributor-role role="http://credit.niso.org/contributor-roles/formal-analysis">Formal analysis</ce:contributor-role><ce:contributor-role role="http://credit.niso.org/contributor-roles/validation">Validation</ce:contributor-role><ce:contributor-role role="http://credit.niso.org/contributor-roles/writing-review-editing">Writing &#x2013; review &amp; editing</ce:contributor-role><ce:cross-ref refid="aff0001"><ce:sup loc="post">a</ce:sup></ce:cross-ref><ce:cross-ref refid="aff0002"><ce:sup loc="post">b</ce:sup></ce:cross-ref></ce:author><ce:author id="au0002" author-id="S2352340921010593-5a21974b29fb046cefd4e6df17bcc5d0"><ce:given-name>Nataly</ce:given-name><ce:surname>Nemes-Navon</ce:surname><ce:contributor-role role="http://credit.niso.org/contributor-roles/project-administration">Project administration</ce:contributor-role><ce:contributor-role role="http://credit.niso.org/contributor-roles/data-curation">Data curation</ce:contributor-role><ce:contributor-role role="http://credit.niso.org/contributor-roles/formal-analysis">Formal analysis</ce:contributor-role><ce:cross-ref refid="aff0001"><ce:sup loc="post">a</ce:sup></ce:cross-ref><ce:cross-ref refid="aff0002"><ce:sup loc="post">b</ce:sup></ce:cross-ref></ce:author><ce:author id="au0003" author-id="S2352340921010593-c182673f3886b5e97bccdd0b496eabd0" orcid="0000-0002-0666-8517"><ce:given-name>Jayasimha Rayalu</ce:given-name><ce:surname>Daddam</ce:surname><ce:contributor-role role="http://credit.niso.org/contributor-roles/data-curation">Data curation</ce:contributor-role><ce:contributor-role role="http://credit.niso.org/contributor-roles/methodology">Methodology</ce:contributor-role><ce:contributor-role role="http://credit.niso.org/contributor-roles/visualization">Visualization</ce:contributor-role><ce:cross-ref refid="aff0001"><ce:sup loc="post">a</ce:sup></ce:cross-ref></ce:author><ce:author id="au0004" author-id="S2352340921010593-4c4baa1e21dae305ff94d730cca53f00"><ce:given-name>Lilya</ce:given-name><ce:surname>Livshits</ce:surname><ce:cross-ref refid="aff0001"><ce:sup loc="post">a</ce:sup></ce:cross-ref></ce:author><ce:author id="au0005" author-id="S2352340921010593-224549e0bcbb1ef5198610e5b5ab0249"><ce:given-name>Shamay</ce:given-name><ce:surname>Jacoby</ce:surname><ce:contributor-role role="http://credit.niso.org/contributor-roles/data-curation">Data curation</ce:contributor-role><ce:contributor-role role="http://credit.niso.org/contributor-roles/formal-analysis">Formal analysis</ce:contributor-role><ce:contributor-role role="http://credit.niso.org/contributor-roles/methodology">Methodology</ce:contributor-role><ce:cross-ref refid="aff0001"><ce:sup loc="post">a</ce:sup></ce:cross-ref></ce:author><ce:author id="au0006" author-id="S2352340921010593-9f9bf79b556bce37bde100c81ecceb9a"><ce:given-name>Yishai</ce:given-name><ce:surname>Levin</ce:surname><ce:contributor-role role="http://credit.niso.org/contributor-roles/data-curation">Data curation</ce:contributor-role><ce:contributor-role role="http://credit.niso.org/contributor-roles/formal-analysis">Formal analysis</ce:contributor-role><ce:contributor-role role="http://credit.niso.org/contributor-roles/methodology">Methodology</ce:contributor-role><ce:contributor-role role="http://credit.niso.org/contributor-roles/validation">Validation</ce:contributor-role><ce:cross-ref refid="aff0003"><ce:sup loc="post">c</ce:sup></ce:cross-ref></ce:author><ce:author id="au0007" author-id="S2352340921010593-c665627224c755d04c3f09be1fd5e541" orcid="0000-0002-9644-6028"><ce:given-name>Maya</ce:given-name><ce:surname>Zachut</ce:surname><ce:contributor-role role="http://credit.niso.org/contributor-roles/conceptualization">Conceptualization</ce:contributor-role><ce:contributor-role role="http://credit.niso.org/contributor-roles/data-curation">Data curation</ce:contributor-role><ce:contributor-role role="http://credit.niso.org/contributor-roles/formal-analysis">Formal analysis</ce:contributor-role><ce:contributor-role role="http://credit.niso.org/contributor-roles/funding-acquisition">Funding acquisition</ce:contributor-role><ce:contributor-role role="http://credit.niso.org/contributor-roles/investigation">Investigation</ce:contributor-role><ce:contributor-role role="http://credit.niso.org/contributor-roles/methodology">Methodology</ce:contributor-role><ce:contributor-role role="http://credit.niso.org/contributor-roles/project-administration">Project administration</ce:contributor-role><ce:contributor-role role="http://credit.niso.org/contributor-roles/resources">Resources</ce:contributor-role><ce:contributor-role role="http://credit.niso.org/contributor-roles/software">Software</ce:contributor-role><ce:contributor-role role="http://credit.niso.org/contributor-roles/supervision">Supervision</ce:contributor-role><ce:contributor-role role="http://credit.niso.org/contributor-roles/validation">Validation</ce:contributor-role><ce:contributor-role role="http://credit.niso.org/contributor-roles/visualization">Visualization</ce:contributor-role><ce:contributor-role role="http://credit.niso.org/contributor-roles/writing-review-editing">Writing &#x2013; review &amp; editing</ce:contributor-role><ce:cross-ref refid="aff0001"><ce:sup loc="post">a</ce:sup></ce:cross-ref><ce:cross-ref refid="fn1"><ce:sup loc="post">1</ce:sup></ce:cross-ref></ce:author><ce:author id="au0008" author-id="S2352340921010593-8bffa32be53e57fa7a39d9240405b163"><ce:given-name>Uzi</ce:given-name><ce:surname>Moallem</ce:surname><ce:contributor-role role="http://credit.niso.org/contributor-roles/conceptualization">Conceptualization</ce:contributor-role><ce:contributor-role role="http://credit.niso.org/contributor-roles/data-curation">Data curation</ce:contributor-role><ce:contributor-role role="http://credit.niso.org/contributor-roles/formal-analysis">Formal analysis</ce:contributor-role><ce:contributor-role role="http://credit.niso.org/contributor-roles/funding-acquisition">Funding acquisition</ce:contributor-role><ce:contributor-role role="http://credit.niso.org/contributor-roles/investigation">Investigation</ce:contributor-role><ce:contributor-role role="http://credit.niso.org/contributor-roles/methodology">Methodology</ce:contributor-role><ce:contributor-role role="http://credit.niso.org/contributor-roles/project-administration">Project administration</ce:contributor-role><ce:contributor-role role="http://credit.niso.org/contributor-roles/resources">Resources</ce:contributor-role><ce:contributor-role role="http://credit.niso.org/contributor-roles/software">Software</ce:contributor-role><ce:contributor-role role="http://credit.niso.org/contributor-roles/supervision">Supervision</ce:contributor-role><ce:contributor-role role="http://credit.niso.org/contributor-roles/validation">Validation</ce:contributor-role><ce:contributor-role role="http://credit.niso.org/contributor-roles/visualization">Visualization</ce:contributor-role><ce:contributor-role role="http://credit.niso.org/contributor-roles/writing-review-editing">Writing &#x2013; review &amp; editing</ce:contributor-role><ce:cross-ref refid="aff0001"><ce:sup loc="post">a</ce:sup></ce:cross-ref><ce:cross-ref refid="fn1"><ce:sup loc="post">1</ce:sup></ce:cross-ref><ce:cross-ref refid="cor0001"><ce:sup loc="post">&#x204e;</ce:sup></ce:cross-ref><ce:e-address id="ead0001" type="email" xlink:href="mailto:uzim@volcani.agri.gov.il">uzim@volcani.agri.gov.il</ce:e-address></ce:author><ce:affiliation id="aff0001" affiliation-id="S2352340921010593-8c5241ca4e8550e9a66b38d023292e1d"><ce:label>a</ce:label><ce:textfn id="cetextfn0001">Department of Ruminant Science, Institute of Animal Sciences, Agricultural Research Organization, Volcani Center, Israel</ce:textfn><sa:affiliation><sa:organization>Department of Ruminant Science</sa:organization><sa:organization>Institute of Animal Sciences</sa:organization><sa:organization>Agricultural Research Organization</sa:organization><sa:address-line>Volcani Center</sa:address-line><sa:country>Israel</sa:country></sa:affiliation><ce:source-text id="staff0001">aDepartment of Ruminant Science, Institute of Animal Sciences, Agricultural Research Organization, Volcani Center, Israel</ce:source-text></ce:affiliation><ce:affiliation id="aff0002" affiliation-id="S2352340921010593-11ec34d1668981802c01a9f602689f45"><ce:label>b</ce:label><ce:textfn id="cetextfn0002">Department of Animal Science, The Robert H. Smith Faculty of Agriculture, Food and Environment, The Hebrew University of Jerusalem, Rehovot 76100, Israel</ce:textfn><sa:affiliation><sa:organization>Department of Animal Science</sa:organization><sa:organization>The Robert H. Smith Faculty of Agriculture</sa:organization><sa:organization>Food and Environment</sa:organization><sa:organization>The Hebrew University of Jerusalem</sa:organization><sa:city>Rehovot</sa:city><sa:postal-code>76100</sa:postal-code><sa:country>Israel</sa:country></sa:affiliation><ce:source-text id="staff0002">bDepartment of Animal Science, The Robert H. Smith Faculty of Agriculture, Food and Environment, The Hebrew University of Jerusalem, Rehovot 76100, Israel</ce:source-text></ce:affiliation><ce:affiliation id="aff0003" affiliation-id="S2352340921010593-e75bde7268bba3c0c769ab48c22a1f2f"><ce:label>c</ce:label><ce:textfn id="cetextfn0003">The Nancy and Stephen Grand Israel National Center for Personalized Medicine, Weizmann Institute of Science, Rehovot 7610001, Israel</ce:textfn><sa:affiliation><sa:organization>The Nancy and Stephen Grand Israel National Center for Personalized Medicine</sa:organization><sa:organization>Weizmann Institute of Science</sa:organization><sa:city>Rehovot</sa:city><sa:postal-code>7610001</sa:postal-code><sa:country>Israel</sa:country></sa:affiliation><ce:source-text id="staff0003">cThe Nancy and Stephen Grand Israel National Center for Personalized Medicine, Weizmann Institute of Science, Rehovot 7610001, Israel</ce:source-text></ce:affiliation><ce:correspondence id="cor0001"><ce:label>&#x204e;</ce:label><ce:text id="cetext0001">Corresponding author.</ce:text></ce:correspondence><ce:footnote id="fn1"><ce:label>1</ce:label><ce:note-para id="notep0001" view="all">These authors contributed equally to this work.</ce:note-para></ce:footnote></ce:author-group><ce:date-received day="20" month="10" year="2021"/><ce:date-revised day="28" month="12" year="2021"/><ce:date-accepted day="30" month="12" year="2021"/><ce:abstract id="abs0001" view="all" class="author"><ce:section-title id="cesectitle0001">Abstract</ce:section-title><ce:abstract-sec id="abss0001" view="all"><ce:simple-para id="spara001" view="all">This article contains raw and processed data related to research published by Kra et&#160;al. [1]. There is a scarce knowledge on the proteome of peripheral blood mononuclear cells (PBMC) during the transition period in dairy cows. In human research, proteomics PBMC is used in order to gain insight into inflammatory diseases and syndromes. Dietary fats, and specifically omega-3 (n-3) FA, can moderate the immune fluctuation caused by parturition through improvements of the immune function [2]. Therefore, this study aim was to characterize the changes that may occur in proteome of PBMC during transition, as influenced by different n-3 FA supplementation. Proteomics data of PBMC was obtained from postpartum dairy cows supplemented peripartum with either encapsulated saturated fat (CTL), encapsulated flaxseed oil that is enriched with ALA (&#x03b1;-linolenic acid; FLX) or encapsulated fish oil that is enriched with EPA (eicosapentaenoic acid) and DHA (docosahexaenoic acid; FO).The analysis was done by liquid chromatography-mass spectrometry from PBMCs protein extraction. The cells were collected from six cows per treatment during the 1<ce:sup loc="post">st</ce:sup> week postpartum. Quantification of differential abundance between groups was done using MS1 intensity based label-free. Label-free quantitative shotgun proteomics was used for characterization. This novel dataset of proteomics data from PBMC contains 3807 proteins; 44, 42 and 65 were differently abundant (<ce:italic>P</ce:italic> &#x2264; 0.05 and FC &#177; 1.5), in FLX vs. CTL, FO vs. CTL and FLX vs. FO, respectively; these findings are discussed in our recent research article (Kra et&#160;al., 2021). The present dataset of PBMC proteome adds new information regarding the effects of n-3 FA on the immune system, while providing reference for PBMC proteome in postpartum dairy cows.</ce:simple-para></ce:abstract-sec></ce:abstract><ce:keywords id="keys0001" view="all" class="keyword"><ce:section-title id="cesectitle0002">Keywords</ce:section-title><ce:keyword id="key0001"><ce:text id="cetext0002">Dairy cows</ce:text></ce:keyword><ce:keyword id="key0002"><ce:text id="cetext0003">Peripheral blood mononuclear cells</ce:text></ce:keyword><ce:keyword id="key0003"><ce:text id="cetext0004">Proteomic analysis</ce:text></ce:keyword><ce:keyword id="key0004"><ce:text id="cetext0005">Omega-3 fatty acids</ce:text></ce:keyword></ce:keywords></ja:head></ja:article></doc:document>
