<doc:document xmlns:doc="http://www.elsevier.com/xml/document/schema" xmlns:dp="http://www.elsevier.com/xml/common/doc-properties/schema" xmlns:cps="http://www.elsevier.com/xml/common/consyn-properties/schema" xmlns:rdf="http://www.w3.org/1999/02/22-rdf-syntax-ns#" xmlns:dct="http://purl.org/dc/terms/" xmlns:prism="http://prismstandard.org/namespaces/basic/2.0/" xmlns:oa="http://vtw.elsevier.com/data/ns/properties/OpenAccess-1/" xmlns:bam="http://vtw.elsevier.com/data/voc/ns/bam-vtw-1/" xmlns:cp="http://vtw.elsevier.com/data/ns/properties/Copyright-1/" xmlns:cja="http://www.elsevier.com/xml/cja/schema" xmlns:ja="http://www.elsevier.com/xml/ja/schema" xmlns:bk="http://www.elsevier.com/xml/bk/schema" xmlns:ce="http://www.elsevier.com/xml/common/schema" xmlns:mml="http://www.w3.org/1998/Math/MathML" xmlns:cals="http://www.elsevier.com/xml/common/cals/schema" xmlns:tb="http://www.elsevier.com/xml/common/table/schema" xmlns:sa="http://www.elsevier.com/xml/common/struct-aff/schema" xmlns:sb="http://www.elsevier.com/xml/common/struct-bib/schema" xmlns:xlink="http://www.w3.org/1999/xlink"><rdf:RDF><rdf:Description rdf:about="http://dx.doi.org/10.1016/j.dib.2021.107611"><dct:format>application/xml</dct:format><dct:title>Data on characterization, model, and adsorption rate of banana peel activated carbon (Musa Acuminata) for adsorbents of various heavy metals (Mn, Pb, Zn, Fe)</dct:title><dct:creator>Khairiah Khairiah</dct:creator><dct:creator>Erna Frida</dct:creator><dct:creator>Kerista Sebayang</dct:creator><dct:creator>Perdinan Sinuhaji</dct:creator><dct:creator>Syahrul Humaidi</dct:creator><dct:subject><rdf:Bag><rdf:li>Banana peel activated carbon</rdf:li><rdf:li>Adsorption</rdf:li><rdf:li>Adsorbent</rdf:li><rdf:li>Heavy metal (Mn, Pb, Zn, Fe)</rdf:li><rdf:li>Polluted water</rdf:li></rdf:Bag></dct:subject><dct:description>Data in Brief 39 (2021). doi:10.1016/j.dib.2021.107611</dct:description><prism:aggregationType>journal</prism:aggregationType><prism:publicationName>Data in Brief</prism:publicationName><prism:copyright>&#169; 2021 The Authors. Published by Elsevier Inc.</prism:copyright><dct:publisher>Elsevier Inc.</dct:publisher><prism:issn>2352-3409</prism:issn><prism:volume>39</prism:volume><prism:coverDisplayDate>December 2021</prism:coverDisplayDate><prism:doi>10.1016/j.dib.2021.107611</prism:doi><prism:url>http://dx.doi.org/10.1016/j.dib.2021.107611</prism:url><dct:identifier>doi:10.1016/j.dib.2021.107611</dct:identifier><bam:articleNumber>107611</bam:articleNumber><oa:openAccessInformation><oa:openAccessStatus xmlns:xsi="http://www.w3.org/2001/XMLSchema-instance">http://vtw.elsevier.com/data/voc/oa/OpenAccessStatus#Full</oa:openAccessStatus><oa:openAccessEffective xmlns:xsi="http://www.w3.org/2001/XMLSchema-instance">2021-11-17T21:10:46Z</oa:openAccessEffective><oa:sponsor xmlns:xsi="http://www.w3.org/2001/XMLSchema-instance"><oa:sponsorType>http://vtw.elsevier.com/data/voc/oa/SponsorType#Author</oa:sponsorType></oa:sponsor><oa:userLicense xmlns:xsi="http://www.w3.org/2001/XMLSchema-instance">http://creativecommons.org/licenses/by/4.0/</oa:userLicense></oa:openAccessInformation><cp:licenseLine xmlns:xsi="http://www.w3.org/2001/XMLSchema-instance">This is an open access article under the CC BY license.</cp:licenseLine></rdf:Description></rdf:RDF><dp:document-properties><dp:aggregation-type>Journals</dp:aggregation-type><dp:version-number>S300.1</dp:version-number></dp:document-properties><ja:article docsubtype="dat" version="5.6" xml:lang="en"><ja:item-info><ja:jid>DIB</ja:jid><ja:aid>107611</ja:aid><ce:article-number>107611</ce:article-number><ce:pii>S2352-3409(21)00886-6</ce:pii><ce:doi>10.1016/j.dib.2021.107611</ce:doi><ce:copyright type="unknown" year="2021"/></ja:item-info><ja:head><ce:dochead id="dchd0001"><ce:textfn id="dhtxt0001">Data Article</ce:textfn></ce:dochead><ce:title id="tte0002">Data on characterization, model, and adsorption rate of banana peel activated carbon (<ce:italic>Musa Acuminata</ce:italic>) for adsorbents of various heavy metals (Mn, Pb, Zn, Fe)</ce:title><ce:author-group id="aut0001"><ce:author id="au0001" author-id="S2352340921008866-a34f3fc4509104fd3f929d55f84acf78" orcid="0000-0002-0905-2101"><ce:given-name>Khairiah</ce:given-name><ce:surname>Khairiah</ce:surname><ce:contributor-role role="http://credit.niso.org/contributor-roles/data-curation">Data curation</ce:contributor-role><ce:contributor-role role="http://credit.niso.org/contributor-roles/writing-original-draft">Writing &#x2013; original draft</ce:contributor-role><ce:cross-ref refid="aff0001"><ce:sup loc="post">a</ce:sup></ce:cross-ref><ce:cross-ref refid="aff0002"><ce:sup loc="post">b</ce:sup></ce:cross-ref><ce:cross-ref refid="cor0001"><ce:sup loc="post">&#x204e;</ce:sup></ce:cross-ref><ce:e-address id="ead0001" type="email" xlink:href="mailto:khairiahlubis@umnaw.ac.id">khairiahlubis@umnaw.ac.id</ce:e-address></ce:author><ce:author id="au0002" author-id="S2352340921008866-8915e89d89bff770b5f2d40418e64ce7"><ce:given-name>Erna</ce:given-name><ce:surname>Frida</ce:surname><ce:contributor-role role="http://credit.niso.org/contributor-roles/methodology">Methodology</ce:contributor-role><ce:contributor-role role="http://credit.niso.org/contributor-roles/investigation">Investigation</ce:contributor-role><ce:cross-ref refid="aff0001"><ce:sup loc="post">a</ce:sup></ce:cross-ref><ce:cross-ref refid="cor0001"><ce:sup loc="post">&#x204e;</ce:sup></ce:cross-ref><ce:e-address id="ead0002" type="email" xlink:href="mailto:ernafridatarigan@usu.ac.id">ernafridatarigan@usu.ac.id</ce:e-address></ce:author><ce:author id="au0003" author-id="S2352340921008866-8379d9026a970888b2571f39aab1be00"><ce:given-name>Kerista</ce:given-name><ce:surname>Sebayang</ce:surname><ce:contributor-role role="http://credit.niso.org/contributor-roles/visualization">Visualization</ce:contributor-role><ce:contributor-role role="http://credit.niso.org/contributor-roles/investigation">Investigation</ce:contributor-role><ce:cross-ref refid="aff0001"><ce:sup loc="post">a</ce:sup></ce:cross-ref></ce:author><ce:author id="au0004" author-id="S2352340921008866-0e033498fd7512998cbcfc8fc8bfe000"><ce:given-name>Perdinan</ce:given-name><ce:surname>Sinuhaji</ce:surname><ce:contributor-role role="http://credit.niso.org/contributor-roles/visualization">Visualization</ce:contributor-role><ce:contributor-role role="http://credit.niso.org/contributor-roles/investigation">Investigation</ce:contributor-role><ce:cross-ref refid="aff0001"><ce:sup loc="post">a</ce:sup></ce:cross-ref></ce:author><ce:author id="au0005" author-id="S2352340921008866-60cf577ddf9ba375de282853c94824c7"><ce:given-name>Syahrul</ce:given-name><ce:surname>Humaidi</ce:surname><ce:contributor-role role="http://credit.niso.org/contributor-roles/writing-review-editing">Writing &#x2013; review &amp; editing</ce:contributor-role><ce:cross-ref refid="aff0001"><ce:sup loc="post">a</ce:sup></ce:cross-ref></ce:author><ce:affiliation id="aff0001" affiliation-id="S2352340921008866-ef50df1c5579447c6e2eae453a66e6bd"><ce:label>a</ce:label><ce:textfn id="cetextfn0001">Department of Physics, FMIPA, Universitas Sumatera Utara, Jl. Bioteknologi I Kampus USU Medan, Indonesia</ce:textfn><sa:affiliation><sa:organization>Department of Physics</sa:organization><sa:organization>FMIPA</sa:organization><sa:organization>Universitas Sumatera Utara</sa:organization><sa:organization>Jl. Bioteknologi I Kampus USU Medan</sa:organization><sa:country>Indonesia</sa:country></sa:affiliation><ce:source-text id="staff0001">aDepartment of Physics, FMIPA, Universitas Sumatera Utara, Jl. Bioteknologi I Kampus USU Medan, Indonesia</ce:source-text></ce:affiliation><ce:affiliation id="aff0002" affiliation-id="S2352340921008866-00ea2aad197278f2a115d719e3c56441"><ce:label>b</ce:label><ce:textfn id="cetextfn0002">Universitas Muslim Nusantara Al Washliyah, Jl. Garu II A No. 93, Medan Amplas, Kota Medan, Indonesia</ce:textfn><sa:affiliation><sa:organization>Universitas Muslim Nusantara Al Washliyah</sa:organization><sa:address-line>Jl. Garu II A No. 93</sa:address-line><sa:city>Medan Amplas</sa:city><sa:state>,Kota Medan</sa:state><sa:country>Indonesia</sa:country></sa:affiliation><ce:source-text id="staff0002">bUniversitas Muslim Nusantara Al Washliyah, Jl. Garu II A No. 93, Medan Amplas, Kota Medan, Indonesia</ce:source-text></ce:affiliation><ce:correspondence id="cor0001"><ce:label>&#x204e;</ce:label><ce:text id="cetext0001">Corresponding authors at: Department of Physics, FMIPA, Universitas Sumatera Utara, Jl. Bioteknologi I Kampus USU Medan, Indonesia.</ce:text><sa:affiliation><sa:organization>Department of Physics</sa:organization><sa:organization>FMIPA</sa:organization><sa:organization>Universitas Sumatera Utara</sa:organization><sa:organization>Jl. Bioteknologi I Kampus USU Medan</sa:organization><sa:country>Indonesia</sa:country></sa:affiliation></ce:correspondence></ce:author-group><ce:date-received day="23" month="6" year="2021"/><ce:date-revised day="6" month="11" year="2021"/><ce:date-accepted day="16" month="11" year="2021"/><ce:abstract id="abs0001" view="all" class="author"><ce:section-title id="cesectitle0001">Abstract</ce:section-title><ce:abstract-sec id="abss0001" view="all"><ce:simple-para id="spara008" view="all">This research contains data on the adsorption test and characterization of banana peel activated carbon as an adsorbent for water contaminated with various heavy metals. Banana peel is a common post-harvest waste, making it easy to obtain. Atomic Absorption Spectroscopy (AAS) is used to investigate the various heavy metal content in polluted water that are harmful to health, such as Mn, Fe, Zn, and Pb in concentrations of 1.351; 1.210; 17.403; and 0.210 mg/L, respectively. These metals exceed the standard limits for clean water quality that are suitable for sanitation hygiene purposes. Banana peel activated carbon samples were tested in polluted water and re-examined using AAS. The parameters used to calculate the percent adsorption of the four heavy metals were variations in adsorbent mass (0.5; 1.0; 1.5; 2.0&#160;g), stirring speed (50; 100; 150; 200; 250 rpm), pH (4; 5; 6; 7; 8; and contact time (30; 60; 90; 120; 150 min). Scanning Electron Microscopy/X-Ray Spectroscopy Energy Dispersion (SEM/EDS) and X-Ray Diffraction (XRD) were used to characterize and determine the morphology, material content, and crystal structure formed by the samples. Brunaurer, Emmet, and Teller/Barret, Joyner, and Halenda (BET/BJH) were used to investigate the surface area, pore size, and isotherm type. This dataset is publicly available for researchers to optimize the potential of banana peel activated carbon as an adsorbent of heavy metals (Mn, Pb, Zn, Fe) in the industrial sector.</ce:simple-para></ce:abstract-sec></ce:abstract><ce:keywords id="keys0001" view="all" class="keyword"><ce:section-title id="cesectitle0002">Keywords</ce:section-title><ce:keyword id="key0001"><ce:text id="cetext0002a">Banana peel activated carbon</ce:text></ce:keyword><ce:keyword id="key0001a"><ce:text id="cetext0002b">Adsorption</ce:text></ce:keyword><ce:keyword id="key0001c"><ce:text id="cetext0002c">Adsorbent</ce:text></ce:keyword><ce:keyword id="key0001d"><ce:text id="cetext0002d">Heavy metal (Mn, Pb, Zn, Fe)</ce:text></ce:keyword><ce:keyword id="key0001e"><ce:text id="cetext0002e">Polluted water</ce:text></ce:keyword></ce:keywords></ja:head></ja:article></doc:document>
