<doc:document xmlns:doc="http://www.elsevier.com/xml/document/schema" xmlns:dp="http://www.elsevier.com/xml/common/doc-properties/schema" xmlns:cps="http://www.elsevier.com/xml/common/consyn-properties/schema" xmlns:rdf="http://www.w3.org/1999/02/22-rdf-syntax-ns#" xmlns:dct="http://purl.org/dc/terms/" xmlns:prism="http://prismstandard.org/namespaces/basic/2.0/" xmlns:oa="http://vtw.elsevier.com/data/ns/properties/OpenAccess-1/" xmlns:bam="http://vtw.elsevier.com/data/voc/ns/bam-vtw-1/" xmlns:cp="http://vtw.elsevier.com/data/ns/properties/Copyright-1/" xmlns:cja="http://www.elsevier.com/xml/cja/schema" xmlns:ja="http://www.elsevier.com/xml/ja/schema" xmlns:bk="http://www.elsevier.com/xml/bk/schema" xmlns:ce="http://www.elsevier.com/xml/common/schema" xmlns:mml="http://www.w3.org/1998/Math/MathML" xmlns:cals="http://www.elsevier.com/xml/common/cals/schema" xmlns:tb="http://www.elsevier.com/xml/common/table/schema" xmlns:sa="http://www.elsevier.com/xml/common/struct-aff/schema" xmlns:sb="http://www.elsevier.com/xml/common/struct-bib/schema" xmlns:xlink="http://www.w3.org/1999/xlink"><rdf:RDF><rdf:Description rdf:about="http://dx.doi.org/10.1016/j.dib.2022.107800"><dct:format>application/xml</dct:format><dct:title>First high-quality genome assembly data of sago palm (Metroxylon sagu Rottboll)</dct:title><dct:creator>Leonard Whye Kit Lim</dct:creator><dct:creator>Melinda Mei Lin Lau</dct:creator><dct:creator>Hung Hui Chung</dct:creator><dct:creator>Hasnain Hussain</dct:creator><dct:creator>Han Ming Gan</dct:creator><dct:subject><rdf:Bag><rdf:li>Metroxylon sagu</rdf:li><rdf:li>Sago palm</rdf:li><rdf:li>Genome annotation</rdf:li><rdf:li>Starch synthesis</rdf:li></rdf:Bag></dct:subject><dct:description>Data in Brief 40 (2022). doi:10.1016/j.dib.2022.107800</dct:description><prism:aggregationType>journal</prism:aggregationType><prism:publicationName>Data in Brief</prism:publicationName><prism:copyright>&#169; 2022 The Authors. Published by Elsevier Inc.</prism:copyright><dct:publisher>Elsevier Inc.</dct:publisher><prism:issn>2352-3409</prism:issn><prism:volume>40</prism:volume><prism:coverDisplayDate>February 2022</prism:coverDisplayDate><prism:doi>10.1016/j.dib.2022.107800</prism:doi><prism:url>http://dx.doi.org/10.1016/j.dib.2022.107800</prism:url><dct:identifier>doi:10.1016/j.dib.2022.107800</dct:identifier><bam:articleNumber>107800</bam:articleNumber><oa:openAccessInformation><oa:openAccessStatus xmlns:xsi="http://www.w3.org/2001/XMLSchema-instance">http://vtw.elsevier.com/data/voc/oa/OpenAccessStatus#Full</oa:openAccessStatus><oa:openAccessEffective xmlns:xsi="http://www.w3.org/2001/XMLSchema-instance">2022-01-05T19:31:20Z</oa:openAccessEffective><oa:sponsor xmlns:xsi="http://www.w3.org/2001/XMLSchema-instance"><oa:sponsorType>http://vtw.elsevier.com/data/voc/oa/SponsorType#Author</oa:sponsorType></oa:sponsor><oa:userLicense xmlns:xsi="http://www.w3.org/2001/XMLSchema-instance">http://creativecommons.org/licenses/by/4.0/</oa:userLicense></oa:openAccessInformation><cp:licenseLine xmlns:xsi="http://www.w3.org/2001/XMLSchema-instance">This is an open access article under the CC BY license.</cp:licenseLine></rdf:Description></rdf:RDF><dp:document-properties><dp:aggregation-type>Journals</dp:aggregation-type><dp:version-number>S300.1</dp:version-number></dp:document-properties><ja:article docsubtype="dat" version="5.6" xml:lang="en"><ja:item-info><ja:jid>DIB</ja:jid><ja:aid>107800</ja:aid><ce:article-number>107800</ce:article-number><ce:pii>S2352-3409(22)00012-9</ce:pii><ce:doi>10.1016/j.dib.2022.107800</ce:doi><ce:copyright type="other" year="2022">The Authors</ce:copyright></ja:item-info><ja:head><ce:dochead id="dchd0001"><ce:textfn id="dhtxt0001">Data Article</ce:textfn></ce:dochead><ce:title id="tte0002">First high-quality genome assembly data of sago palm (<ce:italic>Metroxylon sagu</ce:italic> Rottboll)</ce:title><ce:author-group id="aut0001"><ce:author id="au0001" author-id="S2352340922000129-fbba0ec18dcded444eddf4d32a4a6b1d" orcid="0000-0003-4079-9630"><ce:given-name>Leonard Whye Kit</ce:given-name><ce:surname>Lim</ce:surname><ce:contributor-role role="http://credit.niso.org/contributor-roles/data-curation">Data curation</ce:contributor-role><ce:contributor-role role="http://credit.niso.org/contributor-roles/writing-original-draft">Writing &#x2013; original draft</ce:contributor-role><ce:cross-ref refid="aff0001"><ce:sup loc="post">a</ce:sup></ce:cross-ref><ce:cross-ref refid="cor0001"><ce:sup loc="post">&#x204e;</ce:sup></ce:cross-ref><ce:e-address id="ead0001" type="email" xlink:href="mailto:19010029@siswa.unimas.my">19010029@siswa.unimas.my</ce:e-address><ce:e-address id="ea3" type="social-media" xlink:href="https://twitter.com/leonardlim4">@leonardlim4</ce:e-address></ce:author><ce:author id="au0002" author-id="S2352340922000129-8661f38a8b2ee9a031a80a451c550d47"><ce:given-name>Melinda Mei Lin</ce:given-name><ce:surname>Lau</ce:surname><ce:contributor-role role="http://credit.niso.org/contributor-roles/data-curation">Data curation</ce:contributor-role><ce:cross-ref refid="aff0001"><ce:sup loc="post">a</ce:sup></ce:cross-ref></ce:author><ce:author id="au0003" author-id="S2352340922000129-6939100b1dd5e1f2cae8c41d42d45d41"><ce:given-name>Hung Hui</ce:given-name><ce:surname>Chung</ce:surname><ce:contributor-role role="http://credit.niso.org/contributor-roles/conceptualization">Conceptualization</ce:contributor-role><ce:contributor-role role="http://credit.niso.org/contributor-roles/funding-acquisition">Funding acquisition</ce:contributor-role><ce:contributor-role role="http://credit.niso.org/contributor-roles/writing-review-editing">Writing &#x2013; review &amp; editing</ce:contributor-role><ce:cross-ref refid="aff0001"><ce:sup loc="post">a</ce:sup></ce:cross-ref><ce:cross-ref refid="cor0001"><ce:sup loc="post">&#x204e;</ce:sup></ce:cross-ref><ce:e-address id="ead0002" type="email" xlink:href="mailto:hhchung@unimas.my">hhchung@unimas.my</ce:e-address></ce:author><ce:author id="au0004" author-id="S2352340922000129-c137e6df1989a6a647d68962234e9365"><ce:given-name>Hasnain</ce:given-name><ce:surname>Hussain</ce:surname><ce:contributor-role role="http://credit.niso.org/contributor-roles/writing-review-editing">Writing &#x2013; review &amp; editing</ce:contributor-role><ce:cross-ref refid="aff0002"><ce:sup loc="post">b</ce:sup></ce:cross-ref></ce:author><ce:author id="au0005" author-id="S2352340922000129-c1a92b30fe40ad48a6748e487d2c24c1"><ce:given-name>Han Ming</ce:given-name><ce:surname>Gan</ce:surname><ce:contributor-role role="http://credit.niso.org/contributor-roles/methodology">Methodology</ce:contributor-role><ce:contributor-role role="http://credit.niso.org/contributor-roles/conceptualization">Conceptualization</ce:contributor-role><ce:contributor-role role="http://credit.niso.org/contributor-roles/writing-review-editing">Writing &#x2013; review &amp; editing</ce:contributor-role><ce:cross-ref refid="aff0003"><ce:sup loc="post">c</ce:sup></ce:cross-ref><ce:cross-ref refid="aff0004"><ce:sup loc="post">d</ce:sup></ce:cross-ref></ce:author><ce:affiliation id="aff0001" affiliation-id="S2352340922000129-6365a0b7fe5924c540c45dfbd5b200a5"><ce:label>a</ce:label><ce:textfn id="cetextfn0001">Faculty of Resource Science and Technology, Universiti Malaysia Sarawak, 94300 Kota Samarahan, Sarawak, Malaysia</ce:textfn><sa:affiliation><sa:organization>Faculty of Resource Science and Technology</sa:organization><sa:organization>Universiti Malaysia Sarawak</sa:organization><sa:city>Kota Samarahan</sa:city><sa:state>Sarawak</sa:state><sa:postal-code>94300</sa:postal-code><sa:country>Malaysia</sa:country></sa:affiliation><ce:source-text id="staff0001">aFaculty of Resource Science and Technology, Universiti Malaysia Sarawak, Kota Samarahan, Sarawak 94300, Malaysia</ce:source-text></ce:affiliation><ce:affiliation id="aff0002" affiliation-id="S2352340922000129-5ce1f5486c32a2fee61c4074e42912bc"><ce:label>b</ce:label><ce:textfn id="cetextfn0002">Centre for Sago Research (CoSAR), Faculty of Resource Science and Technology, Universiti Malaysia Sarawak, 94300 Kota Samarahan, Sarawak, Malaysia</ce:textfn><sa:affiliation><sa:organization>Centre for Sago Research (CoSAR)</sa:organization><sa:organization>Faculty of Resource Science and Technology</sa:organization><sa:organization>Universiti Malaysia Sarawak</sa:organization><sa:city>Kota Samarahan</sa:city><sa:state>Sarawak</sa:state><sa:postal-code>94300</sa:postal-code><sa:country>Malaysia</sa:country></sa:affiliation><ce:source-text id="staff0002">bCentre for Sago Research (CoSAR), Faculty of Resource Science and Technology, Universiti Malaysia Sarawak, Kota Samarahan, Sarawak 94300, Malaysia</ce:source-text></ce:affiliation><ce:affiliation id="aff0003" affiliation-id="S2352340922000129-6fc4a00f91bd10967e59309bfcb3c92f"><ce:label>c</ce:label><ce:textfn id="cetextfn0003">GeneSEQ Sdn Bhd, Bukit Beruntung, 48300 Rawang, Selangor, Malaysia</ce:textfn><sa:affiliation><sa:organization>GeneSEQ Sdn Bhd</sa:organization><sa:organization>Bukit Beruntung</sa:organization><sa:city>Rawang</sa:city><sa:state>Selangor</sa:state><sa:postal-code>48300</sa:postal-code><sa:country>Malaysia</sa:country></sa:affiliation><ce:source-text id="staff0003">cGeneSEQ Sdn Bhd, Bukit Beruntung, Rawang, Selangor 48300 , Malaysia</ce:source-text></ce:affiliation><ce:affiliation id="aff0004" affiliation-id="S2352340922000129-517b45ab5f6079dd6f5daebe36f6a4ae"><ce:label>d</ce:label><ce:textfn id="cetextfn0004">Centre for Integrative Ecology, School of Life and Environmental Sciences, Deakin University, Geelong, Victoria, Australia</ce:textfn><sa:affiliation><sa:organization>Centre for Integrative Ecology</sa:organization><sa:organization>School of Life and Environmental Sciences</sa:organization><sa:organization>Deakin University</sa:organization><sa:city>Geelong</sa:city><sa:state>Victoria</sa:state><sa:country>Australia</sa:country></sa:affiliation><ce:source-text id="staff0004">dCentre for Integrative Ecology, School of Life and Environmental Sciences, Deakin University, Geelong, Victoria, Australia</ce:source-text></ce:affiliation><ce:correspondence id="cor0001"><ce:label>&#x204e;</ce:label><ce:text id="cetext0001">Corresponding authors.</ce:text></ce:correspondence></ce:author-group><ce:date-received day="18" month="11" year="2021"/><ce:date-accepted day="4" month="1" year="2022"/><ce:abstract id="abs0001" view="all" class="author"><ce:section-title id="cesectitle0001">Abstract</ce:section-title><ce:abstract-sec id="abss0001" view="all"><ce:simple-para id="spara004" view="all">The sago palm (<ce:italic>Metroxylon sagu</ce:italic> Rottboll) is a tropical halophytic starch-producing, economically important crop palm mainly located in Southeast Asian countries. Recently, a genome survey was conducted on this palm using the Illumina sequencing platform, with a very low (21.5%) BUSCO genome completeness score, and most of them (&#x223c;78%) are either fragmented or missing. Thus, in this study, the sago palm genome completeness was further improved with the utilization of the Nanopore sequencing platform that produced longer reads. A hybrid genome assembly was conducted, and the outcome was a much complete sago palm genome with BUSCO completeness achieved at as high as 97.9%, with only &#x223c;2% of them either fragmented or missing. The estimated genome size of the sago palm is 509,812,790&#160;bp in this study. A sum of 33,242 protein-coding genes was revealed from the sago palm genome and around 96.39% of them had been functionally annotated. An investigation on the carbohydrate metabolism KEGG pathways also unearthed that starch synthesis was one of the major sago palm activities. The genome data obtained from this work is indispensable for future molecular evolutionary and genome-wide association studies on the economically important sago palm.</ce:simple-para></ce:abstract-sec></ce:abstract><ce:keywords class="abr" id="pc_gXDXA5AMyjiH6pwngYIKknAwo0TMR9KO" view="all"><ce:section-title id="cesectitle0002">Abbreviations</ce:section-title><ce:keyword id="pc_QxY7s3eliR"><ce:text>aa</ce:text><ce:keyword id="pc_snT4xvFBwm"><ce:text>amino acid</ce:text></ce:keyword></ce:keyword><ce:keyword id="pc_LFMQgAUan9"><ce:text>bp</ce:text><ce:keyword id="pc_KZCkSS4MjM"><ce:text>base pair</ce:text></ce:keyword></ce:keyword><ce:keyword id="pc_6Xjx5FnaYM"><ce:text>BUSCO</ce:text><ce:keyword id="pc_ziArHybDCu"><ce:text>Benchmarking Universal Single Copy Orthologs</ce:text></ce:keyword></ce:keyword><ce:keyword id="pc_klLIXGAmFf"><ce:text>KEGG</ce:text><ce:keyword id="pc_acKLDC2HHf"><ce:text>Kyoto Encyclopedia of Genes and Genomes</ce:text></ce:keyword></ce:keyword><ce:keyword id="pc_Dt1MzdHkoJ"><ce:text>SDS</ce:text><ce:keyword id="pc_3UEeIgkBmq"><ce:text>Sodium dodecyl sulfate</ce:text></ce:keyword></ce:keyword></ce:keywords><ce:keywords id="keys0001" view="all" class="keyword"><ce:section-title id="cesectitle0002a">Keywords</ce:section-title><ce:keyword id="key0001"><ce:text id="cetext0002"><ce:italic>Metroxylon sagu</ce:italic></ce:text></ce:keyword><ce:keyword id="key0002"><ce:text id="cetext0002a">Sago palm</ce:text></ce:keyword><ce:keyword id="key0003"><ce:text id="cetext0002b">Genome annotation</ce:text></ce:keyword><ce:keyword id="key0004"><ce:text id="cetext0002c">Starch synthesis</ce:text></ce:keyword></ce:keywords></ja:head></ja:article></doc:document>
