<doc:document xmlns:doc="http://www.elsevier.com/xml/document/schema" xmlns:dp="http://www.elsevier.com/xml/common/doc-properties/schema" xmlns:cps="http://www.elsevier.com/xml/common/consyn-properties/schema" xmlns:rdf="http://www.w3.org/1999/02/22-rdf-syntax-ns#" xmlns:dct="http://purl.org/dc/terms/" xmlns:prism="http://prismstandard.org/namespaces/basic/2.0/" xmlns:oa="http://vtw.elsevier.com/data/ns/properties/OpenAccess-1/" xmlns:bam="http://vtw.elsevier.com/data/voc/ns/bam-vtw-1/" xmlns:cp="http://vtw.elsevier.com/data/ns/properties/Copyright-1/" xmlns:cja="http://www.elsevier.com/xml/cja/schema" xmlns:ja="http://www.elsevier.com/xml/ja/schema" xmlns:bk="http://www.elsevier.com/xml/bk/schema" xmlns:ce="http://www.elsevier.com/xml/common/schema" xmlns:mml="http://www.w3.org/1998/Math/MathML" xmlns:cals="http://www.elsevier.com/xml/common/cals/schema" xmlns:tb="http://www.elsevier.com/xml/common/table/schema" xmlns:sa="http://www.elsevier.com/xml/common/struct-aff/schema" xmlns:sb="http://www.elsevier.com/xml/common/struct-bib/schema" xmlns:xlink="http://www.w3.org/1999/xlink"><rdf:RDF><rdf:Description rdf:about="http://dx.doi.org/10.1016/j.dib.2021.107605"><dct:format>application/xml</dct:format><dct:title>QR-DN1.0: A new distorted and noisy QRs dataset</dct:title><dct:creator>Milad Monfared</dct:creator><dct:creator>Abbas Koochari</dct:creator><dct:creator>Radin Monshianmotlagh</dct:creator><dct:subject><rdf:Bag><rdf:li>Image reconstruction</rdf:li><rdf:li>Image denoising</rdf:li><rdf:li>Geometric distortion</rdf:li><rdf:li>QR</rdf:li></rdf:Bag></dct:subject><dct:description>Data in Brief 39 (2021). doi:10.1016/j.dib.2021.107605</dct:description><prism:aggregationType>journal</prism:aggregationType><prism:publicationName>Data in Brief</prism:publicationName><prism:copyright>&#169; 2021 Published by Elsevier Inc.</prism:copyright><dct:publisher>Elsevier Inc.</dct:publisher><prism:issn>2352-3409</prism:issn><prism:volume>39</prism:volume><prism:coverDisplayDate>December 2021</prism:coverDisplayDate><prism:doi>10.1016/j.dib.2021.107605</prism:doi><prism:url>http://dx.doi.org/10.1016/j.dib.2021.107605</prism:url><dct:identifier>doi:10.1016/j.dib.2021.107605</dct:identifier><bam:articleNumber>107605</bam:articleNumber><oa:openAccessInformation><oa:openAccessStatus xmlns:xsi="http://www.w3.org/2001/XMLSchema-instance">http://vtw.elsevier.com/data/voc/oa/OpenAccessStatus#Full</oa:openAccessStatus><oa:openAccessEffective xmlns:xsi="http://www.w3.org/2001/XMLSchema-instance">2021-11-17T18:28:19Z</oa:openAccessEffective><oa:sponsor xmlns:xsi="http://www.w3.org/2001/XMLSchema-instance"><oa:sponsorType>http://vtw.elsevier.com/data/voc/oa/SponsorType#ElsevierWaived</oa:sponsorType></oa:sponsor><oa:userLicense xmlns:xsi="http://www.w3.org/2001/XMLSchema-instance">http://creativecommons.org/licenses/by/4.0/</oa:userLicense></oa:openAccessInformation><cp:licenseLine xmlns:xsi="http://www.w3.org/2001/XMLSchema-instance">This is an open access article under the CC BY license.</cp:licenseLine></rdf:Description></rdf:RDF><dp:document-properties><dp:aggregation-type>Journals</dp:aggregation-type><dp:version-number>S300.1</dp:version-number></dp:document-properties><ja:article docsubtype="dat" version="5.6" xml:lang="en"><ja:item-info><ja:jid>DIB</ja:jid><ja:aid>107605</ja:aid><ce:article-number>107605</ce:article-number><ce:pii>S2352-3409(21)00880-5</ce:pii><ce:doi>10.1016/j.dib.2021.107605</ce:doi><ce:copyright type="unknown" year="2021"/></ja:item-info><ja:head><ce:dochead id="dchd0001"><ce:textfn id="dhtxt0001">Data Article</ce:textfn></ce:dochead><ce:title id="tte0002">QR-DN1.0: A new distorted and noisy QRs dataset</ce:title><ce:author-group id="aut0001"><ce:author id="au0001" author-id="S2352340921008805-dd0816e148479071cf5f482cdf903fbe" orcid="0000-0001-5985-1828"><ce:given-name>Milad</ce:given-name><ce:surname>Monfared</ce:surname><ce:cross-ref refid="cor0001"><ce:sup loc="post">&#x204e;</ce:sup></ce:cross-ref><ce:e-address id="ead0001" type="email" xlink:href="mailto:Miladmonfared74@gmail.com">Miladmonfared74@gmail.com</ce:e-address></ce:author><ce:author id="au0002" author-id="S2352340921008805-587986cde3b95a2af0ee90055f235bab"><ce:given-name>Abbas</ce:given-name><ce:surname>Koochari</ce:surname><ce:cross-ref refid="cor0001"><ce:sup loc="post">&#x204e;</ce:sup></ce:cross-ref><ce:e-address id="crf0001b" type="email" xlink:href="mailto:koochari@srbiau.ac.ir">koochari@srbiau.ac.ir</ce:e-address></ce:author><ce:author id="au0003" author-id="S2352340921008805-97ee164d56448cf810e85c5216859868" orcid="0000-0002-5779-0803"><ce:given-name>Radin</ce:given-name><ce:surname>Monshianmotlagh</ce:surname></ce:author><ce:affiliation id="aff0001" affiliation-id="S2352340921008805-d16a8aca239bb57ebcd8dde5dc956822"><ce:textfn id="cetextfn0001">Department of Computer Science, Islamic Azad University Science and Research<ce:italic>,</ce:italic> Tehran, Iran</ce:textfn><sa:affiliation><sa:organization>Department of Computer Science</sa:organization><sa:organization>Islamic Azad University Science and Research</sa:organization><sa:state>Tehran</sa:state><sa:country>Iran</sa:country></sa:affiliation><ce:source-text id="staff0001">Department of Computer Science, Islamic Azad University Science and Research, Tehran, Iran</ce:source-text></ce:affiliation><ce:correspondence id="cor0001"><ce:label>&#x204e;</ce:label><ce:text>Corresponding authors.</ce:text></ce:correspondence></ce:author-group><ce:date-received day="17" month="8" year="2021"/><ce:date-revised day="6" month="11" year="2021"/><ce:date-accepted day="16" month="11" year="2021"/><ce:abstract id="abs0001" view="all" class="author"><ce:section-title id="cesectitle0001">Abstract</ce:section-title><ce:abstract-sec id="abss0001" view="all"><ce:simple-para id="spara007" view="all">Barcodes are playing a significant role in different industries in the recent years and among the two most popular 2D barcodes, the QR code has grown exponentially. The QR-DN1.0 dataset includes 5 categories of QR codes that will cover low to high density levels. Each group has 15 QR codes: 5 images for testing and 10 images for training. After embedding the QRs into 30 color images using blind watermarking techniques and then extracting the QRs from the images taken with the mobile phone camera with three different methods, we will have three groups of 2250 extracted QR images, which provides a total of 6750 distorted and noisy QR images. In each of the mentioned three categories, the data is divided into two parts: testing, with 750 images, and training, with 2250 images. For every distorted QR in the dataset, a non-distorted instance of it is placed as a ground truth. One of the advantages of this data set is that it is real. Because no simulated noise has been added to the images and this dataset is completely derived from the real word challenge of extracting embedded QRs in color images captured from the watermarked image on the screen. It also includes various types of QRs such as single character, short sentence, long sentence, URL and location.</ce:simple-para></ce:abstract-sec></ce:abstract><ce:keywords id="keys0001" view="all" class="keyword"><ce:section-title id="cesectitle0002">Keywords</ce:section-title><ce:keyword id="key0001"><ce:text id="cetext0002">Image reconstruction</ce:text></ce:keyword><ce:keyword id="key0001a"><ce:text id="cetext0002a">Image denoising</ce:text></ce:keyword><ce:keyword id="key0001b"><ce:text id="cetext0002b">Geometric distortion</ce:text></ce:keyword><ce:keyword id="key0001c"><ce:text id="cetext0002c">QR</ce:text></ce:keyword></ce:keywords></ja:head></ja:article></doc:document>
