<doc:document xmlns:doc="http://www.elsevier.com/xml/document/schema" xmlns:dp="http://www.elsevier.com/xml/common/doc-properties/schema" xmlns:cps="http://www.elsevier.com/xml/common/consyn-properties/schema" xmlns:rdf="http://www.w3.org/1999/02/22-rdf-syntax-ns#" xmlns:dct="http://purl.org/dc/terms/" xmlns:prism="http://prismstandard.org/namespaces/basic/2.0/" xmlns:oa="http://vtw.elsevier.com/data/ns/properties/OpenAccess-1/" xmlns:bam="http://vtw.elsevier.com/data/voc/ns/bam-vtw-1/" xmlns:cp="http://vtw.elsevier.com/data/ns/properties/Copyright-1/" xmlns:cja="http://www.elsevier.com/xml/cja/schema" xmlns:ja="http://www.elsevier.com/xml/ja/schema" xmlns:bk="http://www.elsevier.com/xml/bk/schema" xmlns:ce="http://www.elsevier.com/xml/common/schema" xmlns:mml="http://www.w3.org/1998/Math/MathML" xmlns:cals="http://www.elsevier.com/xml/common/cals/schema" xmlns:tb="http://www.elsevier.com/xml/common/table/schema" xmlns:sa="http://www.elsevier.com/xml/common/struct-aff/schema" xmlns:sb="http://www.elsevier.com/xml/common/struct-bib/schema" xmlns:xlink="http://www.w3.org/1999/xlink"><rdf:RDF><rdf:Description rdf:about="http://dx.doi.org/10.1016/j.dib.2021.107625"><dct:format>application/xml</dct:format><dct:title>Experimental data sets on the evaluation of graphene oxide as a thyroid endocrine disruptor and a modulator of gas gland cells in Japanese medaka (Oryzias latipes) larvae at the onset of maturity</dct:title><dct:creator>Tolulope E. Asala</dct:creator><dct:creator>Asok K. Dasmahapatra</dct:creator><dct:creator>Anitha Myla</dct:creator><dct:creator>Paul B. Tchounwou</dct:creator><dct:subject><rdf:Bag><rdf:li>Endocrine disruptors</rdf:li><rdf:li>Thyroid</rdf:li><rdf:li>Gas gland</rdf:li><rdf:li>Graphene oxide</rdf:li><rdf:li>Japanese medaka</rdf:li><rdf:li>Phenotypic and genotypic sex</rdf:li></rdf:Bag></dct:subject><dct:description>Data in Brief 39 (2021). doi:10.1016/j.dib.2021.107625</dct:description><prism:aggregationType>journal</prism:aggregationType><prism:publicationName>Data in Brief</prism:publicationName><prism:copyright>&#169; 2021 The Author(s). Published by Elsevier Inc.</prism:copyright><dct:publisher>Elsevier Inc.</dct:publisher><prism:issn>2352-3409</prism:issn><prism:volume>39</prism:volume><prism:coverDisplayDate>December 2021</prism:coverDisplayDate><prism:doi>10.1016/j.dib.2021.107625</prism:doi><prism:url>http://dx.doi.org/10.1016/j.dib.2021.107625</prism:url><dct:identifier>doi:10.1016/j.dib.2021.107625</dct:identifier><bam:articleNumber>107625</bam:articleNumber><oa:openAccessInformation><oa:openAccessStatus xmlns:xsi="http://www.w3.org/2001/XMLSchema-instance">http://vtw.elsevier.com/data/voc/oa/OpenAccessStatus#Full</oa:openAccessStatus><oa:openAccessEffective xmlns:xsi="http://www.w3.org/2001/XMLSchema-instance">2021-11-19T20:01:14Z</oa:openAccessEffective><oa:sponsor xmlns:xsi="http://www.w3.org/2001/XMLSchema-instance"><oa:sponsorName>National Institutes of Health</oa:sponsorName><oa:sponsorType>http://vtw.elsevier.com/data/voc/oa/SponsorType#FundingBody</oa:sponsorType></oa:sponsor><oa:userLicense xmlns:xsi="http://www.w3.org/2001/XMLSchema-instance">http://creativecommons.org/licenses/by-nc-nd/4.0/</oa:userLicense></oa:openAccessInformation><cp:licenseLine xmlns:xsi="http://www.w3.org/2001/XMLSchema-instance">This is an open access article under the CC BY-NC-ND license.</cp:licenseLine></rdf:Description></rdf:RDF><dp:document-properties><dp:aggregation-type>Journals</dp:aggregation-type><dp:version-number>S300.1</dp:version-number></dp:document-properties><ja:article docsubtype="dat" version="5.6" xml:lang="en"><ja:item-info><ja:jid>DIB</ja:jid><ja:aid>107625</ja:aid><ce:article-number>107625</ce:article-number><ce:pii>S2352-3409(21)00900-8</ce:pii><ce:doi>10.1016/j.dib.2021.107625</ce:doi><ce:copyright type="unknown" year="2021"/></ja:item-info><ja:head><ce:dochead id="dchd0001"><ce:textfn id="dhtxt0001">Data Article</ce:textfn></ce:dochead><ce:title id="tte0002">Experimental data sets on the evaluation of graphene oxide as a thyroid endocrine disruptor and a modulator of gas gland cells in Japanese medaka (Oryzias latipes) larvae at the onset of maturity</ce:title><ce:author-group id="aut0001"><ce:author id="au0001" author-id="S2352340921009008-d4fe0bbe96cdd18e65479a8c7434bd88" orcid="0000-0001-5253-4328"><ce:given-name>Tolulope E.</ce:given-name><ce:surname>Asala</ce:surname><ce:contributor-role role="http://credit.niso.org/contributor-roles/formal-analysis">Formal analysis</ce:contributor-role><ce:contributor-role role="http://credit.niso.org/contributor-roles/visualization">Visualization</ce:contributor-role><ce:contributor-role role="http://credit.niso.org/contributor-roles/investigation">Investigation</ce:contributor-role><ce:contributor-role role="http://credit.niso.org/contributor-roles/software">Software</ce:contributor-role><ce:contributor-role role="http://credit.niso.org/contributor-roles/writing-review-editing">Writing &#x2013; review &amp; editing</ce:contributor-role><ce:cross-ref refid="aff0001"><ce:sup loc="post">a</ce:sup></ce:cross-ref></ce:author><ce:author id="au0002" author-id="S2352340921009008-8fd0bf7b8f61c537cc6bf7e8f76efa78"><ce:given-name>Asok K.</ce:given-name><ce:surname>Dasmahapatra</ce:surname><ce:contributor-role role="http://credit.niso.org/contributor-roles/conceptualization">Conceptualization</ce:contributor-role><ce:contributor-role role="http://credit.niso.org/contributor-roles/formal-analysis">Formal analysis</ce:contributor-role><ce:contributor-role role="http://credit.niso.org/contributor-roles/visualization">Visualization</ce:contributor-role><ce:contributor-role role="http://credit.niso.org/contributor-roles/investigation">Investigation</ce:contributor-role><ce:contributor-role role="http://credit.niso.org/contributor-roles/project-administration">Project administration</ce:contributor-role><ce:contributor-role role="http://credit.niso.org/contributor-roles/software">Software</ce:contributor-role><ce:contributor-role role="http://credit.niso.org/contributor-roles/supervision">Supervision</ce:contributor-role><ce:contributor-role role="http://credit.niso.org/contributor-roles/writing-original-draft">Writing &#x2013; original draft</ce:contributor-role><ce:contributor-role role="http://credit.niso.org/contributor-roles/writing-review-editing">Writing &#x2013; review &amp; editing</ce:contributor-role><ce:cross-ref refid="aff0001"><ce:sup loc="post">a</ce:sup></ce:cross-ref><ce:cross-ref refid="aff0002"><ce:sup loc="post">b</ce:sup></ce:cross-ref></ce:author><ce:author id="au0003" author-id="S2352340921009008-7f2f263d2bb9a5c0d2eda2abdc54a23c"><ce:given-name>Anitha</ce:given-name><ce:surname>Myla</ce:surname><ce:contributor-role role="http://credit.niso.org/contributor-roles/formal-analysis">Formal analysis</ce:contributor-role><ce:contributor-role role="http://credit.niso.org/contributor-roles/visualization">Visualization</ce:contributor-role><ce:contributor-role role="http://credit.niso.org/contributor-roles/investigation">Investigation</ce:contributor-role><ce:contributor-role role="http://credit.niso.org/contributor-roles/software">Software</ce:contributor-role><ce:contributor-role role="http://credit.niso.org/contributor-roles/writing-original-draft">Writing &#x2013; original draft</ce:contributor-role><ce:contributor-role role="http://credit.niso.org/contributor-roles/writing-review-editing">Writing &#x2013; review &amp; editing</ce:contributor-role><ce:cross-ref refid="aff0001"><ce:sup loc="post">a</ce:sup></ce:cross-ref></ce:author><ce:author id="au0004" author-id="S2352340921009008-a713e32277a3dc81043ce7c1fb4d8f22"><ce:given-name>Paul B.</ce:given-name><ce:surname>Tchounwou</ce:surname><ce:contributor-role role="http://credit.niso.org/contributor-roles/conceptualization">Conceptualization</ce:contributor-role><ce:contributor-role role="http://credit.niso.org/contributor-roles/visualization">Visualization</ce:contributor-role><ce:contributor-role role="http://credit.niso.org/contributor-roles/investigation">Investigation</ce:contributor-role><ce:contributor-role role="http://credit.niso.org/contributor-roles/project-administration">Project administration</ce:contributor-role><ce:contributor-role role="http://credit.niso.org/contributor-roles/resources">Resources</ce:contributor-role><ce:contributor-role role="http://credit.niso.org/contributor-roles/supervision">Supervision</ce:contributor-role><ce:contributor-role role="http://credit.niso.org/contributor-roles/writing-original-draft">Writing &#x2013; original draft</ce:contributor-role><ce:contributor-role role="http://credit.niso.org/contributor-roles/writing-review-editing">Writing &#x2013; review &amp; editing</ce:contributor-role><ce:cross-ref refid="aff0001"><ce:sup loc="post">a</ce:sup></ce:cross-ref><ce:cross-ref refid="cor0001"><ce:sup loc="post">&#x204e;</ce:sup></ce:cross-ref><ce:e-address id="ead0001" type="email" xlink:href="mailto:Paul.b.tchounwou@jsums.edu">Paul.b.tchounwou@jsums.edu</ce:e-address></ce:author><ce:affiliation id="aff0001" affiliation-id="S2352340921009008-32daf6ea21c8a39ddecb18c6a5f3f1a0"><ce:label>a</ce:label><ce:textfn id="cetextfn0001">RCMI Center for Environmental Health, Jackson State University, 1400 JR Lynch Street, Jackson, Mississippi 39217, USA</ce:textfn><sa:affiliation><sa:organization>RCMI Center for Environmental Health</sa:organization><sa:organization>Jackson State University</sa:organization><sa:address-line>1400 JR Lynch Street</sa:address-line><sa:city>Jackson</sa:city><sa:state>Mississippi</sa:state><sa:postal-code>39217</sa:postal-code><sa:country>USA</sa:country></sa:affiliation><ce:source-text id="staff0001">aRCMI Center for Environmental Health, Jackson State University, 1400 JR Lynch Street, Jackson, Mississippi 39217, USA</ce:source-text></ce:affiliation><ce:affiliation id="aff0002" affiliation-id="S2352340921009008-46434c58b834a18e3b96fe970ab55089"><ce:label>b</ce:label><ce:textfn id="cetextfn0002">Department of BioMolecular Sciences, Environmental Toxicology Division, University of Mississippi, University, Mississippi 38677, USA</ce:textfn><sa:affiliation><sa:organization>Department of BioMolecular Sciences</sa:organization><sa:organization>Environmental Toxicology Division</sa:organization><sa:organization>University of Mississippi</sa:organization><sa:organization>University</sa:organization><sa:state>Mississippi</sa:state><sa:postal-code>38677</sa:postal-code><sa:country>USA</sa:country></sa:affiliation><ce:source-text id="staff0002">bDepartment of BioMolecular Sciences, Environmental Toxicology Division, University of Mississippi, University, Mississippi 38677, USA</ce:source-text></ce:affiliation><ce:correspondence id="cor0001"><ce:label>&#x204e;</ce:label><ce:text id="cetext0001">Corresponding author.</ce:text></ce:correspondence></ce:author-group><ce:date-received day="28" month="10" year="2021"/><ce:date-revised day="13" month="11" year="2021"/><ce:date-accepted day="18" month="11" year="2021"/><ce:abstract id="abs0001" view="all" class="author"><ce:section-title id="cesectitle0001">Abstract</ce:section-title><ce:abstract-sec id="abss0001" view="all"><ce:simple-para id="spara012" view="all">This article presents the experimental datasets obtained from the histological/histochemical studies of endocrine disrupting effects of graphene oxide (GO) on thyroid follicles and gas gland (GG) cells of Japanese medaka larvae at the onset of maturity. The experiment was conducted on one day-post hatch (dph) starved fries (orange-red variety) immersed in different concentrations of GO (2.5-20.0&#160;mg/L) and no GO (controls) in embryo-rearing medium (ERM) for 96 h under laboratory conditions (25&#160;&#177;&#160;1&#x202f;&#176;C; light cycle 16 h light: 8 h dark). After treatment, larvae were maintained in balanced salt solution (BSS) with food and allowed depuration for 6 more weeks in a GO-free environment. On 47 dph, the larvae were anesthetized in MS 222 and their total lengths (mm) and weights (mg) were measured, and they were then cut into three small pieces (head, trunk, and tail). Head and trunk regions were fixed in 4% PFA in 20 mM PBS for 48 h at room temperature and the post-anal tail was preserved in TRI reagent and kept at &#x2212;20&#x202f;&#176;C until analysis. Tissues in 4% PFA were used for cutting 5&#181;m thick paraffin sections in a manual rotary microtome. Sections of head regions were evaluated for thyroid follicles after hematoxylin-eosin (HE) or Periodic acid-Schiff (PAS) staining. Trunk sections were used for swim bladder (SB) inflation studies and for phenotypic sex (ovary and testis) of the larvae after HE staining. Genetic sex assessment was made from tail DNA by genotyping Y chromosome-specific male sex-determining gene <ce:italic>dmy</ce:italic>. Digital images were captured by using either an Olympus B-max 40 microscope attached to a camera with Q-capture Pro 7 software or an Olympus CKX53 microscope with DP22 camera and CellSens software. Images of thyroid follicles and GG cells were analyzed using imagej software. HE stained histological sections of thyroid follicles near the heart and branchial regions were captured and the area (&#181;m<ce:sup loc="post">2</ce:sup>) of individual follicles (minimum 3) available in the entire section were measured. The heights of thyrocytes (&#181;m) were determined directly. Manual counting of GG cells was made from the digital images captured in several regions of the SB avoiding blood cells and other cells which have indistinct nucleus and pale cytoplasm; results were expressed as the number of GG cells/mm<ce:sup loc="post">2</ce:sup>. Data were analyzed by GraphPad prism version 7.04. For normally distributed data, one-way ANOVA followed by post-hoc Tukey's test or unpaired parametric &#x201c;t&#x201d; test including Welch's correction was used. Otherwise, Kruskal-Wallis test followed by nonparametric Mann-Whitney's test as a post hoc test was used. Data were expressed as means &#177;SEM and the level of significance was set at <ce:italic>p</ce:italic>&#160;&lt;&#160;0.05.</ce:simple-para></ce:abstract-sec></ce:abstract><ce:keywords id="keys0001" view="all" class="keyword"><ce:section-title id="cesectitle0002">Keywords</ce:section-title><ce:keyword id="key0001"><ce:text id="cetext0002">Endocrine disruptors</ce:text></ce:keyword><ce:keyword id="key0001a"><ce:text id="cetext0002a">Thyroid</ce:text></ce:keyword><ce:keyword id="key000b1"><ce:text id="cetext0002b">Gas gland</ce:text></ce:keyword><ce:keyword id="key0001c"><ce:text id="cetext0002c">Graphene oxide</ce:text></ce:keyword><ce:keyword id="key0001d"><ce:text id="cetext0002d">Japanese medaka</ce:text></ce:keyword><ce:keyword id="key0001e"><ce:text id="cetext0002e">Phenotypic and genotypic sex</ce:text></ce:keyword></ce:keywords></ja:head></ja:article></doc:document>
