<doc:document xmlns:doc="http://www.elsevier.com/xml/document/schema" xmlns:dp="http://www.elsevier.com/xml/common/doc-properties/schema" xmlns:cps="http://www.elsevier.com/xml/common/consyn-properties/schema" xmlns:rdf="http://www.w3.org/1999/02/22-rdf-syntax-ns#" xmlns:dct="http://purl.org/dc/terms/" xmlns:prism="http://prismstandard.org/namespaces/basic/2.0/" xmlns:oa="http://vtw.elsevier.com/data/ns/properties/OpenAccess-1/" xmlns:bam="http://vtw.elsevier.com/data/voc/ns/bam-vtw-1/" xmlns:cp="http://vtw.elsevier.com/data/ns/properties/Copyright-1/" xmlns:cja="http://www.elsevier.com/xml/cja/schema" xmlns:ja="http://www.elsevier.com/xml/ja/schema" xmlns:bk="http://www.elsevier.com/xml/bk/schema" xmlns:ce="http://www.elsevier.com/xml/common/schema" xmlns:mml="http://www.w3.org/1998/Math/MathML" xmlns:cals="http://www.elsevier.com/xml/common/cals/schema" xmlns:tb="http://www.elsevier.com/xml/common/table/schema" xmlns:sa="http://www.elsevier.com/xml/common/struct-aff/schema" xmlns:sb="http://www.elsevier.com/xml/common/struct-bib/schema" xmlns:xlink="http://www.w3.org/1999/xlink"><rdf:RDF><rdf:Description rdf:about="http://dx.doi.org/10.1016/j.dib.2021.107694"><dct:format>application/xml</dct:format><dct:title>Tropical western and central Pacific marine heatwave data calculated from gridded sea surface temperature observations and CMIP6</dct:title><dct:creator>Jules B. Kajtar</dct:creator><dct:creator>Vanessa Hernaman</dct:creator><dct:creator>Neil J. Holbrook</dct:creator><dct:creator>Paola Petrelli</dct:creator><dct:subject><rdf:Bag><rdf:li>Marine heatwave</rdf:li><rdf:li>Extreme event</rdf:li><rdf:li>Pacific ocean</rdf:li><rdf:li>Sea surface temperature</rdf:li><rdf:li>Observational</rdf:li><rdf:li>Model outputs</rdf:li><rdf:li>CMIP6</rdf:li><rdf:li>Projections</rdf:li></rdf:Bag></dct:subject><dct:description>Data in Brief 40 (2022). doi:10.1016/j.dib.2021.107694</dct:description><prism:aggregationType>journal</prism:aggregationType><prism:publicationName>Data in Brief</prism:publicationName><prism:copyright>&#169; 2021 The Authors. Published by Elsevier Inc.</prism:copyright><dct:publisher>Elsevier Inc.</dct:publisher><prism:issn>2352-3409</prism:issn><prism:volume>40</prism:volume><prism:coverDisplayDate>February 2022</prism:coverDisplayDate><prism:doi>10.1016/j.dib.2021.107694</prism:doi><prism:url>http://dx.doi.org/10.1016/j.dib.2021.107694</prism:url><dct:identifier>doi:10.1016/j.dib.2021.107694</dct:identifier><bam:articleNumber>107694</bam:articleNumber><oa:openAccessInformation><oa:openAccessStatus xmlns:xsi="http://www.w3.org/2001/XMLSchema-instance">http://vtw.elsevier.com/data/voc/oa/OpenAccessStatus#Full</oa:openAccessStatus><oa:openAccessEffective xmlns:xsi="http://www.w3.org/2001/XMLSchema-instance">2021-12-08T12:19:15Z</oa:openAccessEffective><oa:sponsor xmlns:xsi="http://www.w3.org/2001/XMLSchema-instance"><oa:sponsorName>Australian and New Zealand Institutes</oa:sponsorName><oa:sponsorType>http://vtw.elsevier.com/data/voc/oa/SponsorType#Author</oa:sponsorType></oa:sponsor><oa:userLicense xmlns:xsi="http://www.w3.org/2001/XMLSchema-instance">http://creativecommons.org/licenses/by-nc-nd/4.0/</oa:userLicense></oa:openAccessInformation><cp:licenseLine xmlns:xsi="http://www.w3.org/2001/XMLSchema-instance">This is an open access article under the CC BY-NC-ND license.</cp:licenseLine></rdf:Description></rdf:RDF><dp:document-properties><dp:aggregation-type>Journals</dp:aggregation-type><dp:version-number>S300.1</dp:version-number></dp:document-properties><ja:article docsubtype="dat" version="5.6" xml:lang="en"><ja:item-info><ja:jid>DIB</ja:jid><ja:aid>107694</ja:aid><ce:article-number>107694</ce:article-number><ce:pii>S2352-3409(21)00969-0</ce:pii><ce:doi>10.1016/j.dib.2021.107694</ce:doi><ce:document-thread><ce:refers-to-document id="ref0001"><ce:pii>S0921-8181(21)00265-4</ce:pii><ce:doi>10.1016/j.gloplacha.2021.103680</ce:doi></ce:refers-to-document></ce:document-thread><ce:copyright type="other" year="2021">The Authors</ce:copyright></ja:item-info><ja:head><ce:dochead id="dchd0001"><ce:textfn id="dhtxt0001">Data Article</ce:textfn></ce:dochead><ce:title id="tte0002">Tropical western and central Pacific marine heatwave data calculated from gridded sea surface temperature observations and CMIP6</ce:title><ce:author-group id="aut0001"><ce:author id="au0001" author-id="S2352340921009690-3cb64960b7fdfe0e9501b1b0e668fc11" orcid="0000-0003-0114-6610"><ce:given-name>Jules B.</ce:given-name><ce:surname>Kajtar</ce:surname><ce:contributor-role role="http://credit.niso.org/contributor-roles/conceptualization">Conceptualization</ce:contributor-role><ce:contributor-role role="http://credit.niso.org/contributor-roles/methodology">Methodology</ce:contributor-role><ce:contributor-role role="http://credit.niso.org/contributor-roles/investigation">Investigation</ce:contributor-role><ce:contributor-role role="http://credit.niso.org/contributor-roles/software">Software</ce:contributor-role><ce:contributor-role role="http://credit.niso.org/contributor-roles/data-curation">Data curation</ce:contributor-role><ce:contributor-role role="http://credit.niso.org/contributor-roles/writing-original-draft">Writing &#x2013; original draft</ce:contributor-role><ce:contributor-role role="http://credit.niso.org/contributor-roles/writing-review-editing">Writing &#x2013; review &amp; editing</ce:contributor-role><ce:cross-ref refid="aff0001"><ce:sup loc="post">a</ce:sup></ce:cross-ref><ce:cross-ref refid="aff0002"><ce:sup loc="post">b</ce:sup></ce:cross-ref><ce:cross-ref refid="cor0001"><ce:sup loc="post">&#x204e;</ce:sup></ce:cross-ref><ce:e-address id="ead0001" type="email" xlink:href="mailto:jules.kajtar@utas.edu.au">jules.kajtar@utas.edu.au</ce:e-address><ce:e-address id="ea3a" type="social-media" xlink:href="https://twitter.com/julesbkajtar">@julesbkajtar</ce:e-address></ce:author><ce:author id="au0002" author-id="S2352340921009690-394f5b8e30f434728cf6bede1e870991"><ce:given-name>Vanessa</ce:given-name><ce:surname>Hernaman</ce:surname><ce:contributor-role role="http://credit.niso.org/contributor-roles/conceptualization">Conceptualization</ce:contributor-role><ce:contributor-role role="http://credit.niso.org/contributor-roles/methodology">Methodology</ce:contributor-role><ce:contributor-role role="http://credit.niso.org/contributor-roles/investigation">Investigation</ce:contributor-role><ce:contributor-role role="http://credit.niso.org/contributor-roles/writing-review-editing">Writing &#x2013; review &amp; editing</ce:contributor-role><ce:cross-ref refid="aff0003"><ce:sup loc="post">c</ce:sup></ce:cross-ref></ce:author><ce:author id="au0003" author-id="S2352340921009690-c49910e74fcf4ece0b7939ae4f2ff404"><ce:given-name>Neil J.</ce:given-name><ce:surname>Holbrook</ce:surname><ce:contributor-role role="http://credit.niso.org/contributor-roles/conceptualization">Conceptualization</ce:contributor-role><ce:contributor-role role="http://credit.niso.org/contributor-roles/methodology">Methodology</ce:contributor-role><ce:contributor-role role="http://credit.niso.org/contributor-roles/investigation">Investigation</ce:contributor-role><ce:contributor-role role="http://credit.niso.org/contributor-roles/writing-review-editing">Writing &#x2013; review &amp; editing</ce:contributor-role><ce:cross-ref refid="aff0001"><ce:sup loc="post">a</ce:sup></ce:cross-ref><ce:cross-ref refid="aff0002"><ce:sup loc="post">b</ce:sup></ce:cross-ref></ce:author><ce:author id="au0004" author-id="S2352340921009690-b5ce5c4e3b6be681b5ae91a9aff4b6bd"><ce:given-name>Paola</ce:given-name><ce:surname>Petrelli</ce:surname><ce:contributor-role role="http://credit.niso.org/contributor-roles/data-curation">Data curation</ce:contributor-role><ce:contributor-role role="http://credit.niso.org/contributor-roles/validation">Validation</ce:contributor-role><ce:contributor-role role="http://credit.niso.org/contributor-roles/writing-review-editing">Writing &#x2013; review &amp; editing</ce:contributor-role><ce:cross-ref refid="aff0001"><ce:sup loc="post">a</ce:sup></ce:cross-ref><ce:cross-ref refid="aff0002"><ce:sup loc="post">b</ce:sup></ce:cross-ref></ce:author><ce:affiliation id="aff0001" affiliation-id="S2352340921009690-8ebd97a6c51cf49f6a2b8c927cabcb7e"><ce:label>a</ce:label><ce:textfn id="cetextfn0001">Institute for Marine and Antarctic Studies, University of Tasmania, Hobart, Tasmania, Australia</ce:textfn><sa:affiliation><sa:organization>Institute for Marine and Antarctic Studies</sa:organization><sa:organization>University of Tasmania</sa:organization><sa:address-line>SA</sa:address-line><sa:city>Hobart</sa:city><sa:state>Tasmania</sa:state><sa:country>Australia</sa:country></sa:affiliation><ce:source-text id="staff0001">aInstitute for Marine and Antarctic Studies, University of Tasmania, SA, Hobart, Tasmania, Australia</ce:source-text></ce:affiliation><ce:affiliation id="aff0002" affiliation-id="S2352340921009690-df81ab008b5a3d7e0604565842197c77"><ce:label>b</ce:label><ce:textfn id="cetextfn0002">Australian Research Council Centre of Excellence for Climate Extremes, University of Tasmania, Hobart, Tasmania, Australia</ce:textfn><sa:affiliation><sa:organization>Australian Research Council Centre of Excellence for Climate Extremes</sa:organization><sa:organization>University of Tasmania</sa:organization><sa:address-line>SA</sa:address-line><sa:city>Hobart</sa:city><sa:state>Tasmania</sa:state><sa:country>Australia</sa:country></sa:affiliation><ce:source-text id="staff0002">bAustralian Research Council Centre of Excellence for Climate Extremes, SA, University of Tasmania, Hobart, Tasmania, Australia</ce:source-text></ce:affiliation><ce:affiliation id="aff0003" affiliation-id="S2352340921009690-8b1896adc6be2712b3727befdbdc3d9c"><ce:label>c</ce:label><ce:textfn id="cetextfn0003">Climate Science Centre, CSIRO Oceans and Atmosphere, Aspendale, Victoria, Australia</ce:textfn><sa:affiliation><sa:organization>Climate Science Centre</sa:organization><sa:organization>CSIRO Oceans and Atmosphere</sa:organization><sa:city>Aspendale</sa:city><sa:state>Victoria</sa:state><sa:country>Australia</sa:country></sa:affiliation><ce:source-text id="staff0003">cClimate Science Centre, CSIRO Oceans and Atmosphere, Aspendale, Victoria, Australia</ce:source-text></ce:affiliation><ce:correspondence id="cor0001"><ce:label>&#x204e;</ce:label><ce:text id="cetext0001">Corresponding author at: Institute for Marine and Antarctic Studies, University of Tasmania, Hobart, Tasmania, Australia</ce:text><sa:affiliation><sa:organization>Institute for Marine and Antarctic Studies</sa:organization><sa:organization>University of Tasmania</sa:organization><sa:city>Hobart</sa:city><sa:state>Tasmania</sa:state><sa:country>Australia</sa:country></sa:affiliation></ce:correspondence></ce:author-group><ce:date-received day="29" month="10" year="2021"/><ce:date-revised day="1" month="12" year="2021"/><ce:date-accepted day="7" month="12" year="2021"/><ce:abstract id="abs0001" view="all" class="author"><ce:section-title id="cesectitle0001">Abstract</ce:section-title><ce:abstract-sec id="abss0001" view="all"><ce:simple-para id="spara004" view="all">Processed marine heatwave metrics are provided for the tropical western and central Pacific Ocean region (120&#176;E-140&#176;W, 40&#176;S-15&#176;N). The metrics are computed from daily sea surface temperature (SST) data, from both observations and models. The observed marine heatwave data are calculated from NOAA 0.25&#176; daily Optimum Interpolation Sea Surface Temperature (OISST) over the period 1982&#x2013;2019. The modelled marine heatwave data are from analysis of 18 model simulations as part of the Coupled Model Intercomparison Project, Phase 6 (CMIP6) over the period 1982&#x2013;2100, where two future scenarios have been analysed. The marine heatwave data are provided on a grid point basis across the domain. Marine heatwave timeseries metrics are also provided for three case study regions: Fiji, Samoa, and Palau.</ce:simple-para></ce:abstract-sec></ce:abstract><ce:keywords class="abr" id="pc_TyctEqySMgNfup7xq0alp9LLlOsr1CxH" view="all"><ce:section-title id="cesectitle0002a">Abbreviations</ce:section-title><ce:keyword id="pc_9UCxXkLhdN"><ce:text>SST</ce:text><ce:keyword id="pc_TTR8aqso6g"><ce:text>Sea surface temperature</ce:text></ce:keyword></ce:keyword><ce:keyword id="pc_mOPblubCw3"><ce:text>MHW</ce:text><ce:keyword id="pc_GU21XPUiYH"><ce:text>Marine heatwave</ce:text></ce:keyword></ce:keyword><ce:keyword id="pc_SLm4d2nTrg"><ce:text>OISST</ce:text><ce:keyword id="pc_07pcZXJbyJ"><ce:text>Optimum interpolation sea surface temperature</ce:text></ce:keyword></ce:keyword><ce:keyword id="pc_yOvGA5CyQ7"><ce:text>CMIP6</ce:text><ce:keyword id="pc_1l01PgWL7t"><ce:text>Coupled Model Intercomparison Project, Phase 6</ce:text></ce:keyword></ce:keyword></ce:keywords><ce:keywords id="keys0001" view="all" class="keyword"><ce:section-title id="cesectitle0002">Keywords</ce:section-title><ce:keyword id="key0001"><ce:text id="cetext0002">Marine heatwave</ce:text></ce:keyword><ce:keyword id="key0002"><ce:text id="cetext0003">Extreme event</ce:text></ce:keyword><ce:keyword id="key0003"><ce:text id="cetext0004">Pacific ocean</ce:text></ce:keyword><ce:keyword id="key0004"><ce:text id="cetext0005">Sea surface temperature</ce:text></ce:keyword><ce:keyword id="key0005"><ce:text id="cetext0006">Observational</ce:text></ce:keyword><ce:keyword id="key0006"><ce:text id="cetext0007">Model outputs</ce:text></ce:keyword><ce:keyword id="key0007"><ce:text id="cetext0008">CMIP6</ce:text></ce:keyword><ce:keyword id="key0008"><ce:text id="cetext0009">Projections</ce:text></ce:keyword></ce:keywords></ja:head></ja:article></doc:document>
