<doc:document xmlns:doc="http://www.elsevier.com/xml/document/schema" xmlns:dp="http://www.elsevier.com/xml/common/doc-properties/schema" xmlns:cps="http://www.elsevier.com/xml/common/consyn-properties/schema" xmlns:rdf="http://www.w3.org/1999/02/22-rdf-syntax-ns#" xmlns:dct="http://purl.org/dc/terms/" xmlns:prism="http://prismstandard.org/namespaces/basic/2.0/" xmlns:oa="http://vtw.elsevier.com/data/ns/properties/OpenAccess-1/" xmlns:bam="http://vtw.elsevier.com/data/voc/ns/bam-vtw-1/" xmlns:cp="http://vtw.elsevier.com/data/ns/properties/Copyright-1/" xmlns:cja="http://www.elsevier.com/xml/cja/schema" xmlns:ja="http://www.elsevier.com/xml/ja/schema" xmlns:bk="http://www.elsevier.com/xml/bk/schema" xmlns:ce="http://www.elsevier.com/xml/common/schema" xmlns:mml="http://www.w3.org/1998/Math/MathML" xmlns:cals="http://www.elsevier.com/xml/common/cals/schema" xmlns:tb="http://www.elsevier.com/xml/common/table/schema" xmlns:sa="http://www.elsevier.com/xml/common/struct-aff/schema" xmlns:sb="http://www.elsevier.com/xml/common/struct-bib/schema" xmlns:xlink="http://www.w3.org/1999/xlink"><rdf:RDF><rdf:Description rdf:about="http://dx.doi.org/10.1016/j.dib.2022.107846"><dct:format>application/xml</dct:format><dct:title>Experimental fatigue dataset for additive-manufactured 3D-printed Polylactic acid biomaterials under fully-reversed rotating-bending bending loadings</dct:title><dct:creator>Mohammad Azadi</dct:creator><dct:creator>Ali Dadashi</dct:creator><dct:subject><rdf:Bag><rdf:li>Fatigue dataset</rdf:li><rdf:li>Additive manufacturing</rdf:li><rdf:li>3D-printing</rdf:li><rdf:li>Polylactic acid biomaterial</rdf:li><rdf:li>Cyclic loading</rdf:li></rdf:Bag></dct:subject><dct:description>Data in Brief 41 (2022). doi:10.1016/j.dib.2022.107846</dct:description><prism:aggregationType>journal</prism:aggregationType><prism:publicationName>Data in Brief</prism:publicationName><prism:copyright>&#169; 2022 The Author(s). Published by Elsevier Inc.</prism:copyright><dct:publisher>Elsevier Inc.</dct:publisher><prism:issn>2352-3409</prism:issn><prism:volume>41</prism:volume><prism:coverDisplayDate>April 2022</prism:coverDisplayDate><prism:doi>10.1016/j.dib.2022.107846</prism:doi><prism:url>http://dx.doi.org/10.1016/j.dib.2022.107846</prism:url><dct:identifier>doi:10.1016/j.dib.2022.107846</dct:identifier><bam:articleNumber>107846</bam:articleNumber><oa:openAccessInformation><oa:openAccessStatus xmlns:xsi="http://www.w3.org/2001/XMLSchema-instance">http://vtw.elsevier.com/data/voc/oa/OpenAccessStatus#Full</oa:openAccessStatus><oa:openAccessEffective xmlns:xsi="http://www.w3.org/2001/XMLSchema-instance">2022-01-16T15:40:32Z</oa:openAccessEffective><oa:sponsor xmlns:xsi="http://www.w3.org/2001/XMLSchema-instance"><oa:sponsorType>http://vtw.elsevier.com/data/voc/oa/SponsorType#ElsevierWaived</oa:sponsorType></oa:sponsor><oa:userLicense xmlns:xsi="http://www.w3.org/2001/XMLSchema-instance">http://creativecommons.org/licenses/by/4.0/</oa:userLicense></oa:openAccessInformation><cp:licenseLine xmlns:xsi="http://www.w3.org/2001/XMLSchema-instance">This is an open access article under the CC BY license.</cp:licenseLine></rdf:Description></rdf:RDF><dp:document-properties><dp:aggregation-type>Journals</dp:aggregation-type><dp:version-number>S250.1</dp:version-number></dp:document-properties><ja:article docsubtype="dat" version="5.6" xml:lang="en"><ja:item-info><ja:jid>DIB</ja:jid><ja:aid>107846</ja:aid><ce:article-number>107846</ce:article-number><ce:pii>S2352-3409(22)00058-0</ce:pii><ce:doi>10.1016/j.dib.2022.107846</ce:doi><ce:copyright type="other" year="2022">The Author(s)</ce:copyright></ja:item-info><ja:head><ce:dochead id="dchd0001"><ce:textfn id="dhtxt0001">Data Article</ce:textfn></ce:dochead><ce:title id="tte0002">Experimental fatigue dataset for additive-manufactured 3D-printed Polylactic acid biomaterials under fully-reversed rotating-bending bending loadings</ce:title><ce:author-group id="aut0001"><ce:author id="au0001" author-id="S2352340922000580-42bd1de7f7c71118b11a6e8a686f0ad5" orcid="0000-0001-8686-8705"><ce:given-name>Mohammad</ce:given-name><ce:surname>Azadi</ce:surname><ce:cross-ref refid="cor0001"><ce:sup loc="post">&#x204e;</ce:sup></ce:cross-ref><ce:e-address id="ead0001" type="email" xlink:href="mailto:m_azadi@semnan.ac.ir">m_azadi@semnan.ac.ir</ce:e-address></ce:author><ce:author id="au0002" author-id="S2352340922000580-aceb5ead8a4089b68e6be4195fa012d8"><ce:given-name>Ali</ce:given-name><ce:surname>Dadashi</ce:surname></ce:author><ce:affiliation id="aff0001" affiliation-id="S2352340922000580-86c8ed84865070f2a9d88e10efd104b8"><ce:textfn id="cetextfn0001">Faculty of Mechanical Engineering, Semnan University, Semnan, Iran</ce:textfn><sa:affiliation><sa:organization>Faculty of Mechanical Engineering</sa:organization><sa:organization>Semnan University</sa:organization><sa:city>Semnan</sa:city><sa:country>Iran</sa:country></sa:affiliation><ce:source-text id="staff0001">Faculty of Mechanical Engineering, Semnan University, Semnan, Iran</ce:source-text></ce:affiliation><ce:correspondence id="cor0001"><ce:label>&#x204e;</ce:label><ce:text id="cetext0001">Corresponding author's email address and Twitter handle</ce:text></ce:correspondence></ce:author-group><ce:date-received day="23" month="11" year="2021"/><ce:date-revised day="30" month="12" year="2021"/><ce:date-accepted day="14" month="1" year="2022"/><ce:abstract id="abs0001" view="all" class="author"><ce:section-title id="cesectitle0001">Abstract</ce:section-title><ce:abstract-sec id="abss0001" view="all"><ce:simple-para id="spara033" view="all">In this dataset, experimental fatigue testing results have been presented for the additive-manufactured 3D-printed Polylactic acid (PLA) biomaterials under fully-reversed rotating-bending loadings. For such an objective, a fused deposition modeling (FDM) 3D-printer was utilized to fabricate the standard cylindrical samples with different printing parameters in the horizontal direction. For the demonstration of printing parameter effects on the PLA fatigue lifetime, the nozzle diameters were from 0.2 to 0.6 mm, the extruder temperatures were from 180 to 240&#160;&#176;C, and finally, the printing speeds were from 5 to 15 mm/s. Then after 3D-printing of specimens, fatigue testing was performed on various samples under fully-reversed rotating-bending loadings. Then, the fatigue data were presented in tables through the high-cycle fatigue regime, under the load-controlled condition. For further works, these dataset tables could be used to draw the S-N (stress-lifetime) diagram, to find the fatigue strength coefficient and exponent.</ce:simple-para></ce:abstract-sec></ce:abstract><ce:keywords id="keys0001" view="all" class="keyword"><ce:section-title id="cesectitle0002">Keywords</ce:section-title><ce:keyword id="key0001"><ce:text id="cetext0002">Fatigue dataset</ce:text></ce:keyword><ce:keyword id="key0002"><ce:text id="cetext0003">Additive manufacturing</ce:text></ce:keyword><ce:keyword id="key0003"><ce:text id="cetext0004">3D-printing</ce:text></ce:keyword><ce:keyword id="key0004"><ce:text id="cetext0005">Polylactic acid biomaterial</ce:text></ce:keyword><ce:keyword id="key0005"><ce:text id="cetext0006">Cyclic loading</ce:text></ce:keyword></ce:keywords></ja:head></ja:article></doc:document>
