<doc:document xmlns:doc="http://www.elsevier.com/xml/document/schema" xmlns:dp="http://www.elsevier.com/xml/common/doc-properties/schema" xmlns:cps="http://www.elsevier.com/xml/common/consyn-properties/schema" xmlns:rdf="http://www.w3.org/1999/02/22-rdf-syntax-ns#" xmlns:dct="http://purl.org/dc/terms/" xmlns:prism="http://prismstandard.org/namespaces/basic/2.0/" xmlns:oa="http://vtw.elsevier.com/data/ns/properties/OpenAccess-1/" xmlns:bam="http://vtw.elsevier.com/data/voc/ns/bam-vtw-1/" xmlns:cp="http://vtw.elsevier.com/data/ns/properties/Copyright-1/" xmlns:cja="http://www.elsevier.com/xml/cja/schema" xmlns:ja="http://www.elsevier.com/xml/ja/schema" xmlns:bk="http://www.elsevier.com/xml/bk/schema" xmlns:ce="http://www.elsevier.com/xml/common/schema" xmlns:mml="http://www.w3.org/1998/Math/MathML" xmlns:cals="http://www.elsevier.com/xml/common/cals/schema" xmlns:tb="http://www.elsevier.com/xml/common/table/schema" xmlns:sa="http://www.elsevier.com/xml/common/struct-aff/schema" xmlns:sb="http://www.elsevier.com/xml/common/struct-bib/schema" xmlns:xlink="http://www.w3.org/1999/xlink"><rdf:RDF><rdf:Description rdf:about="http://dx.doi.org/10.1016/j.dib.2022.107880"><dct:format>application/xml</dct:format><dct:title>Isotopic and geochemical data from Barry Lake, Canada: A 900-year record of environmental change</dct:title><dct:creator>R.M. Doyle</dct:creator><dct:creator>Z. Liu</dct:creator><dct:creator>J.T. Walker</dct:creator><dct:creator>R. Hladyniuk</dct:creator><dct:creator>K.A. Moser</dct:creator><dct:creator>F.J. Longstaffe</dct:creator><dct:subject><rdf:Bag><rdf:li>Lake sediment</rdf:li><rdf:li>Late holocene</rdf:li><rdf:li>Great lakes region</rdf:li><rdf:li>O, H, C and N isotope analysis</rdf:li><rdf:li>Organic matter</rdf:li><rdf:li>Marl</rdf:li><rdf:li>Sediment mineralogy</rdf:li></rdf:Bag></dct:subject><dct:description>Data in Brief, Uncorrected proof. doi:10.1016/j.dib.2022.107880</dct:description><prism:aggregationType>journal</prism:aggregationType><prism:publicationName>Data in Brief</prism:publicationName><prism:copyright>&#169; 2022 The Authors. Published by Elsevier Inc.</prism:copyright><dct:publisher>Elsevier Inc.</dct:publisher><prism:issn>2352-3409</prism:issn><prism:doi>10.1016/j.dib.2022.107880</prism:doi><prism:url>http://dx.doi.org/10.1016/j.dib.2022.107880</prism:url><dct:identifier>doi:10.1016/j.dib.2022.107880</dct:identifier><bam:articleNumber>107880</bam:articleNumber><oa:openAccessInformation><oa:openAccessStatus xmlns:xsi="http://www.w3.org/2001/XMLSchema-instance">http://vtw.elsevier.com/data/voc/oa/OpenAccessStatus#Full</oa:openAccessStatus><oa:openAccessEffective xmlns:xsi="http://www.w3.org/2001/XMLSchema-instance">2022-01-25T10:30:07Z</oa:openAccessEffective><oa:sponsor xmlns:xsi="http://www.w3.org/2001/XMLSchema-instance"><oa:sponsorName>CRKN: Canadian Research Knowledge Network2021</oa:sponsorName><oa:sponsorType>http://vtw.elsevier.com/data/voc/oa/SponsorType#FundingBody</oa:sponsorType></oa:sponsor><oa:userLicense xmlns:xsi="http://www.w3.org/2001/XMLSchema-instance">http://creativecommons.org/licenses/by-nc-nd/4.0/</oa:userLicense></oa:openAccessInformation><cp:licenseLine xmlns:xsi="http://www.w3.org/2001/XMLSchema-instance">This is an open access article under the CC BY-NC-ND license.</cp:licenseLine></rdf:Description></rdf:RDF><dp:document-properties><dp:aggregation-type>Journals</dp:aggregation-type><dp:version-number>S100.1</dp:version-number></dp:document-properties><ja:article docsubtype="dat" version="5.6" xml:lang="en"><ja:item-info><ja:jid>DIB</ja:jid><ja:aid>107880</ja:aid><ce:article-number>107880</ce:article-number><ce:pii>S2352-3409(22)00092-0</ce:pii><ce:doi>10.1016/j.dib.2022.107880</ce:doi><ce:document-thread><ce:refers-to-document id="ref0001"><ce:pii>S0277-3791(21)00381-4</ce:pii><ce:doi>10.1016/j.quascirev.2021.107174</ce:doi></ce:refers-to-document></ce:document-thread><ce:copyright type="other" year="2022">The Authors</ce:copyright></ja:item-info><ja:head><ce:dochead id="dchd0001"><ce:textfn id="dhtxt0001">Data Article</ce:textfn></ce:dochead><ce:title id="tte0002">Isotopic and geochemical data from Barry Lake, Canada: A 900-year record of environmental change</ce:title><ce:author-group id="aut0001"><ce:author id="au0001" author-id="S2352340922000920-3a1d434287c09e2c027aef31dbafec49"><ce:given-name>R.M.</ce:given-name><ce:surname>Doyle</ce:surname><ce:contributor-role role="http://credit.niso.org/contributor-roles/conceptualization">Conceptualization</ce:contributor-role><ce:contributor-role role="http://credit.niso.org/contributor-roles/investigation">Investigation</ce:contributor-role><ce:contributor-role role="http://credit.niso.org/contributor-roles/writing-original-draft">Writing &#x2013; original draft</ce:contributor-role><ce:contributor-role role="http://credit.niso.org/contributor-roles/writing-review-editing">Writing &#x2013; review &amp; editing</ce:contributor-role><ce:contributor-role role="http://credit.niso.org/contributor-roles/methodology">Methodology</ce:contributor-role><ce:contributor-role role="http://credit.niso.org/contributor-roles/validation">Validation</ce:contributor-role><ce:contributor-role role="http://credit.niso.org/contributor-roles/formal-analysis">Formal analysis</ce:contributor-role><ce:cross-ref refid="aff0001"><ce:sup loc="post">a</ce:sup></ce:cross-ref></ce:author><ce:author id="au0002" author-id="S2352340922000920-674f9ffef1db4fb82d4c45f15b91274e"><ce:given-name>Z.</ce:given-name><ce:surname>Liu</ce:surname><ce:contributor-role role="http://credit.niso.org/contributor-roles/conceptualization">Conceptualization</ce:contributor-role><ce:contributor-role role="http://credit.niso.org/contributor-roles/investigation">Investigation</ce:contributor-role><ce:contributor-role role="http://credit.niso.org/contributor-roles/methodology">Methodology</ce:contributor-role><ce:contributor-role role="http://credit.niso.org/contributor-roles/formal-analysis">Formal analysis</ce:contributor-role><ce:cross-ref refid="aff0002"><ce:sup loc="post">b</ce:sup></ce:cross-ref></ce:author><ce:author id="au0003" author-id="S2352340922000920-89731588c15bb0b460e73c7ce837e514"><ce:given-name>J.T.</ce:given-name><ce:surname>Walker</ce:surname><ce:contributor-role role="http://credit.niso.org/contributor-roles/investigation">Investigation</ce:contributor-role><ce:cross-ref refid="aff0002"><ce:sup loc="post">b</ce:sup></ce:cross-ref></ce:author><ce:author id="au0004" author-id="S2352340922000920-c294e9eb6f7a526ea27ea18038a68c9e"><ce:given-name>R.</ce:given-name><ce:surname>Hladyniuk</ce:surname><ce:contributor-role role="http://credit.niso.org/contributor-roles/conceptualization">Conceptualization</ce:contributor-role><ce:contributor-role role="http://credit.niso.org/contributor-roles/investigation">Investigation</ce:contributor-role><ce:cross-ref refid="aff0002"><ce:sup loc="post">b</ce:sup></ce:cross-ref></ce:author><ce:author id="au0005" author-id="S2352340922000920-11870b76b42b2c4b873fdbc1ec3770bb"><ce:given-name>K.A.</ce:given-name><ce:surname>Moser</ce:surname><ce:contributor-role role="http://credit.niso.org/contributor-roles/supervision">Supervision</ce:contributor-role><ce:contributor-role role="http://credit.niso.org/contributor-roles/conceptualization">Conceptualization</ce:contributor-role><ce:contributor-role role="http://credit.niso.org/contributor-roles/writing-review-editing">Writing &#x2013; review &amp; editing</ce:contributor-role><ce:cross-ref refid="aff0001"><ce:sup loc="post">a</ce:sup></ce:cross-ref></ce:author><ce:author id="au0006" author-id="S2352340922000920-0e649041cdeda6211e1d997e1e08f364" orcid="0000-0003-4103-4808"><ce:given-name>F.J.</ce:given-name><ce:surname>Longstaffe</ce:surname><ce:contributor-role role="http://credit.niso.org/contributor-roles/supervision">Supervision</ce:contributor-role><ce:contributor-role role="http://credit.niso.org/contributor-roles/conceptualization">Conceptualization</ce:contributor-role><ce:contributor-role role="http://credit.niso.org/contributor-roles/writing-review-editing">Writing &#x2013; review &amp; editing</ce:contributor-role><ce:contributor-role role="http://credit.niso.org/contributor-roles/resources">Resources</ce:contributor-role><ce:contributor-role role="http://credit.niso.org/contributor-roles/project-administration">Project administration</ce:contributor-role><ce:contributor-role role="http://credit.niso.org/contributor-roles/funding-acquisition">Funding acquisition</ce:contributor-role><ce:cross-ref refid="aff0001"><ce:sup loc="post">a</ce:sup></ce:cross-ref><ce:cross-ref refid="aff0002"><ce:sup loc="post">b</ce:sup></ce:cross-ref><ce:cross-ref refid="cor0001"><ce:sup loc="post">&#x204e;</ce:sup></ce:cross-ref><ce:e-address id="ead0001" type="email" xlink:href="mailto:flongsta@uwo.ca">flongsta@uwo.ca</ce:e-address></ce:author><ce:affiliation id="aff0001" affiliation-id="S2352340922000920-be316b2c40e4d8a691954ac2464bdf8a"><ce:label>a</ce:label><ce:textfn id="cetextfn0001">Department of Geography and Environment, The University of Western Ontario, Canada</ce:textfn><sa:affiliation><sa:organization>Department of Geography and Environment</sa:organization><sa:organization>The University of Western Ontario,</sa:organization><sa:country>Canada</sa:country></sa:affiliation><ce:source-text id="staff0001">aDepartment of Geography and Environment, The University of Western Ontario, Canada</ce:source-text></ce:affiliation><ce:affiliation id="aff0002" affiliation-id="S2352340922000920-71f0eb2adb737fa53e000374264204d7"><ce:label>b</ce:label><ce:textfn id="cetextfn0002">Department of Earth Sciences, The University of Western Ontario, Canada</ce:textfn><sa:affiliation><sa:organization>Department of Earth Sciences</sa:organization><sa:organization>The University of Western Ontario</sa:organization><sa:country>Canada</sa:country></sa:affiliation><ce:source-text id="staff0002">bDepartment of Earth Sciences, The University of Western Ontario, Canada</ce:source-text></ce:affiliation><ce:correspondence id="cor0001"><ce:label>&#x204e;</ce:label><ce:text id="cetext0001">Corresponding author at: Department of Geography and Environment, The University of Western Ontario, Canada.</ce:text><sa:affiliation><sa:organization>Department of Geography and Environment</sa:organization><sa:organization>The University of Western Ontario,</sa:organization><sa:country>Canada</sa:country></sa:affiliation></ce:correspondence></ce:author-group><ce:date-received day="13" month="1" year="2022"/><ce:date-revised day="21" month="1" year="2022"/><ce:date-accepted day="24" month="1" year="2022"/><ce:abstract id="abs0001" view="all" class="author"><ce:section-title id="cesectitle0001">Abstract</ce:section-title><ce:abstract-sec id="abss0001" view="all"><ce:simple-para id="spara001" view="all">The data reported here consist of oxygen and hydrogen isotope compositions for 145 modern water samples, and geochemical measurements for gravity cores of sediment, all collected from Barry Lake, a small kettle lake located in Ontario, Canada. The geochemical measurements for the sediment organic matter include organic carbon and total nitrogen isotope compositions, organic carbon and total nitrogen contents and chlorophyll <ce:italic>a</ce:italic> content. The carbon and oxygen isotope compositions of marl contained in these sediments are also reported, along with the calcite and quartz contents of the sediment sample. Mass accumulation rates of total organic carbon, total nitrogen, chlorophyll <ce:italic>a</ce:italic> and calcite are reported. Dating of these sediments shows that they span &#x223c;900 years. The stable isotope compositions of the modern waters and marl are useful to researchers studying how effective moisture (the net of water inputs vs outputs) changed in southern Ontario across the last &#x223c;900 years. Proxies derived from the organic fraction of the lake sediments will be of interest to researchers of small Ontario lakes seeking to contextualize recent increases in primary production related to eutrophication. A discussion of these data, and a comparison of these data to other cores in the Great Lakes Region, is available in &#x201c;A 900-year record of effective moisture in the Great Lakes Region&#x201d; (Doyle et al., 2021).</ce:simple-para></ce:abstract-sec></ce:abstract><ce:keywords id="keys0001" view="all" class="keyword"><ce:section-title id="cesectitle0002">Keywords</ce:section-title><ce:keyword id="key0001"><ce:text id="cetext0002">Lake sediment</ce:text></ce:keyword><ce:keyword id="key0002"><ce:text id="cetext0003">Late holocene</ce:text></ce:keyword><ce:keyword id="key0003"><ce:text id="cetext0004">Great lakes region</ce:text></ce:keyword><ce:keyword id="key0004"><ce:text id="cetext0005">O, H, C and N isotope analysis</ce:text></ce:keyword><ce:keyword id="key0005"><ce:text id="cetext0006">Organic matter</ce:text></ce:keyword><ce:keyword id="key0006"><ce:text id="cetext0007">Marl</ce:text></ce:keyword><ce:keyword id="key0007"><ce:text id="cetext0008">Sediment mineralogy</ce:text></ce:keyword></ce:keywords></ja:head></ja:article></doc:document>
