<doc:document xmlns:doc="http://www.elsevier.com/xml/document/schema" xmlns:dp="http://www.elsevier.com/xml/common/doc-properties/schema" xmlns:cps="http://www.elsevier.com/xml/common/consyn-properties/schema" xmlns:rdf="http://www.w3.org/1999/02/22-rdf-syntax-ns#" xmlns:dct="http://purl.org/dc/terms/" xmlns:prism="http://prismstandard.org/namespaces/basic/2.0/" xmlns:oa="http://vtw.elsevier.com/data/ns/properties/OpenAccess-1/" xmlns:bam="http://vtw.elsevier.com/data/voc/ns/bam-vtw-1/" xmlns:cp="http://vtw.elsevier.com/data/ns/properties/Copyright-1/" xmlns:cja="http://www.elsevier.com/xml/cja/schema" xmlns:ja="http://www.elsevier.com/xml/ja/schema" xmlns:bk="http://www.elsevier.com/xml/bk/schema" xmlns:ce="http://www.elsevier.com/xml/common/schema" xmlns:mml="http://www.w3.org/1998/Math/MathML" xmlns:cals="http://www.elsevier.com/xml/common/cals/schema" xmlns:tb="http://www.elsevier.com/xml/common/table/schema" xmlns:sa="http://www.elsevier.com/xml/common/struct-aff/schema" xmlns:sb="http://www.elsevier.com/xml/common/struct-bib/schema" xmlns:xlink="http://www.w3.org/1999/xlink"><rdf:RDF><rdf:Description rdf:about="http://dx.doi.org/10.1016/j.dib.2021.107778"><dct:format>application/xml</dct:format><dct:title>Dataset on geosynthetic material debris contamination of the South-East Baltic shore</dct:title><dct:creator>Boris Chubarenko</dct:creator><dct:creator>Alexander Kileso</dct:creator><dct:creator>Elena Esiukova</dct:creator><dct:creator>Vasiliy Pinchuk</dct:creator><dct:creator>Franz-Georg Simon</dct:creator><dct:subject><rdf:Bag><rdf:li>Geosynthetics</rdf:li><rdf:li>Geotextiles</rdf:li><rdf:li>Sandy beach</rdf:li><rdf:li>Contamination</rdf:li><rdf:li>Marine littering</rdf:li></rdf:Bag></dct:subject><dct:description>Data in Brief 40 (2022). doi:10.1016/j.dib.2021.107778</dct:description><prism:aggregationType>journal</prism:aggregationType><prism:publicationName>Data in Brief</prism:publicationName><prism:copyright>&#169; 2022 The Authors. Published by Elsevier Inc.</prism:copyright><dct:publisher>Elsevier Inc.</dct:publisher><prism:issn>2352-3409</prism:issn><prism:volume>40</prism:volume><prism:coverDisplayDate>February 2022</prism:coverDisplayDate><prism:doi>10.1016/j.dib.2021.107778</prism:doi><prism:url>http://dx.doi.org/10.1016/j.dib.2021.107778</prism:url><dct:identifier>doi:10.1016/j.dib.2021.107778</dct:identifier><bam:articleNumber>107778</bam:articleNumber><oa:openAccessInformation><oa:openAccessStatus xmlns:xsi="http://www.w3.org/2001/XMLSchema-instance">http://vtw.elsevier.com/data/voc/oa/OpenAccessStatus#Full</oa:openAccessStatus><oa:openAccessEffective xmlns:xsi="http://www.w3.org/2001/XMLSchema-instance">2021-12-30T12:22:38Z</oa:openAccessEffective><oa:sponsor xmlns:xsi="http://www.w3.org/2001/XMLSchema-instance"><oa:sponsorType>http://vtw.elsevier.com/data/voc/oa/SponsorType#Author</oa:sponsorType></oa:sponsor><oa:userLicense xmlns:xsi="http://www.w3.org/2001/XMLSchema-instance">http://creativecommons.org/licenses/by/4.0/</oa:userLicense></oa:openAccessInformation><cp:licenseLine xmlns:xsi="http://www.w3.org/2001/XMLSchema-instance">This is an open access article under the CC BY license.</cp:licenseLine></rdf:Description></rdf:RDF><dp:document-properties><dp:aggregation-type>Journals</dp:aggregation-type><dp:version-number>S300.1</dp:version-number></dp:document-properties><ja:article docsubtype="dat" version="5.6" xml:lang="en"><ja:item-info><ja:jid>DIB</ja:jid><ja:aid>107778</ja:aid><ce:article-number>107778</ce:article-number><ce:pii>S2352-3409(21)01052-0</ce:pii><ce:doi>10.1016/j.dib.2021.107778</ce:doi><ce:copyright type="unknown" year="2022"/></ja:item-info><ja:head><ce:dochead id="dchd0001"><ce:textfn id="dhtxt0001">Data Article</ce:textfn></ce:dochead><ce:title id="tte0002">Dataset on geosynthetic material debris contamination of the South-East Baltic shore</ce:title><ce:author-group id="aut0001"><ce:author id="au0001" author-id="S2352340921010520-80cd6631cae8ccc7f896d60b4b860596"><ce:given-name>Boris</ce:given-name><ce:surname>Chubarenko</ce:surname><ce:cross-ref refid="aff0001"><ce:sup loc="post">a</ce:sup></ce:cross-ref></ce:author><ce:author id="au0002" author-id="S2352340921010520-856bd048f7a5e4842340c740ffd33536" orcid="0000-0002-3968-9373"><ce:given-name>Alexander</ce:given-name><ce:surname>Kileso</ce:surname><ce:cross-ref refid="aff0001"><ce:sup loc="post">a</ce:sup></ce:cross-ref><ce:cross-ref refid="aff0002"><ce:sup loc="post">b</ce:sup></ce:cross-ref><ce:cross-ref refid="cor0001"><ce:sup loc="post">&#x204e;</ce:sup></ce:cross-ref><ce:e-address id="ead0001" type="email" xlink:href="mailto:aleksandr.kileso@gmail.com">aleksandr.kileso@gmail.com</ce:e-address></ce:author><ce:author id="au0003" author-id="S2352340921010520-5a6fd45147a2085ffe317ca8333a7b84"><ce:given-name>Elena</ce:given-name><ce:surname>Esiukova</ce:surname><ce:cross-ref refid="aff0001"><ce:sup loc="post">a</ce:sup></ce:cross-ref></ce:author><ce:author id="au0004" author-id="S2352340921010520-127ccff033d6e6de2225bb041a8ceebd"><ce:given-name>Vasiliy</ce:given-name><ce:surname>Pinchuk</ce:surname><ce:cross-ref refid="aff0002"><ce:sup loc="post">b</ce:sup></ce:cross-ref></ce:author><ce:author id="au0005" author-id="S2352340921010520-405c96b579edddee3536cbd61bb29ea1" orcid="0000-0002-4512-2031"><ce:given-name>Franz-Georg</ce:given-name><ce:surname>Simon</ce:surname><ce:cross-ref refid="aff0003"><ce:sup loc="post">c</ce:sup></ce:cross-ref></ce:author><ce:affiliation id="aff0001" affiliation-id="S2352340921010520-61bcc7bd07a0ee2d3f99762442fed9e2"><ce:label>a</ce:label><ce:textfn id="cetextfn0001">Shirshov Institute of Oceanology, Russian Academy of Sciences, Moscow 117997, Russia</ce:textfn><sa:affiliation><sa:organization>Shirshov Institute of Oceanology, Russian Academy of Sciences</sa:organization><sa:city>Moscow</sa:city><sa:postal-code>117997</sa:postal-code><sa:country>Russia</sa:country></sa:affiliation><ce:source-text id="staff0001">aShirshov Institute of Oceanology, Russian Academy of Sciences, Moscow 117997, Russia</ce:source-text></ce:affiliation><ce:affiliation id="aff0002" affiliation-id="S2352340921010520-c3bb20756063eb1ae20d1c8fe5a4018c"><ce:label>b</ce:label><ce:textfn id="cetextfn0002">Immanuel Kant Baltic Federal University, Kaliningrad 236041, Russia</ce:textfn><sa:affiliation><sa:organization>Immanuel Kant Baltic Federal University</sa:organization><sa:city>Kaliningrad</sa:city><sa:postal-code>236041</sa:postal-code><sa:country>Russia</sa:country></sa:affiliation><ce:source-text id="staff0002">bImmanuel Kant Baltic Federal University, Kaliningrad 236041, Russia</ce:source-text></ce:affiliation><ce:affiliation id="aff0003" affiliation-id="S2352340921010520-d75e17f5d389989e8b1eaf2cbd60d4a6"><ce:label>c</ce:label><ce:textfn id="cetextfn0003">BAM Federal Institute for Materials Research and Testing, Berlin 12200, Germany</ce:textfn><sa:affiliation><sa:organization>BAM Federal Institute for Materials Research and Testing</sa:organization><sa:city>Berlin</sa:city><sa:postal-code>12200</sa:postal-code><sa:country>Germany</sa:country></sa:affiliation><ce:source-text id="staff0003">cBAM Federal Institute for Materials Research and Testing, Berlin 12200, Germany</ce:source-text></ce:affiliation><ce:correspondence id="cor0001"><ce:label>&#x204e;</ce:label><ce:text id="cetext0001">Corresponding author: Immanuel Kant Baltic Federal University, Kaliningrad 236041, Russia.</ce:text><sa:affiliation><sa:organization>Immanuel Kant Baltic Federal University</sa:organization><sa:city>Kaliningrad</sa:city><sa:postal-code>236041</sa:postal-code><sa:country>Russia</sa:country></sa:affiliation></ce:correspondence></ce:author-group><ce:date-received day="30" month="10" year="2021"/><ce:date-revised day="11" month="12" year="2021"/><ce:date-accepted day="29" month="12" year="2021"/><ce:abstract id="abs0001" view="all" class="author"><ce:section-title id="cesectitle0001">Abstract</ce:section-title><ce:abstract-sec id="abss0001" view="all"><ce:simple-para id="spara003" view="all">The database gives information on the contamination of the shore of the South-Eastern Baltic with the debris of geosynthetic materials for the period 2018&#x2013;2020. This new type of coastal pollution enters the natural environment due to the destruction of coastal protection structures and construction activities. The database contains sections: (1) a list of types of geosynthetic material residues, their photographic images and photographs illustrating examples of finds in natural conditions [1 List_geosynthetic_debris_SEB], (2) monitoring data on the contamination of the beach strip with the debris of geotextiles, braids from gabions, geocontainers (big bags), geocells and geogrids for the beaches of the South-Eastern Baltic for the period 2018&#x2013;2020 [2 Monitoring_geosynthetic_debris_SEB]; (3) statistical distributions of the found geosynthetic debris by size [3 Scales_geosynthetic_debris_SEB] and (4) results of test surveys on the shores of Lithuania and Poland adjacent to Kaliningrad Oblast. All data refer to the beaches of the Kaliningrad Oblast (Russia), including the Russian parts of the Vistula and Curonian Spits, but also contains information on a one-time assessment of the pollution of the beaches of the adjacent territories: the Polish shore from the Poland-Russia border on the Vistula Spit to the mouth of the Vistula River, the Lithuanian shore from the border Lithuania-Russia on the Curonian Spit to the border of Latvia-Lithuania. Materials were collected during field surveys within the ERANET-RUS_Plus joint project EI-GEO, ID 212 (RFBR 18-55-76002 ERA_a, BMBF 01DJ18005).</ce:simple-para></ce:abstract-sec></ce:abstract><ce:keywords id="keys0001" view="all" class="keyword"><ce:section-title id="cesectitle0002">Keywords</ce:section-title><ce:keyword id="key0001"><ce:text id="cetext0002">Geosynthetics</ce:text></ce:keyword><ce:keyword id="key0002"><ce:text id="cetext0003">Geotextiles</ce:text></ce:keyword><ce:keyword id="key0003"><ce:text id="cetext0004">Sandy beach</ce:text></ce:keyword><ce:keyword id="key0004"><ce:text id="cetext0005">Contamination</ce:text></ce:keyword><ce:keyword id="key0005"><ce:text id="cetext0006">Marine littering</ce:text></ce:keyword></ce:keywords></ja:head></ja:article></doc:document>
