<doc:document xmlns:doc="http://www.elsevier.com/xml/document/schema" xmlns:dp="http://www.elsevier.com/xml/common/doc-properties/schema" xmlns:cps="http://www.elsevier.com/xml/common/consyn-properties/schema" xmlns:rdf="http://www.w3.org/1999/02/22-rdf-syntax-ns#" xmlns:dct="http://purl.org/dc/terms/" xmlns:prism="http://prismstandard.org/namespaces/basic/2.0/" xmlns:oa="http://vtw.elsevier.com/data/ns/properties/OpenAccess-1/" xmlns:bam="http://vtw.elsevier.com/data/voc/ns/bam-vtw-1/" xmlns:cp="http://vtw.elsevier.com/data/ns/properties/Copyright-1/" xmlns:cja="http://www.elsevier.com/xml/cja/schema" xmlns:ja="http://www.elsevier.com/xml/ja/schema" xmlns:bk="http://www.elsevier.com/xml/bk/schema" xmlns:ce="http://www.elsevier.com/xml/common/schema" xmlns:mml="http://www.w3.org/1998/Math/MathML" xmlns:cals="http://www.elsevier.com/xml/common/cals/schema" xmlns:tb="http://www.elsevier.com/xml/common/table/schema" xmlns:sa="http://www.elsevier.com/xml/common/struct-aff/schema" xmlns:sb="http://www.elsevier.com/xml/common/struct-bib/schema" xmlns:xlink="http://www.w3.org/1999/xlink"><rdf:RDF><rdf:Description rdf:about="http://dx.doi.org/10.1016/j.dib.2021.107596"><dct:format>application/xml</dct:format><dct:title>Transcriptome dataset of HEK293T cells depleted of one of the subunits of the DNA-PK complex: Ku70, Ku80 or DNA-PKcs</dct:title><dct:creator>Andrey Anisenko</dct:creator><dct:creator>Olga Shadrina</dct:creator><dct:creator>Irina Garanina</dct:creator><dct:creator>Marina Gottikh</dct:creator><dct:subject><rdf:Bag><rdf:li>Ku heterodimer</rdf:li><rdf:li>DNA-dependent protein kinase</rdf:li><rdf:li>Ku70</rdf:li><rdf:li>Ku80</rdf:li><rdf:li>DNA-PKcs</rdf:li><rdf:li>NHEJ-related proteins</rdf:li></rdf:Bag></dct:subject><dct:description>Data in Brief 39 (2021). doi:10.1016/j.dib.2021.107596</dct:description><prism:aggregationType>journal</prism:aggregationType><prism:publicationName>Data in Brief</prism:publicationName><prism:copyright>&#169; 2021 The Author(s). Published by Elsevier Inc.</prism:copyright><dct:publisher>Elsevier Inc.</dct:publisher><prism:issn>2352-3409</prism:issn><prism:volume>39</prism:volume><prism:coverDisplayDate>December 2021</prism:coverDisplayDate><prism:doi>10.1016/j.dib.2021.107596</prism:doi><prism:url>http://dx.doi.org/10.1016/j.dib.2021.107596</prism:url><dct:identifier>doi:10.1016/j.dib.2021.107596</dct:identifier><bam:articleNumber>107596</bam:articleNumber><oa:openAccessInformation><oa:openAccessStatus xmlns:xsi="http://www.w3.org/2001/XMLSchema-instance">http://vtw.elsevier.com/data/voc/oa/OpenAccessStatus#Full</oa:openAccessStatus><oa:openAccessEffective xmlns:xsi="http://www.w3.org/2001/XMLSchema-instance">2021-11-16T14:56:17Z</oa:openAccessEffective><oa:sponsor xmlns:xsi="http://www.w3.org/2001/XMLSchema-instance"><oa:sponsorType>http://vtw.elsevier.com/data/voc/oa/SponsorType#Author</oa:sponsorType></oa:sponsor><oa:userLicense xmlns:xsi="http://www.w3.org/2001/XMLSchema-instance">http://creativecommons.org/licenses/by/4.0/</oa:userLicense></oa:openAccessInformation><cp:licenseLine xmlns:xsi="http://www.w3.org/2001/XMLSchema-instance">This is an open access article under the CC BY license.</cp:licenseLine></rdf:Description></rdf:RDF><dp:document-properties><dp:aggregation-type>Journals</dp:aggregation-type><dp:version-number>S300.1</dp:version-number></dp:document-properties><ja:article docsubtype="dat" version="5.6" xml:lang="en"><ja:item-info><ja:jid>DIB</ja:jid><ja:aid>107596</ja:aid><ce:article-number>107596</ce:article-number><ce:pii>S2352-3409(21)00871-4</ce:pii><ce:doi>10.1016/j.dib.2021.107596</ce:doi><ce:copyright type="unknown" year="2021"/></ja:item-info><ja:head><ce:dochead id="dchd0001"><ce:textfn id="dhtxt0001">Data Article</ce:textfn></ce:dochead><ce:title id="tte0002">Transcriptome dataset of HEK293T cells depleted of one of the subunits of the DNA-PK complex: Ku70, Ku80 or DNA-PKcs</ce:title><ce:author-group id="aut0001"><ce:author id="au0001" author-id="S2352340921008714-c0e8b5e2853d16ded740e81bed0da215" orcid="0000-0003-0590-5880"><ce:given-name>Andrey</ce:given-name><ce:surname>Anisenko</ce:surname><ce:cross-ref refid="aff0001"><ce:sup loc="post">a</ce:sup></ce:cross-ref><ce:cross-ref refid="aff0002"><ce:sup loc="post">b</ce:sup></ce:cross-ref><ce:cross-ref refid="aff0003"><ce:sup loc="post">c</ce:sup></ce:cross-ref><ce:cross-ref refid="cor0001"><ce:sup loc="post">&#x204e;</ce:sup></ce:cross-ref><ce:e-address id="ead0001" type="email" xlink:href="mailto:a_anisenko@mail.ru">a_anisenko@mail.ru</ce:e-address></ce:author><ce:author id="au0002" author-id="S2352340921008714-4f6336ea030df1c289a936204ba2b7cb" orcid="0000-0003-0495-7304"><ce:given-name>Olga</ce:given-name><ce:surname>Shadrina</ce:surname><ce:cross-ref refid="aff0001"><ce:sup loc="post">a</ce:sup></ce:cross-ref><ce:cross-ref refid="aff0002"><ce:sup loc="post">b</ce:sup></ce:cross-ref></ce:author><ce:author id="au0003" author-id="S2352340921008714-2835d6b3f5bc30750e35966b11e5cd68"><ce:given-name>Irina</ce:given-name><ce:surname>Garanina</ce:surname><ce:cross-ref refid="aff0004"><ce:sup loc="post">d</ce:sup></ce:cross-ref></ce:author><ce:author id="au0004" author-id="S2352340921008714-d90abad61b1d214d2668e9580521b989"><ce:given-name>Marina</ce:given-name><ce:surname>Gottikh</ce:surname><ce:cross-ref refid="aff0001"><ce:sup loc="post">a</ce:sup></ce:cross-ref><ce:cross-ref refid="aff0002"><ce:sup loc="post">b</ce:sup></ce:cross-ref></ce:author><ce:affiliation id="aff0001" affiliation-id="S2352340921008714-98cf1d779ba9d2ed68ed8c3ee0503f8c"><ce:label>a</ce:label><ce:textfn id="cetextfn0001">Chemistry Department, Lomonosov Moscow State University, Moscow 199991, Russia</ce:textfn><sa:affiliation><sa:organization>Chemistry Department</sa:organization><sa:organization>Lomonosov Moscow State University</sa:organization><sa:city>Moscow</sa:city><sa:postal-code>199991</sa:postal-code><sa:country>Russia</sa:country></sa:affiliation><ce:source-text id="staff0001">aChemistry Department, Lomonosov Moscow State University, Moscow 199991, Russia</ce:source-text></ce:affiliation><ce:affiliation id="aff0002" affiliation-id="S2352340921008714-e531f129b79ff8a2c0b685809343984d"><ce:label>b</ce:label><ce:textfn id="cetextfn0002">Belozersky Institute of Physico-Chemical Biology, Lomonosov Moscow State University, Moscow 119992, Russia</ce:textfn><sa:affiliation><sa:organization>Belozersky Institute of Physico-Chemical Biology</sa:organization><sa:organization>Lomonosov Moscow State University</sa:organization><sa:city>Moscow</sa:city><sa:postal-code>119992</sa:postal-code><sa:country>Russia</sa:country></sa:affiliation><ce:source-text id="staff0002">bBelozersky Institute of Physico-Chemical Biology, Lomonosov Moscow State University, Moscow 119992, Russia</ce:source-text></ce:affiliation><ce:affiliation id="aff0003" affiliation-id="S2352340921008714-4f201a6b6572ac4a76585f9c33d49814"><ce:label>c</ce:label><ce:textfn id="cetextfn0003">Department of Boiengineering and Bioinformatics, Lomonosov Moscow State University, Moscow 199991, Russia</ce:textfn><sa:affiliation><sa:organization>Department of Boiengineering and Bioinformatics</sa:organization><sa:organization>Lomonosov Moscow State University</sa:organization><sa:city>Moscow</sa:city><sa:postal-code>199991</sa:postal-code><sa:country>Russia</sa:country></sa:affiliation><ce:source-text id="staff0003">cDepartment of Boiengineering and Bioinformatics, Lomonosov Moscow State University, Moscow 199991, Russia</ce:source-text></ce:affiliation><ce:affiliation id="aff0004" affiliation-id="S2352340921008714-9e48706b0af6b9a4633d6c33fa9925b6"><ce:label>d</ce:label><ce:textfn id="cetextfn0004">Federal Research and Clinical Center of Physical-Chemical Medicine of Federal Medical Biological Agency, Moscow 119435, Russia</ce:textfn><sa:affiliation><sa:organization>Federal Research and Clinical Center of Physical-Chemical Medicine of Federal Medical Biological Agency</sa:organization><sa:postal-code>119435</sa:postal-code><sa:country>MoscowRussia</sa:country></sa:affiliation><ce:source-text id="staff0004">dFederal Research and Clinical Center of Physical-Chemical Medicine of Federal Medical Biological Agency, Moscow 119435, Russia</ce:source-text></ce:affiliation><ce:correspondence id="cor0001"><ce:label>&#x204e;</ce:label><ce:text id="cetext0001">Corresponding author at: Chemistry Department, Lomonosov Moscow State University, Moscow 199991, Russia.</ce:text><sa:affiliation><sa:organization>Chemistry Department</sa:organization><sa:organization>Lomonosov Moscow State University</sa:organization><sa:city>Moscow</sa:city><sa:postal-code>199991</sa:postal-code><sa:country>Russia</sa:country></sa:affiliation></ce:correspondence></ce:author-group><ce:date-received day="11" month="8" year="2021"/><ce:date-revised day="11" month="11" year="2021"/><ce:date-accepted day="15" month="11" year="2021"/><ce:abstract id="abs0001" view="all" class="author"><ce:section-title id="cesectitle0001">Abstract</ce:section-title><ce:abstract-sec id="abss0001" view="all"><ce:simple-para id="spara004" view="all">DNA-PK is a heterotrimeric complex that consists of Ku70 (XRCC6), Ku80 (XRCC5) and DNA-PKcs (PRKDC) subunits. The complex is a major player in the repair of DNA double strand break (DSB) via the non-homologous end joining (NHEJ) pathway. This process requires all DNA-PK subunits, since Ku70/Ku80 heterodimer firstly binds to DNA ends at DSB and then recruits DNA-PKcs. Recruitment of the DNA-PKcs subunit to DSB leads to phosphorylation events near DSB and recruitment of other NHEJ-related proteins that restore DNA integrity. However, today a lot of evidence demonstrates participation of the DNA-PK components in other cellular processes, e.g. telomere length maintenance, transcription, metabolism regulation, cytosolic DNA sensing, apoptosis, cellular movement and adhesion. It is important to note that not all the subunits of the DNA-PK complex are necessary for these processes, and the largest number of independent functions has been shown for the Ku70/Ku80 heterodimer and especially the Ku70 subunit. To better understand the role of each DNA-PK subunit in the cell life, we have analyzed transcriptome changes in HEK293T cells depleted of Ku70, Ku80 or DNA-PKcs using NGS-sequencing. Here, for the first time, we present the data obtained from the transcriptome analysis.</ce:simple-para></ce:abstract-sec></ce:abstract><ce:keywords id="keys0001" view="all" class="keyword"><ce:section-title id="cesectitle0002">Keywords</ce:section-title><ce:keyword id="key0001"><ce:text id="cetext0002">Ku heterodimer</ce:text></ce:keyword><ce:keyword id="key0002"><ce:text id="cetext0003">DNA-dependent protein kinase</ce:text></ce:keyword><ce:keyword id="key0003"><ce:text id="cetext0004">Ku70</ce:text></ce:keyword><ce:keyword id="key0004"><ce:text id="cetext0005">Ku80</ce:text></ce:keyword><ce:keyword id="key0005"><ce:text id="cetext0006">DNA-PKcs</ce:text></ce:keyword><ce:keyword id="key0006"><ce:text id="cetext0007">NHEJ-related proteins</ce:text></ce:keyword></ce:keywords></ja:head></ja:article></doc:document>
