<doc:document xmlns:doc="http://www.elsevier.com/xml/document/schema" xmlns:dp="http://www.elsevier.com/xml/common/doc-properties/schema" xmlns:cps="http://www.elsevier.com/xml/common/consyn-properties/schema" xmlns:rdf="http://www.w3.org/1999/02/22-rdf-syntax-ns#" xmlns:dct="http://purl.org/dc/terms/" xmlns:prism="http://prismstandard.org/namespaces/basic/2.0/" xmlns:oa="http://vtw.elsevier.com/data/ns/properties/OpenAccess-1/" xmlns:bam="http://vtw.elsevier.com/data/voc/ns/bam-vtw-1/" xmlns:cp="http://vtw.elsevier.com/data/ns/properties/Copyright-1/" xmlns:cja="http://www.elsevier.com/xml/cja/schema" xmlns:ja="http://www.elsevier.com/xml/ja/schema" xmlns:bk="http://www.elsevier.com/xml/bk/schema" xmlns:ce="http://www.elsevier.com/xml/common/schema" xmlns:mml="http://www.w3.org/1998/Math/MathML" xmlns:cals="http://www.elsevier.com/xml/common/cals/schema" xmlns:tb="http://www.elsevier.com/xml/common/table/schema" xmlns:sa="http://www.elsevier.com/xml/common/struct-aff/schema" xmlns:sb="http://www.elsevier.com/xml/common/struct-bib/schema" xmlns:xlink="http://www.w3.org/1999/xlink"><rdf:RDF><rdf:Description rdf:about="http://dx.doi.org/10.1016/j.dib.2021.107659"><dct:format>application/xml</dct:format><dct:title>Impacts of the Covid-19 Pandemic on Life of Higher Education Students: Global Survey Dataset from the First Wave</dct:title><dct:creator>Aleksander Aristovnik</dct:creator><dct:creator>Damijana Ker&#x017e;i&#x010d;</dct:creator><dct:creator>Dejan Rav&#x0161;elj</dct:creator><dct:creator>Nina Toma&#x017e;evi&#x010d;</dct:creator><dct:creator>Lan Umek</dct:creator><dct:subject><rdf:Bag><rdf:li>Covid-19</rdf:li><rdf:li>University students</rdf:li><rdf:li>E-learning</rdf:li><rdf:li>Academic work</rdf:li><rdf:li>Academic life</rdf:li><rdf:li>Social life</rdf:li><rdf:li>Mental health</rdf:li><rdf:li>Institutions</rdf:li></rdf:Bag></dct:subject><dct:description>Data in Brief 39 (2021). doi:10.1016/j.dib.2021.107659</dct:description><prism:aggregationType>journal</prism:aggregationType><prism:publicationName>Data in Brief</prism:publicationName><prism:copyright>&#169; 2021 The Author(s). Published by Elsevier Inc.</prism:copyright><dct:publisher>Elsevier Inc.</dct:publisher><prism:issn>2352-3409</prism:issn><prism:volume>39</prism:volume><prism:coverDisplayDate>December 2021</prism:coverDisplayDate><prism:doi>10.1016/j.dib.2021.107659</prism:doi><prism:url>http://dx.doi.org/10.1016/j.dib.2021.107659</prism:url><dct:identifier>doi:10.1016/j.dib.2021.107659</dct:identifier><bam:articleNumber>107659</bam:articleNumber><oa:openAccessInformation><oa:openAccessStatus xmlns:xsi="http://www.w3.org/2001/XMLSchema-instance">http://vtw.elsevier.com/data/voc/oa/OpenAccessStatus#Full</oa:openAccessStatus><oa:openAccessEffective xmlns:xsi="http://www.w3.org/2001/XMLSchema-instance">2021-11-30T11:47:28Z</oa:openAccessEffective><oa:sponsor xmlns:xsi="http://www.w3.org/2001/XMLSchema-instance"><oa:sponsorName>Slovenia Institutes Ljubljana University 2020</oa:sponsorName><oa:sponsorType>http://vtw.elsevier.com/data/voc/oa/SponsorType#FundingBody</oa:sponsorType></oa:sponsor><oa:userLicense xmlns:xsi="http://www.w3.org/2001/XMLSchema-instance">http://creativecommons.org/licenses/by/4.0/</oa:userLicense></oa:openAccessInformation><cp:licenseLine xmlns:xsi="http://www.w3.org/2001/XMLSchema-instance">This is an open access article under the CC BY license.</cp:licenseLine></rdf:Description></rdf:RDF><dp:document-properties><dp:aggregation-type>Journals</dp:aggregation-type><dp:version-number>S300.1</dp:version-number></dp:document-properties><ja:article docsubtype="dat" version="5.6" xml:lang="en"><ja:item-info><ja:jid>DIB</ja:jid><ja:aid>107659</ja:aid><ce:article-number>107659</ce:article-number><ce:pii>S2352-3409(21)00934-3</ce:pii><ce:doi>10.1016/j.dib.2021.107659</ce:doi><ce:copyright type="unknown" year="2021"/></ja:item-info><ja:head><ce:dochead id="dchd0001"><ce:textfn id="dhtxt0001">Data Article</ce:textfn></ce:dochead><ce:title id="tte0002">Impacts of the Covid-19 Pandemic on Life of Higher Education Students: Global Survey Dataset from the First Wave</ce:title><ce:author-group id="aut0001"><ce:author id="au0001" author-id="S2352340921009343-8beff063bc00cce449f3be1d10bd0ece" orcid="0000-0003-1345-9649"><ce:given-name>Aleksander</ce:given-name><ce:surname>Aristovnik</ce:surname><ce:contributor-role role="http://credit.niso.org/contributor-roles/conceptualization">Conceptualization</ce:contributor-role><ce:contributor-role role="http://credit.niso.org/contributor-roles/investigation">Investigation</ce:contributor-role><ce:contributor-role role="http://credit.niso.org/contributor-roles/writing-review-editing">Writing &#x2013; review &amp; editing</ce:contributor-role><ce:contributor-role role="http://credit.niso.org/contributor-roles/supervision">Supervision</ce:contributor-role><ce:contributor-role role="http://credit.niso.org/contributor-roles/project-administration">Project administration</ce:contributor-role><ce:contributor-role role="http://credit.niso.org/contributor-roles/funding-acquisition">Funding acquisition</ce:contributor-role><ce:cross-ref refid="cor0001"><ce:sup loc="post">&#x204e;</ce:sup></ce:cross-ref><ce:e-address id="ead0001" type="email" xlink:href="mailto:aleksander.aristovnik@fu.uni-lj.si">aleksander.aristovnik@fu.uni-lj.si</ce:e-address><ce:e-address id="ea3a" type="social-media" xlink:href="https://twitter.com/aaristovnik">@aaristovnik</ce:e-address></ce:author><ce:author id="au0002" author-id="S2352340921009343-53681a55ff1750d877006c088f222dd0"><ce:given-name>Damijana</ce:given-name><ce:surname>Ker&#x017e;i&#x010d;</ce:surname><ce:contributor-role role="http://credit.niso.org/contributor-roles/investigation">Investigation</ce:contributor-role><ce:contributor-role role="http://credit.niso.org/contributor-roles/writing-review-editing">Writing &#x2013; review &amp; editing</ce:contributor-role></ce:author><ce:author id="au0003" author-id="S2352340921009343-802c42850fb2d9f4f504e90bde9c1e13" orcid="0000-0003-0426-820X"><ce:given-name>Dejan</ce:given-name><ce:surname>Rav&#x0161;elj</ce:surname><ce:contributor-role role="http://credit.niso.org/contributor-roles/investigation">Investigation</ce:contributor-role><ce:contributor-role role="http://credit.niso.org/contributor-roles/data-curation">Data curation</ce:contributor-role><ce:contributor-role role="http://credit.niso.org/contributor-roles/writing-original-draft">Writing &#x2013; original draft</ce:contributor-role><ce:contributor-role role="http://credit.niso.org/contributor-roles/writing-review-editing">Writing &#x2013; review &amp; editing</ce:contributor-role><ce:contributor-role role="http://credit.niso.org/contributor-roles/project-administration">Project administration</ce:contributor-role></ce:author><ce:author id="au0004" author-id="S2352340921009343-f01f0ff300cfc093e0a7eddef8b97f49"><ce:given-name>Nina</ce:given-name><ce:surname>Toma&#x017e;evi&#x010d;</ce:surname><ce:contributor-role role="http://credit.niso.org/contributor-roles/investigation">Investigation</ce:contributor-role><ce:contributor-role role="http://credit.niso.org/contributor-roles/writing-review-editing">Writing &#x2013; review &amp; editing</ce:contributor-role></ce:author><ce:author id="au0005" author-id="S2352340921009343-5c89b190097c607e93704583d30ba027"><ce:given-name>Lan</ce:given-name><ce:surname>Umek</ce:surname><ce:contributor-role role="http://credit.niso.org/contributor-roles/methodology">Methodology</ce:contributor-role><ce:contributor-role role="http://credit.niso.org/contributor-roles/software">Software</ce:contributor-role><ce:contributor-role role="http://credit.niso.org/contributor-roles/validation">Validation</ce:contributor-role><ce:contributor-role role="http://credit.niso.org/contributor-roles/formal-analysis">Formal analysis</ce:contributor-role><ce:contributor-role role="http://credit.niso.org/contributor-roles/investigation">Investigation</ce:contributor-role><ce:contributor-role role="http://credit.niso.org/contributor-roles/resources">Resources</ce:contributor-role><ce:contributor-role role="http://credit.niso.org/contributor-roles/data-curation">Data curation</ce:contributor-role><ce:contributor-role role="http://credit.niso.org/contributor-roles/writing-review-editing">Writing &#x2013; review &amp; editing</ce:contributor-role><ce:contributor-role role="http://credit.niso.org/contributor-roles/visualization">Visualization</ce:contributor-role><ce:e-address id="ea3" type="social-media" xlink:href="https://twitter.com/umeklan">@umeklan</ce:e-address></ce:author><ce:affiliation id="aff0001" affiliation-id="S2352340921009343-661835219d5a5a826a2529d79a74ed94"><ce:textfn id="cetextfn0001">Faculty of Public Administration, University of Ljubljana, Slovenia</ce:textfn><sa:affiliation><sa:organization>Faculty of Public Administration</sa:organization><sa:organization>University of Ljubljana</sa:organization><sa:country>Slovenia</sa:country></sa:affiliation><ce:source-text id="staff0001">Faculty of Public Administration, University of Ljubljana, Slovenia</ce:source-text></ce:affiliation><ce:correspondence id="cor0001"><ce:label>&#x204e;</ce:label><ce:text id="cetext0001">Corresponding author.</ce:text></ce:correspondence></ce:author-group><ce:date-received day="12" month="11" year="2021"/><ce:date-revised day="26" month="11" year="2021"/><ce:date-accepted day="29" month="11" year="2021"/><ce:abstract id="abs0001" view="all" class="author"><ce:section-title id="cesectitle0001">Abstract</ce:section-title><ce:abstract-sec id="abss0001" view="all"><ce:simple-para id="spara009" view="all">The Covid-19 pandemic caused by the novel coronavirus SARS-CoV-2 has completely reshaped the lives of people around the world, including higher education students. Beyond serious health consequences for a proportion of those directly affected by the virus, the pandemic holds important implications for the life and work of higher education students, considerably affecting their physical and mental well-being. To capture how students perceived the first wave of the pandemic's impact, one of the most comprehensive and large-scale online surveys across the world was conducted. Carried out between 5 May 2020 and 15 June 2020, the survey came at a time when most countries were experiencing the arduous lockdown restrictions. The online questionnaire was prepared in seven different languages (English, Italian, North Macedonian, Portuguese, Romanian, Spanish, Turkish) and covered various aspects of higher education students&#x2019; life, including socio-demographic and academic characteristics, academic life, infrastructure and skills for studying from home, social life, emotional life and life circumstances. Using the convenience sampling method, the online questionnaire was distributed to higher education students aged 18 and over and enrolled in a higher education institution. The final dataset consisted of 31,212 responses from 133 countries and 6 continents. The relationships between selected socio-demographic characteristics and elements of student life were tested by using a chi-squared test. The data may prove useful for researchers studying the pandemic's impacts on various aspects of student life. Policymakers can utilize the data to determine the best solutions as they formulate policy recommendations and strategies to support students during this and any future pandemic.</ce:simple-para></ce:abstract-sec></ce:abstract><ce:keywords id="keys0001" view="all" class="keyword"><ce:section-title id="cesectitle0002">Keywords</ce:section-title><ce:keyword id="key0001"><ce:text id="cetext0002">Covid-19</ce:text></ce:keyword><ce:keyword id="key0002"><ce:text id="cetext0003">University students</ce:text></ce:keyword><ce:keyword id="key0002a"><ce:text id="cetext0003a">E-learning</ce:text></ce:keyword><ce:keyword id="key0002b"><ce:text id="cetext0003b">Academic work</ce:text></ce:keyword><ce:keyword id="key0002c"><ce:text id="cetext0003c">Academic life</ce:text></ce:keyword><ce:keyword id="key0002d"><ce:text id="cetext0003d">Social life</ce:text></ce:keyword><ce:keyword id="key0002e"><ce:text id="cetext0003e">Mental health</ce:text></ce:keyword><ce:keyword id="key0002f"><ce:text id="cetext0003f">Institutions</ce:text></ce:keyword></ce:keywords></ja:head></ja:article></doc:document>
