<doc:document xmlns:doc="http://www.elsevier.com/xml/document/schema" xmlns:dp="http://www.elsevier.com/xml/common/doc-properties/schema" xmlns:cps="http://www.elsevier.com/xml/common/consyn-properties/schema" xmlns:rdf="http://www.w3.org/1999/02/22-rdf-syntax-ns#" xmlns:dct="http://purl.org/dc/terms/" xmlns:prism="http://prismstandard.org/namespaces/basic/2.0/" xmlns:oa="http://vtw.elsevier.com/data/ns/properties/OpenAccess-1/" xmlns:bam="http://vtw.elsevier.com/data/voc/ns/bam-vtw-1/" xmlns:cp="http://vtw.elsevier.com/data/ns/properties/Copyright-1/" xmlns:cja="http://www.elsevier.com/xml/cja/schema" xmlns:ja="http://www.elsevier.com/xml/ja/schema" xmlns:bk="http://www.elsevier.com/xml/bk/schema" xmlns:ce="http://www.elsevier.com/xml/common/schema" xmlns:mml="http://www.w3.org/1998/Math/MathML" xmlns:cals="http://www.elsevier.com/xml/common/cals/schema" xmlns:tb="http://www.elsevier.com/xml/common/table/schema" xmlns:sa="http://www.elsevier.com/xml/common/struct-aff/schema" xmlns:sb="http://www.elsevier.com/xml/common/struct-bib/schema" xmlns:xlink="http://www.w3.org/1999/xlink"><rdf:RDF><rdf:Description rdf:about="http://dx.doi.org/10.1016/j.dib.2022.107859"><dct:format>application/xml</dct:format><dct:title>First report of gut bacterial dataset of a tribal Bhutia family from West Bengal, India</dct:title><dct:creator>Souradip Basu</dct:creator><dct:creator>Kaustav Das</dct:creator><dct:creator>Mahashweta Mitra Ghosh</dct:creator><dct:creator>Rajat Banerjee</dct:creator><dct:creator>Subrata Sankar Bagchi</dct:creator><dct:creator>Sayak Ganguli</dct:creator><dct:subject><rdf:Bag><rdf:li>Mongolian Tribe</rdf:li><rdf:li>Bhutia</rdf:li><rdf:li>Metagenomics</rdf:li><rdf:li>GBP</rdf:li></rdf:Bag></dct:subject><dct:description>Data in Brief 41 (2022). doi:10.1016/j.dib.2022.107859</dct:description><prism:aggregationType>journal</prism:aggregationType><prism:publicationName>Data in Brief</prism:publicationName><prism:copyright>&#169; 2022 The Author(s). Published by Elsevier Inc.</prism:copyright><dct:publisher>Elsevier Inc.</dct:publisher><prism:issn>2352-3409</prism:issn><prism:volume>41</prism:volume><prism:coverDisplayDate>April 2022</prism:coverDisplayDate><prism:doi>10.1016/j.dib.2022.107859</prism:doi><prism:url>http://dx.doi.org/10.1016/j.dib.2022.107859</prism:url><dct:identifier>doi:10.1016/j.dib.2022.107859</dct:identifier><bam:articleNumber>107859</bam:articleNumber><oa:openAccessInformation><oa:openAccessStatus xmlns:xsi="http://www.w3.org/2001/XMLSchema-instance">http://vtw.elsevier.com/data/voc/oa/OpenAccessStatus#Full</oa:openAccessStatus><oa:openAccessEffective xmlns:xsi="http://www.w3.org/2001/XMLSchema-instance">2022-01-19T15:41:22Z</oa:openAccessEffective><oa:sponsor xmlns:xsi="http://www.w3.org/2001/XMLSchema-instance"><oa:sponsorType>http://vtw.elsevier.com/data/voc/oa/SponsorType#Author</oa:sponsorType></oa:sponsor><oa:userLicense xmlns:xsi="http://www.w3.org/2001/XMLSchema-instance">http://creativecommons.org/licenses/by/4.0/</oa:userLicense></oa:openAccessInformation><cp:licenseLine xmlns:xsi="http://www.w3.org/2001/XMLSchema-instance">This is an open access article under the CC BY license.</cp:licenseLine></rdf:Description></rdf:RDF><dp:document-properties><dp:aggregation-type>Journals</dp:aggregation-type><dp:version-number>S250.1</dp:version-number></dp:document-properties><ja:article docsubtype="dat" version="5.6" xml:lang="en"><ja:item-info><ja:jid>DIB</ja:jid><ja:aid>107859</ja:aid><ce:article-number>107859</ce:article-number><ce:pii>S2352-3409(22)00071-3</ce:pii><ce:doi>10.1016/j.dib.2022.107859</ce:doi><ce:copyright type="unknown" year="2022"/></ja:item-info><ja:head><ce:dochead id="dchd0001"><ce:textfn id="dhtxt0001">Data Article</ce:textfn></ce:dochead><ce:title id="tte0002">First report of gut bacterial dataset of a tribal Bhutia family from West Bengal, India</ce:title><ce:author-group id="aut0001"><ce:author id="au0001" author-id="S2352340922000713-a9fb6a2476b9c924806cbe250bd74590"><ce:given-name>Souradip</ce:given-name><ce:surname>Basu</ce:surname><ce:cross-ref refid="aff0001"><ce:sup loc="post">a</ce:sup></ce:cross-ref></ce:author><ce:author id="au0002" author-id="S2352340922000713-3d38125dfb05acab7312b27955b1cc46"><ce:given-name>Kaustav</ce:given-name><ce:surname>Das</ce:surname><ce:cross-ref refid="aff0001"><ce:sup loc="post">a</ce:sup></ce:cross-ref></ce:author><ce:author id="au0003" author-id="S2352340922000713-0914c8e2a8f7815290433b0ddfe6cb06"><ce:given-name>Mahashweta Mitra</ce:given-name><ce:surname>Ghosh</ce:surname><ce:cross-ref refid="aff0002"><ce:sup loc="post">b</ce:sup></ce:cross-ref></ce:author><ce:author id="au0004" author-id="S2352340922000713-6be9c92addce2e1398d085b4d92266d5"><ce:given-name>Rajat</ce:given-name><ce:surname>Banerjee</ce:surname><ce:cross-ref refid="aff0003"><ce:sup loc="post">c</ce:sup></ce:cross-ref></ce:author><ce:author id="au0005" author-id="S2352340922000713-945057f2c0519dacaae9a8a5b2c5021c"><ce:given-name>Subrata Sankar</ce:given-name><ce:surname>Bagchi</ce:surname><ce:cross-ref refid="aff0004"><ce:sup loc="post">d</ce:sup></ce:cross-ref><ce:cross-ref refid="cor0001"><ce:sup loc="post">&#x204e;</ce:sup></ce:cross-ref><ce:e-address id="ead0001" type="email" xlink:href="mailto:ssbagchi@caluniv.ac.in">ssbagchi@caluniv.ac.in</ce:e-address></ce:author><ce:author id="au0006" author-id="S2352340922000713-9117ccab1ea8c48753ec9c5f58ad3cec"><ce:given-name>Sayak</ce:given-name><ce:surname>Ganguli</ce:surname><ce:cross-ref refid="aff0005"><ce:sup loc="post">e</ce:sup></ce:cross-ref><ce:cross-ref refid="cor0001"><ce:sup loc="post">&#x204e;</ce:sup></ce:cross-ref><ce:e-address id="ead0002" type="email" xlink:href="mailto:sayakgan3@gmail.com">sayakgan3@gmail.com</ce:e-address><ce:e-address id="ea1" type="social-media" xlink:href="https://twitter.com/GanguliS01">@GanguliS01</ce:e-address></ce:author><ce:affiliation id="aff0001" affiliation-id="S2352340922000713-2fe4ca955f377a66efd8fbabecf528e0"><ce:label>a</ce:label><ce:textfn id="cetextfn0001">Department of Anthropology, Bangabasi College, Kolkata 700009</ce:textfn><sa:affiliation><sa:organization>Department of Anthropology</sa:organization><sa:organization>Bangabasi College</sa:organization><sa:city>Kolkata</sa:city><sa:postal-code>700009</sa:postal-code></sa:affiliation><ce:source-text id="staff0001">aDepartment of Anthropology, Bangabasi College, Kolkata 700009</ce:source-text></ce:affiliation><ce:affiliation id="aff0002" affiliation-id="S2352340922000713-6518410c59660bdfb3c61f114e83f911"><ce:label>b</ce:label><ce:textfn id="cetextfn0002">Department of Microbiology, St. Xavier's College (Autonomous), Kolkata 700016</ce:textfn><sa:affiliation><sa:organization>Department of Microbiology</sa:organization><sa:organization>St. Xavier's College (Autonomous)</sa:organization><sa:city>Kolkata</sa:city><sa:postal-code>700016</sa:postal-code></sa:affiliation><ce:source-text id="staff0002">bDepartment of Microbiology, St. Xavier's College (Autonomous), Kolkata 700016</ce:source-text></ce:affiliation><ce:affiliation id="aff0003" affiliation-id="S2352340922000713-7ad52589866c8992105adf43f3369987"><ce:label>c</ce:label><ce:textfn id="cetextfn0003">Department of Biotechnology, University of Calcutta, Kolkata 700019</ce:textfn><sa:affiliation><sa:organization>Department of Biotechnology</sa:organization><sa:organization>University of Calcutta</sa:organization><sa:city>Kolkata</sa:city><sa:postal-code>700019</sa:postal-code></sa:affiliation><ce:source-text id="staff0003">cDepartment of Biotechnology, University of Calcutta, Kolkata 700019</ce:source-text></ce:affiliation><ce:affiliation id="aff0004" affiliation-id="S2352340922000713-5ec3f471df3fd2b0937b99415ca3f78a"><ce:label>d</ce:label><ce:textfn id="cetextfn0004">Dr. B.R. Ambedkar Chair, Department of Anthropology, University of Calcutta, Kolkata 700019</ce:textfn><sa:affiliation><sa:organization>Dr. B.R. Ambedkar Chair</sa:organization><sa:organization>Department of Anthropology</sa:organization><sa:organization>University of Calcutta</sa:organization><sa:city>Kolkata</sa:city><sa:postal-code>700019</sa:postal-code></sa:affiliation><ce:source-text id="staff0004">dDr. B.R. Ambedkar Chair, Department of Anthropology, University of Calcutta, Kolkata 700019</ce:source-text></ce:affiliation><ce:affiliation id="aff0005" affiliation-id="S2352340922000713-8c802d20a508b19558d0e23b790b44f3"><ce:label>e</ce:label><ce:textfn id="cetextfn0005">Department of Biotechnology, St. Xavier's College (Autonomous), Kolkata 700016</ce:textfn><sa:affiliation><sa:organization>Department of Biotechnology</sa:organization><sa:organization>St. Xavier's College (Autonomous)</sa:organization><sa:city>Kolkata</sa:city><sa:postal-code>700016</sa:postal-code></sa:affiliation><ce:source-text id="staff0005">eDepartment of Biotechnology, St. Xavier's College (Autonomous), Kolkata 700016</ce:source-text></ce:affiliation><ce:correspondence id="cor0001"><ce:label>&#x204e;</ce:label><ce:text id="cetext0001">Corresponding authors.</ce:text></ce:correspondence></ce:author-group><ce:date-received day="3" month="11" year="2021"/><ce:date-revised day="12" month="1" year="2022"/><ce:date-accepted day="18" month="1" year="2022"/><ce:abstract id="abs0001" view="all" class="author"><ce:section-title id="cesectitle0001">Abstract</ce:section-title><ce:abstract-sec id="abss0001" view="all"><ce:simple-para id="spara003" view="all">The tribes of West Bengal are distributed in geographically distinct regions with distinctive features of their habitats and many of these tribes still practice a traditional livelihood avoiding the western diet. Hence, it is expected that their gut should remain pristine. In this study, we report the gut bacterial abundance of a Drukpa Bhutia tribal family of Lepchakha, inhabiting the hilly terrain of the Buxa region of Alipurduar district.&#160;First fecal matter was collected followed by Illumina Hiseq sequencing. Following standard protocols for metagenomic analysis, quality control (FASTQC), taxonomic profiling (QIIME, KRONA) and pathogenic load analysis were performed. This study revealed a set of core gut bacteria among which&#160;<ce:italic>Bacteroides</ce:italic>&#160;was identified to be the most abundant followed by&#160;<ce:italic>Bifidobacterium</ce:italic>,&#160;<ce:italic>Streptococcus</ce:italic>&#160;etc. Genera exhibiting lowest abundance were&#160;<ce:italic>Eggerthella</ce:italic>,&#160;<ce:italic>Ruminococcus</ce:italic>,&#160;<ce:italic>Enterococcus</ce:italic>&#160;etc. among the male, kid and female respectively. This data provides important insights into the distribution of bacterial members under study.</ce:simple-para></ce:abstract-sec></ce:abstract><ce:keywords id="keys0001" view="all" class="keyword"><ce:section-title id="cesectitle0002">Keywords</ce:section-title><ce:keyword id="key0001"><ce:text id="cetext0002">Mongolian Tribe</ce:text></ce:keyword><ce:keyword id="key0002"><ce:text id="cetext0003">Bhutia</ce:text></ce:keyword><ce:keyword id="key0003"><ce:text id="cetext0004">Metagenomics</ce:text></ce:keyword><ce:keyword id="key0004"><ce:text id="cetext0005">GBP</ce:text></ce:keyword></ce:keywords></ja:head></ja:article></doc:document>
