<doc:document xmlns:doc="http://www.elsevier.com/xml/document/schema" xmlns:dp="http://www.elsevier.com/xml/common/doc-properties/schema" xmlns:cps="http://www.elsevier.com/xml/common/consyn-properties/schema" xmlns:rdf="http://www.w3.org/1999/02/22-rdf-syntax-ns#" xmlns:dct="http://purl.org/dc/terms/" xmlns:prism="http://prismstandard.org/namespaces/basic/2.0/" xmlns:oa="http://vtw.elsevier.com/data/ns/properties/OpenAccess-1/" xmlns:bam="http://vtw.elsevier.com/data/voc/ns/bam-vtw-1/" xmlns:cp="http://vtw.elsevier.com/data/ns/properties/Copyright-1/" xmlns:cja="http://www.elsevier.com/xml/cja/schema" xmlns:ja="http://www.elsevier.com/xml/ja/schema" xmlns:bk="http://www.elsevier.com/xml/bk/schema" xmlns:ce="http://www.elsevier.com/xml/common/schema" xmlns:mml="http://www.w3.org/1998/Math/MathML" xmlns:cals="http://www.elsevier.com/xml/common/cals/schema" xmlns:tb="http://www.elsevier.com/xml/common/table/schema" xmlns:sa="http://www.elsevier.com/xml/common/struct-aff/schema" xmlns:sb="http://www.elsevier.com/xml/common/struct-bib/schema" xmlns:xlink="http://www.w3.org/1999/xlink"><rdf:RDF><rdf:Description rdf:about="http://dx.doi.org/10.1016/j.dib.2021.107472"><dct:format>application/xml</dct:format><dct:title>Dataset on in-vitro study of chitosan-graphene oxide films for regenerative medicine</dct:title><dct:creator>Ana Maria Valencia</dct:creator><dct:creator>Carlos Humberto Valencia</dct:creator><dct:creator>Fabio Zuluaga</dct:creator><dct:creator>Carlos David Grande-Tovar</dct:creator><dct:subject><rdf:Bag><rdf:li>Chitosan</rdf:li><rdf:li>Graphene Oxide</rdf:li><rdf:li>Biocompatibility</rdf:li><rdf:li>Cell growth test</rdf:li><rdf:li>Regenerative medicine</rdf:li></rdf:Bag></dct:subject><dct:description>Data in Brief 39 (2021). doi:10.1016/j.dib.2021.107472</dct:description><prism:aggregationType>journal</prism:aggregationType><prism:publicationName>Data in Brief</prism:publicationName><prism:copyright>&#169; 2021 The Author(s). Published by Elsevier Inc.</prism:copyright><dct:publisher>Elsevier Inc.</dct:publisher><prism:issn>2352-3409</prism:issn><prism:volume>39</prism:volume><prism:coverDisplayDate>December 2021</prism:coverDisplayDate><prism:doi>10.1016/j.dib.2021.107472</prism:doi><prism:url>http://dx.doi.org/10.1016/j.dib.2021.107472</prism:url><dct:identifier>doi:10.1016/j.dib.2021.107472</dct:identifier><bam:articleNumber>107472</bam:articleNumber><oa:openAccessInformation><oa:openAccessStatus xmlns:xsi="http://www.w3.org/2001/XMLSchema-instance">http://vtw.elsevier.com/data/voc/oa/OpenAccessStatus#Full</oa:openAccessStatus><oa:openAccessEffective xmlns:xsi="http://www.w3.org/2001/XMLSchema-instance">2021-10-11T12:22:10Z</oa:openAccessEffective><oa:sponsor xmlns:xsi="http://www.w3.org/2001/XMLSchema-instance"><oa:sponsorType>http://vtw.elsevier.com/data/voc/oa/SponsorType#Author</oa:sponsorType></oa:sponsor><oa:userLicense xmlns:xsi="http://www.w3.org/2001/XMLSchema-instance">http://creativecommons.org/licenses/by/4.0/</oa:userLicense></oa:openAccessInformation><cp:licenseLine xmlns:xsi="http://www.w3.org/2001/XMLSchema-instance">This is an open access article under the CC BY license.</cp:licenseLine></rdf:Description></rdf:RDF><dp:document-properties><dp:aggregation-type>Journals</dp:aggregation-type><dp:version-number>S300.1</dp:version-number></dp:document-properties><ja:article docsubtype="dat" version="5.6" xml:lang="en"><ja:item-info><ja:jid>DIB</ja:jid><ja:aid>107472</ja:aid><ce:article-number>107472</ce:article-number><ce:pii>S2352-3409(21)00753-8</ce:pii><ce:doi>10.1016/j.dib.2021.107472</ce:doi><ce:document-thread><ce:refers-to-document id="ref0001"><ce:pii>S2405-8440(21)01161-0</ce:pii><ce:doi>10.1016/j.heliyon.2021.e07058</ce:doi></ce:refers-to-document></ce:document-thread><ce:copyright type="unknown" year="2021"/></ja:item-info><ja:head><ce:dochead id="dchd0001"><ce:textfn id="dhtxt0001">Data Article</ce:textfn></ce:dochead><ce:title id="tte0002">Dataset on <ce:italic>in-vitro</ce:italic> study of chitosan-graphene oxide films for regenerative medicine</ce:title><ce:author-group id="aut0001"><ce:author id="au0001" author-id="S2352340921007538-57a92c9a41e31216b2905fbb35e3a35a" orcid="0000-0003-4257-9252"><ce:given-name>Ana Maria</ce:given-name><ce:surname>Valencia</ce:surname><ce:contributor-role role="http://credit.niso.org/contributor-roles/methodology">Methodology</ce:contributor-role><ce:contributor-role role="http://credit.niso.org/contributor-roles/writing-original-draft">Writing &#x2013; original draft</ce:contributor-role><ce:cross-ref refid="aff0001"><ce:sup loc="post">a</ce:sup></ce:cross-ref></ce:author><ce:author id="au0002" author-id="S2352340921007538-54e93506254c0a07c093e30442eac2c6" orcid="0000-0003-4892-9786"><ce:given-name>Carlos Humberto</ce:given-name><ce:surname>Valencia</ce:surname><ce:contributor-role role="http://credit.niso.org/contributor-roles/conceptualization">Conceptualization</ce:contributor-role><ce:contributor-role role="http://credit.niso.org/contributor-roles/methodology">Methodology</ce:contributor-role><ce:contributor-role role="http://credit.niso.org/contributor-roles/writing-original-draft">Writing &#x2013; original draft</ce:contributor-role><ce:cross-ref refid="aff0002"><ce:sup loc="post">b</ce:sup></ce:cross-ref></ce:author><ce:author id="au0003" author-id="S2352340921007538-106d3b789693975a4574cff5fe69b88f"><ce:given-name>Fabio</ce:given-name><ce:surname>Zuluaga</ce:surname><ce:contributor-role role="http://credit.niso.org/contributor-roles/writing-review-editing">Writing &#x2013; review &amp; editing</ce:contributor-role><ce:contributor-role role="http://credit.niso.org/contributor-roles/supervision">Supervision</ce:contributor-role><ce:cross-ref refid="aff0001"><ce:sup loc="post">a</ce:sup></ce:cross-ref></ce:author><ce:author id="au0004" author-id="S2352340921007538-5016025b334334e515c315c935f181ef"><ce:given-name>Carlos David</ce:given-name><ce:surname>Grande-Tovar</ce:surname><ce:contributor-role role="http://credit.niso.org/contributor-roles/visualization">Visualization</ce:contributor-role><ce:contributor-role role="http://credit.niso.org/contributor-roles/supervision">Supervision</ce:contributor-role><ce:contributor-role role="http://credit.niso.org/contributor-roles/writing-review-editing">Writing &#x2013; review &amp; editing</ce:contributor-role><ce:cross-ref refid="aff0003"><ce:sup loc="post">c</ce:sup></ce:cross-ref><ce:cross-ref refid="cor0001"><ce:sup loc="post">&#x204e;</ce:sup></ce:cross-ref><ce:e-address id="ead0001" type="email" xlink:href="mailto:carlosgrande@mail.uniatlantico.edu.co">carlosgrande@mail.uniatlantico.edu.co</ce:e-address></ce:author><ce:affiliation id="aff0001" affiliation-id="S2352340921007538-746174dd483275901dc1a4e94f1494d5"><ce:label>a</ce:label><ce:textfn id="cetextfn0001">Grupo de investigaci&#243;n SIMERQO pol&#237;meros, Departamento de Qu&#237;mica, Universidad del Valle, Calle 13 # 100-00, Cali 76001, Colombia</ce:textfn><sa:affiliation><sa:organization>Grupo de investigaci&#243;n SIMERQO pol&#237;meros</sa:organization><sa:organization>Departamento de Qu&#237;mica</sa:organization><sa:organization>Universidad del Valle</sa:organization><sa:address-line>Calle 13 # 100-00</sa:address-line><sa:city>Cali</sa:city><sa:postal-code>76001</sa:postal-code><sa:country>Colombia</sa:country></sa:affiliation><ce:source-text id="staff0001">aGrupo de investigaci&#243;n SIMERQO pol&#237;meros, Departamento de Qu&#237;mica, Universidad del Valle, Calle 13 # 100-00, Cali 76001, Colombia</ce:source-text></ce:affiliation><ce:affiliation id="aff0002" affiliation-id="S2352340921007538-fbd967dbc5e5268f5f833ae3c03c8225"><ce:label>b</ce:label><ce:textfn id="cetextfn0002">Escuela de Odontolog&#237;a, Grupo Biomateriales dentales, Universidad del Valle, Calle 4B No. 36-00, Cali 76001, Colombia</ce:textfn><sa:affiliation><sa:organization>Escuela de Odontolog&#237;a</sa:organization><sa:organization>Grupo Biomateriales dentales</sa:organization><sa:organization>Universidad del Valle</sa:organization><sa:address-line>Calle 4B No. 36-00</sa:address-line><sa:city>Cali</sa:city><sa:postal-code>76001</sa:postal-code><sa:country>Colombia</sa:country></sa:affiliation><ce:source-text id="staff0002">bEscuela de Odontolog&#237;a, Grupo Biomateriales dentales, Universidad del Valle, Calle 4B No. 36-00, Cali 76001, Colombia</ce:source-text></ce:affiliation><ce:affiliation id="aff0003" affiliation-id="S2352340921007538-97353c4c8b792f08bb86a0fa7086ff8e"><ce:label>c</ce:label><ce:textfn id="cetextfn0003">Grupo de investigaci&#243;n de Fotoqu&#237;mica y Fotobiolog&#237;a, Universidad del Atl&#225;ntico, Carrera 30 N&#250;mero 8-49, Puerto Colombia, 081008, Colombia</ce:textfn><sa:affiliation><sa:organization>Grupo de investigaci&#243;n de Fotoqu&#237;mica y Fotobiolog&#237;a</sa:organization><sa:organization>Universidad del Atl&#225;ntico</sa:organization><sa:address-line>Carrera 30 N&#250;mero 8-49, Puerto Colombia</sa:address-line><sa:postal-code>081008</sa:postal-code><sa:country>Colombia</sa:country></sa:affiliation><ce:source-text id="staff0003">cGrupo de investigaci&#243;n de Fotoqu&#237;mica y Fotobiolog&#237;a, Universidad del Atl&#225;ntico, Carrera 30 N&#250;mero 8-49, Puerto Colombia, 081008, Colombia</ce:source-text></ce:affiliation><ce:correspondence id="cor0001"><ce:label>&#x204e;</ce:label><ce:text id="cetext0001">Corresponding author.</ce:text></ce:correspondence></ce:author-group><ce:date-received day="12" month="5" year="2021"/><ce:date-revised day="2" month="7" year="2021"/><ce:date-accepted day="8" month="10" year="2021"/><ce:abstract id="abs0001" view="all" class="author"><ce:section-title id="cesectitle0001">Abstract</ce:section-title><ce:abstract-sec id="abss0001" view="all"><ce:simple-para id="spara007" view="all">Chitosan (CS) is well-known for its biological properties, especially its ability to induce tissue cicatrization. However, considerable research proved that CS presents a high inflammatory response and poor mechanical properties. For these reasons, we decided to use chitosan (CS) functionalized GO by a covalent bond (CS-GO). Due to the resistant structure of the GO and the high presence of oxygen functional groups on it, it will enhance the biocompatibility of the material. The data obtained in this investigation aimed to prove the possible application of CS-GO in regenerative medicine. For this reason, it was performed an <ce:italic>In vitro</ce:italic> analysis using brine shrimp to prove materials biocompatibility and gingival fibroblasts for a cell growth test.</ce:simple-para></ce:abstract-sec></ce:abstract><ce:keywords id="keys0001" view="all" class="keyword"><ce:section-title id="cesectitle0002">Keywords</ce:section-title><ce:keyword id="key0001"><ce:text id="cetext0002">Chitosan</ce:text></ce:keyword><ce:keyword id="key0002"><ce:text id="cetext0003">Graphene Oxide</ce:text></ce:keyword><ce:keyword id="key0003"><ce:text id="cetext0004">Biocompatibility</ce:text></ce:keyword><ce:keyword id="key0004"><ce:text id="cetext0005">Cell growth test</ce:text></ce:keyword><ce:keyword id="key0005"><ce:text id="cetext0006">Regenerative medicine</ce:text></ce:keyword></ce:keywords></ja:head></ja:article></doc:document>
