<doc:document xmlns:doc="http://www.elsevier.com/xml/document/schema" xmlns:dp="http://www.elsevier.com/xml/common/doc-properties/schema" xmlns:cps="http://www.elsevier.com/xml/common/consyn-properties/schema" xmlns:rdf="http://www.w3.org/1999/02/22-rdf-syntax-ns#" xmlns:dct="http://purl.org/dc/terms/" xmlns:prism="http://prismstandard.org/namespaces/basic/2.0/" xmlns:oa="http://vtw.elsevier.com/data/ns/properties/OpenAccess-1/" xmlns:bam="http://vtw.elsevier.com/data/voc/ns/bam-vtw-1/" xmlns:cp="http://vtw.elsevier.com/data/ns/properties/Copyright-1/" xmlns:cja="http://www.elsevier.com/xml/cja/schema" xmlns:ja="http://www.elsevier.com/xml/ja/schema" xmlns:bk="http://www.elsevier.com/xml/bk/schema" xmlns:ce="http://www.elsevier.com/xml/common/schema" xmlns:mml="http://www.w3.org/1998/Math/MathML" xmlns:cals="http://www.elsevier.com/xml/common/cals/schema" xmlns:tb="http://www.elsevier.com/xml/common/table/schema" xmlns:sa="http://www.elsevier.com/xml/common/struct-aff/schema" xmlns:sb="http://www.elsevier.com/xml/common/struct-bib/schema" xmlns:xlink="http://www.w3.org/1999/xlink"><rdf:RDF><rdf:Description rdf:about="http://dx.doi.org/10.1016/j.dib.2021.107675"><dct:format>application/xml</dct:format><dct:title>Music genre neuroimaging dataset</dct:title><dct:creator>Tomoya Nakai</dct:creator><dct:creator>Naoko Koide-Majima</dct:creator><dct:creator>Shinji Nishimoto</dct:creator><dct:subject><rdf:Bag><rdf:li>Music genre recognition</rdf:li><rdf:li>Brain activity</rdf:li><rdf:li>fMRI</rdf:li><rdf:li>Machine learning</rdf:li></rdf:Bag></dct:subject><dct:description>Data in Brief 40 (2022). doi:10.1016/j.dib.2021.107675</dct:description><prism:aggregationType>journal</prism:aggregationType><prism:publicationName>Data in Brief</prism:publicationName><prism:copyright>&#169; 2021 The Authors. Published by Elsevier Inc.</prism:copyright><dct:publisher>Elsevier Inc.</dct:publisher><prism:issn>2352-3409</prism:issn><prism:volume>40</prism:volume><prism:coverDisplayDate>February 2022</prism:coverDisplayDate><prism:doi>10.1016/j.dib.2021.107675</prism:doi><prism:url>http://dx.doi.org/10.1016/j.dib.2021.107675</prism:url><dct:identifier>doi:10.1016/j.dib.2021.107675</dct:identifier><bam:articleNumber>107675</bam:articleNumber><oa:openAccessInformation><oa:openAccessStatus xmlns:xsi="http://www.w3.org/2001/XMLSchema-instance">http://vtw.elsevier.com/data/voc/oa/OpenAccessStatus#Full</oa:openAccessStatus><oa:openAccessEffective xmlns:xsi="http://www.w3.org/2001/XMLSchema-instance">2021-12-02T13:55:55Z</oa:openAccessEffective><oa:sponsor xmlns:xsi="http://www.w3.org/2001/XMLSchema-instance"><oa:sponsorName>Japan:LE Tracking</oa:sponsorName><oa:sponsorType>http://vtw.elsevier.com/data/voc/oa/SponsorType#FundingBody</oa:sponsorType></oa:sponsor><oa:userLicense xmlns:xsi="http://www.w3.org/2001/XMLSchema-instance">http://creativecommons.org/licenses/by-nc-nd/4.0/</oa:userLicense></oa:openAccessInformation><cp:licenseLine xmlns:xsi="http://www.w3.org/2001/XMLSchema-instance">This is an open access article under the CC BY-NC-ND license.</cp:licenseLine></rdf:Description></rdf:RDF><dp:document-properties><dp:aggregation-type>Journals</dp:aggregation-type><dp:version-number>S300.1</dp:version-number></dp:document-properties><ja:article docsubtype="dat" version="5.6" xml:lang="en"><ja:item-info><ja:jid>DIB</ja:jid><ja:aid>107675</ja:aid><ce:article-number>107675</ce:article-number><ce:pii>S2352-3409(21)00950-1</ce:pii><ce:doi>10.1016/j.dib.2021.107675</ce:doi><ce:copyright type="unknown" year="2021"/></ja:item-info><ja:head><ce:dochead id="dchd0001"><ce:textfn id="dhtxt0001">Data Article</ce:textfn></ce:dochead><ce:title id="tte0002">Music genre neuroimaging dataset</ce:title><ce:author-group id="aut0001"><ce:author id="au0001" author-id="S2352340921009501-c541bfc5c4ca3616c2dbc264bd85478e" orcid="0000-0001-5225-0894"><ce:given-name>Tomoya</ce:given-name><ce:surname>Nakai</ce:surname><ce:cross-ref refid="aff0001"><ce:sup loc="post">a</ce:sup></ce:cross-ref><ce:cross-ref refid="aff0002"><ce:sup loc="post">b</ce:sup></ce:cross-ref><ce:cross-ref refid="aff0003"><ce:sup loc="post">c</ce:sup></ce:cross-ref><ce:e-address id="ea1" type="social-media" xlink:href="https://twitter.com/TomNakai">@TomNakai</ce:e-address></ce:author><ce:author id="au0002" author-id="S2352340921009501-f6d576a043484592a7c59441aa3c257a"><ce:given-name>Naoko</ce:given-name><ce:surname>Koide-Majima</ce:surname><ce:cross-ref refid="aff0001"><ce:sup loc="post">a</ce:sup></ce:cross-ref><ce:cross-ref refid="aff0004"><ce:sup loc="post">d</ce:sup></ce:cross-ref></ce:author><ce:author id="au0003" author-id="S2352340921009501-e3f864fb862b7b0523e432a2b8168940" orcid="0000-0001-8015-340X"><ce:given-name>Shinji</ce:given-name><ce:surname>Nishimoto</ce:surname><ce:cross-ref refid="aff0001"><ce:sup loc="post">a</ce:sup></ce:cross-ref><ce:cross-ref refid="aff0004"><ce:sup loc="post">d</ce:sup></ce:cross-ref><ce:cross-ref refid="aff0005"><ce:sup loc="post">e</ce:sup></ce:cross-ref><ce:cross-ref refid="cor0001"><ce:sup loc="post">&#x204e;</ce:sup></ce:cross-ref><ce:e-address id="ead0001" type="email" xlink:href="mailto:nishimoto@fbs.osaka-u.ac.jp">nishimoto@fbs.osaka-u.ac.jp</ce:e-address><ce:e-address id="ea2" type="social-media" xlink:href="https://twitter.com/NishimotoShinji">@NishimotoShinji</ce:e-address></ce:author><ce:affiliation id="aff0001" affiliation-id="S2352340921009501-1fe38ae8c6ea53583e614cef7fa362c4"><ce:label>a</ce:label><ce:textfn id="cetextfn0001">Center for Information and Neural Networks, National Institute of Information and Communications Technology, Suita, Japan</ce:textfn><sa:affiliation><sa:organization>Center for Information and Neural Networks</sa:organization><sa:organization>National Institute of Information and Communications Technology</sa:organization><sa:city>Suita</sa:city><sa:country>Japan</sa:country></sa:affiliation><ce:source-text id="staff0001">aCenter for Information and Neural Networks, National Institute of Information and Communications Technology, Suita, Japan</ce:source-text></ce:affiliation><ce:affiliation id="aff0002" affiliation-id="S2352340921009501-5260e6ab7745d34afea34e580b97e26d"><ce:label>b</ce:label><ce:textfn id="cetextfn0002">Lyon Neuroscience Research Center (CRNL), INSERM U1028 - CNRS UMR5292, University of Lyon, Lyon, France</ce:textfn><sa:affiliation><sa:organization>Lyon Neuroscience Research Center (CRNL)</sa:organization><sa:organization>INSERM U1028 - CNRS UMR5292</sa:organization><sa:organization>University of Lyon</sa:organization><sa:city>Lyon</sa:city><sa:country>France</sa:country></sa:affiliation><ce:source-text id="staff0002">bLyon Neuroscience Research Center (CRNL), INSERM U1028 - CNRS UMR5292, University of Lyon, Lyon, France</ce:source-text></ce:affiliation><ce:affiliation id="aff0003" affiliation-id="S2352340921009501-8db7d104e7a26c467250432e4f1e4d99"><ce:label>c</ce:label><ce:textfn id="cetextfn0003">JSPS Overseas Research Fellow, Tokyo, Japan</ce:textfn><sa:affiliation><sa:organization>JSPS Overseas Research Fellow</sa:organization><sa:city>Tokyo</sa:city><sa:country>Japan</sa:country></sa:affiliation><ce:source-text id="staff0003">cJSPS Overseas Research Fellow, Tokyo, Japan</ce:source-text></ce:affiliation><ce:affiliation id="aff0004" affiliation-id="S2352340921009501-a7a01ca05c980ad42adb52b7a0bd2932"><ce:label>d</ce:label><ce:textfn id="cetextfn0004">Graduate School of Frontier Biosciences, Osaka University, Suita, Japan</ce:textfn><sa:affiliation><sa:organization>Graduate School of Frontier Biosciences</sa:organization><sa:organization>Osaka University</sa:organization><sa:city>Suita</sa:city><sa:country>Japan</sa:country></sa:affiliation><ce:source-text id="staff0004">dGraduate School of Frontier Biosciences, Osaka University, Suita, Japan</ce:source-text></ce:affiliation><ce:affiliation id="aff0005" affiliation-id="S2352340921009501-b0a6175eb931c6f97ed2d5031593330f"><ce:label>e</ce:label><ce:textfn id="cetextfn0005">Graduate School of Medicine, Osaka University, Suita, Japan</ce:textfn><sa:affiliation><sa:organization>Graduate School of Medicine</sa:organization><sa:organization>Osaka University</sa:organization><sa:city>Suita</sa:city><sa:country>Japan</sa:country></sa:affiliation><ce:source-text id="staff0005">eGraduate School of Medicine, Osaka University, Suita, Japan</ce:source-text></ce:affiliation><ce:correspondence id="cor0001"><ce:label>&#x204e;</ce:label><ce:text id="cetext0001">Corresponding author</ce:text></ce:correspondence></ce:author-group><ce:date-received day="31" month="8" year="2021"/><ce:date-revised day="25" month="11" year="2021"/><ce:date-accepted day="1" month="12" year="2021"/><ce:abstract id="abs0001" view="all" class="author"><ce:section-title id="cesectitle0001">Abstract</ce:section-title><ce:abstract-sec id="abss0001" view="all"><ce:simple-para id="spara003" view="all">This dataset includes functional magnetic resonance imaging (fMRI) data collected while five subjects extensively listened to 540 music pieces from 10 music genres over the course of 3 days. Behavioral data are also available. Data are separated into training and test samples to facilitate the application of machine learning algorithms. Test stimuli were repeated four times and can be used to evaluate the signal to noise ratio of brain activity. Using this dataset, both neuroimaging and machine learning researchers can test multiple algorithms regarding the prediction performance of brain activity induced by various music stimuli. Although two previous studies have used this dataset, there remains much room to apply different acoustic models. This dataset can contribute to integration of the fields of auditory neuroscience and machine learning.</ce:simple-para></ce:abstract-sec></ce:abstract><ce:keywords id="keys0001" view="all" class="keyword"><ce:section-title id="cesectitle0002">Keywords</ce:section-title><ce:keyword id="key0001"><ce:text id="cetext0002">Music genre recognition</ce:text></ce:keyword><ce:keyword id="key0002"><ce:text id="cetext0003">Brain activity</ce:text></ce:keyword><ce:keyword id="key0003"><ce:text id="cetext0004">fMRI</ce:text></ce:keyword><ce:keyword id="key0004"><ce:text id="cetext0005">Machine learning</ce:text></ce:keyword></ce:keywords></ja:head></ja:article></doc:document>
