<doc:document xmlns:doc="http://www.elsevier.com/xml/document/schema" xmlns:dp="http://www.elsevier.com/xml/common/doc-properties/schema" xmlns:cps="http://www.elsevier.com/xml/common/consyn-properties/schema" xmlns:rdf="http://www.w3.org/1999/02/22-rdf-syntax-ns#" xmlns:dct="http://purl.org/dc/terms/" xmlns:prism="http://prismstandard.org/namespaces/basic/2.0/" xmlns:oa="http://vtw.elsevier.com/data/ns/properties/OpenAccess-1/" xmlns:bam="http://vtw.elsevier.com/data/voc/ns/bam-vtw-1/" xmlns:cp="http://vtw.elsevier.com/data/ns/properties/Copyright-1/" xmlns:cja="http://www.elsevier.com/xml/cja/schema" xmlns:ja="http://www.elsevier.com/xml/ja/schema" xmlns:bk="http://www.elsevier.com/xml/bk/schema" xmlns:ce="http://www.elsevier.com/xml/common/schema" xmlns:mml="http://www.w3.org/1998/Math/MathML" xmlns:cals="http://www.elsevier.com/xml/common/cals/schema" xmlns:tb="http://www.elsevier.com/xml/common/table/schema" xmlns:sa="http://www.elsevier.com/xml/common/struct-aff/schema" xmlns:sb="http://www.elsevier.com/xml/common/struct-bib/schema" xmlns:xlink="http://www.w3.org/1999/xlink"><rdf:RDF><rdf:Description rdf:about="http://dx.doi.org/10.1016/j.dib.2021.107474"><dct:format>application/xml</dct:format><dct:title>Data on bond strength of resin cement systems to CAD/CAM resin composite after aging</dct:title><dct:creator>Masaki Yagi</dct:creator><dct:creator>Toshinori Okawa</dct:creator><dct:creator>Fumiaki Kawano</dct:creator><dct:subject><rdf:Bag><rdf:li>CAD/CAM resin composite</rdf:li><rdf:li>Bond strength</rdf:li><rdf:li>Resin cement</rdf:li><rdf:li>Primer</rdf:li><rdf:li>Thermocycle</rdf:li></rdf:Bag></dct:subject><dct:description>Data in Brief 39 (2021). doi:10.1016/j.dib.2021.107474</dct:description><prism:aggregationType>journal</prism:aggregationType><prism:publicationName>Data in Brief</prism:publicationName><prism:copyright>&#169; 2021 The Authors. Published by Elsevier Inc.</prism:copyright><dct:publisher>Elsevier Inc.</dct:publisher><prism:issn>2352-3409</prism:issn><prism:volume>39</prism:volume><prism:coverDisplayDate>December 2021</prism:coverDisplayDate><prism:doi>10.1016/j.dib.2021.107474</prism:doi><prism:url>http://dx.doi.org/10.1016/j.dib.2021.107474</prism:url><dct:identifier>doi:10.1016/j.dib.2021.107474</dct:identifier><bam:articleNumber>107474</bam:articleNumber><oa:openAccessInformation><oa:openAccessStatus xmlns:xsi="http://www.w3.org/2001/XMLSchema-instance">http://vtw.elsevier.com/data/voc/oa/OpenAccessStatus#Full</oa:openAccessStatus><oa:openAccessEffective xmlns:xsi="http://www.w3.org/2001/XMLSchema-instance">2021-10-11T12:23:13Z</oa:openAccessEffective><oa:sponsor xmlns:xsi="http://www.w3.org/2001/XMLSchema-instance"><oa:sponsorType>http://vtw.elsevier.com/data/voc/oa/SponsorType#Author</oa:sponsorType></oa:sponsor><oa:userLicense xmlns:xsi="http://www.w3.org/2001/XMLSchema-instance">http://creativecommons.org/licenses/by/4.0/</oa:userLicense></oa:openAccessInformation><cp:licenseLine xmlns:xsi="http://www.w3.org/2001/XMLSchema-instance">This is an open access article under the CC BY license.</cp:licenseLine></rdf:Description></rdf:RDF><dp:document-properties><dp:aggregation-type>Journals</dp:aggregation-type><dp:version-number>S300.1</dp:version-number></dp:document-properties><ja:article docsubtype="dat" version="5.6" xml:lang="en"><ja:item-info><ja:jid>DIB</ja:jid><ja:aid>107474</ja:aid><ce:article-number>107474</ce:article-number><ce:pii>S2352-3409(21)00755-1</ce:pii><ce:doi>10.1016/j.dib.2021.107474</ce:doi><ce:copyright type="unknown" year="2021"/></ja:item-info><ja:head><ce:dochead id="dchd0001"><ce:textfn id="dhtxt0001">Data Article</ce:textfn></ce:dochead><ce:title id="tte0002">Data on bond strength of resin cement systems to CAD/CAM resin composite after aging</ce:title><ce:author-group id="aut0001"><ce:author id="au0001" author-id="S2352340921007551-165b88ebee0f51d2a11939c88ea26560"><ce:given-name>Masaki</ce:given-name><ce:surname>Yagi</ce:surname><ce:contributor-role role="http://credit.niso.org/contributor-roles/writing-original-draft">Writing &#x2013; original draft</ce:contributor-role><ce:contributor-role role="http://credit.niso.org/contributor-roles/writing-review-editing">Writing &#x2013; review &amp; editing</ce:contributor-role><ce:contributor-role role="http://credit.niso.org/contributor-roles/formal-analysis">Formal analysis</ce:contributor-role><ce:cross-ref refid="aff0001"><ce:sup loc="post">a</ce:sup></ce:cross-ref></ce:author><ce:author id="au0002" author-id="S2352340921007551-2d0ce18e63c7b7c6f2d9a8ecf3481e2d"><ce:given-name>Toshinori</ce:given-name><ce:surname>Okawa</ce:surname><ce:contributor-role role="http://credit.niso.org/contributor-roles/writing-original-draft">Writing &#x2013; original draft</ce:contributor-role><ce:contributor-role role="http://credit.niso.org/contributor-roles/writing-review-editing">Writing &#x2013; review &amp; editing</ce:contributor-role><ce:contributor-role role="http://credit.niso.org/contributor-roles/formal-analysis">Formal analysis</ce:contributor-role><ce:cross-ref refid="aff0002"><ce:sup loc="post">b</ce:sup></ce:cross-ref></ce:author><ce:author id="au0003" author-id="S2352340921007551-84e8aa29687e02d1d7be51e72e6fce75"><ce:given-name>Fumiaki</ce:given-name><ce:surname>Kawano</ce:surname><ce:contributor-role role="http://credit.niso.org/contributor-roles/supervision">Supervision</ce:contributor-role><ce:contributor-role role="http://credit.niso.org/contributor-roles/writing-review-editing">Writing &#x2013; review &amp; editing</ce:contributor-role><ce:cross-ref refid="aff0002"><ce:sup loc="post">b</ce:sup></ce:cross-ref><ce:cross-ref refid="cor0001"><ce:sup loc="post">&#x204e;</ce:sup></ce:cross-ref><ce:e-address id="ead0001" type="email" xlink:href="mailto:fumiaki@tokushima-u.ac.jp">fumiaki@tokushima-u.ac.jp</ce:e-address></ce:author><ce:affiliation id="aff0001" affiliation-id="S2352340921007551-11fd5a8881b21269a020b9310c4b5966"><ce:label>a</ce:label><ce:textfn id="cetextfn0001">Yagi Dental Clinic, Shiga 520-2132, Japan</ce:textfn><sa:affiliation><sa:organization>Yagi Dental Clinic</sa:organization><sa:city>Shiga</sa:city><sa:postal-code>520-2132</sa:postal-code><sa:country>Japan</sa:country></sa:affiliation><ce:source-text id="staff0001">aYagi Dental Clinic, Shiga 520-2132, Japan</ce:source-text></ce:affiliation><ce:affiliation id="aff0002" affiliation-id="S2352340921007551-a525ba3b919205e9b8a2053ec4ef8a65"><ce:label>b</ce:label><ce:textfn id="cetextfn0002">Department of Comprehensive Dentistry, Graduate School of Biomedical Sciences, Tokushima University, Tokushima 770-8504, Japan</ce:textfn><sa:affiliation><sa:organization>Department of Comprehensive Dentistry</sa:organization><sa:organization>Graduate School of Biomedical Sciences</sa:organization><sa:organization>Tokushima University</sa:organization><sa:city>Tokushima</sa:city><sa:postal-code>770-8504</sa:postal-code><sa:country>Japan</sa:country></sa:affiliation><ce:source-text id="staff0002">bDepartment of Comprehensive Dentistry, Graduate School of Biomedical Sciences, Tokushima University, Tokushima 770-8504, Japan</ce:source-text></ce:affiliation><ce:correspondence id="cor0001"><ce:label>&#x204e;</ce:label><ce:text id="cetext0001">Corresponding author.</ce:text></ce:correspondence></ce:author-group><ce:date-received day="12" month="3" year="2021"/><ce:date-revised day="1" month="10" year="2021"/><ce:date-accepted day="4" month="10" year="2021"/><ce:abstract id="abs0001" view="all" class="author"><ce:section-title id="cesectitle0001">Abstract</ce:section-title><ce:abstract-sec id="abss0001" view="all"><ce:simple-para id="spara015" view="all">CAD/CAM resin composite crowns are inexpensive tooth-colored prostheses that have been widely used. However, bonding between CAD/CAM resin composites and resin cements could be difficult since the resin composite is highly cross-linked. There is limited existing data on the resin cements&#x2019; bond strength with different monomers to CAD/CAM resin composites. In this study, CAD/CAM resin composite was bonded to an SUS rod with three different resin cements following treatment of the bonding surface using the manufacturer's recommended primer. After storing the specimens in water at 37&#160;&#176;C for 24&#160;h, half of them were tested immediately and half were thermocycled for 10,000 cycles in water for a dwell time of 20&#160;s at 5 and 55&#160;&#176;C. The means of the tensile bond strength and standard deviations were determined for each resin cement and testing condition. The data were compared using two-way ANOVA and Bonferroni's multiple comparison tests at 95% confidence level.</ce:simple-para></ce:abstract-sec></ce:abstract><ce:keywords id="keys0001" view="all" class="keyword"><ce:section-title id="cesectitle0002">Keywords</ce:section-title><ce:keyword id="key0001"><ce:text id="cetext0002">CAD/CAM resin composite</ce:text></ce:keyword><ce:keyword id="key0002"><ce:text id="cetext0003">Bond strength</ce:text></ce:keyword><ce:keyword id="key0003"><ce:text id="cetext0004">Resin cement</ce:text></ce:keyword><ce:keyword id="key0004"><ce:text id="cetext0005">Primer</ce:text></ce:keyword><ce:keyword id="key0005"><ce:text id="cetext0006">Thermocycle</ce:text></ce:keyword></ce:keywords></ja:head></ja:article></doc:document>
