<doc:document xmlns:doc="http://www.elsevier.com/xml/document/schema" xmlns:dp="http://www.elsevier.com/xml/common/doc-properties/schema" xmlns:cps="http://www.elsevier.com/xml/common/consyn-properties/schema" xmlns:rdf="http://www.w3.org/1999/02/22-rdf-syntax-ns#" xmlns:dct="http://purl.org/dc/terms/" xmlns:prism="http://prismstandard.org/namespaces/basic/2.0/" xmlns:oa="http://vtw.elsevier.com/data/ns/properties/OpenAccess-1/" xmlns:bam="http://vtw.elsevier.com/data/voc/ns/bam-vtw-1/" xmlns:cp="http://vtw.elsevier.com/data/ns/properties/Copyright-1/" xmlns:cja="http://www.elsevier.com/xml/cja/schema" xmlns:ja="http://www.elsevier.com/xml/ja/schema" xmlns:bk="http://www.elsevier.com/xml/bk/schema" xmlns:ce="http://www.elsevier.com/xml/common/schema" xmlns:mml="http://www.w3.org/1998/Math/MathML" xmlns:cals="http://www.elsevier.com/xml/common/cals/schema" xmlns:tb="http://www.elsevier.com/xml/common/table/schema" xmlns:sa="http://www.elsevier.com/xml/common/struct-aff/schema" xmlns:sb="http://www.elsevier.com/xml/common/struct-bib/schema" xmlns:xlink="http://www.w3.org/1999/xlink"><rdf:RDF><rdf:Description rdf:about="http://dx.doi.org/10.1016/j.prmcm.2022.100056"><dct:format>application/xml</dct:format><dct:title>Eupafolin suppresses TGF-&#x03b2;1-induced human lung fibroblasts differentiation by downregulating &#x03b2;-catenin/plasminogen activator inhibitor-1 signaling</dct:title><dct:creator>Mei Zhu</dct:creator><dct:creator>Jian Zhang</dct:creator><dct:creator>Xionghua Sun</dct:creator><dct:creator>Xihua Chen</dct:creator><dct:creator>Xiaogang Jiang</dct:creator><dct:subject><rdf:Bag><rdf:li>Eupatorium lindleyanum DC</rdf:li><rdf:li>Flavonoids</rdf:li><rdf:li>Eupafolin</rdf:li><rdf:li>Fibroblast differentiation</rdf:li><rdf:li>Pulmonary fibrosis</rdf:li><rdf:li>Plasminogen activator inhibitor-1</rdf:li></rdf:Bag></dct:subject><dct:description>Pharmacological Research - Modern Chinese Medicine, Journal Pre-proof. doi:10.1016/j.prmcm.2022.100056</dct:description><prism:aggregationType>journal</prism:aggregationType><prism:publicationName>Pharmacological Research - Modern Chinese Medicine</prism:publicationName><prism:copyright>&#169; 2022 The Author(s). Published by Elsevier B.V.</prism:copyright><dct:publisher>Elsevier B.V.</dct:publisher><prism:issn>2667-1425</prism:issn><prism:doi>10.1016/j.prmcm.2022.100056</prism:doi><prism:url>http://dx.doi.org/10.1016/j.prmcm.2022.100056</prism:url><dct:identifier>doi:10.1016/j.prmcm.2022.100056</dct:identifier><bam:articleNumber>100056</bam:articleNumber><oa:openAccessInformation><oa:openAccessStatus xmlns:xsi="http://www.w3.org/2001/XMLSchema-instance">http://vtw.elsevier.com/data/voc/oa/OpenAccessStatus#Full</oa:openAccessStatus><oa:openAccessEffective xmlns:xsi="http://www.w3.org/2001/XMLSchema-instance">2022-01-25T13:14:05Z</oa:openAccessEffective><oa:sponsor xmlns:xsi="http://www.w3.org/2001/XMLSchema-instance"><oa:sponsorName>China Institutes Tracking agreement</oa:sponsorName><oa:sponsorType>http://vtw.elsevier.com/data/voc/oa/SponsorType#Author</oa:sponsorType></oa:sponsor><oa:userLicense xmlns:xsi="http://www.w3.org/2001/XMLSchema-instance">http://creativecommons.org/licenses/by-nc-nd/4.0/</oa:userLicense></oa:openAccessInformation><cp:licenseLine xmlns:xsi="http://www.w3.org/2001/XMLSchema-instance">This is an open access article under the CC BY-NC-ND license.</cp:licenseLine></rdf:Description></rdf:RDF><dp:document-properties><dp:aggregation-type>Journals</dp:aggregation-type><dp:version-number>S5.1</dp:version-number></dp:document-properties><ja:article docsubtype="fla" version="5.6" xml:lang="en"><ja:item-info><ja:jid>PRMCM</ja:jid><ja:aid>100056</ja:aid><ce:article-number>100056</ce:article-number><ce:pii>S2667-1425(22)00017-3</ce:pii><ce:doi>10.1016/j.prmcm.2022.100056</ce:doi><ce:copyright type="unknown" year="2022"/></ja:item-info><ja:head><ce:title id="tte0002">Eupafolin suppresses TGF-&#x03b2;1-induced human lung fibroblasts differentiation by downregulating &#x03b2;-catenin/plasminogen activator inhibitor-1 signaling</ce:title><ce:author-group id="aut0001"><ce:author id="au0001" author-id="S2667142522000173-4d4db3a05a082a29de1f62b08aaa6d29"><ce:given-name>Mei</ce:given-name><ce:surname>Zhu</ce:surname><ce:cross-ref refid="fn1"><ce:sup loc="post">1</ce:sup></ce:cross-ref></ce:author><ce:author id="au0002" author-id="S2667142522000173-62114f3fc3878a1659d44527f38ccf3b"><ce:given-name>Jian</ce:given-name><ce:surname>Zhang</ce:surname><ce:cross-ref refid="fn1"><ce:sup loc="post">1</ce:sup></ce:cross-ref></ce:author><ce:author id="au0003" author-id="S2667142522000173-8951b43f3d2d92bdbb4c387d9e3d7e78"><ce:given-name>Xionghua</ce:given-name><ce:surname>Sun</ce:surname><ce:cross-ref refid="cor0001"><ce:sup loc="post">&#x204e;</ce:sup></ce:cross-ref><ce:e-address id="ead0001" type="email" xlink:href="mailto:sunxionghua@suda.edu.cn">sunxionghua@suda.edu.cn</ce:e-address></ce:author><ce:author id="au0004" author-id="S2667142522000173-9541226e05f5dbe81a22485861bcc2ff"><ce:given-name>Xihua</ce:given-name><ce:surname>Chen</ce:surname></ce:author><ce:author id="au0005" author-id="S2667142522000173-496b8af7e9f0268e55bfa7b32e38d759"><ce:given-name>Xiaogang</ce:given-name><ce:surname>Jiang</ce:surname><ce:cross-ref refid="cor0001"><ce:sup loc="post">&#x204e;</ce:sup></ce:cross-ref><ce:e-address id="ead0002" type="email" xlink:href="mailto:jiangxiaogang@suda.edu.cn">jiangxiaogang@suda.edu.cn</ce:e-address></ce:author><ce:affiliation id="aff0001" affiliation-id="S2667142522000173-228054aff2760967711849d2ce889ced"><ce:textfn id="cetextfn0001">College of Pharmaceutical Sciences, Soochow University</ce:textfn><sa:affiliation><sa:organization>College of Pharmaceutical Sciences</sa:organization><sa:organization>Soochow University</sa:organization></sa:affiliation><ce:source-text id="staff0001">College of Pharmaceutical Sciences, Soochow University</ce:source-text></ce:affiliation><ce:correspondence id="cor0001"><ce:label>&#x204e;</ce:label><ce:text id="cetext0001">Corresponding authors. Xiaogang Jiang, Xionghua Sun, College of Pharmaceutical Sciences, Soochow University, 199 Renai Road, Suzhou 215123, China. Tel: 86-512-65882090; Fax: 86-512-65882089.</ce:text><sa:affiliation><sa:organization>College of Pharmaceutical Sciences</sa:organization><sa:organization>Soochow University</sa:organization><sa:address-line>199 Renai Road</sa:address-line><sa:city>Suzhou</sa:city><sa:postal-code>215123</sa:postal-code><sa:country>China</sa:country></sa:affiliation></ce:correspondence><ce:footnote id="fn1"><ce:label>1</ce:label><ce:note-para id="notep0001" view="all">These authors contributed equally to this work.</ce:note-para></ce:footnote></ce:author-group><ce:abstract id="abs0001" class="author-highlights" view="all"><ce:section-title id="cesectitle0001">Highlights</ce:section-title><ce:abstract-sec id="abss0001" view="all"><ce:simple-para id="spara010" view="all"><ce:list id="celist0001"><ce:list-item id="celistitem0001"><ce:label>&#x2022;</ce:label><ce:para id="para0002" view="all">Flavones from <ce:italic>EL</ce:italic> exerted a stronger anti-fibrotic activity than flavonols.</ce:para></ce:list-item><ce:list-item id="celistitem0002"><ce:label>&#x2022;</ce:label><ce:para id="para0003" view="all">Eupafolin presented the highest activity among eight flavonoids from <ce:italic>EL</ce:italic>.</ce:para></ce:list-item><ce:list-item id="celistitem0003"><ce:label>&#x2022;</ce:label><ce:para id="para0004" view="all">Eupafolin suppressed lung fibroblast-to-myofibroblast differentiation.</ce:para></ce:list-item><ce:list-item id="celistitem0004"><ce:label>&#x2022;</ce:label><ce:para id="para0005" view="all">Classical TGF-&#x03b2;/Smad2/3 was not involved in eupafolin action.</ce:para></ce:list-item><ce:list-item id="celistitem0005"><ce:label>&#x2022;</ce:label><ce:para id="para0006" view="all">Eupafolin-suppressive effect was by downregulating &#x03b2;-catenin/PAI-1.</ce:para></ce:list-item></ce:list></ce:simple-para></ce:abstract-sec></ce:abstract><ce:abstract id="abs0002" view="all" class="author"><ce:section-title id="cesectitle0002">Abstract</ce:section-title><ce:abstract-sec id="abss0002" view="all"><ce:simple-para id="spara011" view="all">The anti-fibrotic activity of flavonoids from <ce:italic>Eupatorium lindleyanum DC</ce:italic> (<ce:italic>EL</ce:italic>) remains unclear. Our results showed that flavones from the plant exerted a stronger inhibitory effect than flavonols, and eupafolin presented the highest activity on lung fibroblast differentiation. Eupafolin weakened the levels of &#x03b1;-smooth muscle actin, the production of type I collagen and fibronectin, fibroblast-containing gel contractility and microfilament formation in transforming growth factor-&#x03b2;1-induced lung fibroblasts. Interestingly, eupafolin did not affect the canonical TGF-&#x03b2;/Smad2/3 pathway. Eupafolin reduced the levels of plasminogen activator inhibitor-1 (PAI-1), and pharmacological inhibition and knockdown of PAI-1 mitigated the differentiation of lung fibroblasts. Finally, &#x03b2;-catenin agonist, SKL2001, reversed the suppressive effect of eupafolin on PAI-1 expression and lung fibroblast differentiation. Therefore, flavones have higher anti-fibrotic activity than flavonols obtained from <ce:italic>EL</ce:italic>, and eupafolin suppressed lung fibroblast differentiation by downregulating &#x03b2;-catenin/PAI-1 signaling rather than the canonical TGF-&#x03b2;/Smad2/3 pathway.</ce:simple-para></ce:abstract-sec></ce:abstract><ce:abstract id="abs0003" class="graphical" view="all"><ce:section-title id="cesectitle0003">Graphical abstract</ce:section-title><ce:abstract-sec id="abss0003" view="all"><ce:simple-para id="spara012" view="all"> [Display omitted] </ce:simple-para></ce:abstract-sec></ce:abstract><ce:keywords id="keys0001" view="all" class="keyword"><ce:section-title id="cesectitle0004">Keywords</ce:section-title><ce:keyword id="key0001"><ce:text id="cetext0002"><ce:italic>Eupatorium lindleyanum DC</ce:italic></ce:text></ce:keyword><ce:keyword id="key0002"><ce:text id="cetext0003">Flavonoids</ce:text></ce:keyword><ce:keyword id="key0003"><ce:text id="cetext0004">Eupafolin</ce:text></ce:keyword><ce:keyword id="key0004"><ce:text id="cetext0005">Fibroblast differentiation</ce:text></ce:keyword><ce:keyword id="key0005"><ce:text id="cetext0006">Pulmonary fibrosis</ce:text></ce:keyword><ce:keyword id="key0006"><ce:text id="cetext0007">Plasminogen activator inhibitor-1</ce:text></ce:keyword></ce:keywords><ce:keywords id="keys0002" class="abr" view="all"><ce:section-title id="cesectitle0005">Abbreviations</ce:section-title><ce:keyword id="key0007"><ce:text id="cetext0008"><ce:italic>EL</ce:italic></ce:text><ce:keyword id="key8a"><ce:text id="cetext8a"><ce:italic>Eupatorium lindleyanum DC</ce:italic></ce:text></ce:keyword></ce:keyword><ce:keyword id="key0008"><ce:text id="cetext0009">&#x03b1;-SMA</ce:text><ce:keyword id="key9a"><ce:text id="cetext9a">&#x03b1;-smooth muscle actin</ce:text></ce:keyword></ce:keyword><ce:keyword id="key0009"><ce:text id="cetext0010">TGF-&#x03b2;1</ce:text><ce:keyword id="key10a"><ce:text id="cetext10a">transforming growth factor &#x03b2;1</ce:text></ce:keyword></ce:keyword><ce:keyword id="key0010"><ce:text id="cetext0011">PAI-1</ce:text><ce:keyword id="key11a"><ce:text id="cetext11a">plasminogen activator inhibitor-1</ce:text></ce:keyword></ce:keyword><ce:keyword id="key0011"><ce:text id="cetext0012">siRNA</ce:text><ce:keyword id="key12a"><ce:text id="cetext12a">small interference RNA</ce:text></ce:keyword></ce:keyword><ce:keyword id="key0012"><ce:text id="cetext0013">ECM</ce:text><ce:keyword id="key13a"><ce:text id="cetext13a">extracellular matrix</ce:text></ce:keyword></ce:keyword></ce:keywords></ja:head></ja:article></doc:document>
