<doc:document xmlns:doc="http://www.elsevier.com/xml/document/schema" xmlns:dp="http://www.elsevier.com/xml/common/doc-properties/schema" xmlns:cps="http://www.elsevier.com/xml/common/consyn-properties/schema" xmlns:rdf="http://www.w3.org/1999/02/22-rdf-syntax-ns#" xmlns:dct="http://purl.org/dc/terms/" xmlns:prism="http://prismstandard.org/namespaces/basic/2.0/" xmlns:oa="http://vtw.elsevier.com/data/ns/properties/OpenAccess-1/" xmlns:bam="http://vtw.elsevier.com/data/voc/ns/bam-vtw-1/" xmlns:cp="http://vtw.elsevier.com/data/ns/properties/Copyright-1/" xmlns:cja="http://www.elsevier.com/xml/cja/schema" xmlns:ja="http://www.elsevier.com/xml/ja/schema" xmlns:bk="http://www.elsevier.com/xml/bk/schema" xmlns:ce="http://www.elsevier.com/xml/common/schema" xmlns:mml="http://www.w3.org/1998/Math/MathML" xmlns:cals="http://www.elsevier.com/xml/common/cals/schema" xmlns:tb="http://www.elsevier.com/xml/common/table/schema" xmlns:sa="http://www.elsevier.com/xml/common/struct-aff/schema" xmlns:sb="http://www.elsevier.com/xml/common/struct-bib/schema" xmlns:xlink="http://www.w3.org/1999/xlink"><rdf:RDF><rdf:Description rdf:about="http://dx.doi.org/10.1016/j.dib.2021.107566"><dct:format>application/xml</dct:format><dct:title>Seismic risk quantification and GIS-based seismic risk maps for Dubai-UAE_Dataset</dct:title><dct:creator>Mohammad AlHamaydeh</dct:creator><dct:creator>Ghaith Al-Shamsi</dct:creator><dct:creator>Nader Aly</dct:creator><dct:creator>Tarig Ali</dct:creator><dct:subject><rdf:Bag><rdf:li>Seismic resilience</rdf:li><rdf:li>Earthquake damage</rdf:li><rdf:li>Socioeconomic losses</rdf:li><rdf:li>Preparedness</rdf:li><rdf:li>GIS</rdf:li><rdf:li>Dubai</rdf:li></rdf:Bag></dct:subject><dct:description>Data in Brief 39 (2021). doi:10.1016/j.dib.2021.107566</dct:description><prism:aggregationType>journal</prism:aggregationType><prism:publicationName>Data in Brief</prism:publicationName><prism:copyright>&#169; 2021 The Authors. Published by Elsevier Inc.</prism:copyright><dct:publisher>Elsevier Inc.</dct:publisher><prism:issn>2352-3409</prism:issn><prism:volume>39</prism:volume><prism:coverDisplayDate>December 2021</prism:coverDisplayDate><prism:doi>10.1016/j.dib.2021.107566</prism:doi><prism:url>http://dx.doi.org/10.1016/j.dib.2021.107566</prism:url><dct:identifier>doi:10.1016/j.dib.2021.107566</dct:identifier><bam:articleNumber>107566</bam:articleNumber><oa:openAccessInformation><oa:openAccessStatus xmlns:xsi="http://www.w3.org/2001/XMLSchema-instance">http://vtw.elsevier.com/data/voc/oa/OpenAccessStatus#Full</oa:openAccessStatus><oa:openAccessEffective xmlns:xsi="http://www.w3.org/2001/XMLSchema-instance">2021-11-09T09:27:13Z</oa:openAccessEffective><oa:sponsor xmlns:xsi="http://www.w3.org/2001/XMLSchema-instance"><oa:sponsorType>http://vtw.elsevier.com/data/voc/oa/SponsorType#Author</oa:sponsorType></oa:sponsor><oa:userLicense xmlns:xsi="http://www.w3.org/2001/XMLSchema-instance">http://creativecommons.org/licenses/by/4.0/</oa:userLicense></oa:openAccessInformation><cp:licenseLine xmlns:xsi="http://www.w3.org/2001/XMLSchema-instance">This is an open access article under the CC BY license.</cp:licenseLine></rdf:Description></rdf:RDF><dp:document-properties><dp:aggregation-type>Journals</dp:aggregation-type><dp:version-number>S300.1</dp:version-number></dp:document-properties><ja:article docsubtype="dat" version="5.6" xml:lang="en"><ja:item-info><ja:jid>DIB</ja:jid><ja:aid>107566</ja:aid><ce:article-number>107566</ce:article-number><ce:pii>S2352-3409(21)00842-8</ce:pii><ce:doi>10.1016/j.dib.2021.107566</ce:doi><ce:copyright type="unknown" year="2021"/></ja:item-info><ja:head><ce:dochead id="dchd0001"><ce:textfn id="dhtxt0001">Data Article</ce:textfn></ce:dochead><ce:title id="tte0002">Seismic risk quantification and GIS-based seismic risk maps for Dubai-UAE_Dataset</ce:title><ce:author-group id="aut0001"><ce:author id="au0001" author-id="S2352340921008428-2d00075c9d26e5b1fc27f64cc1176cfc" orcid="0000-0002-5004-0778"><ce:given-name>Mohammad</ce:given-name><ce:surname>AlHamaydeh</ce:surname><ce:contributor-role role="http://credit.niso.org/contributor-roles/conceptualization">Conceptualization</ce:contributor-role><ce:contributor-role role="http://credit.niso.org/contributor-roles/methodology">Methodology</ce:contributor-role><ce:contributor-role role="http://credit.niso.org/contributor-roles/investigation">Investigation</ce:contributor-role><ce:contributor-role role="http://credit.niso.org/contributor-roles/writing-review-editing">Writing &#x2013; review &amp; editing</ce:contributor-role><ce:contributor-role role="http://credit.niso.org/contributor-roles/supervision">Supervision</ce:contributor-role><ce:contributor-role role="http://credit.niso.org/contributor-roles/project-administration">Project administration</ce:contributor-role><ce:cross-ref refid="cor0001"><ce:sup loc="post">&#x204e;</ce:sup></ce:cross-ref><ce:e-address id="ead0001" type="email" xlink:href="mailto:malhamaydeh@aus.edu">malhamaydeh@aus.edu</ce:e-address></ce:author><ce:author id="au0002" author-id="S2352340921008428-9f529c86836881ab4e926e775cf86114"><ce:given-name>Ghaith</ce:given-name><ce:surname>Al-Shamsi</ce:surname><ce:contributor-role role="http://credit.niso.org/contributor-roles/data-curation">Data curation</ce:contributor-role><ce:contributor-role role="http://credit.niso.org/contributor-roles/writing-original-draft">Writing &#x2013; original draft</ce:contributor-role><ce:contributor-role role="http://credit.niso.org/contributor-roles/writing-review-editing">Writing &#x2013; review &amp; editing</ce:contributor-role><ce:e-address id="ead0003" type="email" xlink:href="mailto:b00016230@aus.edu">b00016230@aus.edu</ce:e-address></ce:author><ce:author id="au0003" author-id="S2352340921008428-c3afb71f6ffa71d282b9d900a3945e61"><ce:given-name>Nader</ce:given-name><ce:surname>Aly</ce:surname><ce:contributor-role role="http://credit.niso.org/contributor-roles/data-curation">Data curation</ce:contributor-role><ce:contributor-role role="http://credit.niso.org/contributor-roles/writing-original-draft">Writing &#x2013; original draft</ce:contributor-role><ce:contributor-role role="http://credit.niso.org/contributor-roles/writing-review-editing">Writing &#x2013; review &amp; editing</ce:contributor-role><ce:cross-ref refid="fn1"><ce:sup loc="post">1</ce:sup></ce:cross-ref><ce:e-address id="ead0005" type="email" xlink:href="mailto:Nader_aly@alumni.aus.edu">Nader_aly@alumni.aus.edu</ce:e-address></ce:author><ce:author id="au0004" author-id="S2352340921008428-1ff392b397a565485a92f9832572eeba"><ce:given-name>Tarig</ce:given-name><ce:surname>Ali</ce:surname><ce:contributor-role role="http://credit.niso.org/contributor-roles/visualization">Visualization</ce:contributor-role><ce:contributor-role role="http://credit.niso.org/contributor-roles/writing-review-editing">Writing &#x2013; review &amp; editing</ce:contributor-role><ce:e-address id="ead0007" type="email" xlink:href="mailto:atarig@aus.edu">atarig@aus.edu</ce:e-address></ce:author><ce:affiliation id="aff0001" affiliation-id="S2352340921008428-9ae9ef0c5d9e414ed82193435d455491"><ce:textfn id="cetextfn0001">Department of Civil Engineering, College of Engineering, American University of Sharjah, PO Box 26666, Sharjah, United Arab Emirates</ce:textfn><sa:affiliation><sa:organization>Department of Civil Engineering</sa:organization><sa:organization>College of Engineering</sa:organization><sa:organization>American University of Sharjah</sa:organization><sa:address-line>PO Box 26666</sa:address-line><sa:city>Sharjah</sa:city><sa:country>United Arab Emirates</sa:country></sa:affiliation><ce:source-text id="staff0001">Department of Civil Engineering, College of Engineering, American University of Sharjah, PO Box 26666, Sharjah, United Arab Emirates</ce:source-text></ce:affiliation><ce:correspondence id="cor0001"><ce:label>&#x204e;</ce:label><ce:text id="cetext0001">Corresponding author.</ce:text></ce:correspondence><ce:footnote id="fn1"><ce:label>1</ce:label><ce:note-para id="notep0001" view="all">Present address: Currently, Postdoctoral Fellow, Department of Buildings, Civil and Environmental Engineering, Concordia University, Canada.</ce:note-para></ce:footnote></ce:author-group><ce:date-received day="3" month="3" year="2021"/><ce:date-revised day="1" month="11" year="2021"/><ce:date-accepted day="8" month="11" year="2021"/><ce:abstract id="abs0001" view="all" class="author"><ce:section-title id="cesectitle0001">Abstract</ce:section-title><ce:abstract-sec id="abss0001" view="all"><ce:simple-para id="spara002" view="all">The data provided in this article quantifies the potential seismic losses in multi-story buildings located in Dubai, UAE. Besides, it developed GIS-based seismic risk maps, which form essential inputs towards the seismic resilience of buildings. The GIS data described herein come from different sources. The base map including the major roads, key land use classes, and administrative boundaries are from the ArcMap maps library. The Dubai districts were digitized in ArcMap from a rectified Worldview imagery of Dubai. The seismic risk analysis data are represented as attributes of the centroids of Dubai districts, which is the main data layer. The GIS-based seismic risk maps are raster GIS layers, which are created in ArcGIS using the Inverse Distance Weighted (IDW) interpolation method. The base map template is from the ArcMap maps library.</ce:simple-para></ce:abstract-sec></ce:abstract><ce:keywords id="keys0001" view="all" class="keyword"><ce:section-title id="cesectitle0002">Keywords</ce:section-title><ce:keyword id="key0001"><ce:text id="cetext0002">Seismic resilience</ce:text></ce:keyword><ce:keyword id="key0002"><ce:text id="cetext0003">Earthquake damage</ce:text></ce:keyword><ce:keyword id="key0003"><ce:text id="cetext0004">Socioeconomic losses</ce:text></ce:keyword><ce:keyword id="key0004"><ce:text id="cetext0005">Preparedness</ce:text></ce:keyword><ce:keyword id="key0005"><ce:text id="cetext0006">GIS</ce:text></ce:keyword><ce:keyword id="key0006"><ce:text id="cetext0007">Dubai</ce:text></ce:keyword></ce:keywords></ja:head></ja:article></doc:document>
