<doc:document xmlns:doc="http://www.elsevier.com/xml/document/schema" xmlns:dp="http://www.elsevier.com/xml/common/doc-properties/schema" xmlns:cps="http://www.elsevier.com/xml/common/consyn-properties/schema" xmlns:rdf="http://www.w3.org/1999/02/22-rdf-syntax-ns#" xmlns:dct="http://purl.org/dc/terms/" xmlns:prism="http://prismstandard.org/namespaces/basic/2.0/" xmlns:oa="http://vtw.elsevier.com/data/ns/properties/OpenAccess-1/" xmlns:bam="http://vtw.elsevier.com/data/voc/ns/bam-vtw-1/" xmlns:cp="http://vtw.elsevier.com/data/ns/properties/Copyright-1/" xmlns:cja="http://www.elsevier.com/xml/cja/schema" xmlns:ja="http://www.elsevier.com/xml/ja/schema" xmlns:bk="http://www.elsevier.com/xml/bk/schema" xmlns:ce="http://www.elsevier.com/xml/common/schema" xmlns:mml="http://www.w3.org/1998/Math/MathML" xmlns:cals="http://www.elsevier.com/xml/common/cals/schema" xmlns:tb="http://www.elsevier.com/xml/common/table/schema" xmlns:sa="http://www.elsevier.com/xml/common/struct-aff/schema" xmlns:sb="http://www.elsevier.com/xml/common/struct-bib/schema" xmlns:xlink="http://www.w3.org/1999/xlink"><rdf:RDF><rdf:Description rdf:about="http://dx.doi.org/10.1016/j.dib.2021.107665"><dct:format>application/xml</dct:format><dct:title>Source data from a systematic review and meta-analysis of EEG and MEG studies investigating functional connectivity in idiopathic generalized epilepsy</dct:title><dct:creator>Anita L. Dharan</dct:creator><dct:creator>Stephen C. Bowden</dct:creator><dct:creator>Alan Lai</dct:creator><dct:creator>Andre D.H. Peterson</dct:creator><dct:creator>Mike W.-L. Cheung</dct:creator><dct:creator>Wessel Woldman</dct:creator><dct:creator>Wendyl J. D'Souza</dct:creator><dct:subject><rdf:Bag><rdf:li>Network analysis</rdf:li><rdf:li>Functional connectivity</rdf:li><rdf:li>Generalized epilepsy</rdf:li><rdf:li>Meta-analysis</rdf:li></rdf:Bag></dct:subject><dct:description>Data in Brief 39 (2021). doi:10.1016/j.dib.2021.107665</dct:description><prism:aggregationType>journal</prism:aggregationType><prism:publicationName>Data in Brief</prism:publicationName><prism:copyright>&#169; 2021 The Authors. Published by Elsevier Inc.</prism:copyright><dct:publisher>Elsevier Inc.</dct:publisher><prism:issn>2352-3409</prism:issn><prism:volume>39</prism:volume><prism:coverDisplayDate>December 2021</prism:coverDisplayDate><prism:doi>10.1016/j.dib.2021.107665</prism:doi><prism:url>http://dx.doi.org/10.1016/j.dib.2021.107665</prism:url><dct:identifier>doi:10.1016/j.dib.2021.107665</dct:identifier><bam:articleNumber>107665</bam:articleNumber><oa:openAccessInformation><oa:openAccessStatus xmlns:xsi="http://www.w3.org/2001/XMLSchema-instance">http://vtw.elsevier.com/data/voc/oa/OpenAccessStatus#Full</oa:openAccessStatus><oa:openAccessEffective xmlns:xsi="http://www.w3.org/2001/XMLSchema-instance">2021-11-30T13:19:53Z</oa:openAccessEffective><oa:sponsor xmlns:xsi="http://www.w3.org/2001/XMLSchema-instance"><oa:sponsorName>Australian and New Zealand Institutes</oa:sponsorName><oa:sponsorType>http://vtw.elsevier.com/data/voc/oa/SponsorType#Author</oa:sponsorType></oa:sponsor><oa:userLicense xmlns:xsi="http://www.w3.org/2001/XMLSchema-instance">http://creativecommons.org/licenses/by-nc-nd/4.0/</oa:userLicense></oa:openAccessInformation><cp:licenseLine xmlns:xsi="http://www.w3.org/2001/XMLSchema-instance">This is an open access article under the CC BY-NC-ND license.</cp:licenseLine></rdf:Description></rdf:RDF><dp:document-properties><dp:aggregation-type>Journals</dp:aggregation-type><dp:version-number>S300.1</dp:version-number></dp:document-properties><ja:article docsubtype="dat" version="5.6" xml:lang="en"><ja:item-info><ja:jid>DIB</ja:jid><ja:aid>107665</ja:aid><ce:article-number>107665</ce:article-number><ce:pii>S2352-3409(21)00940-9</ce:pii><ce:doi>10.1016/j.dib.2021.107665</ce:doi><ce:document-thread><ce:refers-to-document id="doc0001"><ce:pii>S1525-5050(21)00597-7</ce:pii><ce:doi>10.1016/j.yebeh.2021.108336</ce:doi></ce:refers-to-document></ce:document-thread><ce:copyright type="unknown" year="2021"/></ja:item-info><ja:head><ce:dochead id="dchd0001"><ce:textfn id="dhtxt0001">Data Article</ce:textfn></ce:dochead><ce:title id="tte0002">Source data from a systematic review and meta-analysis of EEG and MEG studies investigating functional connectivity in idiopathic generalized epilepsy</ce:title><ce:author-group id="aut0001"><ce:author id="au0001" author-id="S2352340921009409-2a9f27d7bb150374531172f93207a3bd" orcid="0000-0002-3968-656X"><ce:given-name>Anita L.</ce:given-name><ce:surname>Dharan</ce:surname><ce:contributor-role role="http://credit.niso.org/contributor-roles/conceptualization">Conceptualization</ce:contributor-role><ce:contributor-role role="http://credit.niso.org/contributor-roles/methodology">Methodology</ce:contributor-role><ce:contributor-role role="http://credit.niso.org/contributor-roles/data-curation">Data curation</ce:contributor-role><ce:contributor-role role="http://credit.niso.org/contributor-roles/investigation">Investigation</ce:contributor-role><ce:contributor-role role="http://credit.niso.org/contributor-roles/formal-analysis">Formal analysis</ce:contributor-role><ce:contributor-role role="http://credit.niso.org/contributor-roles/writing-original-draft">Writing &#x2013; original draft</ce:contributor-role><ce:cross-ref refid="aff0001"><ce:sup loc="post">a</ce:sup></ce:cross-ref><ce:cross-ref refid="cor0001"><ce:sup loc="post">&#x204e;</ce:sup></ce:cross-ref><ce:e-address id="ead0001" type="email" xlink:href="mailto:anita.dharan@unimelb.edu.au">anita.dharan@unimelb.edu.au</ce:e-address></ce:author><ce:author id="au0002" author-id="S2352340921009409-0630699f8551e15cc3414ab88421b8ca" orcid="0000-0002-8473-716X"><ce:given-name>Stephen C.</ce:given-name><ce:surname>Bowden</ce:surname><ce:contributor-role role="http://credit.niso.org/contributor-roles/conceptualization">Conceptualization</ce:contributor-role><ce:contributor-role role="http://credit.niso.org/contributor-roles/methodology">Methodology</ce:contributor-role><ce:contributor-role role="http://credit.niso.org/contributor-roles/validation">Validation</ce:contributor-role><ce:contributor-role role="http://credit.niso.org/contributor-roles/supervision">Supervision</ce:contributor-role><ce:contributor-role role="http://credit.niso.org/contributor-roles/writing-review-editing">Writing &#x2013; review &amp; editing</ce:contributor-role><ce:cross-ref refid="aff0001"><ce:sup loc="post">a</ce:sup></ce:cross-ref><ce:cross-ref refid="aff0002"><ce:sup loc="post">b</ce:sup></ce:cross-ref></ce:author><ce:author id="au0003" author-id="S2352340921009409-682795b803fb10bb13f520909b1acc3b"><ce:given-name>Alan</ce:given-name><ce:surname>Lai</ce:surname><ce:contributor-role role="http://credit.niso.org/contributor-roles/validation">Validation</ce:contributor-role><ce:contributor-role role="http://credit.niso.org/contributor-roles/supervision">Supervision</ce:contributor-role><ce:contributor-role role="http://credit.niso.org/contributor-roles/writing-review-editing">Writing &#x2013; review &amp; editing</ce:contributor-role><ce:cross-ref refid="aff0003"><ce:sup loc="post">c</ce:sup></ce:cross-ref></ce:author><ce:author id="au0004" author-id="S2352340921009409-4d1735d94a07097e04ba3212b6716e8f"><ce:given-name>Andre D.H.</ce:given-name><ce:surname>Peterson</ce:surname><ce:contributor-role role="http://credit.niso.org/contributor-roles/validation">Validation</ce:contributor-role><ce:contributor-role role="http://credit.niso.org/contributor-roles/supervision">Supervision</ce:contributor-role><ce:contributor-role role="http://credit.niso.org/contributor-roles/writing-review-editing">Writing &#x2013; review &amp; editing</ce:contributor-role><ce:cross-ref refid="aff0003"><ce:sup loc="post">c</ce:sup></ce:cross-ref></ce:author><ce:author id="au0005" author-id="S2352340921009409-1d2e052a4a2bd83bf9596a9de52fe3c6" orcid="0000-0003-0113-0758"><ce:given-name>Mike W.-L.</ce:given-name><ce:surname>Cheung</ce:surname><ce:contributor-role role="http://credit.niso.org/contributor-roles/formal-analysis">Formal analysis</ce:contributor-role><ce:contributor-role role="http://credit.niso.org/contributor-roles/validation">Validation</ce:contributor-role><ce:cross-ref refid="aff0004"><ce:sup loc="post">d</ce:sup></ce:cross-ref></ce:author><ce:author id="au0006" author-id="S2352340921009409-7f9ff339989d22e6720dc333fefd9c14" orcid="0000-0003-2957-6276"><ce:given-name>Wessel</ce:given-name><ce:surname>Woldman</ce:surname><ce:contributor-role role="http://credit.niso.org/contributor-roles/validation">Validation</ce:contributor-role><ce:contributor-role role="http://credit.niso.org/contributor-roles/writing-review-editing">Writing &#x2013; review &amp; editing</ce:contributor-role><ce:cross-ref refid="aff0005"><ce:sup loc="post">e</ce:sup></ce:cross-ref></ce:author><ce:author id="au0007" orcid="0000-0002-1750-5131" author-id="S2352340921009409-876e9d8a6c5f8f9e202358fcde5aa419"><ce:given-name>Wendyl J.</ce:given-name><ce:surname>D'Souza</ce:surname><ce:contributor-role role="http://credit.niso.org/contributor-roles/conceptualization">Conceptualization</ce:contributor-role><ce:contributor-role role="http://credit.niso.org/contributor-roles/methodology">Methodology</ce:contributor-role><ce:contributor-role role="http://credit.niso.org/contributor-roles/validation">Validation</ce:contributor-role><ce:contributor-role role="http://credit.niso.org/contributor-roles/supervision">Supervision</ce:contributor-role><ce:contributor-role role="http://credit.niso.org/contributor-roles/writing-review-editing">Writing &#x2013; review &amp; editing</ce:contributor-role><ce:cross-ref refid="aff0003"><ce:sup loc="post">c</ce:sup></ce:cross-ref></ce:author><ce:affiliation id="aff0001" affiliation-id="S2352340921009409-13d7e8fc7d7fa46cd311c08a87e00f53"><ce:label>a</ce:label><ce:textfn id="cetextfn0001">Melbourne School of Psychological Sciences, The University of Melbourne, Parkville, VIC, Australia</ce:textfn><sa:affiliation><sa:organization>Melbourne School of Psychological Sciences</sa:organization><sa:organization>The University of Melbourne</sa:organization><sa:city>Parkville</sa:city><sa:state>VIC</sa:state><sa:country>Australia</sa:country></sa:affiliation><ce:source-text id="staff0001">aMelbourne School of Psychological Sciences, The University of Melbourne, Parkville, VIC, Australia</ce:source-text></ce:affiliation><ce:affiliation id="aff0002" affiliation-id="S2352340921009409-c475fb1bb57e597ff88b95c2d1089140"><ce:label>b</ce:label><ce:textfn id="cetextfn0002">Department of Clinical Neurosciences, St Vincent's Hospital Melbourne, Fitzroy, VIC, Australia</ce:textfn><sa:affiliation><sa:organization>Department of Clinical Neurosciences</sa:organization><sa:organization>St Vincent's Hospital Melbourne</sa:organization><sa:city>Fitzroy</sa:city><sa:state>VIC</sa:state><sa:country>Australia</sa:country></sa:affiliation><ce:source-text id="staff0002">bDepartment of Clinical Neurosciences, St Vincent's Hospital Melbourne, Fitzroy, VIC, Australia</ce:source-text></ce:affiliation><ce:affiliation id="aff0003" affiliation-id="S2352340921009409-569bd0c6664523bf0648c5dcefc88d17"><ce:label>c</ce:label><ce:textfn id="cetextfn0003">Department of Medicine, St Vincent's Hospital, The University of Melbourne, Fitzroy, VIC, Australia</ce:textfn><sa:affiliation><sa:organization>Department of Medicine</sa:organization><sa:organization>St Vincent's Hospital</sa:organization><sa:organization>The University of Melbourne</sa:organization><sa:city>Fitzroy</sa:city><sa:state>VIC</sa:state><sa:country>Australia</sa:country></sa:affiliation><ce:source-text id="staff0003">cDepartment of Medicine, St Vincent's Hospital, The University of Melbourne, Fitzroy, VIC, Australia</ce:source-text></ce:affiliation><ce:affiliation id="aff0004" affiliation-id="S2352340921009409-850abbd7e8f2360d6f7e08f11a807469"><ce:label>d</ce:label><ce:textfn id="cetextfn0004">Department of Psychology, National University of Singapore, Singapore</ce:textfn><sa:affiliation><sa:organization>Department of Psychology</sa:organization><sa:organization>National University of Singapore</sa:organization><sa:country>Singapore</sa:country></sa:affiliation><ce:source-text id="staff0004">dDepartment of Psychology, National University of Singapore, Singapore</ce:source-text></ce:affiliation><ce:affiliation id="aff0005" affiliation-id="S2352340921009409-26c4327411aa03f017de505fd3f12e0e"><ce:label>e</ce:label><ce:textfn id="cetextfn0005">Centre for Systems Modelling and Quantitative Biomedicine, University of Birmingham, Edgbaston, United Kingdom</ce:textfn><sa:affiliation><sa:organization>Centre for Systems Modelling and Quantitative Biomedicine</sa:organization><sa:organization>University of Birmingham</sa:organization><sa:city>Edgbaston</sa:city><sa:country>United Kingdom</sa:country></sa:affiliation><ce:source-text id="staff0005">eCentre for Systems Modelling and Quantitative Biomedicine, University of Birmingham, Edgbaston, United Kingdom</ce:source-text></ce:affiliation><ce:correspondence id="cor0001"><ce:label>&#x204e;</ce:label><ce:text id="cetext0001">Corresponding author.</ce:text></ce:correspondence></ce:author-group><ce:date-received day="27" month="10" year="2021"/><ce:date-revised day="27" month="11" year="2021"/><ce:date-accepted day="29" month="11" year="2021"/><ce:abstract id="abs0001" view="all" class="author"><ce:section-title id="cesectitle0001">Abstract</ce:section-title><ce:abstract-sec id="abss0001" view="all"><ce:simple-para id="spara016" view="all">This article describes source data from a systematic review and meta-analysis of electroencephalography (EEG) and magnetoencephalography (MEG) studies investigating functional connectivity in idiopathic generalized epilepsy. Data selection, analysis and reporting was performed according to PRISMA guidelines. Eligible studies for review were identified from human case-control, and cohort studies. Twenty-two studies were included in the review. Extracted descriptive data included sample characteristics, acquisition&#160;of&#160;EEG or MEG recordings and network construction. Reported differences between IGE and control groups in functional connectivity or network metrics were extracted as the main outcome measure. Qualitative group differences in functional connectivity were synthesized through narrative review. Meta-analysis was performed for group-level, quantitative estimates of common network&#160;metrics&#160;clustering coefficient, path length, mean degree and nodal strength. Six studies were included in the meta-analysis. Risk of bias was assessed across all studies. Raw and synthesized data for included studies are reported, alongside effect size and heterogeneity statistics from meta-analyses. Network neurosciences is a rapidly expanding area of research, with significant potential for clinical applications in epilepsy. This data article provides novel, statistical estimates of brain network differences from patients with IGE relative to healthy controls, across the existing literature. Increasing data accessibility supports study replication and improves study comparability for future reviews, enabling a better understanding of network characteristics in IGE.</ce:simple-para></ce:abstract-sec></ce:abstract><ce:keywords id="keys0001" view="all" class="keyword"><ce:section-title id="cesectitle0002">Keywords</ce:section-title><ce:keyword id="key0001"><ce:text id="cetext0002">Network analysis</ce:text></ce:keyword><ce:keyword id="key0002"><ce:text id="cetext0003">Functional connectivity</ce:text></ce:keyword><ce:keyword id="key0003"><ce:text id="cetext0004">Generalized epilepsy</ce:text></ce:keyword><ce:keyword id="key0004"><ce:text id="cetext0005">Meta-analysis</ce:text></ce:keyword></ce:keywords></ja:head></ja:article></doc:document>
