<doc:document xmlns:doc="http://www.elsevier.com/xml/document/schema" xmlns:dp="http://www.elsevier.com/xml/common/doc-properties/schema" xmlns:cps="http://www.elsevier.com/xml/common/consyn-properties/schema" xmlns:rdf="http://www.w3.org/1999/02/22-rdf-syntax-ns#" xmlns:dct="http://purl.org/dc/terms/" xmlns:prism="http://prismstandard.org/namespaces/basic/2.0/" xmlns:oa="http://vtw.elsevier.com/data/ns/properties/OpenAccess-1/" xmlns:bam="http://vtw.elsevier.com/data/voc/ns/bam-vtw-1/" xmlns:cp="http://vtw.elsevier.com/data/ns/properties/Copyright-1/" xmlns:cja="http://www.elsevier.com/xml/cja/schema" xmlns:ja="http://www.elsevier.com/xml/ja/schema" xmlns:bk="http://www.elsevier.com/xml/bk/schema" xmlns:ce="http://www.elsevier.com/xml/common/schema" xmlns:mml="http://www.w3.org/1998/Math/MathML" xmlns:cals="http://www.elsevier.com/xml/common/cals/schema" xmlns:tb="http://www.elsevier.com/xml/common/table/schema" xmlns:sa="http://www.elsevier.com/xml/common/struct-aff/schema" xmlns:sb="http://www.elsevier.com/xml/common/struct-bib/schema" xmlns:xlink="http://www.w3.org/1999/xlink"><rdf:RDF><rdf:Description rdf:about="http://dx.doi.org/10.1016/j.dib.2021.107693"><dct:format>application/xml</dct:format><dct:title>Geographical information dataset &#x201c;geosynthetics in coastal protection of the South-East Baltic&#x201d;</dct:title><dct:creator>Dmitry Domnin</dct:creator><dct:creator>Eugeny Burnashov</dct:creator><dct:subject><rdf:Bag><rdf:li>Geosynthetics</rdf:li><rdf:li>Geotextiles</rdf:li><rdf:li>Coastal protection</rdf:li><rdf:li>GIS</rdf:li><rdf:li>Remote data</rdf:li><rdf:li>Baltic Sea</rdf:li></rdf:Bag></dct:subject><dct:description>Data in Brief 40 (2022). doi:10.1016/j.dib.2021.107693</dct:description><prism:aggregationType>journal</prism:aggregationType><prism:publicationName>Data in Brief</prism:publicationName><prism:copyright>&#169; 2021 The Authors. Published by Elsevier Inc.</prism:copyright><dct:publisher>Elsevier Inc.</dct:publisher><prism:issn>2352-3409</prism:issn><prism:volume>40</prism:volume><prism:coverDisplayDate>February 2022</prism:coverDisplayDate><prism:doi>10.1016/j.dib.2021.107693</prism:doi><prism:url>http://dx.doi.org/10.1016/j.dib.2021.107693</prism:url><dct:identifier>doi:10.1016/j.dib.2021.107693</dct:identifier><bam:articleNumber>107693</bam:articleNumber><oa:openAccessInformation><oa:openAccessStatus xmlns:xsi="http://www.w3.org/2001/XMLSchema-instance">http://vtw.elsevier.com/data/voc/oa/OpenAccessStatus#Full</oa:openAccessStatus><oa:openAccessEffective xmlns:xsi="http://www.w3.org/2001/XMLSchema-instance">2021-12-07T15:33:09Z</oa:openAccessEffective><oa:sponsor xmlns:xsi="http://www.w3.org/2001/XMLSchema-instance"><oa:sponsorName>Russia: LE Tracking</oa:sponsorName><oa:sponsorType>http://vtw.elsevier.com/data/voc/oa/SponsorType#FundingBody</oa:sponsorType></oa:sponsor><oa:userLicense xmlns:xsi="http://www.w3.org/2001/XMLSchema-instance">http://creativecommons.org/licenses/by/4.0/</oa:userLicense></oa:openAccessInformation><cp:licenseLine xmlns:xsi="http://www.w3.org/2001/XMLSchema-instance">This is an open access article under the CC BY license.</cp:licenseLine></rdf:Description></rdf:RDF><dp:document-properties><dp:aggregation-type>Journals</dp:aggregation-type><dp:version-number>S300.1</dp:version-number></dp:document-properties><ja:article docsubtype="dat" version="5.6" xml:lang="en"><ja:item-info><ja:jid>DIB</ja:jid><ja:aid>107693</ja:aid><ce:article-number>107693</ce:article-number><ce:pii>S2352-3409(21)00968-9</ce:pii><ce:doi>10.1016/j.dib.2021.107693</ce:doi><ce:copyright type="other" year="2021">The Authors</ce:copyright></ja:item-info><ja:head><ce:dochead id="dchd0001"><ce:textfn id="dhtxt0001">Data Article</ce:textfn></ce:dochead><ce:title id="tte0002">Geographical information dataset &#x201c;geosynthetics in coastal protection of the South-East Baltic&#x201d;</ce:title><ce:author-group id="aut0001"><ce:author id="au0001" author-id="S2352340921009689-4b4a69918dfe6a0ba51c3557b01a3b18" orcid="0000-0001-8627-2055"><ce:given-name>Dmitry</ce:given-name><ce:surname>Domnin</ce:surname><ce:contributor-role role="http://credit.niso.org/contributor-roles/conceptualization">Conceptualization</ce:contributor-role><ce:contributor-role role="http://credit.niso.org/contributor-roles/methodology">Methodology</ce:contributor-role><ce:contributor-role role="http://credit.niso.org/contributor-roles/data-curation">Data curation</ce:contributor-role><ce:contributor-role role="http://credit.niso.org/contributor-roles/visualization">Visualization</ce:contributor-role><ce:contributor-role role="http://credit.niso.org/contributor-roles/writing-original-draft">Writing &#x2013; original draft</ce:contributor-role><ce:cross-ref refid="aff0001"><ce:sup loc="post">a</ce:sup></ce:cross-ref><ce:cross-ref refid="cor0001"><ce:sup loc="post">&#x204e;</ce:sup></ce:cross-ref><ce:e-address id="ead0001" type="email" xlink:href="mailto:dmitriy.domnin@atlantic.ocean.ru">dmitriy.domnin@atlantic.ocean.ru</ce:e-address></ce:author><ce:author id="au0002" author-id="S2352340921009689-fda6cc179ab685dc95002e486015fbaf"><ce:given-name>Eugeny</ce:given-name><ce:surname>Burnashov</ce:surname><ce:contributor-role role="http://credit.niso.org/contributor-roles/resources">Resources</ce:contributor-role><ce:contributor-role role="http://credit.niso.org/contributor-roles/data-curation">Data curation</ce:contributor-role><ce:contributor-role role="http://credit.niso.org/contributor-roles/writing-original-draft">Writing &#x2013; original draft</ce:contributor-role><ce:cross-ref refid="aff0002"><ce:sup loc="post">b</ce:sup></ce:cross-ref></ce:author><ce:affiliation id="aff0001" affiliation-id="S2352340921009689-61bcc7bd07a0ee2d3f99762442fed9e2"><ce:label>a</ce:label><ce:textfn id="cetextfn0001">Shirshov Institute of Oceanology, Russian Academy of Sciences, Moscow 117997, Russia</ce:textfn><sa:affiliation><sa:organization>Shirshov Institute of Oceanology</sa:organization><sa:organization>Russian Academy of Sciences</sa:organization><sa:city>Moscow</sa:city><sa:postal-code>117997</sa:postal-code><sa:country>Russia</sa:country></sa:affiliation><ce:source-text id="staff0001">aShirshov Institute of Oceanology, Russian Academy of Sciences, Moscow 117997, Russia</ce:source-text></ce:affiliation><ce:affiliation id="aff0002" affiliation-id="S2352340921009689-50198158d94e1bfbdf6db4e1f2b7dbdc"><ce:label>b</ce:label><ce:textfn id="cetextfn0002">SBI KO &#x201c;Baltberegozashchita&#x201d;, Svetlogorsk 238560, Russia</ce:textfn><sa:affiliation><sa:organization>SBI KO &#x201c;Baltberegozashchita&#x201d;</sa:organization><sa:city>Svetlogorsk</sa:city><sa:postal-code>238560</sa:postal-code><sa:country>Russia</sa:country></sa:affiliation><ce:source-text id="staff0002">bSBI KO &#x201c;Baltberegozashchita&#x201d;, Svetlogorsk 238560, Russia</ce:source-text></ce:affiliation><ce:correspondence id="cor0001"><ce:label>&#x204e;</ce:label><ce:text id="cetext0001">Corresponding author.</ce:text></ce:correspondence></ce:author-group><ce:date-received day="28" month="10" year="2021"/><ce:date-revised day="3" month="12" year="2021"/><ce:date-accepted day="6" month="12" year="2021"/><ce:abstract id="abs0001" view="all" class="author"><ce:section-title id="cesectitle0001">Abstract</ce:section-title><ce:abstract-sec id="abss0001" view="all"><ce:simple-para id="spara006" view="all">The database provides information on coastal protection structures (containing geosynthetic materials) located on the coast of the South-East Baltic, in the Kaliningrad Oblast (Russia) and the Pomeranian Voivodeship (Poland). The fragments of geosynthetics may enter the environment due to partial destruction and operational losses and become a new type of coastal pollution. The database contains the following sections: the tabular data about coastal protecting structures [ProtectingStructures_tab.xlsx]; the point vector geodata about these structures [ProtectingStructures_pnt.kmz] and used geosynthetic materials; the satellite images and photos [ProtectingStructures_images.pdf] demonstrated the general and close-up location of the coastal protecting structures in the satellite image, as well as their seeming. Information was collected during the ERANET-RUS_Plus joint project EI-GEO, ID 212 (RFBR 18-55-76002 ERA_a, BMBF 01DJ18005).</ce:simple-para></ce:abstract-sec></ce:abstract><ce:keywords id="keys0001" view="all" class="keyword"><ce:section-title id="cesectitle0002">Keywords</ce:section-title><ce:keyword id="key0001"><ce:text id="cetext0002">Geosynthetics</ce:text></ce:keyword><ce:keyword id="key0002"><ce:text id="cetext0003">Geotextiles</ce:text></ce:keyword><ce:keyword id="key0003"><ce:text id="cetext0004">Coastal protection</ce:text></ce:keyword><ce:keyword id="key0004"><ce:text id="cetext0005">GIS</ce:text></ce:keyword><ce:keyword id="key0005"><ce:text id="cetext0006">Remote data</ce:text></ce:keyword><ce:keyword id="key0006"><ce:text id="cetext0007">Baltic Sea</ce:text></ce:keyword></ce:keywords></ja:head></ja:article></doc:document>
