<doc:document xmlns:doc="http://www.elsevier.com/xml/document/schema" xmlns:dp="http://www.elsevier.com/xml/common/doc-properties/schema" xmlns:cps="http://www.elsevier.com/xml/common/consyn-properties/schema" xmlns:rdf="http://www.w3.org/1999/02/22-rdf-syntax-ns#" xmlns:dct="http://purl.org/dc/terms/" xmlns:prism="http://prismstandard.org/namespaces/basic/2.0/" xmlns:oa="http://vtw.elsevier.com/data/ns/properties/OpenAccess-1/" xmlns:bam="http://vtw.elsevier.com/data/voc/ns/bam-vtw-1/" xmlns:cp="http://vtw.elsevier.com/data/ns/properties/Copyright-1/" xmlns:cja="http://www.elsevier.com/xml/cja/schema" xmlns:ja="http://www.elsevier.com/xml/ja/schema" xmlns:bk="http://www.elsevier.com/xml/bk/schema" xmlns:ce="http://www.elsevier.com/xml/common/schema" xmlns:mml="http://www.w3.org/1998/Math/MathML" xmlns:cals="http://www.elsevier.com/xml/common/cals/schema" xmlns:tb="http://www.elsevier.com/xml/common/table/schema" xmlns:sa="http://www.elsevier.com/xml/common/struct-aff/schema" xmlns:sb="http://www.elsevier.com/xml/common/struct-bib/schema" xmlns:xlink="http://www.w3.org/1999/xlink"><rdf:RDF><rdf:Description rdf:about="http://dx.doi.org/10.1016/j.dib.2022.107807"><dct:format>application/xml</dct:format><dct:title>Datasets for the development of hemp (Cannabis sativa L.) as a crop for the future in tropical environments (Malaysia)</dct:title><dct:creator>Eranga M. Wimalasiri</dct:creator><dct:creator>Ebrahim Jahanshiri</dct:creator><dct:creator>Tengku Adhwa Syaherah</dct:creator><dct:creator>Niluka Kuruppuarachchi</dct:creator><dct:creator>Vimbayi G.P. Chimonyo</dct:creator><dct:creator>Sayed N. Azam-Ali</dct:creator><dct:creator>Peter J. Gregory</dct:creator><dct:subject><rdf:Bag><rdf:li>Agri-environmental data</rdf:li><rdf:li>AquaCrop</rdf:li><rdf:li>Hemp economics</rdf:li><rdf:li>Industrial hemp</rdf:li><rdf:li>Land suitability assessment</rdf:li><rdf:li>NPVB</rdf:li><rdf:li>Yield potential</rdf:li></rdf:Bag></dct:subject><dct:description>Data in Brief 40 (2022). doi:10.1016/j.dib.2022.107807</dct:description><prism:aggregationType>journal</prism:aggregationType><prism:publicationName>Data in Brief</prism:publicationName><prism:copyright>&#169; 2022 The Author(s). Published by Elsevier Inc.</prism:copyright><dct:publisher>Elsevier Inc.</dct:publisher><prism:issn>2352-3409</prism:issn><prism:volume>40</prism:volume><prism:coverDisplayDate>February 2022</prism:coverDisplayDate><prism:doi>10.1016/j.dib.2022.107807</prism:doi><prism:url>http://dx.doi.org/10.1016/j.dib.2022.107807</prism:url><dct:identifier>doi:10.1016/j.dib.2022.107807</dct:identifier><bam:articleNumber>107807</bam:articleNumber><oa:openAccessInformation><oa:openAccessStatus xmlns:xsi="http://www.w3.org/2001/XMLSchema-instance">http://vtw.elsevier.com/data/voc/oa/OpenAccessStatus#Full</oa:openAccessStatus><oa:openAccessEffective xmlns:xsi="http://www.w3.org/2001/XMLSchema-instance">2022-01-06T15:58:11Z</oa:openAccessEffective><oa:sponsor xmlns:xsi="http://www.w3.org/2001/XMLSchema-instance"><oa:sponsorName>European Research Council</oa:sponsorName><oa:sponsorType>http://vtw.elsevier.com/data/voc/oa/SponsorType#FundingBody</oa:sponsorType></oa:sponsor><oa:userLicense xmlns:xsi="http://www.w3.org/2001/XMLSchema-instance">http://creativecommons.org/licenses/by-nc-nd/4.0/</oa:userLicense></oa:openAccessInformation><cp:licenseLine xmlns:xsi="http://www.w3.org/2001/XMLSchema-instance">This is an open access article under the CC BY-NC-ND license.</cp:licenseLine></rdf:Description></rdf:RDF><dp:document-properties><dp:aggregation-type>Journals</dp:aggregation-type><dp:version-number>S300.1</dp:version-number></dp:document-properties><ja:article docsubtype="dat" version="5.6" xml:lang="en"><ja:item-info><ja:jid>DIB</ja:jid><ja:aid>107807</ja:aid><ce:article-number>107807</ce:article-number><ce:pii>S2352-3409(22)00019-1</ce:pii><ce:doi>10.1016/j.dib.2022.107807</ce:doi><ce:copyright type="unknown" year="2022"/></ja:item-info><ja:head><ce:dochead id="dchd0001"><ce:textfn id="dhtxt0001">Data Article</ce:textfn></ce:dochead><ce:title id="tte0002">Datasets for the development of hemp (<ce:italic>Cannabis sativa</ce:italic> L.) as a crop for the future in tropical environments (Malaysia)</ce:title><ce:author-group id="aut0001"><ce:author id="au0001" author-id="S2352340922000191-c619230d1e186b487dd8280b4828018a" orcid="0000-0002-2527-7650"><ce:given-name>Eranga M.</ce:given-name><ce:surname>Wimalasiri</ce:surname><ce:contributor-role role="http://credit.niso.org/contributor-roles/conceptualization">Conceptualization</ce:contributor-role><ce:contributor-role role="http://credit.niso.org/contributor-roles/methodology">Methodology</ce:contributor-role><ce:contributor-role role="http://credit.niso.org/contributor-roles/software">Software</ce:contributor-role><ce:contributor-role role="http://credit.niso.org/contributor-roles/formal-analysis">Formal analysis</ce:contributor-role><ce:contributor-role role="http://credit.niso.org/contributor-roles/writing-original-draft">Writing &#x2013; original draft</ce:contributor-role><ce:contributor-role role="http://credit.niso.org/contributor-roles/visualization">Visualization</ce:contributor-role><ce:cross-ref refid="aff0001"><ce:sup loc="post">a</ce:sup></ce:cross-ref><ce:cross-ref refid="aff0002"><ce:sup loc="post">b</ce:sup></ce:cross-ref></ce:author><ce:author id="au0002" author-id="S2352340922000191-3efc61f8fcd2952077e7b097d2d44071" orcid="0000-0002-9110-1880"><ce:given-name>Ebrahim</ce:given-name><ce:surname>Jahanshiri</ce:surname><ce:contributor-role role="http://credit.niso.org/contributor-roles/conceptualization">Conceptualization</ce:contributor-role><ce:contributor-role role="http://credit.niso.org/contributor-roles/methodology">Methodology</ce:contributor-role><ce:contributor-role role="http://credit.niso.org/contributor-roles/software">Software</ce:contributor-role><ce:contributor-role role="http://credit.niso.org/contributor-roles/formal-analysis">Formal analysis</ce:contributor-role><ce:contributor-role role="http://credit.niso.org/contributor-roles/writing-original-draft">Writing &#x2013; original draft</ce:contributor-role><ce:cross-ref refid="aff0001"><ce:sup loc="post">a</ce:sup></ce:cross-ref><ce:cross-ref refid="aff0003"><ce:sup loc="post">c</ce:sup></ce:cross-ref><ce:cross-ref refid="cor0001"><ce:sup loc="post">&#x204e;</ce:sup></ce:cross-ref><ce:e-address id="ead0001" type="email" xlink:href="mailto:e.jahan@cropsforthefutureuk.org">e.jahan@cropsforthefutureuk.org</ce:e-address><ce:e-address id="ea3" type="social-media" xlink:href="https://twitter.com/EJ43045037">@EJ43045037</ce:e-address></ce:author><ce:author id="au0003" author-id="S2352340922000191-e0e0e0d9f7d44a84f9462ab7308e7ee0"><ce:given-name>Tengku Adhwa</ce:given-name><ce:surname>Syaherah</ce:surname><ce:contributor-role role="http://credit.niso.org/contributor-roles/methodology">Methodology</ce:contributor-role><ce:contributor-role role="http://credit.niso.org/contributor-roles/software">Software</ce:contributor-role><ce:contributor-role role="http://credit.niso.org/contributor-roles/visualization">Visualization</ce:contributor-role><ce:cross-ref refid="aff0001"><ce:sup loc="post">a</ce:sup></ce:cross-ref><ce:cross-ref refid="aff0004"><ce:sup loc="post">d</ce:sup></ce:cross-ref></ce:author><ce:author id="au0004" author-id="S2352340922000191-7873dcf448556194424a5d469484a216"><ce:given-name>Niluka</ce:given-name><ce:surname>Kuruppuarachchi</ce:surname><ce:contributor-role role="http://credit.niso.org/contributor-roles/methodology">Methodology</ce:contributor-role><ce:contributor-role role="http://credit.niso.org/contributor-roles/formal-analysis">Formal analysis</ce:contributor-role><ce:cross-ref refid="aff0005"><ce:sup loc="post">e</ce:sup></ce:cross-ref></ce:author><ce:author id="au0005" author-id="S2352340922000191-149a90d81f94113fdd6a7f497fc9761e"><ce:given-name>Vimbayi G.P.</ce:given-name><ce:surname>Chimonyo</ce:surname><ce:contributor-role role="http://credit.niso.org/contributor-roles/methodology">Methodology</ce:contributor-role><ce:contributor-role role="http://credit.niso.org/contributor-roles/software">Software</ce:contributor-role><ce:contributor-role role="http://credit.niso.org/contributor-roles/validation">Validation</ce:contributor-role><ce:cross-ref refid="aff0006"><ce:sup loc="post">f</ce:sup></ce:cross-ref></ce:author><ce:author id="au0006" author-id="S2352340922000191-7d446bf65791d390b1dfcfef68c8af1a"><ce:given-name>Sayed N.</ce:given-name><ce:surname>Azam-Ali</ce:surname><ce:contributor-role role="http://credit.niso.org/contributor-roles/writing-review-editing">Writing &#x2013; review &amp; editing</ce:contributor-role><ce:cross-ref refid="aff0001"><ce:sup loc="post">a</ce:sup></ce:cross-ref></ce:author><ce:author id="au0007" author-id="S2352340922000191-6aaec9f9600464143b3d56da11bc9ff6"><ce:given-name>Peter J.</ce:given-name><ce:surname>Gregory</ce:surname><ce:contributor-role role="http://credit.niso.org/contributor-roles/writing-review-editing">Writing &#x2013; review &amp; editing</ce:contributor-role><ce:cross-ref refid="aff0001"><ce:sup loc="post">a</ce:sup></ce:cross-ref><ce:cross-ref refid="aff0007"><ce:sup loc="post">g</ce:sup></ce:cross-ref></ce:author><ce:affiliation id="aff0001" affiliation-id="S2352340922000191-a24e3574688644444d6148700204bb3a"><ce:label>a</ce:label><ce:textfn id="cetextfn0001">Crops For the Future UK, NIAB, 93 Lawrence Weaver Road, Cambridge CB3 0LE, UK.</ce:textfn><sa:affiliation><sa:organization>Crops for the Future UK, NIAB</sa:organization><sa:address-line>93 Lawrence Weaver Road</sa:address-line><sa:city>Cambridge</sa:city><sa:postal-code>CB3 0LE</sa:postal-code><sa:country>UK</sa:country></sa:affiliation><ce:source-text id="staff0001">aCrops For the Future UK, NIAB, 93 Lawrence Weaver Road, Cambridge CB3 0LE, UK</ce:source-text></ce:affiliation><ce:affiliation id="aff0002" affiliation-id="S2352340922000191-705a168320c057246a4876cbc5de6aa4"><ce:label>b</ce:label><ce:textfn id="cetextfn0002">Department of Export Agriculture, Faculty of Agricultural Sciences, Sabaragamuwa University of Sri Lanka, Belihuloya, Sri Lanka</ce:textfn><sa:affiliation><sa:organization>Department of Export Agriculture</sa:organization><sa:organization>Faculty of Agricultural Sciences</sa:organization><sa:organization>Sabaragamuwa University of Sri Lanka</sa:organization><sa:city>Belihuloya</sa:city><sa:country>Sri Lanka</sa:country></sa:affiliation><ce:source-text id="staff0002">bDepartment of Export Agriculture, Faculty of Agricultural Sciences, Sabaragamuwa University of Sri Lanka, Belihuloya, Sri Lanka</ce:source-text></ce:affiliation><ce:affiliation id="aff0003" affiliation-id="S2352340922000191-6c47e7a8f290bca3230c3213887d0e11"><ce:label>c</ce:label><ce:textfn id="cetextfn0003">Department of Computer Science, University of Gothenburge, Gothenburg 40530, Sweden</ce:textfn><sa:affiliation><sa:organization>Department of Computer Science</sa:organization><sa:organization>University of Gothenburge</sa:organization><sa:city>Gothenburg</sa:city><sa:postal-code>40530</sa:postal-code><sa:country>Sweden</sa:country></sa:affiliation><ce:source-text id="staff0003">cDepartment of Computer Science, University of Gothenburge, Gothenburg 40530, Sweden</ce:source-text></ce:affiliation><ce:affiliation id="aff0004" affiliation-id="S2352340922000191-f7862e85e05c59b260aef88d6e63485c"><ce:label>d</ce:label><ce:textfn id="cetextfn0004">Faculty of Engineering, University Putra Malaysia, Serdang, Selangor Darul Ehsan 43400, Malaysia</ce:textfn><sa:affiliation><sa:organization>Department of Biological and Agricultural Engineering</sa:organization><sa:organization>Faculty of Engineering</sa:organization><sa:organization>University Putra Malaysia</sa:organization><sa:city>Serdang</sa:city><sa:state>Selangor Darul Ehsan</sa:state><sa:postal-code>43400</sa:postal-code><sa:country>Malaysia</sa:country></sa:affiliation><ce:source-text id="staff0004">dDepartment of Biological and Agricultural Engineering, Faculty of Engineering, University Putra Malaysia, Serdang, Selangor Darul Ehsan 43400, Malaysia</ce:source-text></ce:affiliation><ce:affiliation id="aff0005" affiliation-id="S2352340922000191-0498a46ae90999f380712309f9ff63a1"><ce:label>e</ce:label><ce:textfn id="cetextfn0005">Postgraduate Institute of Agriculture, University of Peradeniya, Sri Lanka</ce:textfn><sa:affiliation><sa:organization>Postgraduate Institute of Agriculture</sa:organization><sa:organization>University of Peradeniya</sa:organization><sa:country>Sri Lanka</sa:country></sa:affiliation><ce:source-text id="staff0005">ePostgraduate Institute of Agriculture, University of Peradeniya, Sri Lanka</ce:source-text></ce:affiliation><ce:affiliation id="aff0006" affiliation-id="S2352340922000191-631a062afb07913bc012a813aeae50cd"><ce:label>f</ce:label><ce:textfn id="cetextfn0006">CIMMYT-Zimbabwe, 12.5 KM Peg, Mazowe Road, Mount Pleasant, Harare, Zimbabwe</ce:textfn><sa:affiliation><sa:organization>CIMMYT-Zimbabwe</sa:organization><sa:address-line>12.5 KM Peg, Mazowe Road, Mount Pleasant</sa:address-line><sa:city>Harare</sa:city><sa:country>Zimbabwe</sa:country></sa:affiliation><ce:source-text id="staff0006">fCIMMYT-Zimbabwe, 12.5 KM Peg, Mazowe Road, Mount Pleasant, Harare, Zimbabwe</ce:source-text></ce:affiliation><ce:affiliation id="aff0007" affiliation-id="S2352340922000191-542f434bdf94f9b6c44bd1e24442d63e"><ce:label>g</ce:label><ce:textfn id="cetextfn0007">School of Agriculture, Policy &amp; Development, University of Reading, Earley Gate, Reading, UK</ce:textfn><sa:affiliation><sa:organization>School of Agriculture</sa:organization><sa:organization>Policy &amp; Development</sa:organization><sa:organization>University of Reading</sa:organization><sa:address-line>Earley Gate</sa:address-line><sa:city>Reading</sa:city><sa:country>UK</sa:country></sa:affiliation><ce:source-text id="staff0007">gSchool of Agriculture, Policy &amp; Development, University of Reading, Earley Gate, Reading, UK</ce:source-text></ce:affiliation><ce:correspondence id="cor0001"><ce:label>&#x204e;</ce:label><ce:text id="cetext0001">Corresponding author at: NIAB, Crops for the Future UK, 93 Lawrence Weaver Road, Cambridge, England, UK.</ce:text><sa:affiliation><sa:organization>NIAB</sa:organization><sa:organization>Crops for the Future UK</sa:organization><sa:address-line>93 Lawrence Weaver Road</sa:address-line><sa:city>Cambridge</sa:city><sa:state>England</sa:state><sa:country>UK</sa:country></sa:affiliation></ce:correspondence></ce:author-group><ce:date-received day="17" month="9" year="2021"/><ce:date-revised day="2" month="1" year="2022"/><ce:date-accepted day="5" month="1" year="2022"/><ce:abstract id="abs0001" view="all" class="author"><ce:section-title id="cesectitle0001">Abstract</ce:section-title><ce:abstract-sec id="abss0001" view="all"><ce:simple-para id="spara012" view="all">An evidence base was developed to facilitate adoption of hemp (<ce:italic>Cannabis sativa</ce:italic> L.) in tropical environments (Wimalasiri et&#160;al. (2021)). Agro-ecological requirements data of hemp were acquired from international databases and was contrasted against local climate and soil conditions using an augmented species ecological niche modeling. The outputs were then used to map the suitability for all locations for 12 possible calendar-year seasons within peninsular Malaysia. The most probable seasonal map was then used to generate a land suitability map for agricultural areas across 5 standard land suitability categories. Having developed the general suitability maps of hemp in Malaysia, detailed crop growth data were collected from literature and was then used to simulate an ideotype crop model (for both seed and fiber) for selected locations across Malaysia, where detailed daily climate data and soil information were available. Following the development of a downscaled future climate dataset, a simulated dataset of yield for the future conditions were also developed. Next, the simulated seed and fiber yield data were used to create yield maps for hemp across peninsular Malaysia. An economic value and cost-benefit analyses were also carried out using data that were collected from literature and local sources to simulate the true cost and benefit of growing hemp both for now and future conditions. This data provides the first ever evidence base for an underutilized crop in Southeast Asia. All data that was generated using the proposed published framework for the adoption of hemp in the future are stored in their original format in an online repository and is described in this article. The data can be used to map the suitability at finer scales, analyze and re-calibrate a yield model using any climate scenario and evaluate the economics of production using the standard methodology described in the above-mentioned publication.</ce:simple-para></ce:abstract-sec></ce:abstract><ce:keywords id="keys0001" view="all" class="keyword"><ce:section-title id="cesectitle0002">Keywords</ce:section-title><ce:keyword id="key0001"><ce:text id="cetext0002">Agri-environmental data</ce:text></ce:keyword><ce:keyword id="key0002"><ce:text id="cetext0003">AquaCrop</ce:text></ce:keyword><ce:keyword id="key0003"><ce:text id="cetext0004">Hemp economics</ce:text></ce:keyword><ce:keyword id="key0004"><ce:text id="cetext0005">Industrial hemp</ce:text></ce:keyword><ce:keyword id="key0005"><ce:text id="cetext0006">Land suitability assessment</ce:text></ce:keyword><ce:keyword id="key0006"><ce:text id="cetext0007">NPVB</ce:text></ce:keyword><ce:keyword id="key0007"><ce:text id="cetext0008">Yield potential</ce:text></ce:keyword></ce:keywords></ja:head></ja:article></doc:document>
