<doc:document xmlns:doc="http://www.elsevier.com/xml/document/schema" xmlns:dp="http://www.elsevier.com/xml/common/doc-properties/schema" xmlns:cps="http://www.elsevier.com/xml/common/consyn-properties/schema" xmlns:rdf="http://www.w3.org/1999/02/22-rdf-syntax-ns#" xmlns:dct="http://purl.org/dc/terms/" xmlns:prism="http://prismstandard.org/namespaces/basic/2.0/" xmlns:oa="http://vtw.elsevier.com/data/ns/properties/OpenAccess-1/" xmlns:bam="http://vtw.elsevier.com/data/voc/ns/bam-vtw-1/" xmlns:cp="http://vtw.elsevier.com/data/ns/properties/Copyright-1/" xmlns:cja="http://www.elsevier.com/xml/cja/schema" xmlns:ja="http://www.elsevier.com/xml/ja/schema" xmlns:bk="http://www.elsevier.com/xml/bk/schema" xmlns:ce="http://www.elsevier.com/xml/common/schema" xmlns:mml="http://www.w3.org/1998/Math/MathML" xmlns:cals="http://www.elsevier.com/xml/common/cals/schema" xmlns:tb="http://www.elsevier.com/xml/common/table/schema" xmlns:sa="http://www.elsevier.com/xml/common/struct-aff/schema" xmlns:sb="http://www.elsevier.com/xml/common/struct-bib/schema" xmlns:xlink="http://www.w3.org/1999/xlink"><rdf:RDF><rdf:Description rdf:about="http://dx.doi.org/10.1016/j.dib.2021.107515"><dct:format>application/xml</dct:format><dct:title>Micro environment data on the Daeungbojeon hall and the Palsangjeon hall of the Beopjusa temple in Republic of Korea</dct:title><dct:creator>BoA Lim</dct:creator><dct:creator>YoungHee Kim</dct:creator><dct:creator>JiHee Park</dct:creator><dct:creator>JeungMin Lee</dct:creator><dct:subject><rdf:Bag><rdf:li>Micro environment</rdf:li><rdf:li>Wooden building</rdf:li><rdf:li>Long-term monitoring</rdf:li><rdf:li>Monthly average</rdf:li><rdf:li>Time average value</rdf:li></rdf:Bag></dct:subject><dct:description>Data in Brief 39 (2021). doi:10.1016/j.dib.2021.107515</dct:description><prism:aggregationType>journal</prism:aggregationType><prism:publicationName>Data in Brief</prism:publicationName><prism:copyright>&#169; 2021 National Research Institute of Cultural Heritage. Published by Elsevier Inc.</prism:copyright><dct:publisher>Elsevier Inc.</dct:publisher><prism:issn>2352-3409</prism:issn><prism:volume>39</prism:volume><prism:coverDisplayDate>December 2021</prism:coverDisplayDate><prism:doi>10.1016/j.dib.2021.107515</prism:doi><prism:url>http://dx.doi.org/10.1016/j.dib.2021.107515</prism:url><dct:identifier>doi:10.1016/j.dib.2021.107515</dct:identifier><bam:articleNumber>107515</bam:articleNumber><oa:openAccessInformation><oa:openAccessStatus xmlns:xsi="http://www.w3.org/2001/XMLSchema-instance">http://vtw.elsevier.com/data/voc/oa/OpenAccessStatus#Full</oa:openAccessStatus><oa:openAccessEffective xmlns:xsi="http://www.w3.org/2001/XMLSchema-instance">2021-10-21T20:33:20Z</oa:openAccessEffective><oa:sponsor xmlns:xsi="http://www.w3.org/2001/XMLSchema-instance"><oa:sponsorType>http://vtw.elsevier.com/data/voc/oa/SponsorType#Author</oa:sponsorType></oa:sponsor><oa:userLicense xmlns:xsi="http://www.w3.org/2001/XMLSchema-instance">http://creativecommons.org/licenses/by/4.0/</oa:userLicense></oa:openAccessInformation><cp:licenseLine xmlns:xsi="http://www.w3.org/2001/XMLSchema-instance">This is an open access article under the CC BY license.</cp:licenseLine></rdf:Description></rdf:RDF><dp:document-properties><dp:aggregation-type>Journals</dp:aggregation-type><dp:version-number>S300.1</dp:version-number></dp:document-properties><ja:article docsubtype="dat" version="5.6" xml:lang="en"><ja:item-info><ja:jid>DIB</ja:jid><ja:aid>107515</ja:aid><ce:article-number>107515</ce:article-number><ce:pii>S2352-3409(21)00793-9</ce:pii><ce:doi>10.1016/j.dib.2021.107515</ce:doi><ce:copyright type="unknown" year="2021"/></ja:item-info><ja:head><ce:dochead id="dchd0001"><ce:textfn id="dhtxt0001">Data Article</ce:textfn></ce:dochead><ce:title id="tte0002">Micro environment data on the Daeungbojeon hall and the Palsangjeon hall of the Beopjusa temple in Republic of Korea</ce:title><ce:author-group id="aut0001"><ce:author id="au0001" author-id="S2352340921007939-88812880a0ea7eb8880a0a14e63bfce3" orcid="0000-0003-1283-7281"><ce:given-name>BoA</ce:given-name><ce:surname>Lim</ce:surname><ce:contributor-role role="http://credit.niso.org/contributor-roles/data-curation">Data curation</ce:contributor-role><ce:contributor-role role="http://credit.niso.org/contributor-roles/investigation">Investigation</ce:contributor-role><ce:contributor-role role="http://credit.niso.org/contributor-roles/visualization">Visualization</ce:contributor-role><ce:contributor-role role="http://credit.niso.org/contributor-roles/writing-original-draft">Writing &#x2013; original draft</ce:contributor-role></ce:author><ce:author id="au0002" author-id="S2352340921007939-fdbb1f3bc0e525b9d52a9b5ff8c650bc" orcid="0000-0003-0096-6959"><ce:given-name>YoungHee</ce:given-name><ce:surname>Kim</ce:surname><ce:contributor-role role="http://credit.niso.org/contributor-roles/investigation">Investigation</ce:contributor-role><ce:contributor-role role="http://credit.niso.org/contributor-roles/supervision">Supervision</ce:contributor-role><ce:contributor-role role="http://credit.niso.org/contributor-roles/writing-review-editing">Writing &#x2013; review &amp; editing</ce:contributor-role><ce:cross-ref refid="cor0001"><ce:sup loc="post">&#x204e;</ce:sup></ce:cross-ref><ce:e-address id="ead0001" type="email" xlink:href="mailto:kimyh93@korea.kr">kimyh93@korea.kr</ce:e-address></ce:author><ce:author id="au0003" author-id="S2352340921007939-66523931cc5192e74b930a30362f1491" orcid="0000-0001-9143-3239"><ce:given-name>JiHee</ce:given-name><ce:surname>Park</ce:surname><ce:contributor-role role="http://credit.niso.org/contributor-roles/project-administration">Project administration</ce:contributor-role></ce:author><ce:author id="au0004" author-id="S2352340921007939-2ee6ab4e563ea7909974fe6356b3210d"><ce:given-name>JeungMin</ce:given-name><ce:surname>Lee</ce:surname><ce:contributor-role role="http://credit.niso.org/contributor-roles/investigation">Investigation</ce:contributor-role></ce:author><ce:affiliation id="aff0001" affiliation-id="S2352340921007939-3a45bbef7e96d7be030c3d782701a478"><ce:textfn id="cetextfn0001">Restoration Technology Division, National Research Institute of Cultural Heritage, 132 Munji-ro, Yuseong-gu, Daejeon 34122, Republic of Korea</ce:textfn><sa:affiliation><sa:organization>Restoration Technology Division</sa:organization><sa:organization>National Research Institute of Cultural Heritage</sa:organization><sa:address-line>132 Munji-ro, Yuseong-gu</sa:address-line><sa:city>Daejeon</sa:city><sa:postal-code>34122</sa:postal-code><sa:country>Republic of Korea</sa:country></sa:affiliation><ce:source-text id="staff0001">Restoration Technology Division, National Research Institute of Cultural Heritage, 132 Munji-ro, Yuseong-gu, Daejeon 34122, Republic of Korea</ce:source-text></ce:affiliation><ce:correspondence id="cor0001"><ce:label>&#x204e;</ce:label><ce:text id="cetext0001">Corresponding author.</ce:text></ce:correspondence></ce:author-group><ce:date-received day="11" month="8" year="2021"/><ce:date-revised day="12" month="10" year="2021"/><ce:date-accepted day="19" month="10" year="2021"/><ce:abstract id="abs0001" view="all" class="author"><ce:section-title id="cesectitle0001">Abstract</ce:section-title><ce:abstract-sec id="abss0001" view="all"><ce:simple-para id="spara010" view="all">This article provides long-term environmental change data for wooden buildings; it also reflects environmental data provided by the Korea Meteorological Administration. In the case of field survey, data logger was installed on the left rear and right front sides of the buildings. Datasets on the Beopjusa temple were collected at 1&#160;h intervals in each building. Korea Meteorological Administration data was collected from public database(data.kma.go.kr) and all data processed in excel. The data was collected at two sites from Daeungbojeon hall and Palsangjeon hall in the Beopjusa temple, Republic of Korea. Data sets at 1&#160;h intervals are provided by collecting more than 170,000 pieces of data for each building. And monthly average dataset and difference value of time average data between inside and outside are provided. This data can be used as basic data for environmental change researcher or simulation researcher of wood condition.</ce:simple-para></ce:abstract-sec></ce:abstract><ce:keywords id="keys0001" view="all" class="keyword"><ce:section-title id="cesectitle0002">Keywords</ce:section-title><ce:keyword id="key0001"><ce:text id="cetext0002">Micro environment</ce:text></ce:keyword><ce:keyword id="key0002"><ce:text id="cetext0003">Wooden building</ce:text></ce:keyword><ce:keyword id="key0003"><ce:text id="cetext0004">Long-term monitoring</ce:text></ce:keyword><ce:keyword id="key0004"><ce:text id="cetext0005">Monthly average</ce:text></ce:keyword><ce:keyword id="key0005"><ce:text id="cetext0006">Time average value</ce:text></ce:keyword></ce:keywords></ja:head></ja:article></doc:document>
