<doc:document xmlns:doc="http://www.elsevier.com/xml/document/schema" xmlns:dp="http://www.elsevier.com/xml/common/doc-properties/schema" xmlns:cps="http://www.elsevier.com/xml/common/consyn-properties/schema" xmlns:rdf="http://www.w3.org/1999/02/22-rdf-syntax-ns#" xmlns:dct="http://purl.org/dc/terms/" xmlns:prism="http://prismstandard.org/namespaces/basic/2.0/" xmlns:oa="http://vtw.elsevier.com/data/ns/properties/OpenAccess-1/" xmlns:bam="http://vtw.elsevier.com/data/voc/ns/bam-vtw-1/" xmlns:cp="http://vtw.elsevier.com/data/ns/properties/Copyright-1/" xmlns:cja="http://www.elsevier.com/xml/cja/schema" xmlns:ja="http://www.elsevier.com/xml/ja/schema" xmlns:bk="http://www.elsevier.com/xml/bk/schema" xmlns:ce="http://www.elsevier.com/xml/common/schema" xmlns:mml="http://www.w3.org/1998/Math/MathML" xmlns:cals="http://www.elsevier.com/xml/common/cals/schema" xmlns:tb="http://www.elsevier.com/xml/common/table/schema" xmlns:sa="http://www.elsevier.com/xml/common/struct-aff/schema" xmlns:sb="http://www.elsevier.com/xml/common/struct-bib/schema" xmlns:xlink="http://www.w3.org/1999/xlink"><rdf:RDF><rdf:Description rdf:about="http://dx.doi.org/10.1016/j.dib.2021.107667"><dct:format>application/xml</dct:format><dct:title>Brno urban dataset: Winter extension</dct:title><dct:creator>Adam Ligocki</dct:creator><dct:creator>Ales Jelinek</dct:creator><dct:creator>Ludek Zalud</dct:creator><dct:subject><rdf:Bag><rdf:li>Multimodal dataset</rdf:li><rdf:li>Navigation data</rdf:li><rdf:li>RGB camera</rdf:li><rdf:li>IR camera</rdf:li><rdf:li>3D LiDAR</rdf:li><rdf:li>RTK GNSS</rdf:li><rdf:li>IMU</rdf:li><rdf:li>Neural networks</rdf:li></rdf:Bag></dct:subject><dct:description>Data in Brief 40 (2022). doi:10.1016/j.dib.2021.107667</dct:description><prism:aggregationType>journal</prism:aggregationType><prism:publicationName>Data in Brief</prism:publicationName><prism:copyright>&#169; 2021 The Authors. Published by Elsevier Inc.</prism:copyright><dct:publisher>Elsevier Inc.</dct:publisher><prism:issn>2352-3409</prism:issn><prism:volume>40</prism:volume><prism:coverDisplayDate>February 2022</prism:coverDisplayDate><prism:doi>10.1016/j.dib.2021.107667</prism:doi><prism:url>http://dx.doi.org/10.1016/j.dib.2021.107667</prism:url><dct:identifier>doi:10.1016/j.dib.2021.107667</dct:identifier><bam:articleNumber>107667</bam:articleNumber><oa:openAccessInformation><oa:openAccessStatus xmlns:xsi="http://www.w3.org/2001/XMLSchema-instance">http://vtw.elsevier.com/data/voc/oa/OpenAccessStatus#Full</oa:openAccessStatus><oa:openAccessEffective xmlns:xsi="http://www.w3.org/2001/XMLSchema-instance">2021-12-01T15:25:41Z</oa:openAccessEffective><oa:sponsor xmlns:xsi="http://www.w3.org/2001/XMLSchema-instance"><oa:sponsorName>Czechia: LE Tracking</oa:sponsorName><oa:sponsorType>http://vtw.elsevier.com/data/voc/oa/SponsorType#FundingBody</oa:sponsorType></oa:sponsor><oa:userLicense xmlns:xsi="http://www.w3.org/2001/XMLSchema-instance">http://creativecommons.org/licenses/by/4.0/</oa:userLicense></oa:openAccessInformation><cp:licenseLine xmlns:xsi="http://www.w3.org/2001/XMLSchema-instance">This is an open access article under the CC BY license.</cp:licenseLine></rdf:Description></rdf:RDF><dp:document-properties><dp:aggregation-type>Journals</dp:aggregation-type><dp:version-number>S300.1</dp:version-number></dp:document-properties><ja:article docsubtype="dat" version="5.6" xml:lang="en"><ja:item-info><ja:jid>DIB</ja:jid><ja:aid>107667</ja:aid><ce:article-number>107667</ce:article-number><ce:pii>S2352-3409(21)00942-2</ce:pii><ce:doi>10.1016/j.dib.2021.107667</ce:doi><ce:copyright type="unknown" year="2021"/></ja:item-info><ja:head><ce:dochead id="dchd0001"><ce:textfn id="dhtxt0001">Data Article</ce:textfn></ce:dochead><ce:title id="tte0002">Brno urban dataset: Winter extension</ce:title><ce:author-group id="aut0001"><ce:author id="au0001" author-id="S2352340921009422-c2714f0b37788fd9cda202c665f7ebdf" orcid="0000-0002-6813-4318"><ce:given-name>Adam</ce:given-name><ce:surname>Ligocki</ce:surname><ce:contributor-role role="http://credit.niso.org/contributor-roles/visualization">Visualization</ce:contributor-role><ce:contributor-role role="http://credit.niso.org/contributor-roles/conceptualization">Conceptualization</ce:contributor-role><ce:contributor-role role="http://credit.niso.org/contributor-roles/data-curation">Data curation</ce:contributor-role><ce:cross-ref refid="cor0001"><ce:sup loc="post">&#x204e;</ce:sup></ce:cross-ref><ce:e-address id="ead0001" type="email" xlink:href="mailto:adam.ligocki@vutbr.cz">adam.ligocki@vutbr.cz</ce:e-address></ce:author><ce:author id="au0002" author-id="S2352340921009422-e05b1cdfb2ee6ea07bc90377dca396b1" orcid="0000-0001-7519-2092"><ce:given-name>Ales</ce:given-name><ce:surname>Jelinek</ce:surname><ce:contributor-role role="http://credit.niso.org/contributor-roles/visualization">Visualization</ce:contributor-role><ce:contributor-role role="http://credit.niso.org/contributor-roles/conceptualization">Conceptualization</ce:contributor-role><ce:contributor-role role="http://credit.niso.org/contributor-roles/data-curation">Data curation</ce:contributor-role></ce:author><ce:author id="au0003" author-id="S2352340921009422-64a92424e76c5d78189df63f5ca428ec"><ce:given-name>Ludek</ce:given-name><ce:surname>Zalud</ce:surname><ce:contributor-role role="http://credit.niso.org/contributor-roles/supervision">Supervision</ce:contributor-role></ce:author><ce:affiliation id="aff0001" affiliation-id="S2352340921009422-7aa1781ddc97cbdbe8629d2e2dd6f7f6"><ce:textfn id="cetextfn0001">Brno University of Technology, Technicka 12, Brno 612 00, Czechia</ce:textfn><sa:affiliation><sa:organization>Brno University of Technology</sa:organization><sa:address-line>Technicka 12</sa:address-line><sa:city>Brno</sa:city><sa:postal-code>612 00</sa:postal-code><sa:country>Czechia</sa:country></sa:affiliation><ce:source-text id="staff0001">Brno University of Technology, Technicka 12, Brno 612 00, Czechia</ce:source-text></ce:affiliation><ce:correspondence id="cor0001"><ce:label>&#x204e;</ce:label><ce:text id="cetext0001">Corresponding author.</ce:text></ce:correspondence></ce:author-group><ce:date-received day="8" month="9" year="2021"/><ce:date-revised day="21" month="10" year="2021"/><ce:date-accepted day="30" month="11" year="2021"/><ce:abstract id="abs0001" view="all" class="author"><ce:section-title id="cesectitle0001">Abstract</ce:section-title><ce:abstract-sec id="abss0001" view="all"><ce:simple-para id="spara008" view="all">This paper presents our latest extension of the Brno Urban Dataset (BUD), the Winter Extension (WE). The dataset contains data from commonly used sensors in the automotive industry, like four RGB and single IR cameras, three 3D LiDARs, differential RTK GNSS receiver with heading estimation, the IMU and FMCW radar. Data from all sensors are precisely timestamped for future offline interpretation and data fusion. The most significant gain of the dataset is the focus on the winter conditions in snow-covered environments. Only a few public datasets deal with these kinds of conditions. We recorded the dataset during February 2021 in Brno, Czechia, when fresh snow covers the entire city and the surrounding countryside. The dataset contains situations from the city center, suburbs, highways as well as the countryside. Overall, the new extension adds three hours of real-life traffic situations from the mid-size city to the existing 10 h of original records. Additionally, we provide the precalculated YOLO neural network object detection annotations for all five cameras for the entire old data and the new ones. The dataset is suitable for developing mapping and navigation algorithms as well as the collision and object detection pipelines. The entire dataset is available as open-source under the MIT license.</ce:simple-para></ce:abstract-sec></ce:abstract><ce:keywords id="keys0001" view="all" class="keyword"><ce:section-title id="cesectitle0002">Keywords</ce:section-title><ce:keyword id="key0001"><ce:text id="cetext0002">Multimodal dataset</ce:text></ce:keyword><ce:keyword id="key0002"><ce:text id="cetext0003">Navigation data</ce:text></ce:keyword><ce:keyword id="key0003"><ce:text id="cetext0004">RGB camera</ce:text></ce:keyword><ce:keyword id="key0004"><ce:text id="cetext0005">IR camera</ce:text></ce:keyword><ce:keyword id="key0005"><ce:text id="cetext0006">3D LiDAR</ce:text></ce:keyword><ce:keyword id="key0006"><ce:text id="cetext0007">RTK GNSS</ce:text></ce:keyword><ce:keyword id="key0007"><ce:text id="cetext0008">IMU</ce:text></ce:keyword><ce:keyword id="key0008"><ce:text id="cetext0009">Neural networks</ce:text></ce:keyword></ce:keywords></ja:head></ja:article></doc:document>
