<doc:document xmlns:doc="http://www.elsevier.com/xml/document/schema" xmlns:dp="http://www.elsevier.com/xml/common/doc-properties/schema" xmlns:cps="http://www.elsevier.com/xml/common/consyn-properties/schema" xmlns:rdf="http://www.w3.org/1999/02/22-rdf-syntax-ns#" xmlns:dct="http://purl.org/dc/terms/" xmlns:prism="http://prismstandard.org/namespaces/basic/2.0/" xmlns:oa="http://vtw.elsevier.com/data/ns/properties/OpenAccess-1/" xmlns:bam="http://vtw.elsevier.com/data/voc/ns/bam-vtw-1/" xmlns:cp="http://vtw.elsevier.com/data/ns/properties/Copyright-1/" xmlns:cja="http://www.elsevier.com/xml/cja/schema" xmlns:ja="http://www.elsevier.com/xml/ja/schema" xmlns:bk="http://www.elsevier.com/xml/bk/schema" xmlns:ce="http://www.elsevier.com/xml/common/schema" xmlns:mml="http://www.w3.org/1998/Math/MathML" xmlns:cals="http://www.elsevier.com/xml/common/cals/schema" xmlns:tb="http://www.elsevier.com/xml/common/table/schema" xmlns:sa="http://www.elsevier.com/xml/common/struct-aff/schema" xmlns:sb="http://www.elsevier.com/xml/common/struct-bib/schema" xmlns:xlink="http://www.w3.org/1999/xlink"><rdf:RDF><rdf:Description rdf:about="http://dx.doi.org/10.1016/j.dib.2021.107669"><dct:format>application/xml</dct:format><dct:title>Data on the hydrodynamics and power consumption induced by modified anchor impellers in cylindrical tanks</dct:title><dct:creator>Youcef Kamla</dct:creator><dct:creator>Houari Ameur</dct:creator><dct:creator>Mohammed Ilies Arab</dct:creator><dct:creator>Belalia Azeddine</dct:creator><dct:subject><rdf:Bag><rdf:li>Stirred tank</rdf:li><rdf:li>Anchor impeller</rdf:li><rdf:li>Newly designed impellers</rdf:li><rdf:li>Fluid flows</rdf:li><rdf:li>Power consumption</rdf:li></rdf:Bag></dct:subject><dct:description>Data in Brief 39 (2021). doi:10.1016/j.dib.2021.107669</dct:description><prism:aggregationType>journal</prism:aggregationType><prism:publicationName>Data in Brief</prism:publicationName><prism:copyright>&#169; 2021 The Author(s). Published by Elsevier Inc.</prism:copyright><dct:publisher>Elsevier Inc.</dct:publisher><prism:issn>2352-3409</prism:issn><prism:volume>39</prism:volume><prism:coverDisplayDate>December 2021</prism:coverDisplayDate><prism:doi>10.1016/j.dib.2021.107669</prism:doi><prism:url>http://dx.doi.org/10.1016/j.dib.2021.107669</prism:url><dct:identifier>doi:10.1016/j.dib.2021.107669</dct:identifier><bam:articleNumber>107669</bam:articleNumber><oa:openAccessInformation><oa:openAccessStatus xmlns:xsi="http://www.w3.org/2001/XMLSchema-instance">http://vtw.elsevier.com/data/voc/oa/OpenAccessStatus#Full</oa:openAccessStatus><oa:openAccessEffective xmlns:xsi="http://www.w3.org/2001/XMLSchema-instance">2021-12-01T15:31:41Z</oa:openAccessEffective><oa:sponsor xmlns:xsi="http://www.w3.org/2001/XMLSchema-instance"><oa:sponsorType>http://vtw.elsevier.com/data/voc/oa/SponsorType#Author</oa:sponsorType></oa:sponsor><oa:userLicense xmlns:xsi="http://www.w3.org/2001/XMLSchema-instance">http://creativecommons.org/licenses/by/4.0/</oa:userLicense></oa:openAccessInformation><cp:licenseLine xmlns:xsi="http://www.w3.org/2001/XMLSchema-instance">This is an open access article under the CC BY license.</cp:licenseLine></rdf:Description></rdf:RDF><dp:document-properties><dp:aggregation-type>Journals</dp:aggregation-type><dp:version-number>S300.1</dp:version-number></dp:document-properties><ja:article docsubtype="dat" version="5.6" xml:lang="en"><ja:item-info><ja:jid>DIB</ja:jid><ja:aid>107669</ja:aid><ce:article-number>107669</ce:article-number><ce:pii>S2352-3409(21)00944-6</ce:pii><ce:doi>10.1016/j.dib.2021.107669</ce:doi><ce:copyright type="unknown" year="2021"/></ja:item-info><ja:head><ce:dochead id="dchd0001"><ce:textfn id="dhtxt0001">Data Article</ce:textfn></ce:dochead><ce:title id="tte0002">Data on the hydrodynamics and power consumption induced by modified anchor impellers in cylindrical tanks</ce:title><ce:author-group id="aut0001"><ce:author id="au0001" author-id="S2352340921009446-ee9a5fbb30befef69ac6c42800ce1265"><ce:given-name>Youcef</ce:given-name><ce:surname>Kamla</ce:surname><ce:contributor-role role="http://credit.niso.org/contributor-roles/conceptualization">Conceptualization</ce:contributor-role><ce:contributor-role role="http://credit.niso.org/contributor-roles/methodology">Methodology</ce:contributor-role><ce:contributor-role role="http://credit.niso.org/contributor-roles/software">Software</ce:contributor-role><ce:contributor-role role="http://credit.niso.org/contributor-roles/validation">Validation</ce:contributor-role><ce:contributor-role role="http://credit.niso.org/contributor-roles/writing-original-draft">Writing &#x2013; original draft</ce:contributor-role><ce:cross-ref refid="aff0001"><ce:sup loc="post">a</ce:sup></ce:cross-ref><ce:cross-ref refid="cor0001"><ce:sup loc="post">&#x204e;</ce:sup></ce:cross-ref><ce:e-address id="ead0001" type="email" xlink:href="mailto:y.kamla@univhb.dz">y.kamla@univhb.dz</ce:e-address></ce:author><ce:author id="au0002" author-id="S2352340921009446-3ed8d14b7cdf542a58cd7e312808e088"><ce:given-name>Houari</ce:given-name><ce:surname>Ameur</ce:surname><ce:contributor-role role="http://credit.niso.org/contributor-roles/investigation">Investigation</ce:contributor-role><ce:contributor-role role="http://credit.niso.org/contributor-roles/data-curation">Data curation</ce:contributor-role><ce:contributor-role role="http://credit.niso.org/contributor-roles/writing-review-editing">Writing &#x2013; review &amp; editing</ce:contributor-role><ce:contributor-role role="http://credit.niso.org/contributor-roles/supervision">Supervision</ce:contributor-role><ce:cross-ref refid="aff0002"><ce:sup loc="post">b</ce:sup></ce:cross-ref></ce:author><ce:author id="au0003" author-id="S2352340921009446-1f44e0202431a3cc4d3b43addc78ad33"><ce:given-name>Mohammed Ilies</ce:given-name><ce:surname>Arab</ce:surname><ce:contributor-role role="http://credit.niso.org/contributor-roles/visualization">Visualization</ce:contributor-role><ce:cross-ref refid="aff0003"><ce:sup loc="post">c</ce:sup></ce:cross-ref></ce:author><ce:author id="au0004" author-id="S2352340921009446-fa7abc994b863238afacc12ca7604d24"><ce:given-name>Belalia</ce:given-name><ce:surname>Azeddine</ce:surname><ce:contributor-role role="http://credit.niso.org/contributor-roles/visualization">Visualization</ce:contributor-role><ce:contributor-role role="http://credit.niso.org/contributor-roles/visualization">Visualization</ce:contributor-role><ce:contributor-role role="http://credit.niso.org/contributor-roles/visualization">Visualization</ce:contributor-role><ce:cross-ref refid="aff0001"><ce:sup loc="post">a</ce:sup></ce:cross-ref></ce:author><ce:affiliation id="aff0001" affiliation-id="S2352340921009446-d53b4c36dba4ae59f1a19cad315ec7ad"><ce:label>a</ce:label><ce:textfn id="cetextfn0001">Faculty of Technology, University Hassiba Ben Bouali of Chlef, Algeria</ce:textfn><sa:affiliation><sa:organization>Faculty of Technology</sa:organization><sa:organization>University Hassiba Ben Bouali of Chlef</sa:organization><sa:country>Algeria</sa:country></sa:affiliation><ce:source-text id="staff0001">aFaculty of Technology, University Hassiba Ben Bouali of Chlef, Algeria</ce:source-text></ce:affiliation><ce:affiliation id="aff0002" affiliation-id="S2352340921009446-5caa938603592f69e90f9d46760a4361"><ce:label>b</ce:label><ce:textfn id="cetextfn0002">Department of Technology, University Centre of Naama, P.O. Box 66, Naama 45000, Algeria</ce:textfn><sa:affiliation><sa:organization>Department of Technology</sa:organization><sa:organization>University Centre of Naama</sa:organization><sa:address-line>P.O. Box 66</sa:address-line><sa:city>Naama</sa:city><sa:postal-code>45000</sa:postal-code><sa:country>Algeria</sa:country></sa:affiliation><ce:source-text id="staff0002">bDepartment of Technology, University Centre of Naama, P.O. Box 66, Naama 45000, Algeria</ce:source-text></ce:affiliation><ce:affiliation id="aff0003" affiliation-id="S2352340921009446-0fc590ae49955f8a3c0d8181691cfa0c"><ce:label>c</ce:label><ce:textfn id="cetextfn0003">Laboratory of Marine Science and Engineering, Faculty of Mechanical Engineering, USTO-MB, Oran, Algeria</ce:textfn><sa:affiliation><sa:organization>Laboratory of Marine Science and Engineering</sa:organization><sa:organization>Faculty of Mechanical Engineering</sa:organization><sa:organization>USTO-MB</sa:organization><sa:state>Oran</sa:state><sa:country>Algeria</sa:country></sa:affiliation><ce:source-text id="staff0003">cLaboratory of Marine Science and Engineering, Faculty of Mechanical Engineering, USTO-MB, Oran, Algeria</ce:source-text></ce:affiliation><ce:correspondence id="cor0001"><ce:label>&#x204e;</ce:label><ce:text id="cetext0001">Corresponding author.</ce:text></ce:correspondence></ce:author-group><ce:date-received day="8" month="1" year="2021"/><ce:date-revised day="25" month="11" year="2021"/><ce:date-accepted day="30" month="11" year="2021"/><ce:abstract id="abs0001" view="all" class="author"><ce:section-title id="cesectitle0001">Abstract</ce:section-title><ce:abstract-sec id="abss0001" view="all"><ce:simple-para id="spara012" view="all">In the present paper, the data assembled concerning the stirring of a viscous Newtonian fluid in cylindrical and unbaffled tanks is disclosed. The stirring is ensured by close-clearance impellers rotating at low speeds. This is a comparative study between three modified geometries of anchor impellers aiming to enhance the fluid circulation in the whole vessel volume, and especially at the lower part of the vessel. The suggested geometrical configurations aim also to keep the energy consumption at its minimum. The data summarized here provides an additional knowledge for the best selection of stirrers for a specified industrial application.</ce:simple-para></ce:abstract-sec></ce:abstract><ce:keywords id="keys0001" view="all" class="keyword"><ce:section-title id="cesectitle0002">Keywords</ce:section-title><ce:keyword id="key0001"><ce:text id="cetext0002">Stirred tank</ce:text></ce:keyword><ce:keyword id="key0002"><ce:text id="cetext0003">Anchor impeller</ce:text></ce:keyword><ce:keyword id="key0003"><ce:text id="cetext0004">Newly designed impellers</ce:text></ce:keyword><ce:keyword id="key0004"><ce:text id="cetext0005">Fluid flows</ce:text></ce:keyword><ce:keyword id="key0005"><ce:text id="cetext0006">Power consumption</ce:text></ce:keyword></ce:keywords></ja:head></ja:article></doc:document>
