<doc:document xmlns:doc="http://www.elsevier.com/xml/document/schema" xmlns:dp="http://www.elsevier.com/xml/common/doc-properties/schema" xmlns:cps="http://www.elsevier.com/xml/common/consyn-properties/schema" xmlns:rdf="http://www.w3.org/1999/02/22-rdf-syntax-ns#" xmlns:dct="http://purl.org/dc/terms/" xmlns:prism="http://prismstandard.org/namespaces/basic/2.0/" xmlns:oa="http://vtw.elsevier.com/data/ns/properties/OpenAccess-1/" xmlns:bam="http://vtw.elsevier.com/data/voc/ns/bam-vtw-1/" xmlns:cp="http://vtw.elsevier.com/data/ns/properties/Copyright-1/" xmlns:cja="http://www.elsevier.com/xml/cja/schema" xmlns:ja="http://www.elsevier.com/xml/ja/schema" xmlns:bk="http://www.elsevier.com/xml/bk/schema" xmlns:ce="http://www.elsevier.com/xml/common/schema" xmlns:mml="http://www.w3.org/1998/Math/MathML" xmlns:cals="http://www.elsevier.com/xml/common/cals/schema" xmlns:tb="http://www.elsevier.com/xml/common/table/schema" xmlns:sa="http://www.elsevier.com/xml/common/struct-aff/schema" xmlns:sb="http://www.elsevier.com/xml/common/struct-bib/schema" xmlns:xlink="http://www.w3.org/1999/xlink"><rdf:RDF><rdf:Description rdf:about="http://dx.doi.org/10.1016/j.soisec.2022.100042"><dct:format>application/xml</dct:format><dct:title>Human rights aspects and Soil governance. A special focus on land grabbing</dct:title><dct:creator>Giuseppe Poderati</dct:creator><dct:subject><rdf:Bag><rdf:li>Human rights</rdf:li><rdf:li>Soil governance</rdf:li><rdf:li>Vulnerable groups</rdf:li><rdf:li>Land tenure</rdf:li><rdf:li>Land grabbing</rdf:li></rdf:Bag></dct:subject><dct:description>Soil Security 6 (2022). doi:10.1016/j.soisec.2022.100042</dct:description><prism:aggregationType>journal</prism:aggregationType><prism:publicationName>Soil Security</prism:publicationName><prism:copyright>&#169; 2022 The Author(s). Published by Elsevier Ltd.</prism:copyright><dct:publisher>Elsevier Ltd</dct:publisher><prism:issn>2667-0062</prism:issn><prism:volume>6</prism:volume><prism:coverDisplayDate>March 2022</prism:coverDisplayDate><prism:doi>10.1016/j.soisec.2022.100042</prism:doi><prism:url>http://dx.doi.org/10.1016/j.soisec.2022.100042</prism:url><dct:identifier>doi:10.1016/j.soisec.2022.100042</dct:identifier><bam:articleNumber>100042</bam:articleNumber><oa:openAccessInformation><oa:openAccessStatus xmlns:xsi="http://www.w3.org/2001/XMLSchema-instance">http://vtw.elsevier.com/data/voc/oa/OpenAccessStatus#Full</oa:openAccessStatus><oa:openAccessEffective xmlns:xsi="http://www.w3.org/2001/XMLSchema-instance">2022-01-13T16:39:02Z</oa:openAccessEffective><oa:sponsor xmlns:xsi="http://www.w3.org/2001/XMLSchema-instance"><oa:sponsorName>China Institutes Tracking agreement</oa:sponsorName><oa:sponsorType>http://vtw.elsevier.com/data/voc/oa/SponsorType#Author</oa:sponsorType></oa:sponsor><oa:userLicense xmlns:xsi="http://www.w3.org/2001/XMLSchema-instance">http://creativecommons.org/licenses/by-nc-nd/4.0/</oa:userLicense></oa:openAccessInformation><cp:licenseLine xmlns:xsi="http://www.w3.org/2001/XMLSchema-instance">This is an open access article under the CC BY-NC-ND license.</cp:licenseLine></rdf:Description></rdf:RDF><dp:document-properties><dp:aggregation-type>Journals</dp:aggregation-type><dp:version-number>S250.1</dp:version-number></dp:document-properties><ja:article docsubtype="fla" version="5.6" xml:lang="en"><ja:item-info><ja:jid>SOISEC</ja:jid><ja:aid>100042</ja:aid><ce:article-number>100042</ce:article-number><ce:pii>S2667-0062(22)00009-0</ce:pii><ce:doi>10.1016/j.soisec.2022.100042</ce:doi><ce:copyright type="unknown" year="2022"/></ja:item-info><ja:head><ce:article-footnote><ce:note-para id="notep0001" view="all">&#x201c;There is nothing in the whole nature which is more important or deserves as much attention as the soil. Truly it is the soil which nourishes and provides for the whole nature, the whole of creation depends on the soil, which is the ultimate foundation of our existence.&#x201d;</ce:note-para></ce:article-footnote><ce:article-footnote><ce:note-para id="notep0002" view="all">Friedrich Albert Fallou (Pedology or General Applied Science,1862)</ce:note-para></ce:article-footnote><ce:title id="tte0002">Human rights aspects and Soil governance. A special focus on land grabbing</ce:title><ce:author-group id="aut0001"><ce:author id="au0001" author-id="S2667006222000090-16338a462f804a906b03f8cb88dec253"><ce:given-name>Giuseppe</ce:given-name><ce:surname>Poderati</ce:surname><ce:e-address id="ead0001" type="email" xlink:href="mailto:gpoderati@gmail.com">gpoderati@gmail.com</ce:e-address></ce:author><ce:affiliation id="aff0001" affiliation-id="S2667006222000090-eadfb5cf9f70f7b16b5f2f87e74ab630"><ce:textfn id="cetextfn0001">The author is Doctoral Researcher at the Research Institute of Environmental Law, Wuhan University, China</ce:textfn><sa:affiliation><sa:organization>The author is Doctoral Researcher at the Research Institute of Environmental Law</sa:organization><sa:organization>Wuhan University</sa:organization><sa:country>China</sa:country></sa:affiliation><ce:source-text id="staff0001">The author is Doctoral Researcher at the Research Institute of Environmental Law, Wuhan University, China</ce:source-text></ce:affiliation></ce:author-group><ce:date-received day="31" month="8" year="2021"/><ce:date-revised day="17" month="12" year="2021"/><ce:date-accepted day="13" month="1" year="2022"/><ce:abstract id="abs0001" view="all" class="author"><ce:section-title id="cesectitle0001">Abstract</ce:section-title><ce:abstract-sec id="abss0001" view="all"><ce:simple-para id="spara001" view="all">This chapter provides the reader with a general overview about the nexus between women, indigenous peoples&#x2019; land tenure rights and land governance issues. In particular, in both African and Latin American countries, ensuring indigenous peoples&#x2019; collective rights to lands, territories, and natural resources is critical not just for their well-being, but also for resolving some of the world's most serious global challenges and for achieving most of the Sustainable Development Goals. Besides that, this chapter explores the phenomenon of land grabbing, precisely its main structure, features, and wide-ranging implications on a global scale. In point of fact, at global level, the phenomenon of land grabbing makes the indigenous people more vulnerable because it leads to the lack of recognition of the traditional access to their own land and natural resources. Undeniably, a fair and just redistribution of land is crucial for the progressive realization of the right to adequate food and right to life as well as for keeping a higher level of international food security.</ce:simple-para></ce:abstract-sec></ce:abstract><ce:keywords id="keys0001" view="all" class="keyword"><ce:section-title id="cesectitle0002">Keywords</ce:section-title><ce:keyword id="key0001"><ce:text id="cetext0001">Human rights</ce:text></ce:keyword><ce:keyword id="key0002"><ce:text id="cetext0002">Soil governance</ce:text></ce:keyword><ce:keyword id="key0003"><ce:text id="cetext0003">Vulnerable groups</ce:text></ce:keyword><ce:keyword id="key0004"><ce:text id="cetext0004">Land tenure</ce:text></ce:keyword><ce:keyword id="key0005"><ce:text id="cetext0005">Land grabbing</ce:text></ce:keyword></ce:keywords></ja:head></ja:article></doc:document>
