<doc:document xmlns:doc="http://www.elsevier.com/xml/document/schema" xmlns:dp="http://www.elsevier.com/xml/common/doc-properties/schema" xmlns:cps="http://www.elsevier.com/xml/common/consyn-properties/schema" xmlns:rdf="http://www.w3.org/1999/02/22-rdf-syntax-ns#" xmlns:dct="http://purl.org/dc/terms/" xmlns:prism="http://prismstandard.org/namespaces/basic/2.0/" xmlns:oa="http://vtw.elsevier.com/data/ns/properties/OpenAccess-1/" xmlns:bam="http://vtw.elsevier.com/data/voc/ns/bam-vtw-1/" xmlns:cp="http://vtw.elsevier.com/data/ns/properties/Copyright-1/" xmlns:cja="http://www.elsevier.com/xml/cja/schema" xmlns:ja="http://www.elsevier.com/xml/ja/schema" xmlns:bk="http://www.elsevier.com/xml/bk/schema" xmlns:ce="http://www.elsevier.com/xml/common/schema" xmlns:mml="http://www.w3.org/1998/Math/MathML" xmlns:cals="http://www.elsevier.com/xml/common/cals/schema" xmlns:tb="http://www.elsevier.com/xml/common/table/schema" xmlns:sa="http://www.elsevier.com/xml/common/struct-aff/schema" xmlns:sb="http://www.elsevier.com/xml/common/struct-bib/schema" xmlns:xlink="http://www.w3.org/1999/xlink"><rdf:RDF><rdf:Description rdf:about="http://dx.doi.org/10.1016/j.dib.2021.107705"><dct:format>application/xml</dct:format><dct:title>Hydro-thermodynamic dataset of the Amazon River Plume and North Brazil Current retroflection</dct:title><dct:creator>H.L. Varona</dct:creator><dct:creator>M. Araujo</dct:creator><dct:subject><rdf:Bag><rdf:li>Amazon River mouth</rdf:li><rdf:li>Para River mouth</rdf:li><rdf:li>TS vertical structure</rdf:li><rdf:li>NBC retroflexion</rdf:li><rdf:li>ROMS model</rdf:li><rdf:li>Western Tropical North Atlantic</rdf:li></rdf:Bag></dct:subject><dct:description>Data in Brief 40 (2022). doi:10.1016/j.dib.2021.107705</dct:description><prism:aggregationType>journal</prism:aggregationType><prism:publicationName>Data in Brief</prism:publicationName><prism:copyright>&#169; 2021 The Author(s). Published by Elsevier Inc.</prism:copyright><dct:publisher>Elsevier Inc.</dct:publisher><prism:issn>2352-3409</prism:issn><prism:volume>40</prism:volume><prism:coverDisplayDate>February 2022</prism:coverDisplayDate><prism:doi>10.1016/j.dib.2021.107705</prism:doi><prism:url>http://dx.doi.org/10.1016/j.dib.2021.107705</prism:url><dct:identifier>doi:10.1016/j.dib.2021.107705</dct:identifier><bam:articleNumber>107705</bam:articleNumber><oa:openAccessInformation><oa:openAccessStatus xmlns:xsi="http://www.w3.org/2001/XMLSchema-instance">http://vtw.elsevier.com/data/voc/oa/OpenAccessStatus#Full</oa:openAccessStatus><oa:openAccessEffective xmlns:xsi="http://www.w3.org/2001/XMLSchema-instance">2021-12-10T12:20:21Z</oa:openAccessEffective><oa:sponsor xmlns:xsi="http://www.w3.org/2001/XMLSchema-instance"><oa:sponsorName>Brazil: LE Tracking</oa:sponsorName><oa:sponsorType>http://vtw.elsevier.com/data/voc/oa/SponsorType#FundingBody</oa:sponsorType></oa:sponsor><oa:userLicense xmlns:xsi="http://www.w3.org/2001/XMLSchema-instance">http://creativecommons.org/licenses/by-nc-nd/4.0/</oa:userLicense></oa:openAccessInformation><cp:licenseLine xmlns:xsi="http://www.w3.org/2001/XMLSchema-instance">This is an open access article under the CC BY-NC-ND license.</cp:licenseLine></rdf:Description></rdf:RDF><dp:document-properties><dp:aggregation-type>Journals</dp:aggregation-type><dp:version-number>S250.1</dp:version-number></dp:document-properties><ja:article docsubtype="dat" version="5.6" xml:lang="en"><ja:item-info><ja:jid>DIB</ja:jid><ja:aid>107705</ja:aid><ce:article-number>107705</ce:article-number><ce:pii>S2352-3409(21)00980-X</ce:pii><ce:doi>10.1016/j.dib.2021.107705</ce:doi><ce:copyright type="unknown" year="2021"/></ja:item-info><ja:head><ce:dochead id="dchd0001"><ce:textfn id="dhtxt0001">Data Article</ce:textfn></ce:dochead><ce:title id="tte0002">Hydro-thermodynamic dataset of the Amazon River Plume and North Brazil Current retroflection</ce:title><ce:author-group id="aut0001"><ce:author id="au0001" author-id="S235234092100980X-cf958d9fba678633d921cf801c3ce769" orcid="0000-0001-7405-4827"><ce:given-name>H.L.</ce:given-name><ce:surname>Varona</ce:surname><ce:cross-ref refid="cor0001"><ce:sup loc="post">&#x204e;</ce:sup></ce:cross-ref><ce:e-address id="ead0001" type="email" xlink:href="mailto:humberto.varona@ufpe.br">humberto.varona@ufpe.br</ce:e-address><ce:e-address id="ea1" type="social-media" xlink:href="https://twitter.com/HumbertoLVaron1">@HumbertoLVaron1</ce:e-address></ce:author><ce:author id="au0002" author-id="S235234092100980X-d70312ac535090c74c10117cbe224cfd"><ce:given-name>M.</ce:given-name><ce:surname>Araujo</ce:surname></ce:author><ce:affiliation id="aff0001" affiliation-id="S235234092100980X-4ac9f897962602e76d4bb2cb4b0a688d"><ce:textfn id="cetextfn0001">Department of Oceanography, DOCEAN, Federal University of Pernambuco, Recife, PE, Brazil</ce:textfn><sa:affiliation><sa:organization>Department of Oceanography</sa:organization><sa:organization>DOCEAN</sa:organization><sa:organization>Federal University of Pernambuco</sa:organization><sa:city>Recife</sa:city><sa:state>PE</sa:state><sa:country>Brazil</sa:country></sa:affiliation><ce:source-text id="staff0001">Department of Oceanography, DOCEAN, Federal University of Pernambuco, Recife, PE, Brazil</ce:source-text></ce:affiliation><ce:correspondence id="cor0001"><ce:label>&#x204e;</ce:label><ce:text id="cetext0001">Corresponding author.</ce:text></ce:correspondence></ce:author-group><ce:date-received day="8" month="10" year="2021"/><ce:date-accepted day="9" month="12" year="2021"/><ce:abstract id="abs0001" view="all" class="author"><ce:section-title id="cesectitle0001">Abstract</ce:section-title><ce:abstract-sec id="abss0001" view="all"><ce:simple-para id="spara007" view="all">This dataset was generated by the ROMS model, the output files constitute a monthly and weekly mean hydro-thermodynamics climatology of the region of Amazon and Para river mouths and the North Brazil Current retroflection (60.5&#176;-24&#176;W and 5&#176;S-16&#176;N, with 0.25&#176; of horizontal resolution). This dataset includes the tri-dimensional grids of temperature, salinity and ocean currents at 32 depth levels, as well as the sea surface height. Sea surface temperature and sea surface salinity were validated using the SODA dataset, surface currents were validated with SCUD dataset and the vertical structure of temperature and salinity were compared with values recorded at 38&#176;W,8&#176;N and 38&#176;W,12&#176;N PIRATA buoys. The dataset is hosted on the website <ce:inter-ref id="interref0001" xlink:href="https://www.seanoe.org/data/00718/82958/" xlink:type="simple">https://www.seanoe.org/data/00718/82958/</ce:inter-ref>. This dataset will help oceanographers and other researchers have information about the hydro-thermodynamics of this region.</ce:simple-para></ce:abstract-sec></ce:abstract><ce:keywords id="keys0001" view="all" class="keyword"><ce:section-title id="cesectitle0002">Keywords</ce:section-title><ce:keyword id="key0001"><ce:text id="cetext0002">Amazon River mouth</ce:text></ce:keyword><ce:keyword id="key0002"><ce:text id="cetext0003">Para River mouth</ce:text></ce:keyword><ce:keyword id="key0003"><ce:text id="cetext0004">TS vertical structure</ce:text></ce:keyword><ce:keyword id="key0004"><ce:text id="cetext0005">NBC retroflexion</ce:text></ce:keyword><ce:keyword id="key0005"><ce:text id="cetext0006">ROMS model</ce:text></ce:keyword><ce:keyword id="key0006"><ce:text id="cetext0007">Western Tropical North Atlantic</ce:text></ce:keyword></ce:keywords></ja:head></ja:article></doc:document>
