<doc:document xmlns:doc="http://www.elsevier.com/xml/document/schema" xmlns:dp="http://www.elsevier.com/xml/common/doc-properties/schema" xmlns:cps="http://www.elsevier.com/xml/common/consyn-properties/schema" xmlns:rdf="http://www.w3.org/1999/02/22-rdf-syntax-ns#" xmlns:dct="http://purl.org/dc/terms/" xmlns:prism="http://prismstandard.org/namespaces/basic/2.0/" xmlns:oa="http://vtw.elsevier.com/data/ns/properties/OpenAccess-1/" xmlns:bam="http://vtw.elsevier.com/data/voc/ns/bam-vtw-1/" xmlns:cp="http://vtw.elsevier.com/data/ns/properties/Copyright-1/" xmlns:cja="http://www.elsevier.com/xml/cja/schema" xmlns:ja="http://www.elsevier.com/xml/ja/schema" xmlns:bk="http://www.elsevier.com/xml/bk/schema" xmlns:ce="http://www.elsevier.com/xml/common/schema" xmlns:mml="http://www.w3.org/1998/Math/MathML" xmlns:cals="http://www.elsevier.com/xml/common/cals/schema" xmlns:tb="http://www.elsevier.com/xml/common/table/schema" xmlns:sa="http://www.elsevier.com/xml/common/struct-aff/schema" xmlns:sb="http://www.elsevier.com/xml/common/struct-bib/schema" xmlns:xlink="http://www.w3.org/1999/xlink"><rdf:RDF><rdf:Description rdf:about="http://dx.doi.org/10.1016/j.dib.2022.107825"><dct:format>application/xml</dct:format><dct:title>Dataset of outer tropical cyclone size from a radial wind profile</dct:title><dct:creator>Albenis P&#233;rez-Alarc&#243;n</dct:creator><dct:creator>Rogert Sor&#237;</dct:creator><dct:creator>Jos&#233; C. Fern&#225;ndez-Alvarez</dct:creator><dct:creator>Raquel Nieto</dct:creator><dct:creator>Luis Gimeno</dct:creator><dct:subject><rdf:Bag><rdf:li>Tropical cyclone</rdf:li><rdf:li>Tropical cyclones database</rdf:li><rdf:li>Tropical cyclone climatology</rdf:li><rdf:li>Tropical cyclones size</rdf:li></rdf:Bag></dct:subject><dct:description>Data in Brief 40 (2022). doi:10.1016/j.dib.2022.107825</dct:description><prism:aggregationType>journal</prism:aggregationType><prism:publicationName>Data in Brief</prism:publicationName><prism:copyright>&#169; 2022 The Author(s). Published by Elsevier Inc.</prism:copyright><dct:publisher>Elsevier Inc.</dct:publisher><prism:issn>2352-3409</prism:issn><prism:volume>40</prism:volume><prism:coverDisplayDate>February 2022</prism:coverDisplayDate><prism:doi>10.1016/j.dib.2022.107825</prism:doi><prism:url>http://dx.doi.org/10.1016/j.dib.2022.107825</prism:url><dct:identifier>doi:10.1016/j.dib.2022.107825</dct:identifier><bam:articleNumber>107825</bam:articleNumber><oa:openAccessInformation><oa:openAccessStatus xmlns:xsi="http://www.w3.org/2001/XMLSchema-instance">http://vtw.elsevier.com/data/voc/oa/OpenAccessStatus#Full</oa:openAccessStatus><oa:openAccessEffective xmlns:xsi="http://www.w3.org/2001/XMLSchema-instance">2022-01-11T16:12:18Z</oa:openAccessEffective><oa:sponsor xmlns:xsi="http://www.w3.org/2001/XMLSchema-instance"><oa:sponsorName>Spain OA journals discount: 2021</oa:sponsorName><oa:sponsorType>http://vtw.elsevier.com/data/voc/oa/SponsorType#FundingBody</oa:sponsorType></oa:sponsor><oa:userLicense xmlns:xsi="http://www.w3.org/2001/XMLSchema-instance">http://creativecommons.org/licenses/by-nc-nd/4.0/</oa:userLicense></oa:openAccessInformation><cp:licenseLine xmlns:xsi="http://www.w3.org/2001/XMLSchema-instance">This is an open access article under the CC BY-NC-ND license.</cp:licenseLine></rdf:Description></rdf:RDF><dp:document-properties><dp:aggregation-type>Journals</dp:aggregation-type><dp:version-number>S300.1</dp:version-number></dp:document-properties><ja:article docsubtype="dat" version="5.6" xml:lang="en"><ja:item-info><ja:jid>DIB</ja:jid><ja:aid>107825</ja:aid><ce:article-number>107825</ce:article-number><ce:pii>S2352-3409(22)00037-3</ce:pii><ce:doi>10.1016/j.dib.2022.107825</ce:doi><ce:document-thread><ce:refers-to-document id="ref0001"><ce:pii>S2212-0947(21)00056-6</ce:pii><ce:doi>10.1016/j.wace.2021.100366</ce:doi></ce:refers-to-document></ce:document-thread><ce:copyright type="unknown" year="2022"/></ja:item-info><ja:head><ce:dochead id="dchd0001"><ce:textfn id="dhtxt0001">Data Article</ce:textfn></ce:dochead><ce:title id="tte0002">Dataset of outer tropical cyclone size from a radial wind profile</ce:title><ce:author-group id="aut0001"><ce:author id="au0001" author-id="S2352340922000373-05908af454e34b500ecfad916595ec0a" orcid="0000-0002-9454-2331"><ce:given-name>Albenis</ce:given-name><ce:surname>P&#233;rez-Alarc&#243;n</ce:surname><ce:contributor-role role="http://credit.niso.org/contributor-roles/conceptualization">Conceptualization</ce:contributor-role><ce:contributor-role role="http://credit.niso.org/contributor-roles/data-curation">Data curation</ce:contributor-role><ce:contributor-role role="http://credit.niso.org/contributor-roles/methodology">Methodology</ce:contributor-role><ce:contributor-role role="http://credit.niso.org/contributor-roles/formal-analysis">Formal analysis</ce:contributor-role><ce:contributor-role role="http://credit.niso.org/contributor-roles/software">Software</ce:contributor-role><ce:contributor-role role="http://credit.niso.org/contributor-roles/investigation">Investigation</ce:contributor-role><ce:contributor-role role="http://credit.niso.org/contributor-roles/validation">Validation</ce:contributor-role><ce:contributor-role role="http://credit.niso.org/contributor-roles/visualization">Visualization</ce:contributor-role><ce:contributor-role role="http://credit.niso.org/contributor-roles/writing-original-draft">Writing &#x2013; original draft</ce:contributor-role><ce:contributor-role role="http://credit.niso.org/contributor-roles/writing-review-editing">Writing &#x2013; review &amp; editing</ce:contributor-role><ce:cross-ref refid="aff0001"><ce:sup loc="post">a</ce:sup></ce:cross-ref><ce:cross-ref refid="aff0002"><ce:sup loc="post">b</ce:sup></ce:cross-ref><ce:cross-ref refid="cor0001"><ce:sup loc="post">&#x204e;</ce:sup></ce:cross-ref><ce:e-address id="ead0001" type="email" xlink:href="mailto:albenis.perez.alarcon@uvigo.es">albenis.perez.alarcon@uvigo.es</ce:e-address><ce:e-address id="ea3b" type="social-media" xlink:href="https://twitter.com/albenispa">@albenispa</ce:e-address></ce:author><ce:author id="au0002" author-id="S2352340922000373-71c54baf9901286cdb240aa8de232bc6" orcid="0000-0001-6699-4595"><ce:given-name>Rogert</ce:given-name><ce:surname>Sor&#237;</ce:surname><ce:contributor-role role="http://credit.niso.org/contributor-roles/conceptualization">Conceptualization</ce:contributor-role><ce:contributor-role role="http://credit.niso.org/contributor-roles/methodology">Methodology</ce:contributor-role><ce:contributor-role role="http://credit.niso.org/contributor-roles/formal-analysis">Formal analysis</ce:contributor-role><ce:contributor-role role="http://credit.niso.org/contributor-roles/investigation">Investigation</ce:contributor-role><ce:contributor-role role="http://credit.niso.org/contributor-roles/validation">Validation</ce:contributor-role><ce:contributor-role role="http://credit.niso.org/contributor-roles/writing-review-editing">Writing &#x2013; review &amp; editing</ce:contributor-role><ce:cross-ref refid="aff0001"><ce:sup loc="post">a</ce:sup></ce:cross-ref><ce:cross-ref refid="aff0003"><ce:sup loc="post">c</ce:sup></ce:cross-ref></ce:author><ce:author id="au0003" author-id="S2352340922000373-64880d5e12a637ef3ff269056749989f"><ce:given-name>Jos&#233; C.</ce:given-name><ce:surname>Fern&#225;ndez-Alvarez</ce:surname><ce:contributor-role role="http://credit.niso.org/contributor-roles/conceptualization">Conceptualization</ce:contributor-role><ce:contributor-role role="http://credit.niso.org/contributor-roles/data-curation">Data curation</ce:contributor-role><ce:contributor-role role="http://credit.niso.org/contributor-roles/methodology">Methodology</ce:contributor-role><ce:contributor-role role="http://credit.niso.org/contributor-roles/investigation">Investigation</ce:contributor-role><ce:contributor-role role="http://credit.niso.org/contributor-roles/validation">Validation</ce:contributor-role><ce:contributor-role role="http://credit.niso.org/contributor-roles/visualization">Visualization</ce:contributor-role><ce:contributor-role role="http://credit.niso.org/contributor-roles/writing-review-editing">Writing &#x2013; review &amp; editing</ce:contributor-role><ce:cross-ref refid="aff0001"><ce:sup loc="post">a</ce:sup></ce:cross-ref><ce:cross-ref refid="aff0002"><ce:sup loc="post">b</ce:sup></ce:cross-ref><ce:e-address id="ea3c" type="social-media" xlink:href="https://twitter.com/JosCarl73975760">@JosCarl73975760</ce:e-address></ce:author><ce:author id="au0004" author-id="S2352340922000373-8386af4c4c9490a655236f8ae62d0492"><ce:given-name>Raquel</ce:given-name><ce:surname>Nieto</ce:surname><ce:contributor-role role="http://credit.niso.org/contributor-roles/methodology">Methodology</ce:contributor-role><ce:contributor-role role="http://credit.niso.org/contributor-roles/validation">Validation</ce:contributor-role><ce:contributor-role role="http://credit.niso.org/contributor-roles/writing-review-editing">Writing &#x2013; review &amp; editing</ce:contributor-role><ce:contributor-role role="http://credit.niso.org/contributor-roles/supervision">Supervision</ce:contributor-role><ce:cross-ref refid="aff0001"><ce:sup loc="post">a</ce:sup></ce:cross-ref><ce:e-address id="ea3a" type="social-media" xlink:href="https://twitter.com/Rnieto15">@Rnieto15</ce:e-address></ce:author><ce:author id="au0005" author-id="S2352340922000373-2c71c6233ec37f8c2b6cd00e646c94cf"><ce:given-name>Luis</ce:given-name><ce:surname>Gimeno</ce:surname><ce:contributor-role role="http://credit.niso.org/contributor-roles/methodology">Methodology</ce:contributor-role><ce:contributor-role role="http://credit.niso.org/contributor-roles/validation">Validation</ce:contributor-role><ce:contributor-role role="http://credit.niso.org/contributor-roles/writing-review-editing">Writing &#x2013; review &amp; editing</ce:contributor-role><ce:contributor-role role="http://credit.niso.org/contributor-roles/supervision">Supervision</ce:contributor-role><ce:cross-ref refid="aff0001"><ce:sup loc="post">a</ce:sup></ce:cross-ref></ce:author><ce:affiliation id="aff0001" affiliation-id="S2352340922000373-157e30e57cbe1e7784700c75f22aef35"><ce:label>a</ce:label><ce:textfn id="cetextfn0001">Centro de Investigaci&#243;n Mari&#241;a, Environmental Physics Laboratory (EPhysLab), Universidade de Vigo, Campus As Lagoas s/n, Ourense 32004, Spain</ce:textfn><sa:affiliation><sa:organization>Centro de Investigaci&#243;n Mari&#241;a</sa:organization><sa:organization>Environmental Physics Laboratory (EPhysLab)</sa:organization><sa:organization>Universidade de Vigo</sa:organization><sa:address-line>Campus As Lagoas s/n</sa:address-line><sa:city>Ourense</sa:city><sa:postal-code>32004</sa:postal-code><sa:country>Spain</sa:country></sa:affiliation><ce:source-text id="staff0001">aCentro de Investigaci&#243;n Mari&#241;a, Environmental Physics Laboratory (EPhysLab), Universidade de Vigo, Campus As Lagoas s/n, Ourense 32004, Spain</ce:source-text></ce:affiliation><ce:affiliation id="aff0002" affiliation-id="S2352340922000373-cfdd6fe0a4306779b31f66808b41c78d"><ce:label>b</ce:label><ce:textfn id="cetextfn0002">Departamento de Meteorolog&#237;a, Instituto Superior de Tecnolog&#237;as y Ciencias Aplicadas, Universidad de La Habana, La Habana 10400, Cuba.</ce:textfn><sa:affiliation><sa:organization>Departamento de Meteorolog&#237;a</sa:organization><sa:organization>Instituto Superior de Tecnolog&#237;as y Ciencias Aplicadas</sa:organization><sa:organization>Universidad de La Habana</sa:organization><sa:city>La Habana</sa:city><sa:postal-code>10400</sa:postal-code><sa:country>Cuba</sa:country></sa:affiliation><ce:source-text id="staff0002">bDepartamento de Meteorolog&#237;a, Instituto Superior de Tecnolog&#237;as y Ciencias Aplicadas, Universidad de La Habana, La Habana 10400, Cuba.</ce:source-text></ce:affiliation><ce:affiliation id="aff0003" affiliation-id="S2352340922000373-062f33ec11686e62aee84ffd5e9351a4"><ce:label>c</ce:label><ce:textfn id="cetextfn0003">Instituto Dom Luiz, Faculdade de Ci&#234;ncias da Universidade de Lisboa, Campo Grande 1749-016, Portugal</ce:textfn><sa:affiliation><sa:organization>Instituto Dom Luiz</sa:organization><sa:organization>Faculdade de Ci&#234;ncias da Universidade de Lisboa</sa:organization><sa:city>Campo Grande</sa:city><sa:postal-code>1749-016</sa:postal-code><sa:country>Portugal</sa:country></sa:affiliation><ce:source-text id="staff0003">cInstituto Dom Luiz, Faculdade de Ci&#234;ncias da Universidade de Lisboa, Campo Grande 1749-016, Portugal</ce:source-text></ce:affiliation><ce:correspondence id="cor0001"><ce:label>&#x204e;</ce:label><ce:text id="cetext0001">Corresponding author at: Centro de Investigaci&#243;n Mari&#241;a, Environmental Physics Laboratory (EPhysLab), Universidade de Vigo, Campus As Lagoas s/n, Ourense 32004, Spain.</ce:text><sa:affiliation><sa:organization>Centro de Investigaci&#243;n Mari&#241;a</sa:organization><sa:organization>Environmental Physics Laboratory (EPhysLab)</sa:organization><sa:organization>Universidade de Vigo</sa:organization><sa:address-line>Campus As Lagoas s/n</sa:address-line><sa:city>Ourense</sa:city><sa:postal-code>32004</sa:postal-code><sa:country>Spain</sa:country></sa:affiliation></ce:correspondence></ce:author-group><ce:date-received day="25" month="8" year="2021"/><ce:date-accepted day="10" month="1" year="2022"/><ce:abstract id="abs0001" view="all" class="author"><ce:section-title id="cesectitle0001">Abstract</ce:section-title><ce:abstract-sec id="abss0001" view="all"><ce:simple-para id="spara004" view="all">P&#233;rez-Alarc&#243;n et&#160;al. [1] developed a comparative climatology of the outer radius of tropical cyclones (TCs) from several radial wind profiles. They showed that the Willoughby et&#160;al. (2006) (W06) profile can be used to reproduce the TC tangential wind speed; thus, this profile is skilful for estimating the TC outer radius. Here, we present a database of TC sizes estimated from the W06 radial wind profile in each cyclogenetic basin worldwide. The database incorporates the critical wind radii, where the tangential wind speed is approximately 17.5&#160;ms<ce:sup loc="post">&#x2212;1</ce:sup> (R<ce:inf loc="post">34</ce:inf>), 26&#160;ms<ce:sup loc="post">&#x2212;1</ce:sup> (R<ce:inf loc="post">50</ce:inf>), 33&#160;ms<ce:sup loc="post">&#x2212;1</ce:sup> (R<ce:inf loc="post">64</ce:inf>), and 51&#160;ms<ce:sup loc="post">&#x2212;1</ce:sup> (R<ce:inf loc="post">100</ce:inf>), estimated by the W06 profile. The database has a comma-delimited text format with six-hour information on the location, maximum wind speed, central pressure, and the different TC metrics mentioned above. This database has a similar structure to that of the Atlantic Hurricane Database (HURDAT2) of the National Hurricane Center. The database presented here is applicable to studies on TC storm surge risks as well as to the determination of the sources and sinks of atmospheric moisture related to tropical cyclogenesis processes.</ce:simple-para></ce:abstract-sec></ce:abstract><ce:keywords id="keys0001" view="all" class="keyword"><ce:section-title id="cesectitle0002">Keywords</ce:section-title><ce:keyword id="key0001"><ce:text id="cetext0002">Tropical cyclone</ce:text></ce:keyword><ce:keyword id="key0002"><ce:text id="cetext0003">Tropical cyclones database</ce:text></ce:keyword><ce:keyword id="key0003"><ce:text id="cetext0004">Tropical cyclone climatology</ce:text></ce:keyword><ce:keyword id="key0004"><ce:text id="cetext0005">Tropical cyclones size</ce:text></ce:keyword></ce:keywords></ja:head></ja:article></doc:document>
