<doc:document xmlns:doc="http://www.elsevier.com/xml/document/schema" xmlns:dp="http://www.elsevier.com/xml/common/doc-properties/schema" xmlns:cps="http://www.elsevier.com/xml/common/consyn-properties/schema" xmlns:rdf="http://www.w3.org/1999/02/22-rdf-syntax-ns#" xmlns:dct="http://purl.org/dc/terms/" xmlns:prism="http://prismstandard.org/namespaces/basic/2.0/" xmlns:oa="http://vtw.elsevier.com/data/ns/properties/OpenAccess-1/" xmlns:bam="http://vtw.elsevier.com/data/voc/ns/bam-vtw-1/" xmlns:cp="http://vtw.elsevier.com/data/ns/properties/Copyright-1/" xmlns:cja="http://www.elsevier.com/xml/cja/schema" xmlns:ja="http://www.elsevier.com/xml/ja/schema" xmlns:bk="http://www.elsevier.com/xml/bk/schema" xmlns:ce="http://www.elsevier.com/xml/common/schema" xmlns:mml="http://www.w3.org/1998/Math/MathML" xmlns:cals="http://www.elsevier.com/xml/common/cals/schema" xmlns:tb="http://www.elsevier.com/xml/common/table/schema" xmlns:sa="http://www.elsevier.com/xml/common/struct-aff/schema" xmlns:sb="http://www.elsevier.com/xml/common/struct-bib/schema" xmlns:xlink="http://www.w3.org/1999/xlink"><rdf:RDF><rdf:Description rdf:about="http://dx.doi.org/10.1016/j.dib.2021.107781"><dct:format>application/xml</dct:format><dct:title>In vitro treatment of human granulosa cells with irisin and leptin: Quantitative RT-PCR array data (female infertility panel)</dct:title><dct:creator>Radoslav Stojchevski</dct:creator><dct:creator>Tomer Singer</dct:creator><dct:creator>Karina Ziskovich</dct:creator><dct:creator>Leonid Poretsky</dct:creator><dct:creator>Dimiter Avtanski</dct:creator><dct:subject><rdf:Bag><rdf:li>PCR array</rdf:li><rdf:li>Ovary</rdf:li><rdf:li>Granulosa cells</rdf:li><rdf:li>Irisin</rdf:li><rdf:li>Leptin</rdf:li><rdf:li>Infertility</rdf:li></rdf:Bag></dct:subject><dct:description>Data in Brief 40 (2022). doi:10.1016/j.dib.2021.107781</dct:description><prism:aggregationType>journal</prism:aggregationType><prism:publicationName>Data in Brief</prism:publicationName><prism:copyright>&#169; 2021 The Authors. Published by Elsevier Inc.</prism:copyright><dct:publisher>Elsevier Inc.</dct:publisher><prism:issn>2352-3409</prism:issn><prism:volume>40</prism:volume><prism:coverDisplayDate>February 2022</prism:coverDisplayDate><prism:doi>10.1016/j.dib.2021.107781</prism:doi><prism:url>http://dx.doi.org/10.1016/j.dib.2021.107781</prism:url><dct:identifier>doi:10.1016/j.dib.2021.107781</dct:identifier><bam:articleNumber>107781</bam:articleNumber><oa:openAccessInformation><oa:openAccessStatus xmlns:xsi="http://www.w3.org/2001/XMLSchema-instance">http://vtw.elsevier.com/data/voc/oa/OpenAccessStatus#Full</oa:openAccessStatus><oa:openAccessEffective xmlns:xsi="http://www.w3.org/2001/XMLSchema-instance">2021-12-30T12:48:43Z</oa:openAccessEffective><oa:sponsor xmlns:xsi="http://www.w3.org/2001/XMLSchema-instance"><oa:sponsorType>http://vtw.elsevier.com/data/voc/oa/SponsorType#Author</oa:sponsorType></oa:sponsor><oa:userLicense xmlns:xsi="http://www.w3.org/2001/XMLSchema-instance">http://creativecommons.org/licenses/by/4.0/</oa:userLicense></oa:openAccessInformation><cp:licenseLine xmlns:xsi="http://www.w3.org/2001/XMLSchema-instance">This is an open access article under the CC BY license.</cp:licenseLine></rdf:Description></rdf:RDF><dp:document-properties><dp:aggregation-type>Journals</dp:aggregation-type><dp:version-number>S300.1</dp:version-number></dp:document-properties><ja:article docsubtype="dat" version="5.6" xml:lang="en"><ja:item-info><ja:jid>DIB</ja:jid><ja:aid>107781</ja:aid><ce:article-number>107781</ce:article-number><ce:pii>S2352-3409(21)01055-6</ce:pii><ce:doi>10.1016/j.dib.2021.107781</ce:doi><ce:copyright type="unknown" year="2022"/></ja:item-info><ja:head><ce:dochead id="dchd0001"><ce:textfn id="dhtxt0001">Data Article</ce:textfn></ce:dochead><ce:title id="tte0002"><ce:italic>In vitro</ce:italic> treatment of human granulosa cells with irisin and leptin: Quantitative RT-PCR array data (female infertility panel)</ce:title><ce:author-group id="aut0001"><ce:author id="au0001" author-id="S2352340921010556-579b75e0530db3570955e5e022cc107e"><ce:given-name>Radoslav</ce:given-name><ce:surname>Stojchevski</ce:surname><ce:contributor-role role="http://credit.niso.org/contributor-roles/methodology">Methodology</ce:contributor-role><ce:contributor-role role="http://credit.niso.org/contributor-roles/validation">Validation</ce:contributor-role><ce:contributor-role role="http://credit.niso.org/contributor-roles/formal-analysis">Formal analysis</ce:contributor-role><ce:contributor-role role="http://credit.niso.org/contributor-roles/investigation">Investigation</ce:contributor-role><ce:contributor-role role="http://credit.niso.org/contributor-roles/writing-original-draft">Writing &#x2013; original draft</ce:contributor-role><ce:contributor-role role="http://credit.niso.org/contributor-roles/writing-review-editing">Writing &#x2013; review &amp; editing</ce:contributor-role><ce:contributor-role role="http://credit.niso.org/contributor-roles/visualization">Visualization</ce:contributor-role><ce:cross-ref refid="aff0001"><ce:sup loc="post">a</ce:sup></ce:cross-ref><ce:e-address id="ea3a" type="social-media" xlink:href="https://twitter.com/valcodaR_">@valcodaR_</ce:e-address></ce:author><ce:author id="au0002" author-id="S2352340921010556-1ae9e91d290c7f0ef3a997fe91b5d4e0"><ce:given-name>Tomer</ce:given-name><ce:surname>Singer</ce:surname><ce:cross-ref refid="aff0002"><ce:sup loc="post">b</ce:sup></ce:cross-ref></ce:author><ce:author id="au0003" author-id="S2352340921010556-c5021e51be58d2a4c222e3235152c20f"><ce:given-name>Karina</ce:given-name><ce:surname>Ziskovich</ce:surname><ce:cross-ref refid="aff0001"><ce:sup loc="post">a</ce:sup></ce:cross-ref></ce:author><ce:author id="au0004" author-id="S2352340921010556-f14819696f33001a73fe5dcf8c9ba3eb"><ce:given-name>Leonid</ce:given-name><ce:surname>Poretsky</ce:surname><ce:contributor-role role="http://credit.niso.org/contributor-roles/conceptualization">Conceptualization</ce:contributor-role><ce:contributor-role role="http://credit.niso.org/contributor-roles/writing-review-editing">Writing &#x2013; review &amp; editing</ce:contributor-role><ce:contributor-role role="http://credit.niso.org/contributor-roles/supervision">Supervision</ce:contributor-role><ce:contributor-role role="http://credit.niso.org/contributor-roles/project-administration">Project administration</ce:contributor-role><ce:contributor-role role="http://credit.niso.org/contributor-roles/funding-acquisition">Funding acquisition</ce:contributor-role><ce:cross-ref refid="aff0001"><ce:sup loc="post">a</ce:sup></ce:cross-ref><ce:cross-ref refid="aff0003"><ce:sup loc="post">c</ce:sup></ce:cross-ref><ce:cross-ref refid="aff0004"><ce:sup loc="post">d</ce:sup></ce:cross-ref></ce:author><ce:author id="au0005" author-id="S2352340921010556-da67d2847815410b7eb86a3fffaa8a7d" orcid="0000-0002-4479-6448"><ce:given-name>Dimiter</ce:given-name><ce:surname>Avtanski</ce:surname><ce:contributor-role role="http://credit.niso.org/contributor-roles/conceptualization">Conceptualization</ce:contributor-role><ce:contributor-role role="http://credit.niso.org/contributor-roles/methodology">Methodology</ce:contributor-role><ce:contributor-role role="http://credit.niso.org/contributor-roles/validation">Validation</ce:contributor-role><ce:contributor-role role="http://credit.niso.org/contributor-roles/formal-analysis">Formal analysis</ce:contributor-role><ce:contributor-role role="http://credit.niso.org/contributor-roles/resources">Resources</ce:contributor-role><ce:contributor-role role="http://credit.niso.org/contributor-roles/writing-original-draft">Writing &#x2013; original draft</ce:contributor-role><ce:contributor-role role="http://credit.niso.org/contributor-roles/writing-review-editing">Writing &#x2013; review &amp; editing</ce:contributor-role><ce:contributor-role role="http://credit.niso.org/contributor-roles/visualization">Visualization</ce:contributor-role><ce:contributor-role role="http://credit.niso.org/contributor-roles/supervision">Supervision</ce:contributor-role><ce:contributor-role role="http://credit.niso.org/contributor-roles/funding-acquisition">Funding acquisition</ce:contributor-role><ce:cross-ref refid="aff0001"><ce:sup loc="post">a</ce:sup></ce:cross-ref><ce:cross-ref refid="aff0003"><ce:sup loc="post">c</ce:sup></ce:cross-ref><ce:cross-ref refid="aff0004"><ce:sup loc="post">d</ce:sup></ce:cross-ref><ce:cross-ref refid="cor0001"><ce:sup loc="post">&#x204e;</ce:sup></ce:cross-ref><ce:e-address id="ead0001" type="email" xlink:href="mailto:davtanski@northwell.edu">davtanski@northwell.edu</ce:e-address><ce:e-address id="ea3" type="social-media" xlink:href="https://twitter.com/DimiterAvtanski">@DimiterAvtanski</ce:e-address></ce:author><ce:affiliation id="aff0001" affiliation-id="S2352340921010556-4b9d65ceecb5113a9ec43ccd28009f41"><ce:label>a</ce:label><ce:textfn id="cetextfn0001">Friedman Diabetes Institute, Northwell Health, New York, NY, USA</ce:textfn><sa:affiliation><sa:organization>Friedman Diabetes Institute, Northwell Health</sa:organization><sa:city>New York</sa:city><sa:state>NY</sa:state><sa:country>USA</sa:country></sa:affiliation><ce:source-text id="staff0001">aFriedman Diabetes Institute, Northwell Health, New York, NY, USA</ce:source-text></ce:affiliation><ce:affiliation id="aff0002" affiliation-id="S2352340921010556-7026597d7081ca0e449e72a57a7c4b9d"><ce:label>b</ce:label><ce:textfn id="cetextfn0002">Shady Grove Fertility Clinic, New York, NY, USA</ce:textfn><sa:affiliation><sa:organization>Shady Grove Fertility Clinic,</sa:organization><sa:city>New York</sa:city><sa:state>NY</sa:state><sa:country>USA</sa:country></sa:affiliation><ce:source-text id="staff0002">bShady Grove Fertility Clinic, New York, NY, USA</ce:source-text></ce:affiliation><ce:affiliation id="aff0003" affiliation-id="S2352340921010556-ce7931e8f91b2a97d141f330c5921f74"><ce:label>c</ce:label><ce:textfn id="cetextfn0003">Feinstein Institutes for Medical Research, Northwell Health, Manhasset, NY, USA</ce:textfn><sa:affiliation><sa:organization>Feinstein Institutes for Medical Research, Northwell Health</sa:organization><sa:city>Manhasset</sa:city><sa:state>NY</sa:state><sa:country>USA</sa:country></sa:affiliation><ce:source-text id="staff0003">cFeinstein Institutes for Medical Research, Northwell Health, Manhasset, NY, USA</ce:source-text></ce:affiliation><ce:affiliation id="aff0004" affiliation-id="S2352340921010556-3d68adb8c5fe8dcf5983bbaa4bd6a8f7"><ce:label>d</ce:label><ce:textfn id="cetextfn0004">Donald and Barbara Zucker School of Medicine at Hofstra/Northwell, Hempstead, NY, USA</ce:textfn><sa:affiliation><sa:organization>Donald and Barbara Zucker School of Medicine at Hofstra/Northwell</sa:organization><sa:city>Hempstead</sa:city><sa:state>NY</sa:state><sa:country>USA</sa:country></sa:affiliation><ce:source-text id="staff0004">dDonald and Barbara Zucker School of Medicine at Hofstra/Northwell, Hempstead, NY, USA</ce:source-text></ce:affiliation><ce:correspondence id="cor0001"><ce:label>&#x204e;</ce:label><ce:text id="cetext0001">Corresponding author at: Friedman Diabetes Institute, 110 E 59th Street Suite 8B, Rm 837 New York, NY 10022 USA.</ce:text><sa:affiliation><sa:organization>Friedman Diabetes Institute</sa:organization><sa:organization>Northwell Health</sa:organization><sa:address-line>110 E 59th Street Suite 8B, Rm 837</sa:address-line><sa:city>New York</sa:city><sa:state>NY</sa:state><sa:postal-code>10022</sa:postal-code><sa:country>USA</sa:country></sa:affiliation></ce:correspondence></ce:author-group><ce:date-received day="24" month="11" year="2021"/><ce:date-revised day="27" month="12" year="2021"/><ce:date-accepted day="29" month="12" year="2021"/><ce:abstract id="abs0001" view="all" class="author"><ce:section-title id="cesectitle0001">Abstract</ce:section-title><ce:abstract-sec id="abss0001" view="all"><ce:simple-para id="spara003" view="all">Reproduction is closely related to energy metabolism: physical activity and adiposity (either insufficient weight or obesity) can affect female fertility. Irisin is a myo- and adipokine produced by skeletal muscles during exercise or shivering as well as in smaller amounts by subcutaneous visceral adipocytes [1]. Leptin is a neuroendocrine adipokine regulating satiety and energy expenditure. Circulating levels of both, irisin and leptin, correlate with adiposity status and physical activity [2&#x2013;6]. This article presents data from quantitative PCR array of the <ce:italic>in vitro</ce:italic> effects of irisin and leptin on cultured human ovarian granulosa cells. Granulosa cells were purified from follicular fluid samples obtained from women undergoing <ce:italic>in vitro</ce:italic> fertilization (IVF) procedure and were subjected to treatment with irisin (500&#160;ng/mL) or leptin (100&#160;ng/mL) for 24&#160;h. The array included 84 genes involved in female fertility.</ce:simple-para></ce:abstract-sec></ce:abstract><ce:keywords id="keys0001" view="all" class="keyword"><ce:section-title id="cesectitle0002">Keywords</ce:section-title><ce:keyword id="key0001"><ce:text id="cetext0002">PCR array</ce:text></ce:keyword><ce:keyword id="key0002"><ce:text id="cetext0003">Ovary</ce:text></ce:keyword><ce:keyword id="key0003"><ce:text id="cetext0004">Granulosa cells</ce:text></ce:keyword><ce:keyword id="key0004"><ce:text id="cetext0005">Irisin</ce:text></ce:keyword><ce:keyword id="key0005"><ce:text id="cetext0006">Leptin</ce:text></ce:keyword><ce:keyword id="key0006"><ce:text id="cetext0007">Infertility</ce:text></ce:keyword></ce:keywords></ja:head></ja:article></doc:document>
