<doc:document xmlns:doc="http://www.elsevier.com/xml/document/schema" xmlns:dp="http://www.elsevier.com/xml/common/doc-properties/schema" xmlns:cps="http://www.elsevier.com/xml/common/consyn-properties/schema" xmlns:rdf="http://www.w3.org/1999/02/22-rdf-syntax-ns#" xmlns:dct="http://purl.org/dc/terms/" xmlns:prism="http://prismstandard.org/namespaces/basic/2.0/" xmlns:oa="http://vtw.elsevier.com/data/ns/properties/OpenAccess-1/" xmlns:bam="http://vtw.elsevier.com/data/voc/ns/bam-vtw-1/" xmlns:cp="http://vtw.elsevier.com/data/ns/properties/Copyright-1/" xmlns:cja="http://www.elsevier.com/xml/cja/schema" xmlns:ja="http://www.elsevier.com/xml/ja/schema" xmlns:bk="http://www.elsevier.com/xml/bk/schema" xmlns:ce="http://www.elsevier.com/xml/common/schema" xmlns:mml="http://www.w3.org/1998/Math/MathML" xmlns:cals="http://www.elsevier.com/xml/common/cals/schema" xmlns:tb="http://www.elsevier.com/xml/common/table/schema" xmlns:sa="http://www.elsevier.com/xml/common/struct-aff/schema" xmlns:sb="http://www.elsevier.com/xml/common/struct-bib/schema" xmlns:xlink="http://www.w3.org/1999/xlink"><rdf:RDF><rdf:Description rdf:about="http://dx.doi.org/10.1016/j.dib.2021.107579"><dct:format>application/xml</dct:format><dct:title>Covid-19 pandemic policy monitor (COV-PPM) - European level tracking data of non-pharmaceutical interventions</dct:title><dct:creator>Kayvan Bozorgmehr</dct:creator><dct:creator>Sven Rohleder</dct:creator><dct:creator>Stella Duwendag</dct:creator><dct:creator>Amir Mohsenpour</dct:creator><dct:creator>Victoria Saint</dct:creator><dct:creator>Andreas W. Gold</dct:creator><dct:creator>Sukhvir Kaur</dct:creator><dct:creator>Niklas Nutsch</dct:creator><dct:creator>Diogo Costa</dct:creator><dct:subject><rdf:Bag><rdf:li>Covid-19</rdf:li><rdf:li>SARS-Cov-2</rdf:li><rdf:li>Non-pharmaceutical interventions</rdf:li><rdf:li>Policy measures</rdf:li><rdf:li>Europe</rdf:li></rdf:Bag></dct:subject><dct:description>Data in Brief 39 (2021). doi:10.1016/j.dib.2021.107579</dct:description><prism:aggregationType>journal</prism:aggregationType><prism:publicationName>Data in Brief</prism:publicationName><prism:copyright>&#169; 2021 The Author(s). Published by Elsevier Inc.</prism:copyright><dct:publisher>Elsevier Inc.</dct:publisher><prism:issn>2352-3409</prism:issn><prism:volume>39</prism:volume><prism:coverDisplayDate>December 2021</prism:coverDisplayDate><prism:doi>10.1016/j.dib.2021.107579</prism:doi><prism:url>http://dx.doi.org/10.1016/j.dib.2021.107579</prism:url><dct:identifier>doi:10.1016/j.dib.2021.107579</dct:identifier><bam:articleNumber>107579</bam:articleNumber><oa:openAccessInformation><oa:openAccessStatus xmlns:xsi="http://www.w3.org/2001/XMLSchema-instance">http://vtw.elsevier.com/data/voc/oa/OpenAccessStatus#Full</oa:openAccessStatus><oa:openAccessEffective xmlns:xsi="http://www.w3.org/2001/XMLSchema-instance">2021-11-11T14:00:08Z</oa:openAccessEffective><oa:sponsor xmlns:xsi="http://www.w3.org/2001/XMLSchema-instance"><oa:sponsorType>http://vtw.elsevier.com/data/voc/oa/SponsorType#Author</oa:sponsorType></oa:sponsor><oa:userLicense xmlns:xsi="http://www.w3.org/2001/XMLSchema-instance">http://creativecommons.org/licenses/by/4.0/</oa:userLicense></oa:openAccessInformation><cp:licenseLine xmlns:xsi="http://www.w3.org/2001/XMLSchema-instance">This is an open access article under the CC BY license.</cp:licenseLine></rdf:Description></rdf:RDF><dp:document-properties><dp:aggregation-type>Journals</dp:aggregation-type><dp:version-number>S300.1</dp:version-number></dp:document-properties><ja:article docsubtype="dat" version="5.6" xml:lang="en"><ja:item-info><ja:jid>DIB</ja:jid><ja:aid>107579</ja:aid><ce:article-number>107579</ce:article-number><ce:pii>S2352-3409(21)00854-4</ce:pii><ce:doi>10.1016/j.dib.2021.107579</ce:doi><ce:copyright type="unknown" year="2021"/></ja:item-info><ja:head><ce:dochead id="dchd0001"><ce:textfn id="dhtxt0001">Data Article</ce:textfn></ce:dochead><ce:title id="tte0002">Covid-19 pandemic policy monitor (COV-PPM) - European level tracking data of non-pharmaceutical interventions</ce:title><ce:author-group id="aut0001"><ce:author id="au0001" author-id="S2352340921008544-07d29a564f7d492e8c78aa8c97f6ee84" orcid="0000-0002-1411-1209"><ce:given-name>Kayvan</ce:given-name><ce:surname>Bozorgmehr</ce:surname><ce:cross-ref refid="aff0001"><ce:sup loc="post">a</ce:sup></ce:cross-ref><ce:cross-ref refid="aff0002"><ce:sup loc="post">b</ce:sup></ce:cross-ref><ce:cross-ref refid="cor0001"><ce:sup loc="post">&#x204e;</ce:sup></ce:cross-ref><ce:cross-ref refid="fn1"><ce:sup loc="post">1</ce:sup></ce:cross-ref><ce:e-address id="ead0001" type="email" xlink:href="mailto:kayvan.bozorgmehr@uni-bielefeld.de">kayvan.bozorgmehr@uni-bielefeld.de</ce:e-address></ce:author><ce:author id="au0002" author-id="S2352340921008544-42ab83d6a5dcfcd748592bee70c835ff"><ce:given-name>Sven</ce:given-name><ce:surname>Rohleder</ce:surname><ce:cross-ref refid="aff0001"><ce:sup loc="post">a</ce:sup></ce:cross-ref><ce:cross-ref refid="aff0002"><ce:sup loc="post">b</ce:sup></ce:cross-ref></ce:author><ce:author id="au0003" author-id="S2352340921008544-e0461689469e0ad31f9cb233d78b79a8" orcid="0000-0001-9259-2442"><ce:given-name>Stella</ce:given-name><ce:surname>Duwendag</ce:surname><ce:cross-ref refid="aff0001"><ce:sup loc="post">a</ce:sup></ce:cross-ref></ce:author><ce:author id="au0004" author-id="S2352340921008544-f6c8311bdfb3a729fa458fd7a38656dd" orcid="0000-0001-8419-2430"><ce:given-name>Amir</ce:given-name><ce:surname>Mohsenpour</ce:surname><ce:cross-ref refid="aff0001"><ce:sup loc="post">a</ce:sup></ce:cross-ref></ce:author><ce:author id="au0005" author-id="S2352340921008544-fc2a926e6320134d9e0224441fab2918" orcid="0000-0003-4663-1716"><ce:given-name>Victoria</ce:given-name><ce:surname>Saint</ce:surname><ce:cross-ref refid="aff0001"><ce:sup loc="post">a</ce:sup></ce:cross-ref></ce:author><ce:author id="au0006" orcid="0000-0002-4414-1177" author-id="S2352340921008544-3834100f362535d07dbe84233443ad47"><ce:given-name>Andreas W.</ce:given-name><ce:surname>Gold</ce:surname><ce:cross-ref refid="aff0002"><ce:sup loc="post">b</ce:sup></ce:cross-ref></ce:author><ce:author id="au0007" author-id="S2352340921008544-e37ec95a9b7a71406945c462b00ce981"><ce:given-name>Sukhvir</ce:given-name><ce:surname>Kaur</ce:surname><ce:cross-ref refid="aff0002"><ce:sup loc="post">b</ce:sup></ce:cross-ref></ce:author><ce:author id="au0008" author-id="S2352340921008544-a936624b48bed373fdd9f6a5e84bb8fd"><ce:given-name>Niklas</ce:given-name><ce:surname>Nutsch</ce:surname><ce:cross-ref refid="aff0001"><ce:sup loc="post">a</ce:sup></ce:cross-ref></ce:author><ce:author id="au0009" author-id="S2352340921008544-32c64a2261626301b02c9987a4c1f25a" orcid="0000-0001-9696-7088"><ce:given-name>Diogo</ce:given-name><ce:surname>Costa</ce:surname><ce:cross-ref refid="aff0001"><ce:sup loc="post">a</ce:sup></ce:cross-ref></ce:author><ce:affiliation id="aff0001" affiliation-id="S2352340921008544-b935c0e8381207ed30305c2cd12ec755"><ce:label>a</ce:label><ce:textfn id="cetextfn0001">Department of Population Medicine and Health Services Research, School of Public Health, Bielefeld University, Bielefeld 33501, Germany</ce:textfn><sa:affiliation><sa:organization>Department of Population Medicine and Health Services Research</sa:organization><sa:organization>School of Public Health</sa:organization><sa:organization>Bielefeld University</sa:organization><sa:city>Bielefeld</sa:city><sa:postal-code>33501</sa:postal-code><sa:country>Germany</sa:country></sa:affiliation><ce:source-text id="staff0001">aDepartment of Population Medicine and Health Services Research, School of Public Health, Bielefeld University, Bielefeld 33501, Germany</ce:source-text></ce:affiliation><ce:affiliation id="aff0002" affiliation-id="S2352340921008544-bd60bb5a7defc5beb8de70be4f2c713a"><ce:label>b</ce:label><ce:textfn id="cetextfn0002">Section for Health Equity Studies and Migration, Department of General Practice and Health Services Research, Heidelberg University Hospital, Germany</ce:textfn><sa:affiliation><sa:organization>Section for Health Equity Studies and Migration</sa:organization><sa:organization>Department of General Practice and Health Services Research</sa:organization><sa:organization>Heidelberg University Hospital</sa:organization><sa:country>Germany</sa:country></sa:affiliation><ce:source-text id="staff0002">bSection for Health Equity Studies and Migration, Department of General Practice and Health Services Research, Heidelberg University Hospital, Germany</ce:source-text></ce:affiliation><ce:correspondence id="cor0001"><ce:label>&#x204e;</ce:label><ce:text id="cetext0001">Corresponding author at: Department of Population Medicine and Health Services Research, School of Public Health, Bielefeld University, Bielefeld 33501, Germany.</ce:text><sa:affiliation><sa:organization>Department of Population Medicine and Health Services Research</sa:organization><sa:organization>School of Public Health</sa:organization><sa:organization>Bielefeld University</sa:organization><sa:city>Bielefeld</sa:city><sa:postal-code>33501</sa:postal-code><sa:country>Germany</sa:country></sa:affiliation></ce:correspondence><ce:footnote id="fn1"><ce:label>1</ce:label><ce:note-para id="notep0001a" view="all"><ce:inter-ref id="interref0001k" xlink:href="https://twitter.com/unibielefeld" xlink:type="simple">@unibielefeld</ce:inter-ref></ce:note-para></ce:footnote></ce:author-group><ce:date-received day="5" month="10" year="2021"/><ce:date-revised day="9" month="11" year="2021"/><ce:date-accepted day="10" month="11" year="2021"/><ce:abstract id="abs0001" view="all" class="author"><ce:section-title id="cesectitle0001">Abstract</ce:section-title><ce:abstract-sec id="abss0001" view="all"><ce:simple-para id="spara005" view="all">The Covid-19 Pandemic Policy Monitor (COV-PPM) dataset prospectively documents non-pharmaceutical interventions (NPIs) taken to contain SARS-Cov-2 transmission across countries in EU27, EEA and UK. In Germany, measures have also been recorded at the federal state and, partially, at the district levels. NPIs implemented since January 2020 have been retrieved and updated weekly from March 2020, from official governments webpages, Ministries of Health, National (Public) Health Institutes or Administrations. NPI categories collected refer to restrictions, closures or changes in functioning implemented in 13 domains: public events (gatherings in indoor or outdoor spaces); public institutions (kindergartens, schools, universities); public spaces (shops, bars, restaurants); public transport (trains, buses, trams, metro); citizens movement/mobility (e.g. pedestrians, cars, ships); border closures (air, land or sea, all incoming travels, from high-risk regions, only non-nationals); measures to improve the healthcare system (e.g. human resources or technical reinforcement, redistribution, material or infrastructural); measures for risk/vulnerable groups (e.g. elderly, chronically ill, pregnant); economic measures (e.g. lay-off rules establishment, actions to avoid job-loss, tax relaxation); testing policies (e.g. testing criteria changes); nose and mouth protection rules, vaccination and others/miscellaneous measures.</ce:simple-para></ce:abstract-sec></ce:abstract><ce:keywords id="keys0001" view="all" class="keyword"><ce:section-title id="cesectitle0002">Keywords</ce:section-title><ce:keyword id="key0001"><ce:text id="cetext0002">Covid-19</ce:text></ce:keyword><ce:keyword id="key0001a"><ce:text id="cetext0002a">SARS-Cov-2</ce:text></ce:keyword><ce:keyword id="key0001b"><ce:text id="cetext0002b">Non-pharmaceutical interventions</ce:text></ce:keyword><ce:keyword id="key0001c"><ce:text id="cetext0002c">Policy measures</ce:text></ce:keyword><ce:keyword id="key0001d"><ce:text id="cetext0002d">Europe</ce:text></ce:keyword></ce:keywords></ja:head></ja:article></doc:document>
