<doc:document xmlns:doc="http://www.elsevier.com/xml/document/schema" xmlns:dp="http://www.elsevier.com/xml/common/doc-properties/schema" xmlns:cps="http://www.elsevier.com/xml/common/consyn-properties/schema" xmlns:rdf="http://www.w3.org/1999/02/22-rdf-syntax-ns#" xmlns:dct="http://purl.org/dc/terms/" xmlns:prism="http://prismstandard.org/namespaces/basic/2.0/" xmlns:oa="http://vtw.elsevier.com/data/ns/properties/OpenAccess-1/" xmlns:bam="http://vtw.elsevier.com/data/voc/ns/bam-vtw-1/" xmlns:cp="http://vtw.elsevier.com/data/ns/properties/Copyright-1/" xmlns:cja="http://www.elsevier.com/xml/cja/schema" xmlns:ja="http://www.elsevier.com/xml/ja/schema" xmlns:bk="http://www.elsevier.com/xml/bk/schema" xmlns:ce="http://www.elsevier.com/xml/common/schema" xmlns:mml="http://www.w3.org/1998/Math/MathML" xmlns:cals="http://www.elsevier.com/xml/common/cals/schema" xmlns:tb="http://www.elsevier.com/xml/common/table/schema" xmlns:sa="http://www.elsevier.com/xml/common/struct-aff/schema" xmlns:sb="http://www.elsevier.com/xml/common/struct-bib/schema" xmlns:xlink="http://www.w3.org/1999/xlink"><rdf:RDF><rdf:Description rdf:about="http://dx.doi.org/10.1016/j.dib.2022.107789"><dct:format>application/xml</dct:format><dct:title>Dataset on the effect of soaking Kale (Brassica Oleraceae L. var. acephala DC.) seeds in solution based on amorphous silicon dioxide on the bioactive components and physiological growth parameters</dct:title><dct:creator>Ali J. Othman</dct:creator><dct:creator>Ludmila G. Eliseeva</dct:creator><dct:creator>Polina G. Molodkina</dct:creator><dct:creator>Nazirya A. Ibragimova</dct:creator><dct:creator>Fatima M. Duksi</dct:creator><dct:subject><rdf:Bag><rdf:li>Kale (Brassica Oleraceae L. var. acephala DC.)</rdf:li><rdf:li>Microgreens</rdf:li><rdf:li>Capillary zone electrophoresis</rdf:li><rdf:li>Antioxidants capacity</rdf:li><rdf:li>Phenolic content</rdf:li><rdf:li>amorphous silicon dioxide</rdf:li></rdf:Bag></dct:subject><dct:description>Data in Brief 40 (2022). doi:10.1016/j.dib.2022.107789</dct:description><prism:aggregationType>journal</prism:aggregationType><prism:publicationName>Data in Brief</prism:publicationName><prism:copyright>&#169; 2022 The Author(s). Published by Elsevier Inc.</prism:copyright><dct:publisher>Elsevier Inc.</dct:publisher><prism:issn>2352-3409</prism:issn><prism:volume>40</prism:volume><prism:coverDisplayDate>February 2022</prism:coverDisplayDate><prism:doi>10.1016/j.dib.2022.107789</prism:doi><prism:url>http://dx.doi.org/10.1016/j.dib.2022.107789</prism:url><dct:identifier>doi:10.1016/j.dib.2022.107789</dct:identifier><bam:articleNumber>107789</bam:articleNumber><oa:openAccessInformation><oa:openAccessStatus xmlns:xsi="http://www.w3.org/2001/XMLSchema-instance">http://vtw.elsevier.com/data/voc/oa/OpenAccessStatus#Full</oa:openAccessStatus><oa:openAccessEffective xmlns:xsi="http://www.w3.org/2001/XMLSchema-instance">2022-01-03T17:47:09Z</oa:openAccessEffective><oa:sponsor xmlns:xsi="http://www.w3.org/2001/XMLSchema-instance"><oa:sponsorType>http://vtw.elsevier.com/data/voc/oa/SponsorType#Author</oa:sponsorType></oa:sponsor><oa:userLicense xmlns:xsi="http://www.w3.org/2001/XMLSchema-instance">http://creativecommons.org/licenses/by/4.0/</oa:userLicense></oa:openAccessInformation><cp:licenseLine xmlns:xsi="http://www.w3.org/2001/XMLSchema-instance">This is an open access article under the CC BY license.</cp:licenseLine></rdf:Description></rdf:RDF><dp:document-properties><dp:aggregation-type>Journals</dp:aggregation-type><dp:version-number>S300.1</dp:version-number></dp:document-properties><ja:article docsubtype="dat" version="5.6" xml:lang="en"><ja:item-info><ja:jid>DIB</ja:jid><ja:aid>107789</ja:aid><ce:article-number>107789</ce:article-number><ce:pii>S2352-3409(22)00001-4</ce:pii><ce:doi>10.1016/j.dib.2022.107789</ce:doi><ce:copyright type="unknown" year="2022"/></ja:item-info><ja:head><ce:dochead id="dchd0001"><ce:textfn id="dhtxt0001">Data Article</ce:textfn></ce:dochead><ce:title id="tte0002">Dataset on the effect of soaking Kale (Brassica Oleraceae L. var. acephala DC.) seeds in solution based on amorphous silicon dioxide on the bioactive components and physiological growth parameters</ce:title><ce:author-group id="aut0001"><ce:author id="au0001" author-id="S2352340922000014-77a60cf6fff6825c9d29546f9419d13a" orcid="0000-0002-8309-1854"><ce:given-name>Ali J.</ce:given-name><ce:surname>Othman</ce:surname><ce:contributor-role role="http://credit.niso.org/contributor-roles/conceptualization">Conceptualization</ce:contributor-role><ce:contributor-role role="http://credit.niso.org/contributor-roles/visualization">Visualization</ce:contributor-role><ce:contributor-role role="http://credit.niso.org/contributor-roles/methodology">Methodology</ce:contributor-role><ce:contributor-role role="http://credit.niso.org/contributor-roles/software">Software</ce:contributor-role><ce:contributor-role role="http://credit.niso.org/contributor-roles/formal-analysis">Formal analysis</ce:contributor-role><ce:contributor-role role="http://credit.niso.org/contributor-roles/writing-original-draft">Writing &#x2013; original draft</ce:contributor-role><ce:cross-ref refid="aff0001"><ce:sup loc="post">a</ce:sup></ce:cross-ref><ce:cross-ref refid="cor0001"><ce:sup loc="post">&#x204e;</ce:sup></ce:cross-ref><ce:e-address id="ead0001" type="email" xlink:href="mailto:ali.mcisa@gmail.com">ali.mcisa@gmail.com</ce:e-address></ce:author><ce:author id="au0002" author-id="S2352340922000014-e1ed2e565cd859930876d9e6387dca3a"><ce:given-name>Ludmila G.</ce:given-name><ce:surname>Eliseeva</ce:surname><ce:contributor-role role="http://credit.niso.org/contributor-roles/conceptualization">Conceptualization</ce:contributor-role><ce:contributor-role role="http://credit.niso.org/contributor-roles/visualization">Visualization</ce:contributor-role><ce:contributor-role role="http://credit.niso.org/contributor-roles/resources">Resources</ce:contributor-role><ce:contributor-role role="http://credit.niso.org/contributor-roles/formal-analysis">Formal analysis</ce:contributor-role><ce:contributor-role role="http://credit.niso.org/contributor-roles/writing-review-editing">Writing &#x2013; review &amp; editing</ce:contributor-role><ce:cross-ref refid="aff0001"><ce:sup loc="post">a</ce:sup></ce:cross-ref></ce:author><ce:author id="au0003" author-id="S2352340922000014-8aea77bd177a6dff5ffa4c7c5c9100a8"><ce:given-name>Polina G.</ce:given-name><ce:surname>Molodkina</ce:surname><ce:contributor-role role="http://credit.niso.org/contributor-roles/methodology">Methodology</ce:contributor-role><ce:contributor-role role="http://credit.niso.org/contributor-roles/software">Software</ce:contributor-role><ce:contributor-role role="http://credit.niso.org/contributor-roles/formal-analysis">Formal analysis</ce:contributor-role><ce:cross-ref refid="aff0001"><ce:sup loc="post">a</ce:sup></ce:cross-ref></ce:author><ce:author id="au0004" author-id="S2352340922000014-f74a29e08ca8946a9a21ea708bc3f536"><ce:given-name>Nazirya A.</ce:given-name><ce:surname>Ibragimova</ce:surname><ce:contributor-role role="http://credit.niso.org/contributor-roles/methodology">Methodology</ce:contributor-role><ce:contributor-role role="http://credit.niso.org/contributor-roles/software">Software</ce:contributor-role><ce:contributor-role role="http://credit.niso.org/contributor-roles/formal-analysis">Formal analysis</ce:contributor-role><ce:cross-ref refid="aff0001"><ce:sup loc="post">a</ce:sup></ce:cross-ref></ce:author><ce:author id="au0005" author-id="S2352340922000014-a264bbbe7464bd39020fefd65f270d4f"><ce:given-name>Fatima M.</ce:given-name><ce:surname>Duksi</ce:surname><ce:contributor-role role="http://credit.niso.org/contributor-roles/writing-original-draft">Writing &#x2013; original draft</ce:contributor-role><ce:contributor-role role="http://credit.niso.org/contributor-roles/formal-analysis">Formal analysis</ce:contributor-role><ce:contributor-role role="http://credit.niso.org/contributor-roles/writing-review-editing">Writing &#x2013; review &amp; editing</ce:contributor-role><ce:cross-ref refid="aff0002"><ce:sup loc="post">b</ce:sup></ce:cross-ref></ce:author><ce:affiliation id="aff0001" affiliation-id="S2352340922000014-3bf2065fbc116fdbf904cd5f66fdea4a"><ce:label>a</ce:label><ce:textfn id="cetextfn0001">Department of Commodity Research and Commodity Expertise, Plekhanov Russian University of Economics, Moscow, Russia</ce:textfn><sa:affiliation><sa:organization>Department of Commodity Research and Commodity Expertise</sa:organization><sa:organization>Plekhanov Russian University of Economics</sa:organization><sa:city>Moscow</sa:city><sa:country>Russia</sa:country></sa:affiliation><ce:source-text id="staff0001">aDepartment of Commodity Research and Commodity Expertise, Plekhanov Russian University of Economics, Moscow, Russia</ce:source-text></ce:affiliation><ce:affiliation id="aff0002" affiliation-id="S2352340922000014-e4602d7cc18f944ee4526610e94c1e41"><ce:label>b</ce:label><ce:textfn id="cetextfn0002">Department of Natural Regenerated Resources and Ecology, Faculty of Agriculture, University of Aleppo, Syria</ce:textfn><sa:affiliation><sa:organization>Department of Natural Regenerated Resources and Ecology</sa:organization><sa:organization>Faculty of Agriculture</sa:organization><sa:organization>University of Aleppo</sa:organization><sa:country>Syria</sa:country></sa:affiliation><ce:source-text id="staff0002">bDepartment of Natural Regenerated Resources and Ecology, Faculty of Agriculture, University of Aleppo, Syria</ce:source-text></ce:affiliation><ce:correspondence id="cor0001"><ce:label>&#x204e;</ce:label><ce:text id="cetext0001">Corresponding author.</ce:text></ce:correspondence></ce:author-group><ce:date-received day="1" month="12" year="2021"/><ce:date-revised day="22" month="12" year="2021"/><ce:date-accepted day="31" month="12" year="2021"/><ce:abstract id="abs0001" view="all" class="author"><ce:section-title id="cesectitle0001">Abstract</ce:section-title><ce:abstract-sec id="abss0001" view="all"><ce:simple-para id="spara004" view="all">This dataset aims to evaluate the effect of different concentrations of amorphous silicon dioxide treatments on soilless-grown Kale (Brassica Oleraceae L. var. acephala DC.). Data were obtained from fresh and dry samples. Total antioxidants capacity, total phenolic content, ascorbic acid, chlorophyll-a, chlorophyll-b, total carotenoids concentrations, total nitrogen, growth parameters and germination percentage varied in response to the concentrations of the used treatments (amorphous silicon dioxide compounds). Spectrophotometry, coulometric analyzer, capillary zone electrophoreses were the principal involved methods. Data of antioxidant capacity, total phenolic, and ascorbic acid contents can provide significant physiological health benefits as a functional superfood. Total carotenoids, Chlorophyll a and b concentrations, total nitrogen content, dry matter content, plants height, fresh weights, and the percentage of seeds germination contribute to the understanding of biometric and physiological plants growth parameters that indicates the effectiveness of the used treatments.</ce:simple-para></ce:abstract-sec></ce:abstract><ce:keywords id="keys0001" view="all" class="keyword"><ce:section-title id="cesectitle0002">Keywords</ce:section-title><ce:keyword id="key0001"><ce:text id="cetext0002">Kale (Brassica Oleraceae L. var. acephala DC.)</ce:text></ce:keyword><ce:keyword id="key0001a"><ce:text id="cetext0002c">Microgreens</ce:text></ce:keyword><ce:keyword id="key0001b"><ce:text id="cetext0002b">Capillary zone electrophoresis</ce:text></ce:keyword><ce:keyword id="key0001c"><ce:text id="cetext0002a">Antioxidants capacity</ce:text></ce:keyword><ce:keyword id="key0002"><ce:text id="cetext0003">Phenolic content</ce:text></ce:keyword><ce:keyword id="key0003"><ce:text id="cetext0004">amorphous silicon dioxide</ce:text></ce:keyword></ce:keywords></ja:head></ja:article></doc:document>
