<doc:document xmlns:doc="http://www.elsevier.com/xml/document/schema" xmlns:dp="http://www.elsevier.com/xml/common/doc-properties/schema" xmlns:cps="http://www.elsevier.com/xml/common/consyn-properties/schema" xmlns:rdf="http://www.w3.org/1999/02/22-rdf-syntax-ns#" xmlns:dct="http://purl.org/dc/terms/" xmlns:prism="http://prismstandard.org/namespaces/basic/2.0/" xmlns:oa="http://vtw.elsevier.com/data/ns/properties/OpenAccess-1/" xmlns:bam="http://vtw.elsevier.com/data/voc/ns/bam-vtw-1/" xmlns:cp="http://vtw.elsevier.com/data/ns/properties/Copyright-1/" xmlns:cja="http://www.elsevier.com/xml/cja/schema" xmlns:ja="http://www.elsevier.com/xml/ja/schema" xmlns:bk="http://www.elsevier.com/xml/bk/schema" xmlns:ce="http://www.elsevier.com/xml/common/schema" xmlns:mml="http://www.w3.org/1998/Math/MathML" xmlns:cals="http://www.elsevier.com/xml/common/cals/schema" xmlns:tb="http://www.elsevier.com/xml/common/table/schema" xmlns:sa="http://www.elsevier.com/xml/common/struct-aff/schema" xmlns:sb="http://www.elsevier.com/xml/common/struct-bib/schema" xmlns:xlink="http://www.w3.org/1999/xlink"><rdf:RDF><rdf:Description rdf:about="http://dx.doi.org/10.1016/j.dib.2021.107664"><dct:format>application/xml</dct:format><dct:title>An in-silico benchmark for the tricuspid heart valve &#x2013; Geometry, finite element mesh, Abaqus simulation, and result data set</dct:title><dct:creator>Devin W. Laurence</dct:creator><dct:creator>Chung-Hao Lee</dct:creator><dct:creator>Emily L. Johnson</dct:creator><dct:creator>Ming-Chen Hsu</dct:creator><dct:subject><rdf:Bag><rdf:li>Tricuspid valve</rdf:li><rdf:li>Finite element simulations</rdf:li><rdf:li>In-Silico benchmark</rdf:li><rdf:li>Leaflet-to-leaflet contact</rdf:li><rdf:li>Material nonlinearity</rdf:li></rdf:Bag></dct:subject><dct:description>Data in Brief 39 (2021). doi:10.1016/j.dib.2021.107664</dct:description><prism:aggregationType>journal</prism:aggregationType><prism:publicationName>Data in Brief</prism:publicationName><prism:copyright>&#169; 2021 The Authors. Published by Elsevier Inc.</prism:copyright><dct:publisher>Elsevier Inc.</dct:publisher><prism:issn>2352-3409</prism:issn><prism:volume>39</prism:volume><prism:coverDisplayDate>December 2021</prism:coverDisplayDate><prism:doi>10.1016/j.dib.2021.107664</prism:doi><prism:url>http://dx.doi.org/10.1016/j.dib.2021.107664</prism:url><dct:identifier>doi:10.1016/j.dib.2021.107664</dct:identifier><bam:articleNumber>107664</bam:articleNumber><oa:openAccessInformation><oa:openAccessStatus xmlns:xsi="http://www.w3.org/2001/XMLSchema-instance">http://vtw.elsevier.com/data/voc/oa/OpenAccessStatus#Full</oa:openAccessStatus><oa:openAccessEffective xmlns:xsi="http://www.w3.org/2001/XMLSchema-instance">2021-11-30T13:47:33Z</oa:openAccessEffective><oa:sponsor xmlns:xsi="http://www.w3.org/2001/XMLSchema-instance"><oa:sponsorName>National Institutes of Health</oa:sponsorName><oa:sponsorType>http://vtw.elsevier.com/data/voc/oa/SponsorType#FundingBody</oa:sponsorType></oa:sponsor><oa:userLicense xmlns:xsi="http://www.w3.org/2001/XMLSchema-instance">http://creativecommons.org/licenses/by/4.0/</oa:userLicense></oa:openAccessInformation><cp:licenseLine xmlns:xsi="http://www.w3.org/2001/XMLSchema-instance">This is an open access article under the CC BY license.</cp:licenseLine></rdf:Description></rdf:RDF><dp:document-properties><dp:aggregation-type>Journals</dp:aggregation-type><dp:version-number>S300.1</dp:version-number></dp:document-properties><ja:article docsubtype="dat" xml:lang="en" version="5.6"><ja:item-info><ja:jid>DIB</ja:jid><ja:aid>107664</ja:aid><ce:article-number>107664</ce:article-number><ce:pii>S2352-3409(21)00939-2</ce:pii><ce:doi>10.1016/j.dib.2021.107664</ce:doi><ce:copyright type="unknown" year="2021"/></ja:item-info><ja:head><ce:dochead id="dh1"><ce:textfn id="textfn0001">Data Article</ce:textfn></ce:dochead><ce:title id="ct0001">An <ce:italic>in-silico</ce:italic> benchmark for the tricuspid heart valve &#x2013; Geometry, finite element mesh, Abaqus simulation, and result data set</ce:title><ce:short-title id="stitle0010">An <ce:italic>in-silico</ce:italic> benchmark for the tricuspid heart valve &#x2013; Geometry, finite element mesh, Abaqus simulation, and result data set</ce:short-title><ce:author-group id="aut0001"><ce:author id="au0001" author-id="S2352340921009392-c68e1a8392139e526477e7a5e0216795" orcid="0000-0002-9681-4708"><ce:given-name>Devin W.</ce:given-name><ce:surname>Laurence</ce:surname><ce:contributor-role role="http://credit.niso.org/contributor-roles/conceptualization">Conceptualization</ce:contributor-role><ce:contributor-role role="http://credit.niso.org/contributor-roles/methodology">Methodology</ce:contributor-role><ce:contributor-role role="http://credit.niso.org/contributor-roles/software">Software</ce:contributor-role><ce:contributor-role role="http://credit.niso.org/contributor-roles/investigation">Investigation</ce:contributor-role><ce:contributor-role role="http://credit.niso.org/contributor-roles/visualization">Visualization</ce:contributor-role><ce:contributor-role role="http://credit.niso.org/contributor-roles/writing-original-draft">Writing &#x2013; original draft</ce:contributor-role><ce:cross-ref refid="cor0001"><ce:sup loc="post">&#x204e;</ce:sup></ce:cross-ref><ce:cross-ref refid="aff0001"><ce:sup loc="post">a</ce:sup></ce:cross-ref><ce:e-address type="email" xlink:href="mailto:dwlaur@ou.edu" id="ead0001">dwlaur@ou.edu</ce:e-address><ce:e-address id="ea3" type="social-media" xlink:href="https://twitter.com/DW_Laurence">@DW_Laurence</ce:e-address></ce:author><ce:author id="au0002" author-id="S2352340921009392-51f29c1b0fa9400e15185b6ba32f56c4" orcid="0000-0002-8019-3329"><ce:given-name>Chung-Hao</ce:given-name><ce:surname>Lee</ce:surname><ce:contributor-role role="http://credit.niso.org/contributor-roles/conceptualization">Conceptualization</ce:contributor-role><ce:contributor-role role="http://credit.niso.org/contributor-roles/methodology">Methodology</ce:contributor-role><ce:contributor-role role="http://credit.niso.org/contributor-roles/supervision">Supervision</ce:contributor-role><ce:contributor-role role="http://credit.niso.org/contributor-roles/funding-acquisition">Funding acquisition</ce:contributor-role><ce:contributor-role role="http://credit.niso.org/contributor-roles/writing-review-editing">Writing &#x2013; review &amp; editing</ce:contributor-role><ce:cross-ref refid="aff0001"><ce:sup loc="post">a</ce:sup></ce:cross-ref><ce:e-address type="email" xlink:href="mailto:ch.lee@ou.edu" id="ead0002">ch.lee@ou.edu</ce:e-address></ce:author><ce:author id="au0003" author-id="S2352340921009392-f13e5e9763cf749d648497a51a00d0d1" orcid="0000-0003-2657-9906"><ce:given-name>Emily L.</ce:given-name><ce:surname>Johnson</ce:surname><ce:contributor-role role="http://credit.niso.org/contributor-roles/conceptualization">Conceptualization</ce:contributor-role><ce:contributor-role role="http://credit.niso.org/contributor-roles/methodology">Methodology</ce:contributor-role><ce:contributor-role role="http://credit.niso.org/contributor-roles/writing-review-editing">Writing &#x2013; review &amp; editing</ce:contributor-role><ce:cross-ref refid="aff0002"><ce:sup loc="post">b</ce:sup></ce:cross-ref><ce:e-address type="email" xlink:href="mailto:eljohnson@nd.edu" id="ead0003">eljohnson@nd.edu</ce:e-address></ce:author><ce:author id="au0004" author-id="S2352340921009392-43d3e6c68318bb295055e71b7af93359"><ce:given-name>Ming-Chen</ce:given-name><ce:surname>Hsu</ce:surname><ce:contributor-role role="http://credit.niso.org/contributor-roles/conceptualization">Conceptualization</ce:contributor-role><ce:contributor-role role="http://credit.niso.org/contributor-roles/funding-acquisition">Funding acquisition</ce:contributor-role><ce:contributor-role role="http://credit.niso.org/contributor-roles/writing-review-editing">Writing &#x2013; review &amp; editing</ce:contributor-role><ce:cross-ref refid="aff0003"><ce:sup loc="post">c</ce:sup></ce:cross-ref><ce:e-address type="email" xlink:href="mailto:jmchsu@iastate.edu" id="ead0004">jmchsu@iastate.edu</ce:e-address></ce:author><ce:affiliation id="aff0001" affiliation-id="S2352340921009392-bd415e02d4b5f4c4c7aa3b7b1cd8f049"><ce:label>a</ce:label><ce:textfn id="textfn0002">School of Aerospace and Mechanical Engineering, The University of Oklahoma, 865 Asp Ave., Felgar Hall 212, Norman, OK 73019, USA</ce:textfn><sa:affiliation><sa:organization>School of Aerospace and Mechanical Engineering</sa:organization><sa:organization>The University of Oklahoma</sa:organization><sa:address-line>865 Asp Ave., Felgar Hall 212</sa:address-line><sa:city>Norman</sa:city><sa:state>OK</sa:state><sa:postal-code>73019</sa:postal-code><sa:country>USA</sa:country></sa:affiliation><ce:source-text id="st0001">School of Aerospace and Mechanical Engineering, The University of Oklahoma, 865 Asp Ave., Felgar Hall 212, Norman, OK 73019, USA</ce:source-text></ce:affiliation><ce:affiliation id="aff0002" affiliation-id="S2352340921009392-fa2b0396cc64c3adfac887487567c164"><ce:label>b</ce:label><ce:textfn id="textfn0003">Department of Aerospace and Mechanical Engineering, University of Notre Dame, Notre Dame, IN 46556, USA</ce:textfn><sa:affiliation><sa:organization>Department of Aerospace and Mechanical Engineering</sa:organization><sa:organization>University of Notre Dame</sa:organization><sa:city>Notre Dame</sa:city><sa:state>IN</sa:state><sa:postal-code>46556</sa:postal-code><sa:country>USA</sa:country></sa:affiliation><ce:source-text id="st0002">Department of Aerospace and Mechanical Engineering, University of Notre Dame, Notre Dame, IN 46556, USA</ce:source-text></ce:affiliation><ce:affiliation id="aff0003" affiliation-id="S2352340921009392-12ee686738972f6e0ce2deef68091bac"><ce:label>c</ce:label><ce:textfn id="textfn0004">Department of Mechanical Engineering, Iowa State University, Ames, IA 50011, USA</ce:textfn><sa:affiliation><sa:organization>Department of Mechanical Engineering</sa:organization><sa:organization>Iowa State University</sa:organization><sa:city>Ames</sa:city><sa:state>IA</sa:state><sa:postal-code>50011</sa:postal-code><sa:country>USA</sa:country></sa:affiliation><ce:source-text id="st0003">Department of Mechanical Engineering, Iowa State University, Ames, IA 50011, USA</ce:source-text></ce:affiliation><ce:correspondence id="cor0001"><ce:label>&#x204e;</ce:label><ce:text id="cor1">Corresponding author.</ce:text></ce:correspondence></ce:author-group><ce:date-received day="25" month="8" year="2021"/><ce:date-revised day="22" month="11" year="2021"/><ce:date-accepted day="29" month="11" year="2021"/><ce:abstract id="abs0001" class="author" view="all"><ce:section-title id="sctt0001">Abstract</ce:section-title><ce:abstract-sec id="abssec0001" view="all"><ce:simple-para id="sp0001" view="all">This article provides Abaqus input files and user subroutines for performing finite element simulations of the tricuspid heart valve with an idealized geometry. Additional post-processing steps to obtain a ParaView visualization file (<ce:monospace>*.vtk</ce:monospace>) of the deformed geometry are also provided to allow the readers to use the included ParaView state file (<ce:monospace>*.pvsm</ce:monospace>) for customizable visualization and evaluation of the simulation results. We expect this <ce:italic>first-of-its-kind in-silico</ce:italic> benchmark dataset will facilitate user-friendly simulations considering material nonlinearity, leaflet-to-leaflet contact, and large deformations. Additionally, the information included herein can be used to rapidly evaluate other novel <ce:italic>in-silico</ce:italic> approaches developed for simulating cardiac valve function. The benchmark can be expanded to consider more complex features of the tricuspid valve function, such as the dynamic annulus motion or the time-varying transvalvular pressure. Interested readers are referred to the companion article&#160;(Johnson et&#160;al., 2021) for an example application of this <ce:italic>in-silico</ce:italic> tool for isogeometric analysis of tricuspid valves.</ce:simple-para></ce:abstract-sec></ce:abstract><ce:keywords id="keys0001" class="keyword" view="all"><ce:section-title id="sctt0002">Keywords</ce:section-title><ce:keyword id="key0002"><ce:text id="txt0001">Tricuspid valve</ce:text></ce:keyword><ce:keyword id="key0003"><ce:text id="txt0002">Finite element simulations</ce:text></ce:keyword><ce:keyword id="key0004"><ce:text id="txt0003"><ce:italic>In-Silico</ce:italic> benchmark</ce:text></ce:keyword><ce:keyword id="key0005"><ce:text id="txt0004">Leaflet-to-leaflet contact</ce:text></ce:keyword><ce:keyword id="key0006"><ce:text id="txt0005">Material nonlinearity</ce:text></ce:keyword></ce:keywords></ja:head></ja:article></doc:document>
