<doc:document xmlns:doc="http://www.elsevier.com/xml/document/schema" xmlns:dp="http://www.elsevier.com/xml/common/doc-properties/schema" xmlns:cps="http://www.elsevier.com/xml/common/consyn-properties/schema" xmlns:rdf="http://www.w3.org/1999/02/22-rdf-syntax-ns#" xmlns:dct="http://purl.org/dc/terms/" xmlns:prism="http://prismstandard.org/namespaces/basic/2.0/" xmlns:oa="http://vtw.elsevier.com/data/ns/properties/OpenAccess-1/" xmlns:bam="http://vtw.elsevier.com/data/voc/ns/bam-vtw-1/" xmlns:cp="http://vtw.elsevier.com/data/ns/properties/Copyright-1/" xmlns:cja="http://www.elsevier.com/xml/cja/schema" xmlns:ja="http://www.elsevier.com/xml/ja/schema" xmlns:bk="http://www.elsevier.com/xml/bk/schema" xmlns:ce="http://www.elsevier.com/xml/common/schema" xmlns:mml="http://www.w3.org/1998/Math/MathML" xmlns:cals="http://www.elsevier.com/xml/common/cals/schema" xmlns:tb="http://www.elsevier.com/xml/common/table/schema" xmlns:sa="http://www.elsevier.com/xml/common/struct-aff/schema" xmlns:sb="http://www.elsevier.com/xml/common/struct-bib/schema" xmlns:xlink="http://www.w3.org/1999/xlink"><rdf:RDF><rdf:Description rdf:about="http://dx.doi.org/10.1016/j.dib.2021.107538"><dct:format>application/xml</dct:format><dct:title>Synthetic image dataset of shaft junctions inside wind turbines in presence or absence of oil leaks</dct:title><dct:creator>Matteo Cardoni</dct:creator><dct:creator>Danilo Pau</dct:creator><dct:creator>Laura Falaschetti</dct:creator><dct:creator>Claudio Turchetti</dct:creator><dct:creator>Marco Lattuada</dct:creator><dct:subject><rdf:Bag><rdf:li>Oil leaks</rdf:li><rdf:li>Wind turbines</rdf:li><rdf:li>Anomaly detection</rdf:li><rdf:li>Machine learning</rdf:li><rdf:li>Image dataset</rdf:li><rdf:li>Image classification</rdf:li></rdf:Bag></dct:subject><dct:description>Data in Brief 39 (2021). doi:10.1016/j.dib.2021.107538</dct:description><prism:aggregationType>journal</prism:aggregationType><prism:publicationName>Data in Brief</prism:publicationName><prism:copyright>&#169; 2021 The Authors. Published by Elsevier Inc.</prism:copyright><dct:publisher>Elsevier Inc.</dct:publisher><prism:issn>2352-3409</prism:issn><prism:volume>39</prism:volume><prism:coverDisplayDate>December 2021</prism:coverDisplayDate><prism:doi>10.1016/j.dib.2021.107538</prism:doi><prism:url>http://dx.doi.org/10.1016/j.dib.2021.107538</prism:url><dct:identifier>doi:10.1016/j.dib.2021.107538</dct:identifier><bam:articleNumber>107538</bam:articleNumber><oa:openAccessInformation><oa:openAccessStatus xmlns:xsi="http://www.w3.org/2001/XMLSchema-instance">http://vtw.elsevier.com/data/voc/oa/OpenAccessStatus#Full</oa:openAccessStatus><oa:openAccessEffective xmlns:xsi="http://www.w3.org/2001/XMLSchema-instance">2021-10-29T12:35:17Z</oa:openAccessEffective><oa:sponsor xmlns:xsi="http://www.w3.org/2001/XMLSchema-instance"><oa:sponsorType>http://vtw.elsevier.com/data/voc/oa/SponsorType#Author</oa:sponsorType></oa:sponsor><oa:userLicense xmlns:xsi="http://www.w3.org/2001/XMLSchema-instance">http://creativecommons.org/licenses/by/4.0/</oa:userLicense></oa:openAccessInformation><cp:licenseLine xmlns:xsi="http://www.w3.org/2001/XMLSchema-instance">This is an open access article under the CC BY license.</cp:licenseLine></rdf:Description></rdf:RDF><dp:document-properties><dp:aggregation-type>Journals</dp:aggregation-type><dp:version-number>S300.1</dp:version-number></dp:document-properties><ja:article docsubtype="dat" xml:lang="en" version="5.6"><ja:item-info><ja:jid>DIB</ja:jid><ja:aid>107538</ja:aid><ce:article-number>107538</ce:article-number><ce:pii>S2352-3409(21)00814-3</ce:pii><ce:doi>10.1016/j.dib.2021.107538</ce:doi><ce:copyright type="unknown" year="2021"/></ja:item-info><ja:head><ce:dochead id="dh1"><ce:textfn id="textfn0001">Data Article</ce:textfn></ce:dochead><ce:title id="ct0001">Synthetic image dataset of shaft junctions inside wind turbines in presence or absence of oil leaks</ce:title><ce:short-title id="stitle0010">Synthetic image dataset of shaft junctions inside wind turbines in presence or absence of oil leaks</ce:short-title><ce:author-group id="aut0001"><ce:author id="au0001" author-id="S2352340921008143-8998649e52e1f1246318ba16067618a5" orcid="0000-0002-2759-5310"><ce:given-name>Matteo</ce:given-name><ce:surname>Cardoni</ce:surname><ce:contributor-role role="http://credit.niso.org/contributor-roles/conceptualization">Conceptualization</ce:contributor-role><ce:contributor-role role="http://credit.niso.org/contributor-roles/methodology">Methodology</ce:contributor-role><ce:contributor-role role="http://credit.niso.org/contributor-roles/software">Software</ce:contributor-role><ce:contributor-role role="http://credit.niso.org/contributor-roles/validation">Validation</ce:contributor-role><ce:contributor-role role="http://credit.niso.org/contributor-roles/formal-analysis">Formal analysis</ce:contributor-role><ce:contributor-role role="http://credit.niso.org/contributor-roles/investigation">Investigation</ce:contributor-role><ce:contributor-role role="http://credit.niso.org/contributor-roles/data-curation">Data curation</ce:contributor-role><ce:contributor-role role="http://credit.niso.org/contributor-roles/writing-original-draft">Writing &#x2013; original draft</ce:contributor-role><ce:contributor-role role="http://credit.niso.org/contributor-roles/writing-review-editing">Writing &#x2013; review &amp; editing</ce:contributor-role><ce:contributor-role role="http://credit.niso.org/contributor-roles/visualization">Visualization</ce:contributor-role><ce:cross-ref refid="aff0001"><ce:sup loc="post">a</ce:sup></ce:cross-ref><ce:cross-ref refid="aff0002"><ce:sup loc="post">b</ce:sup></ce:cross-ref><ce:e-address id="crf0003a" type="email" xlink:href="mailto:matteocardo@gmail.com">matteocardo@gmail.com</ce:e-address></ce:author><ce:author id="au0002" author-id="S2352340921008143-da3b98495cc2c9a7f59312ec8f09b4c2" orcid="0000-0003-1585-2313"><ce:given-name>Danilo</ce:given-name><ce:surname>Pau</ce:surname><ce:contributor-role role="http://credit.niso.org/contributor-roles/conceptualization">Conceptualization</ce:contributor-role><ce:contributor-role role="http://credit.niso.org/contributor-roles/methodology">Methodology</ce:contributor-role><ce:contributor-role role="http://credit.niso.org/contributor-roles/investigation">Investigation</ce:contributor-role><ce:contributor-role role="http://credit.niso.org/contributor-roles/data-curation">Data curation</ce:contributor-role><ce:contributor-role role="http://credit.niso.org/contributor-roles/writing-original-draft">Writing &#x2013; original draft</ce:contributor-role><ce:contributor-role role="http://credit.niso.org/contributor-roles/writing-review-editing">Writing &#x2013; review &amp; editing</ce:contributor-role><ce:contributor-role role="http://credit.niso.org/contributor-roles/visualization">Visualization</ce:contributor-role><ce:contributor-role role="http://credit.niso.org/contributor-roles/supervision">Supervision</ce:contributor-role><ce:contributor-role role="http://credit.niso.org/contributor-roles/project-administration">Project administration</ce:contributor-role><ce:cross-ref refid="cor0001"><ce:sup loc="post">&#x204e;</ce:sup></ce:cross-ref><ce:cross-ref refid="aff0001"><ce:sup loc="post">a</ce:sup></ce:cross-ref><ce:e-address type="email" xlink:href="mailto:danilo.pau@st.com" id="ead0001">danilo.pau@st.com</ce:e-address></ce:author><ce:author id="au0003" author-id="S2352340921008143-c81c3686e73d44845f2fbff812272f00" orcid="0000-0003-3183-7682"><ce:given-name>Laura</ce:given-name><ce:surname>Falaschetti</ce:surname><ce:contributor-role role="http://credit.niso.org/contributor-roles/conceptualization">Conceptualization</ce:contributor-role><ce:contributor-role role="http://credit.niso.org/contributor-roles/methodology">Methodology</ce:contributor-role><ce:contributor-role role="http://credit.niso.org/contributor-roles/software">Software</ce:contributor-role><ce:contributor-role role="http://credit.niso.org/contributor-roles/validation">Validation</ce:contributor-role><ce:contributor-role role="http://credit.niso.org/contributor-roles/formal-analysis">Formal analysis</ce:contributor-role><ce:contributor-role role="http://credit.niso.org/contributor-roles/investigation">Investigation</ce:contributor-role><ce:contributor-role role="http://credit.niso.org/contributor-roles/writing-original-draft">Writing &#x2013; original draft</ce:contributor-role><ce:contributor-role role="http://credit.niso.org/contributor-roles/writing-review-editing">Writing &#x2013; review &amp; editing</ce:contributor-role><ce:contributor-role role="http://credit.niso.org/contributor-roles/visualization">Visualization</ce:contributor-role><ce:cross-ref refid="aff0002"><ce:sup loc="post">b</ce:sup></ce:cross-ref><ce:e-address type="email" xlink:href="mailto:l.falaschetti@univpm.it" id="ead0002">l.falaschetti@univpm.it</ce:e-address></ce:author><ce:author id="au0004" author-id="S2352340921008143-6b45417c2dbf176dd3ec767867578b1d"><ce:given-name>Claudio</ce:given-name><ce:surname>Turchetti</ce:surname><ce:contributor-role role="http://credit.niso.org/contributor-roles/conceptualization">Conceptualization</ce:contributor-role><ce:contributor-role role="http://credit.niso.org/contributor-roles/methodology">Methodology</ce:contributor-role><ce:contributor-role role="http://credit.niso.org/contributor-roles/investigation">Investigation</ce:contributor-role><ce:contributor-role role="http://credit.niso.org/contributor-roles/writing-review-editing">Writing &#x2013; review &amp; editing</ce:contributor-role><ce:contributor-role role="http://credit.niso.org/contributor-roles/visualization">Visualization</ce:contributor-role><ce:cross-ref refid="aff0002"><ce:sup loc="post">b</ce:sup></ce:cross-ref><ce:e-address type="email" xlink:href="mailto:c.turchetti@univpm.it" id="ead0003">c.turchetti@univpm.it</ce:e-address></ce:author><ce:author id="au0005" author-id="S2352340921008143-b23bea8275ffb9462f61b3dfd62b489c" orcid="0000-0003-0062-6049"><ce:given-name>Marco</ce:given-name><ce:surname>Lattuada</ce:surname><ce:contributor-role role="http://credit.niso.org/contributor-roles/conceptualization">Conceptualization</ce:contributor-role><ce:contributor-role role="http://credit.niso.org/contributor-roles/methodology">Methodology</ce:contributor-role><ce:contributor-role role="http://credit.niso.org/contributor-roles/investigation">Investigation</ce:contributor-role><ce:contributor-role role="http://credit.niso.org/contributor-roles/writing-review-editing">Writing &#x2013; review &amp; editing</ce:contributor-role><ce:contributor-role role="http://credit.niso.org/contributor-roles/visualization">Visualization</ce:contributor-role><ce:cross-ref refid="aff0003"><ce:sup loc="post">c</ce:sup></ce:cross-ref><ce:e-address type="email" xlink:href="mailto:marco.lattuada@st.com" id="ead0004">marco.lattuada@st.com</ce:e-address></ce:author><ce:affiliation id="aff0001" affiliation-id="S2352340921008143-f9910c5fd46227fa6ccf48df59eaa153"><ce:label>a</ce:label><ce:textfn id="textfn0002">STMicroelectronics, via C. Olivetti 2, Agrate Brianza, I-20864, Italy</ce:textfn><sa:affiliation><sa:organization>STMicroelectronics</sa:organization><sa:address-line>via C. Olivetti 2</sa:address-line><sa:city>Agrate Brianza</sa:city><sa:postal-code>I-20864</sa:postal-code><sa:country>Italy</sa:country></sa:affiliation><ce:source-text id="st0001">STMicroelectronics, via C. Olivetti 2, Agrate Brianza, I-20864, Italy</ce:source-text></ce:affiliation><ce:affiliation id="aff0002" affiliation-id="S2352340921008143-98abb7235c1fc6ac2839d08ebcc131dd"><ce:label>b</ce:label><ce:textfn id="textfn0003">Department of Information Engineering, Universit&#224; Politecnica delle Marche, Ancona, Via Brecce Bianche 12, Ancona I-60131, Italy</ce:textfn><sa:affiliation><sa:organization>Department of Information Engineering</sa:organization><sa:organization>Universit&#224; Politecnica delle Marche</sa:organization><sa:address-line>Ancona, Via Brecce Bianche 12</sa:address-line><sa:city>Ancona</sa:city><sa:postal-code>I-60131</sa:postal-code><sa:country>Italy</sa:country></sa:affiliation><ce:source-text id="st0002">Department of Information Engineering, Universit&#224; Politecnica delle Marche, Ancona, Via Brecce Bianche 12, Ancona I-60131, Italy</ce:source-text></ce:affiliation><ce:affiliation id="aff0003" affiliation-id="S2352340921008143-03eb6cb21714bd17e2565a10628c24ae"><ce:label>c</ce:label><ce:textfn id="textfn0004">STMicroelectronics, via Tolomeo 1, Cornaredo, I-20010, Italy</ce:textfn><sa:affiliation><sa:organization>STMicroelectronics</sa:organization><sa:address-line>via Tolomeo 1</sa:address-line><sa:city>Cornaredo</sa:city><sa:postal-code>I-20010</sa:postal-code><sa:country>Italy</sa:country></sa:affiliation><ce:source-text id="st0003">STMicroelectronics, via Tolomeo 1, Cornaredo, I-20010, Italy</ce:source-text></ce:affiliation><ce:correspondence id="cor0001"><ce:label>&#x204e;</ce:label><ce:text id="cor1">Corresponding author.</ce:text></ce:correspondence></ce:author-group><ce:date-received day="26" month="7" year="2021"/><ce:date-revised day="29" month="9" year="2021"/><ce:date-accepted day="28" month="10" year="2021"/><ce:abstract id="abs0001" class="author" view="all"><ce:section-title id="sctt0001">Abstract</ce:section-title><ce:abstract-sec id="abssec0001" view="all"><ce:simple-para id="sp0001" view="all">This paper presents a dataset of images generated via 3D graphics rendering. The dataset is composed by pictures of the junction between the high-speed shaft and the external bracket of the power generator inside a wind turbine cabin, in presence and absence of oil leaks. Oil leak occurrence is an anomaly that can verify in a zone of interest of the junction. Since the wind turbines industry is becoming more and more important, turbines maintenance is growing in importance accordingly. In this context a dataset, as we propose, can be used, for example, to design machine learning algorithms for predictive maintenance. The renderings have been produced, from various framings and various leaks shapes and colors, using the rendering engine Keyshot9. Subsequent preprocessing has been performed with Matlab, including images grayscale conversion and image binarization. Finally, data augmentation has been implemented in Python, and it can be easily extended/customized for realizing any further processing. The Matlab and Python source codes are also provided. To the authors&#x2019; knowledge, there are no other public available datasets on this topic.</ce:simple-para></ce:abstract-sec></ce:abstract><ce:keywords id="keys0001" class="keyword" view="all"><ce:section-title id="sctt0002">Keywords</ce:section-title><ce:keyword id="key0002"><ce:text id="txt0001">Oil leaks</ce:text></ce:keyword><ce:keyword id="key0003"><ce:text id="txt0002">Wind turbines</ce:text></ce:keyword><ce:keyword id="key0004"><ce:text id="txt0003">Anomaly detection</ce:text></ce:keyword><ce:keyword id="key0005"><ce:text id="txt0004">Machine learning</ce:text></ce:keyword><ce:keyword id="key0006"><ce:text id="txt0005">Image dataset</ce:text></ce:keyword><ce:keyword id="key0007"><ce:text id="txt0006">Image classification</ce:text></ce:keyword></ce:keywords></ja:head></ja:article></doc:document>
