<doc:document xmlns:doc="http://www.elsevier.com/xml/document/schema" xmlns:dp="http://www.elsevier.com/xml/common/doc-properties/schema" xmlns:cps="http://www.elsevier.com/xml/common/consyn-properties/schema" xmlns:rdf="http://www.w3.org/1999/02/22-rdf-syntax-ns#" xmlns:dct="http://purl.org/dc/terms/" xmlns:prism="http://prismstandard.org/namespaces/basic/2.0/" xmlns:oa="http://vtw.elsevier.com/data/ns/properties/OpenAccess-1/" xmlns:bam="http://vtw.elsevier.com/data/voc/ns/bam-vtw-1/" xmlns:cp="http://vtw.elsevier.com/data/ns/properties/Copyright-1/" xmlns:cja="http://www.elsevier.com/xml/cja/schema" xmlns:ja="http://www.elsevier.com/xml/ja/schema" xmlns:bk="http://www.elsevier.com/xml/bk/schema" xmlns:ce="http://www.elsevier.com/xml/common/schema" xmlns:mml="http://www.w3.org/1998/Math/MathML" xmlns:cals="http://www.elsevier.com/xml/common/cals/schema" xmlns:tb="http://www.elsevier.com/xml/common/table/schema" xmlns:sa="http://www.elsevier.com/xml/common/struct-aff/schema" xmlns:sb="http://www.elsevier.com/xml/common/struct-bib/schema" xmlns:xlink="http://www.w3.org/1999/xlink"><rdf:RDF><rdf:Description rdf:about="http://dx.doi.org/10.1016/j.dib.2021.107662"><dct:format>application/xml</dct:format><dct:title>Forecast of electric vehicle uptake across counties in England: Dataset from S-curve analysis</dct:title><dct:creator>Katherine A. Collett</dct:creator><dct:creator>Sivapriya M. Bhagavathy</dct:creator><dct:creator>Malcolm D. McCulloch</dct:creator><dct:subject><rdf:Bag><rdf:li>Electric vehicles</rdf:li><rdf:li>Forecast</rdf:li><rdf:li>Uptake</rdf:li><rdf:li>S-curve analysis</rdf:li><rdf:li>EVs</rdf:li></rdf:Bag></dct:subject><dct:description>Data in Brief 39 (2021). doi:10.1016/j.dib.2021.107662</dct:description><prism:aggregationType>journal</prism:aggregationType><prism:publicationName>Data in Brief</prism:publicationName><prism:copyright>&#169; 2021 The Authors. Published by Elsevier Inc.</prism:copyright><dct:publisher>Elsevier Inc.</dct:publisher><prism:issn>2352-3409</prism:issn><prism:volume>39</prism:volume><prism:coverDisplayDate>December 2021</prism:coverDisplayDate><prism:doi>10.1016/j.dib.2021.107662</prism:doi><prism:url>http://dx.doi.org/10.1016/j.dib.2021.107662</prism:url><dct:identifier>doi:10.1016/j.dib.2021.107662</dct:identifier><bam:articleNumber>107662</bam:articleNumber><oa:openAccessInformation><oa:openAccessStatus xmlns:xsi="http://www.w3.org/2001/XMLSchema-instance">http://vtw.elsevier.com/data/voc/oa/OpenAccessStatus#Full</oa:openAccessStatus><oa:openAccessEffective xmlns:xsi="http://www.w3.org/2001/XMLSchema-instance">2021-11-30T12:40:58Z</oa:openAccessEffective><oa:sponsor xmlns:xsi="http://www.w3.org/2001/XMLSchema-instance"><oa:sponsorType>http://vtw.elsevier.com/data/voc/oa/SponsorType#Author</oa:sponsorType></oa:sponsor><oa:userLicense xmlns:xsi="http://www.w3.org/2001/XMLSchema-instance">http://creativecommons.org/licenses/by/4.0/</oa:userLicense></oa:openAccessInformation><cp:licenseLine xmlns:xsi="http://www.w3.org/2001/XMLSchema-instance">This is an open access article under the CC BY license.</cp:licenseLine></rdf:Description></rdf:RDF><dp:document-properties><dp:aggregation-type>Journals</dp:aggregation-type><dp:version-number>S300.1</dp:version-number></dp:document-properties><ja:article docsubtype="dat" version="5.6" xml:lang="en"><ja:item-info><ja:jid>DIB</ja:jid><ja:aid>107662</ja:aid><ce:article-number>107662</ce:article-number><ce:pii>S2352-3409(21)00937-9</ce:pii><ce:doi>10.1016/j.dib.2021.107662</ce:doi><ce:copyright type="other" year="2021">The Authors</ce:copyright></ja:item-info><ja:head><ce:dochead id="dchd0001"><ce:textfn id="dhtxt0001">Data Article</ce:textfn></ce:dochead><ce:title id="tte0002">Forecast of electric vehicle uptake across counties in England: Dataset from S-curve analysis</ce:title><ce:author-group id="aut0001"><ce:author id="au0001" author-id="S2352340921009379-39092fcf72a28101a5f32e51d5b503e4" orcid="0000-0002-3946-4406"><ce:given-name>Katherine A.</ce:given-name><ce:surname>Collett</ce:surname><ce:contributor-role role="http://credit.niso.org/contributor-roles/methodology">Methodology</ce:contributor-role><ce:contributor-role role="http://credit.niso.org/contributor-roles/software">Software</ce:contributor-role><ce:contributor-role role="http://credit.niso.org/contributor-roles/investigation">Investigation</ce:contributor-role><ce:contributor-role role="http://credit.niso.org/contributor-roles/validation">Validation</ce:contributor-role><ce:contributor-role role="http://credit.niso.org/contributor-roles/writing-original-draft">Writing &#x2013; original draft</ce:contributor-role><ce:contributor-role role="http://credit.niso.org/contributor-roles/writing-review-editing">Writing &#x2013; review &amp; editing</ce:contributor-role><ce:cross-ref refid="cor0001"><ce:sup loc="post">&#x204e;</ce:sup></ce:cross-ref><ce:e-address id="ead0001" type="email" xlink:href="mailto:Katherine.collett@eng.ox.ac.uk">Katherine.collett@eng.ox.ac.uk</ce:e-address><ce:e-address id="ea1" type="social-media" xlink:href="https://twitter.com/k_a_collett">@k_a_collett</ce:e-address></ce:author><ce:author id="au0002" author-id="S2352340921009379-1a2a039184301c6f88d07d2651b521c8"><ce:given-name>Sivapriya M.</ce:given-name><ce:surname>Bhagavathy</ce:surname><ce:contributor-role role="http://credit.niso.org/contributor-roles/conceptualization">Conceptualization</ce:contributor-role><ce:contributor-role role="http://credit.niso.org/contributor-roles/methodology">Methodology</ce:contributor-role><ce:contributor-role role="http://credit.niso.org/contributor-roles/software">Software</ce:contributor-role><ce:contributor-role role="http://credit.niso.org/contributor-roles/funding-acquisition">Funding acquisition</ce:contributor-role><ce:e-address id="ea2" type="social-media" xlink:href="https://twitter.com/Sivapriya2015">@Sivapriya2015</ce:e-address></ce:author><ce:author id="au0003" author-id="S2352340921009379-46bb73fac184ffcea7915c9035a0cdf1" orcid="0000-0001-5378-1128"><ce:given-name>Malcolm D.</ce:given-name><ce:surname>McCulloch</ce:surname><ce:contributor-role role="http://credit.niso.org/contributor-roles/conceptualization">Conceptualization</ce:contributor-role><ce:contributor-role role="http://credit.niso.org/contributor-roles/supervision">Supervision</ce:contributor-role><ce:contributor-role role="http://credit.niso.org/contributor-roles/funding-acquisition">Funding acquisition</ce:contributor-role><ce:e-address id="ea3" type="social-media" xlink:href="https://twitter.com/MD_MCCULLOCH">@MD_MCCULLOCH</ce:e-address></ce:author><ce:affiliation id="aff0001" affiliation-id="S2352340921009379-a214f2e9432f4b390ee743af1b34d93f"><ce:textfn id="cetextfn0001">Energy and Power Group, Department of Engineering Science, University of Oxford, Parks Road, Oxford OX1 3PJ, United Kingdom</ce:textfn><sa:affiliation><sa:organization>Energy and Power Group</sa:organization><sa:organization>Department of Engineering Science</sa:organization><sa:organization>University of Oxford</sa:organization><sa:address-line>Parks Road</sa:address-line><sa:city>Oxford</sa:city><sa:postal-code>OX1 3PJ</sa:postal-code><sa:country>United Kingdom</sa:country></sa:affiliation><ce:source-text id="staff0001">Energy and Power Group, Department of Engineering Science, University of Oxford, Parks Road, Oxford OX1 3PJ, United Kingdom</ce:source-text></ce:affiliation><ce:correspondence id="cor0001"><ce:label>&#x204e;</ce:label><ce:text id="cetext0001">Corresponding author.</ce:text></ce:correspondence></ce:author-group><ce:date-received day="27" month="8" year="2021"/><ce:date-revised day="26" month="11" year="2021"/><ce:date-accepted day="29" month="11" year="2021"/><ce:abstract id="abs0001" view="all" class="author"><ce:section-title id="cesectitle0001">Abstract</ce:section-title><ce:abstract-sec id="abss0001" view="all"><ce:simple-para id="spara001" view="all">Regional data from the UK Government's Department for Transport has been analyzed to produce a forecasted dataset of the uptake of electric vehicles (EVs) within Counties of England to the first quarter of the year 2100 using an S-curve methodology. This data includes all vehicles, not just cars. The historic proportion of electric vehicles in the fleets of these regions is calculated using data from 2011 Q4 to 2021 Q1. This data is then analyzed using SCATE, the <ce:bold>S</ce:bold>-<ce:bold>C</ce:bold>urve <ce:bold>A</ce:bold>doption <ce:bold>T</ce:bold>ool for <ce:bold>E</ce:bold>Vs to forecast the future proportion of electric vehicles in these Counties. Two data tables are presented: the reformatted historic data and the data from the S-curve analysis. Data is also presented for the collective UK.</ce:simple-para></ce:abstract-sec></ce:abstract><ce:keywords id="keys0001" view="all" class="keyword"><ce:section-title id="cesectitle0002">Keywords</ce:section-title><ce:keyword id="key0001"><ce:text id="cetext0002">Electric vehicles</ce:text></ce:keyword><ce:keyword id="key0002"><ce:text id="cetext0003">Forecast</ce:text></ce:keyword><ce:keyword id="key0003"><ce:text id="cetext0004">Uptake</ce:text></ce:keyword><ce:keyword id="key0004"><ce:text id="cetext0005">S-curve analysis</ce:text></ce:keyword><ce:keyword id="key0005"><ce:text id="cetext0006">EVs</ce:text></ce:keyword></ce:keywords></ja:head></ja:article></doc:document>
