<doc:document xmlns:doc="http://www.elsevier.com/xml/document/schema" xmlns:dp="http://www.elsevier.com/xml/common/doc-properties/schema" xmlns:cps="http://www.elsevier.com/xml/common/consyn-properties/schema" xmlns:rdf="http://www.w3.org/1999/02/22-rdf-syntax-ns#" xmlns:dct="http://purl.org/dc/terms/" xmlns:prism="http://prismstandard.org/namespaces/basic/2.0/" xmlns:oa="http://vtw.elsevier.com/data/ns/properties/OpenAccess-1/" xmlns:bam="http://vtw.elsevier.com/data/voc/ns/bam-vtw-1/" xmlns:cp="http://vtw.elsevier.com/data/ns/properties/Copyright-1/" xmlns:cja="http://www.elsevier.com/xml/cja/schema" xmlns:ja="http://www.elsevier.com/xml/ja/schema" xmlns:bk="http://www.elsevier.com/xml/bk/schema" xmlns:ce="http://www.elsevier.com/xml/common/schema" xmlns:mml="http://www.w3.org/1998/Math/MathML" xmlns:cals="http://www.elsevier.com/xml/common/cals/schema" xmlns:tb="http://www.elsevier.com/xml/common/table/schema" xmlns:sa="http://www.elsevier.com/xml/common/struct-aff/schema" xmlns:sb="http://www.elsevier.com/xml/common/struct-bib/schema" xmlns:xlink="http://www.w3.org/1999/xlink"><rdf:RDF><rdf:Description rdf:about="http://dx.doi.org/10.1016/j.dib.2022.107869"><dct:format>application/xml</dct:format><dct:title>An account of Fusarium wilt resistance in flax Linum usitatissimum: The disease severity data</dct:title><dct:creator>Tatyana Rozhmina</dct:creator><dct:creator>Anastasia Samsonova</dct:creator><dct:creator>Alexander Kanapin</dct:creator><dct:creator>Maria Samsonova</dct:creator><dct:subject><rdf:Bag><rdf:li>Flax</rdf:li><rdf:li>disease resistance</rdf:li><rdf:li>Fusarium wilt</rdf:li><rdf:li>cultivars</rdf:li><rdf:li>landraces</rdf:li></rdf:Bag></dct:subject><dct:description>Data in Brief, Uncorrected proof. doi:10.1016/j.dib.2022.107869</dct:description><prism:aggregationType>journal</prism:aggregationType><prism:publicationName>Data in Brief</prism:publicationName><prism:copyright>&#169; 2022 The Author(s). Published by Elsevier Inc.</prism:copyright><dct:publisher>Elsevier Inc.</dct:publisher><prism:issn>2352-3409</prism:issn><prism:doi>10.1016/j.dib.2022.107869</prism:doi><prism:url>http://dx.doi.org/10.1016/j.dib.2022.107869</prism:url><dct:identifier>doi:10.1016/j.dib.2022.107869</dct:identifier><bam:articleNumber>107869</bam:articleNumber><oa:openAccessInformation><oa:openAccessStatus xmlns:xsi="http://www.w3.org/2001/XMLSchema-instance">http://vtw.elsevier.com/data/voc/oa/OpenAccessStatus#Full</oa:openAccessStatus><oa:openAccessEffective xmlns:xsi="http://www.w3.org/2001/XMLSchema-instance">2022-01-21T08:48:10Z</oa:openAccessEffective><oa:sponsor xmlns:xsi="http://www.w3.org/2001/XMLSchema-instance"><oa:sponsorName>Russia: LE Tracking</oa:sponsorName><oa:sponsorType>http://vtw.elsevier.com/data/voc/oa/SponsorType#FundingBody</oa:sponsorType></oa:sponsor><oa:userLicense xmlns:xsi="http://www.w3.org/2001/XMLSchema-instance">http://creativecommons.org/licenses/by-nc-nd/4.0/</oa:userLicense></oa:openAccessInformation><cp:licenseLine xmlns:xsi="http://www.w3.org/2001/XMLSchema-instance">This is an open access article under the CC BY-NC-ND license.</cp:licenseLine></rdf:Description></rdf:RDF><dp:document-properties><dp:aggregation-type>Journals</dp:aggregation-type><dp:version-number>S100.1</dp:version-number></dp:document-properties><ja:article docsubtype="dat" version="5.6" xml:lang="en"><ja:item-info><ja:jid>DIB</ja:jid><ja:aid>107869</ja:aid><ce:article-number>107869</ce:article-number><ce:pii>S2352-3409(22)00081-6</ce:pii><ce:doi>10.1016/j.dib.2022.107869</ce:doi><ce:copyright type="unknown" year="2022"/></ja:item-info><ja:head><ce:dochead id="dchd0001"><ce:textfn id="dhtxt0001">Data Article</ce:textfn></ce:dochead><ce:title id="tte0002">An account of Fusarium wilt resistance in flax <ce:italic>Linum usitatissimum</ce:italic>: The disease severity data</ce:title><ce:author-group id="aut0001"><ce:author id="au0001" author-id="S2352340922000816-59673f21f0dd85932a4b86fc7f6bbe3a"><ce:given-name>Tatyana</ce:given-name><ce:surname>Rozhmina</ce:surname><ce:contributor-role role="http://credit.niso.org/contributor-roles/conceptualization">Conceptualization</ce:contributor-role><ce:contributor-role role="http://credit.niso.org/contributor-roles/funding-acquisition">Funding acquisition</ce:contributor-role><ce:contributor-role role="http://credit.niso.org/contributor-roles/data-curation">Data curation</ce:contributor-role><ce:contributor-role role="http://credit.niso.org/contributor-roles/methodology">Methodology</ce:contributor-role><ce:contributor-role role="http://credit.niso.org/contributor-roles/writing-original-draft">Writing &#x2013; original draft</ce:contributor-role><ce:cross-ref refid="aff0001"><ce:sup loc="post">a</ce:sup></ce:cross-ref></ce:author><ce:author id="au0002" author-id="S2352340922000816-ac5a79bd04d1024544099354cde3d274"><ce:given-name>Anastasia</ce:given-name><ce:surname>Samsonova</ce:surname><ce:contributor-role role="http://credit.niso.org/contributor-roles/writing-review-editing">Writing &#x2013; review &amp; editing</ce:contributor-role><ce:cross-ref refid="aff0002"><ce:sup loc="post">b</ce:sup></ce:cross-ref></ce:author><ce:author id="au0003" author-id="S2352340922000816-37d2bee2ae99e1daefc3d20f732ae203" orcid="0000-0001-9802-5297"><ce:given-name>Alexander</ce:given-name><ce:surname>Kanapin</ce:surname><ce:contributor-role role="http://credit.niso.org/contributor-roles/writing-review-editing">Writing &#x2013; review &amp; editing</ce:contributor-role><ce:cross-ref refid="aff0002"><ce:sup loc="post">b</ce:sup></ce:cross-ref></ce:author><ce:author id="au0004" author-id="S2352340922000816-acde83e08c51b2ec4f1c03d5929a6d7f" orcid="0000-0003-2530-0395"><ce:given-name>Maria</ce:given-name><ce:surname>Samsonova</ce:surname><ce:contributor-role role="http://credit.niso.org/contributor-roles/conceptualization">Conceptualization</ce:contributor-role><ce:contributor-role role="http://credit.niso.org/contributor-roles/writing-original-draft">Writing &#x2013; original draft</ce:contributor-role><ce:contributor-role role="http://credit.niso.org/contributor-roles/supervision">Supervision</ce:contributor-role><ce:cross-ref refid="aff0003"><ce:sup loc="post">c</ce:sup></ce:cross-ref><ce:cross-ref refid="cor0001"><ce:sup loc="post">&#x204e;</ce:sup></ce:cross-ref><ce:e-address id="ead0001" type="email" xlink:href="mailto:m.samsonova@spbstu.ru">m.samsonova@spbstu.ru</ce:e-address></ce:author><ce:affiliation id="aff0001" affiliation-id="S2352340922000816-8da2662e0406be8e6dca7989d47fbe19"><ce:label>a</ce:label><ce:textfn id="cetextfn0001">Federal Research Center for Bast Fiber Crops, Thorzhok 172002, Russia</ce:textfn><sa:affiliation><sa:organization>Federal Research Center for Bast Fiber Crops</sa:organization><sa:city>Thorzhok</sa:city><sa:postal-code>172002</sa:postal-code><sa:country>Russia</sa:country></sa:affiliation><ce:source-text id="staff0001">aFederal Research Center for Bast Fiber Crops, Thorzhok 172002, Russia</ce:source-text></ce:affiliation><ce:affiliation id="aff0002" affiliation-id="S2352340922000816-bca6ccc3322251935af4ac0a8b90873d"><ce:label>b</ce:label><ce:textfn id="cetextfn0002">Centre for Computational Biology, Peter the Great St.Petersburg Polytechnic University, St.Petersburg, 195251, Russia</ce:textfn><sa:affiliation><sa:organization>Centre for Computational Biology</sa:organization><sa:organization>Peter the Great St.Petersburg Polytechnic University</sa:organization><sa:city>St.Petersburg</sa:city><sa:postal-code>195251</sa:postal-code><sa:country>Russia</sa:country></sa:affiliation><ce:source-text id="staff0002">bCentre for Computational Biology, Peter the Great St.Petersburg Polytechnic University, St.Petersburg, 195251, Russia</ce:source-text></ce:affiliation><ce:affiliation id="aff0003" affiliation-id="S2352340922000816-5294ccf7a89c895944cc83d263d03c89"><ce:label>c</ce:label><ce:textfn id="cetextfn0003">Mathematical Biology and Bioinformatics Laboratory, Peter the Great St.Petersburg Polytechnic University, St.Petersburg, 195251, Russia</ce:textfn><sa:affiliation><sa:organization>Mathematical Biology and Bioinformatics Laboratory</sa:organization><sa:organization>Peter the Great St.Petersburg Polytechnic University</sa:organization><sa:city>St.Petersburg</sa:city><sa:postal-code>195251</sa:postal-code><sa:country>Russia</sa:country></sa:affiliation><ce:source-text id="staff0003">cMathematical Biology and Bioinformatics Laboratory, Peter the Great St.Petersburg Polytechnic University, St.Petersburg, 195251, Russia</ce:source-text></ce:affiliation><ce:correspondence id="cor0001"><ce:label>&#x204e;</ce:label><ce:text id="cetext0001">Corresponding author.</ce:text></ce:correspondence></ce:author-group><ce:date-received day="29" month="9" year="2021"/><ce:date-revised day="10" month="1" year="2022"/><ce:date-accepted day="20" month="1" year="2022"/><ce:abstract id="abs0001" view="all" class="author"><ce:section-title id="cesectitle0001">Abstract</ce:section-title><ce:abstract-sec id="abss0001" view="all"><ce:simple-para id="spara002" view="all">A collection of flax accessions maintained by the Russian Federal Research Center for Bast Fiber Crops was characterized to evaluate its resistance to Fusarium wilt. 297 samples representing different morphotypes and selection status were infected with highly virulent MI39 strain of <ce:italic>Fusarium oxysporum</ce:italic> f. sp. <ce:italic>lini</ce:italic>. Evaluation of disease symptoms was performed at the full emergence stage in a greenhouse. The experiment lasted for 3 successive years. The disease severity index (DSI) record was obtained for every genotype in each year of the experiment. The data set was produced in a framework of a project focused on both a) deciphering the mechanisms of plant immunity, and b) development of flax cultivars resistant to Fusarium wilt. The data is available via Figshare repository.</ce:simple-para></ce:abstract-sec></ce:abstract><ce:keywords id="keys0001" view="all" class="keyword"><ce:section-title id="cesectitle0002">Keywords</ce:section-title><ce:keyword id="key0001"><ce:text id="cetext0002">Flax</ce:text></ce:keyword><ce:keyword id="key0002"><ce:text id="cetext0003">disease resistance</ce:text></ce:keyword><ce:keyword id="key0003"><ce:text id="cetext0004">Fusarium wilt</ce:text></ce:keyword><ce:keyword id="key0004"><ce:text id="cetext0005">cultivars</ce:text></ce:keyword><ce:keyword id="key0005"><ce:text id="cetext0006">landraces</ce:text></ce:keyword></ce:keywords></ja:head></ja:article></doc:document>
