<doc:document xmlns:doc="http://www.elsevier.com/xml/document/schema" xmlns:dp="http://www.elsevier.com/xml/common/doc-properties/schema" xmlns:cps="http://www.elsevier.com/xml/common/consyn-properties/schema" xmlns:rdf="http://www.w3.org/1999/02/22-rdf-syntax-ns#" xmlns:dct="http://purl.org/dc/terms/" xmlns:prism="http://prismstandard.org/namespaces/basic/2.0/" xmlns:oa="http://vtw.elsevier.com/data/ns/properties/OpenAccess-1/" xmlns:bam="http://vtw.elsevier.com/data/voc/ns/bam-vtw-1/" xmlns:cp="http://vtw.elsevier.com/data/ns/properties/Copyright-1/" xmlns:cja="http://www.elsevier.com/xml/cja/schema" xmlns:ja="http://www.elsevier.com/xml/ja/schema" xmlns:bk="http://www.elsevier.com/xml/bk/schema" xmlns:ce="http://www.elsevier.com/xml/common/schema" xmlns:mml="http://www.w3.org/1998/Math/MathML" xmlns:cals="http://www.elsevier.com/xml/common/cals/schema" xmlns:tb="http://www.elsevier.com/xml/common/table/schema" xmlns:sa="http://www.elsevier.com/xml/common/struct-aff/schema" xmlns:sb="http://www.elsevier.com/xml/common/struct-bib/schema" xmlns:xlink="http://www.w3.org/1999/xlink"><rdf:RDF><rdf:Description rdf:about="http://dx.doi.org/10.1016/j.dib.2021.107676"><dct:format>application/xml</dct:format><dct:title>Data on the synergistic effect of a hybrid filler based on graphene nanoplates and multiwalled nanotubes for increasing the thermal conductivity of an epoxy composite</dct:title><dct:creator>T.A. Shalygina</dct:creator><dct:creator>S.Yu. Voronina</dct:creator><dct:creator>A.G. Tkachev</dct:creator><dct:creator>N.N. Grotskaya</dct:creator><dct:creator>V.D. Voronchikhin</dct:creator><dct:creator>A.Yu. Vlasov</dct:creator><dct:subject><rdf:Bag><rdf:li>Carbon nanotubes (MWCNT)</rdf:li><rdf:li>Graphene nanoplates (GNP)</rdf:li><rdf:li>Thermal conductivity</rdf:li><rdf:li>Epoxy resin</rdf:li></rdf:Bag></dct:subject><dct:description>Data in Brief 39 (2021). doi:10.1016/j.dib.2021.107676</dct:description><prism:aggregationType>journal</prism:aggregationType><prism:publicationName>Data in Brief</prism:publicationName><prism:copyright>&#169; 2021 The Authors. Published by Elsevier Inc.</prism:copyright><dct:publisher>Elsevier Inc.</dct:publisher><prism:issn>2352-3409</prism:issn><prism:volume>39</prism:volume><prism:coverDisplayDate>December 2021</prism:coverDisplayDate><prism:doi>10.1016/j.dib.2021.107676</prism:doi><prism:url>http://dx.doi.org/10.1016/j.dib.2021.107676</prism:url><dct:identifier>doi:10.1016/j.dib.2021.107676</dct:identifier><bam:articleNumber>107676</bam:articleNumber><oa:openAccessInformation><oa:openAccessStatus xmlns:xsi="http://www.w3.org/2001/XMLSchema-instance">http://vtw.elsevier.com/data/voc/oa/OpenAccessStatus#Full</oa:openAccessStatus><oa:openAccessEffective xmlns:xsi="http://www.w3.org/2001/XMLSchema-instance">2021-12-02T14:00:52Z</oa:openAccessEffective><oa:sponsor xmlns:xsi="http://www.w3.org/2001/XMLSchema-instance"><oa:sponsorType>http://vtw.elsevier.com/data/voc/oa/SponsorType#Author</oa:sponsorType></oa:sponsor><oa:userLicense xmlns:xsi="http://www.w3.org/2001/XMLSchema-instance">http://creativecommons.org/licenses/by/4.0/</oa:userLicense></oa:openAccessInformation><cp:licenseLine xmlns:xsi="http://www.w3.org/2001/XMLSchema-instance">This is an open access article under the CC BY license.</cp:licenseLine></rdf:Description></rdf:RDF><dp:document-properties><dp:aggregation-type>Journals</dp:aggregation-type><dp:version-number>S300.1</dp:version-number></dp:document-properties><ja:article docsubtype="dat" version="5.6" xml:lang="en"><ja:item-info><ja:jid>DIB</ja:jid><ja:aid>107676</ja:aid><ce:article-number>107676</ce:article-number><ce:pii>S2352-3409(21)00951-3</ce:pii><ce:doi>10.1016/j.dib.2021.107676</ce:doi><ce:copyright type="other" year="2021">The Authors</ce:copyright></ja:item-info><ja:head><ce:dochead id="dchd0001"><ce:textfn id="dhtxt0001">Data Article</ce:textfn></ce:dochead><ce:title id="tte0002">Data on the synergistic effect of a hybrid filler based on graphene nanoplates and multiwalled nanotubes for increasing the thermal conductivity of an epoxy composite</ce:title><ce:author-group id="aut0001"><ce:author id="au0001" author-id="S2352340921009513-1460a328b67d221422e45b4e4aad16e2" orcid="0000-0002-1720-1867"><ce:given-name>T.A.</ce:given-name><ce:surname>Shalygina</ce:surname><ce:contributor-role role="http://credit.niso.org/contributor-roles/conceptualization">Conceptualization</ce:contributor-role><ce:contributor-role role="http://credit.niso.org/contributor-roles/methodology">Methodology</ce:contributor-role><ce:contributor-role role="http://credit.niso.org/contributor-roles/formal-analysis">Formal analysis</ce:contributor-role><ce:contributor-role role="http://credit.niso.org/contributor-roles/writing-original-draft">Writing &#x2013; original draft</ce:contributor-role><ce:cross-ref refid="aff0001"><ce:sup loc="post">a</ce:sup></ce:cross-ref><ce:cross-ref refid="aff0002"><ce:sup loc="post">b</ce:sup></ce:cross-ref></ce:author><ce:author id="au0002" author-id="S2352340921009513-a25995563bb9d8724f4f9e92efbc15bf" orcid="0000-0003-3804-2807"><ce:given-name>S.Yu.</ce:given-name><ce:surname>Voronina</ce:surname><ce:contributor-role role="http://credit.niso.org/contributor-roles/conceptualization">Conceptualization</ce:contributor-role><ce:contributor-role role="http://credit.niso.org/contributor-roles/methodology">Methodology</ce:contributor-role><ce:contributor-role role="http://credit.niso.org/contributor-roles/formal-analysis">Formal analysis</ce:contributor-role><ce:contributor-role role="http://credit.niso.org/contributor-roles/writing-original-draft">Writing &#x2013; original draft</ce:contributor-role><ce:cross-ref refid="aff0001"><ce:sup loc="post">a</ce:sup></ce:cross-ref><ce:cross-ref refid="cor0001"><ce:sup loc="post">&#x204e;</ce:sup></ce:cross-ref><ce:e-address id="ead0001" type="email" xlink:href="mailto:simkina_svetlana@mail.ru">simkina_svetlana@mail.ru</ce:e-address></ce:author><ce:author id="au0003" author-id="S2352340921009513-8a92df46f7a77ef16c8d7aa0ba4aa707"><ce:given-name>A.G.</ce:given-name><ce:surname>Tkachev</ce:surname><ce:contributor-role role="http://credit.niso.org/contributor-roles/methodology">Methodology</ce:contributor-role><ce:contributor-role role="http://credit.niso.org/contributor-roles/investigation">Investigation</ce:contributor-role><ce:cross-ref refid="aff0003"><ce:sup loc="post">c</ce:sup></ce:cross-ref></ce:author><ce:author id="au0004" author-id="S2352340921009513-b7b19c49045673b813140ace26192746"><ce:given-name>N.N.</ce:given-name><ce:surname>Grotskaya</ce:surname><ce:contributor-role role="http://credit.niso.org/contributor-roles/writing-original-draft">Writing &#x2013; original draft</ce:contributor-role><ce:cross-ref refid="aff0001"><ce:sup loc="post">a</ce:sup></ce:cross-ref></ce:author><ce:author id="au0005" author-id="S2352340921009513-e6a8c34ee8e842b2084b765e3ebff77f"><ce:given-name>V.D.</ce:given-name><ce:surname>Voronchikhin</ce:surname><ce:contributor-role role="http://credit.niso.org/contributor-roles/conceptualization">Conceptualization</ce:contributor-role><ce:contributor-role role="http://credit.niso.org/contributor-roles/methodology">Methodology</ce:contributor-role><ce:cross-ref refid="aff0001"><ce:sup loc="post">a</ce:sup></ce:cross-ref></ce:author><ce:author id="au0006" author-id="S2352340921009513-8f4d0f4ce156d87858f49f0523d899f0"><ce:given-name>A.Yu.</ce:given-name><ce:surname>Vlasov</ce:surname><ce:contributor-role role="http://credit.niso.org/contributor-roles/conceptualization">Conceptualization</ce:contributor-role><ce:contributor-role role="http://credit.niso.org/contributor-roles/methodology">Methodology</ce:contributor-role><ce:cross-ref refid="aff0001"><ce:sup loc="post">a</ce:sup></ce:cross-ref></ce:author><ce:affiliation id="aff0001" affiliation-id="S2352340921009513-a90563e8036a3c9622dc2117666f65f6"><ce:label>a</ce:label><ce:textfn id="cetextfn0001">Reshetnev Siberian State University of Science and Technology, Krasnoyarsk, Russia</ce:textfn><sa:affiliation><sa:organization>Reshetnev Siberian State University of Science and Technology</sa:organization><sa:city>Krasnoyarsk</sa:city><sa:country>Russia</sa:country></sa:affiliation><ce:source-text id="staff0001">aReshetnev Siberian State University of Science and Technology, Krasnoyarsk, Russia</ce:source-text></ce:affiliation><ce:affiliation id="aff0002" affiliation-id="S2352340921009513-3ec1173706021afb7d570a72343832b1"><ce:label>b</ce:label><ce:textfn id="cetextfn0002">Siberian Federal University, Krasnoyarsk, Russia</ce:textfn><sa:affiliation><sa:organization>Siberian Federal University</sa:organization><sa:city>Krasnoyarsk</sa:city><sa:country>Russia</sa:country></sa:affiliation><ce:source-text id="staff0002">bSiberian Federal University, Krasnoyarsk, Russia</ce:source-text></ce:affiliation><ce:affiliation id="aff0003" affiliation-id="S2352340921009513-7e0067aa235e2f10d3eaad8c7787c123"><ce:label>c</ce:label><ce:textfn id="cetextfn0003">Tambov State Technical University, Tambov, Russia</ce:textfn><sa:affiliation><sa:organization>Tambov State Technical University</sa:organization><sa:city>Tambov</sa:city><sa:country>Russia</sa:country></sa:affiliation><ce:source-text id="staff0003">cTambov State Technical University, Tambov, Russia</ce:source-text></ce:affiliation><ce:correspondence id="cor0001"><ce:label>&#x204e;</ce:label><ce:text id="cetext0001">Corresponding author.</ce:text></ce:correspondence></ce:author-group><ce:date-received day="20" month="9" year="2021"/><ce:date-revised day="29" month="11" year="2021"/><ce:date-accepted day="1" month="12" year="2021"/><ce:abstract id="abs0001" view="all" class="author"><ce:section-title id="cesectitle0001">Abstract</ce:section-title><ce:abstract-sec id="abss0001" view="all"><ce:simple-para id="spara005" view="all">The dataset contains raw files related to the manuscript &#x201c;The synergistic effect of a hybrid filler based on graphene nanoplates and multiwalled nanotubes for increasing the thermal conductivity of an epoxy composite&#x201d; (Shalygina T.A. et&#160;al., 2021). The study presents the values of the heat capacity used to calculate the coefficients of thermal conductivity of epoxy composites by combining one-dimensional multiwalled nanotubes (MWCNTs) and two-dimensional graphene nanoplates (GNPs) in the role of a heat-conducting filler. To determine the heat capacity of materials with different concentrations of hybrid filler (GNP/MWCNT), the method of differential scanning calorimetry in the mode of the heat flux modulation was used. The analysis of the heat flux modulation samples is presented in raw and processed form.</ce:simple-para><ce:simple-para id="spara006" view="all">The materials scientists may apply the dataset to an in-depth study of the thermal conductivity formation mechanisms in composites doped with carbon-containing substances.</ce:simple-para></ce:abstract-sec></ce:abstract><ce:keywords id="keys0001" view="all" class="keyword"><ce:section-title id="cesectitle0002">Keywords</ce:section-title><ce:keyword id="key0001"><ce:text id="cetext0002">Carbon nanotubes (MWCNT)</ce:text></ce:keyword><ce:keyword id="key0002"><ce:text id="cetext0003">Graphene nanoplates (GNP)</ce:text></ce:keyword><ce:keyword id="key0003"><ce:text id="cetext0004">Thermal conductivity</ce:text></ce:keyword><ce:keyword id="key0004"><ce:text id="cetext0005">Epoxy resin</ce:text></ce:keyword></ce:keywords></ja:head></ja:article></doc:document>
