<doc:document xmlns:doc="http://www.elsevier.com/xml/document/schema" xmlns:dp="http://www.elsevier.com/xml/common/doc-properties/schema" xmlns:cps="http://www.elsevier.com/xml/common/consyn-properties/schema" xmlns:rdf="http://www.w3.org/1999/02/22-rdf-syntax-ns#" xmlns:dct="http://purl.org/dc/terms/" xmlns:prism="http://prismstandard.org/namespaces/basic/2.0/" xmlns:oa="http://vtw.elsevier.com/data/ns/properties/OpenAccess-1/" xmlns:bam="http://vtw.elsevier.com/data/voc/ns/bam-vtw-1/" xmlns:cp="http://vtw.elsevier.com/data/ns/properties/Copyright-1/" xmlns:cja="http://www.elsevier.com/xml/cja/schema" xmlns:ja="http://www.elsevier.com/xml/ja/schema" xmlns:bk="http://www.elsevier.com/xml/bk/schema" xmlns:ce="http://www.elsevier.com/xml/common/schema" xmlns:mml="http://www.w3.org/1998/Math/MathML" xmlns:cals="http://www.elsevier.com/xml/common/cals/schema" xmlns:tb="http://www.elsevier.com/xml/common/table/schema" xmlns:sa="http://www.elsevier.com/xml/common/struct-aff/schema" xmlns:sb="http://www.elsevier.com/xml/common/struct-bib/schema" xmlns:xlink="http://www.w3.org/1999/xlink"><rdf:RDF><rdf:Description rdf:about="http://dx.doi.org/10.1016/j.dib.2021.107536"><dct:format>application/xml</dct:format><dct:title>De novo transcriptomic data of salt tolerant halophytes Dichnathium annulatum (Forssk.) stapf and Urochondra setulosa (Trin.) C.E.Hubb.</dct:title><dct:creator>Anita Mann</dct:creator><dct:creator>Naresh Kumar</dct:creator><dct:creator>Ashwani Kumar</dct:creator><dct:creator>Charu Lata</dct:creator><dct:creator>Arvind Kumar</dct:creator><dct:creator>B.L. Meena</dct:creator><dct:creator>Sonam Gaba</dct:creator><dct:creator>Monendra Grover</dct:creator><dct:subject><rdf:Bag><rdf:li>Transcriptomics</rdf:li><rdf:li>Salinity</rdf:li><rdf:li>Halophytes</rdf:li><rdf:li>DEGs</rdf:li><rdf:li>SSR</rdf:li></rdf:Bag></dct:subject><dct:description>Data in Brief 39 (2021). doi:10.1016/j.dib.2021.107536</dct:description><prism:aggregationType>journal</prism:aggregationType><prism:publicationName>Data in Brief</prism:publicationName><prism:copyright>&#169; 2021 The Authors. Published by Elsevier Inc.</prism:copyright><dct:publisher>Elsevier Inc.</dct:publisher><prism:issn>2352-3409</prism:issn><prism:volume>39</prism:volume><prism:coverDisplayDate>December 2021</prism:coverDisplayDate><prism:doi>10.1016/j.dib.2021.107536</prism:doi><prism:url>http://dx.doi.org/10.1016/j.dib.2021.107536</prism:url><dct:identifier>doi:10.1016/j.dib.2021.107536</dct:identifier><bam:articleNumber>107536</bam:articleNumber><oa:openAccessInformation><oa:openAccessStatus xmlns:xsi="http://www.w3.org/2001/XMLSchema-instance">http://vtw.elsevier.com/data/voc/oa/OpenAccessStatus#Full</oa:openAccessStatus><oa:openAccessEffective xmlns:xsi="http://www.w3.org/2001/XMLSchema-instance">2021-10-28T14:19:48Z</oa:openAccessEffective><oa:sponsor xmlns:xsi="http://www.w3.org/2001/XMLSchema-instance"><oa:sponsorType>http://vtw.elsevier.com/data/voc/oa/SponsorType#Author</oa:sponsorType></oa:sponsor><oa:userLicense xmlns:xsi="http://www.w3.org/2001/XMLSchema-instance">http://creativecommons.org/licenses/by/4.0/</oa:userLicense></oa:openAccessInformation><cp:licenseLine xmlns:xsi="http://www.w3.org/2001/XMLSchema-instance">This is an open access article under the CC BY license.</cp:licenseLine></rdf:Description></rdf:RDF><dp:document-properties><dp:aggregation-type>Journals</dp:aggregation-type><dp:version-number>S300.1</dp:version-number></dp:document-properties><ja:article docsubtype="dat" version="5.6" xml:lang="en"><ja:item-info><ja:jid>DIB</ja:jid><ja:aid>107536</ja:aid><ce:article-number>107536</ce:article-number><ce:pii>S2352-3409(21)00812-X</ce:pii><ce:doi>10.1016/j.dib.2021.107536</ce:doi><ce:copyright type="unknown" year="2021"/></ja:item-info><ja:head><ce:dochead id="dchd0001"><ce:textfn id="dhtxt0001">Data Article</ce:textfn></ce:dochead><ce:title id="tte0002"><ce:italic>De novo</ce:italic> transcriptomic data of salt tolerant halophytes <ce:italic>Dichnathium annulatum</ce:italic> (Forssk.) stapf and <ce:italic>Urochondra setulosa</ce:italic> (Trin.) C.E.Hubb.</ce:title><ce:author-group id="aut0001"><ce:author id="au0001" author-id="S235234092100812X-83abe2d3b5ae5118b9cc7c7e5f71502c" orcid="0000-0002-8368-4262"><ce:given-name>Anita</ce:given-name><ce:surname>Mann</ce:surname><ce:contributor-role role="http://credit.niso.org/contributor-roles/conceptualization">Conceptualization</ce:contributor-role><ce:contributor-role role="http://credit.niso.org/contributor-roles/project-administration">Project administration</ce:contributor-role><ce:contributor-role role="http://credit.niso.org/contributor-roles/writing-original-draft">Writing &#x2013; original draft</ce:contributor-role><ce:cross-ref refid="aff0001"><ce:sup loc="post">a</ce:sup></ce:cross-ref><ce:cross-ref refid="cor0001"><ce:sup loc="post">&#x204e;</ce:sup></ce:cross-ref><ce:e-address id="ead0001" type="email" xlink:href="mailto:Anita.mann@icar.gov.in">Anita.mann@icar.gov.in</ce:e-address></ce:author><ce:author id="au0002" author-id="S235234092100812X-785fedf78cec0db388bc94cfc85a073d"><ce:given-name>Naresh</ce:given-name><ce:surname>Kumar</ce:surname><ce:contributor-role role="http://credit.niso.org/contributor-roles/formal-analysis">Formal analysis</ce:contributor-role><ce:contributor-role role="http://credit.niso.org/contributor-roles/writing-original-draft">Writing &#x2013; original draft</ce:contributor-role><ce:cross-ref refid="aff0001"><ce:sup loc="post">a</ce:sup></ce:cross-ref></ce:author><ce:author id="au0003" author-id="S235234092100812X-f0db700c6a75cf52bb9d51ff6b3c3b81"><ce:given-name>Ashwani</ce:given-name><ce:surname>Kumar</ce:surname><ce:contributor-role role="http://credit.niso.org/contributor-roles/data-curation">Data curation</ce:contributor-role><ce:cross-ref refid="aff0001"><ce:sup loc="post">a</ce:sup></ce:cross-ref></ce:author><ce:author id="au0004" author-id="S235234092100812X-6fb91a154bccf424d33a3e1d3f25bdea"><ce:given-name>Charu</ce:given-name><ce:surname>Lata</ce:surname><ce:contributor-role role="http://credit.niso.org/contributor-roles/formal-analysis">Formal analysis</ce:contributor-role><ce:cross-ref refid="aff0001"><ce:sup loc="post">a</ce:sup></ce:cross-ref></ce:author><ce:author id="au0005" author-id="S235234092100812X-606b0a78063721e35d1a589b2cfe650e"><ce:given-name>Arvind</ce:given-name><ce:surname>Kumar</ce:surname><ce:contributor-role role="http://credit.niso.org/contributor-roles/visualization">Visualization</ce:contributor-role><ce:cross-ref refid="aff0001"><ce:sup loc="post">a</ce:sup></ce:cross-ref></ce:author><ce:author id="au0006" author-id="S235234092100812X-f2265a2e086696b502820230a26c4269"><ce:given-name>B.L.</ce:given-name><ce:surname>Meena</ce:surname><ce:contributor-role role="http://credit.niso.org/contributor-roles/methodology">Methodology</ce:contributor-role><ce:cross-ref refid="aff0001"><ce:sup loc="post">a</ce:sup></ce:cross-ref></ce:author><ce:author id="au0007" author-id="S235234092100812X-56aa1df1478db811e7751a16ccd42cee"><ce:given-name>Sonam</ce:given-name><ce:surname>Gaba</ce:surname><ce:contributor-role role="http://credit.niso.org/contributor-roles/data-curation">Data curation</ce:contributor-role><ce:cross-ref refid="aff0002"><ce:sup loc="post">b</ce:sup></ce:cross-ref></ce:author><ce:author id="au0008" author-id="S235234092100812X-c143a98d391f25dfaac46a6beafbd54e"><ce:given-name>Monendra</ce:given-name><ce:surname>Grover</ce:surname><ce:contributor-role role="http://credit.niso.org/contributor-roles/data-curation">Data curation</ce:contributor-role><ce:cross-ref refid="aff0002"><ce:sup loc="post">b</ce:sup></ce:cross-ref></ce:author><ce:affiliation id="aff0001" affiliation-id="S235234092100812X-ab92eec1f111ba65a3693762ab8c758d"><ce:label>a</ce:label><ce:textfn id="cetextfn0001">ICAR-Central Soil Salinity Research Institute, Karnal, Haryana 132001, India</ce:textfn><sa:affiliation><sa:organization>ICAR-Central Soil Salinity Research Institute</sa:organization><sa:city>Karnal</sa:city><sa:state>Haryana</sa:state><sa:postal-code>132001</sa:postal-code><sa:country>India</sa:country></sa:affiliation><ce:source-text id="staff0001">aICAR-Central Soil Salinity Research Institute, Karnal, Haryana 132001, India</ce:source-text></ce:affiliation><ce:affiliation id="aff0002" affiliation-id="S235234092100812X-a752bdaf4dc2006fae933ca62d4b0d10"><ce:label>b</ce:label><ce:textfn id="cetextfn0002">ICAR-Indian Agricultural Statistical Research Institute, New Delhi 110011 India</ce:textfn><sa:affiliation><sa:organization>ICAR-Indian Agricultural Statistical Research Institute</sa:organization><sa:city>New Delhi</sa:city><sa:postal-code>110011</sa:postal-code><sa:country>India</sa:country></sa:affiliation><ce:source-text id="staff0002">bICAR-Indian Agricultural Statistical Research Institute, New Delhi 110011 India</ce:source-text></ce:affiliation><ce:correspondence id="cor0001"><ce:label>&#x204e;</ce:label><ce:text id="cetext0001">Corresponding author.</ce:text></ce:correspondence></ce:author-group><ce:date-received day="23" month="3" year="2021"/><ce:date-revised day="22" month="10" year="2021"/><ce:date-accepted day="27" month="10" year="2021"/><ce:abstract id="abs0001" view="all" class="author"><ce:section-title id="cesectitle0001">Abstract</ce:section-title><ce:abstract-sec id="abss0001" view="all"><ce:simple-para id="spara010" view="all">Two halophytes, <ce:italic>Dichanthium annulatum</ce:italic> (moderately salt tolerant) and <ce:italic>Urochondra setulosa</ce:italic> (highly salt tolerant) were selected to generate transcriptome at different salinity levels. Sequencing of RNA samples was done on Illumina-Hi-Seq platform for <ce:italic>de novo</ce:italic> transcriptome assembly from the leaf tissues of <ce:italic>D. annulatum</ce:italic> at salinity of ECe &#x223c;30 dS/m and of <ce:italic>U. setulosa</ce:italic> at three salt levels (<ce:italic>i.e.</ce:italic> ECe &#x223c;30, &#x223c;40 and &#x223c;50 dS/m). DESeq was used for identification of differentially expressed transcripts and a total of 267,196 and 384,442 transcripts were assembled through Trinity in both the plants respectively. A total of 32,246 and 25,479 SSRs were identified respectively in both the plants using MISA perl script with mono and tri-nucleotide repeats as most common motif.</ce:simple-para></ce:abstract-sec></ce:abstract><ce:keywords id="keys0001" view="all" class="keyword"><ce:section-title id="cesectitle0002">Keywords</ce:section-title><ce:keyword id="key0001"><ce:text id="cetext0002">Transcriptomics</ce:text></ce:keyword><ce:keyword id="key0002"><ce:text id="cetext0003">Salinity</ce:text></ce:keyword><ce:keyword id="key0003"><ce:text id="cetext0004">Halophytes</ce:text></ce:keyword><ce:keyword id="key0004"><ce:text id="cetext0005">DEGs</ce:text></ce:keyword><ce:keyword id="key0005"><ce:text id="cetext0006">SSR</ce:text></ce:keyword></ce:keywords></ja:head></ja:article></doc:document>
