<doc:document xmlns:doc="http://www.elsevier.com/xml/document/schema" xmlns:dp="http://www.elsevier.com/xml/common/doc-properties/schema" xmlns:cps="http://www.elsevier.com/xml/common/consyn-properties/schema" xmlns:rdf="http://www.w3.org/1999/02/22-rdf-syntax-ns#" xmlns:dct="http://purl.org/dc/terms/" xmlns:prism="http://prismstandard.org/namespaces/basic/2.0/" xmlns:oa="http://vtw.elsevier.com/data/ns/properties/OpenAccess-1/" xmlns:bam="http://vtw.elsevier.com/data/voc/ns/bam-vtw-1/" xmlns:cp="http://vtw.elsevier.com/data/ns/properties/Copyright-1/" xmlns:cja="http://www.elsevier.com/xml/cja/schema" xmlns:ja="http://www.elsevier.com/xml/ja/schema" xmlns:bk="http://www.elsevier.com/xml/bk/schema" xmlns:ce="http://www.elsevier.com/xml/common/schema" xmlns:mml="http://www.w3.org/1998/Math/MathML" xmlns:cals="http://www.elsevier.com/xml/common/cals/schema" xmlns:tb="http://www.elsevier.com/xml/common/table/schema" xmlns:sa="http://www.elsevier.com/xml/common/struct-aff/schema" xmlns:sb="http://www.elsevier.com/xml/common/struct-bib/schema" xmlns:xlink="http://www.w3.org/1999/xlink"><rdf:RDF><rdf:Description rdf:about="http://dx.doi.org/10.1016/j.dib.2022.107871"><dct:format>application/xml</dct:format><dct:title>Baseline data of marine debris in the Indonesia beaches</dct:title><dct:creator>Ibnu Faizal</dct:creator><dct:creator>Zuzy Anna</dct:creator><dct:creator>Sanny T. Utami</dct:creator><dct:creator>Putri G. Mulyani</dct:creator><dct:creator>Noir P. Purba</dct:creator><dct:subject><rdf:Bag><rdf:li>Marine environment</rdf:li><rdf:li>Beach pollution</rdf:li><rdf:li>Macro-debris</rdf:li><rdf:li>Baseline study</rdf:li><rdf:li>National action plan</rdf:li></rdf:Bag></dct:subject><dct:description>Data in Brief, Uncorrected proof. doi:10.1016/j.dib.2022.107871</dct:description><prism:aggregationType>journal</prism:aggregationType><prism:publicationName>Data in Brief</prism:publicationName><prism:copyright>&#169; 2022 The Author(s). Published by Elsevier Inc.</prism:copyright><dct:publisher>Elsevier Inc.</dct:publisher><prism:issn>2352-3409</prism:issn><prism:doi>10.1016/j.dib.2022.107871</prism:doi><prism:url>http://dx.doi.org/10.1016/j.dib.2022.107871</prism:url><dct:identifier>doi:10.1016/j.dib.2022.107871</dct:identifier><bam:articleNumber>107871</bam:articleNumber><oa:openAccessInformation><oa:openAccessStatus xmlns:xsi="http://www.w3.org/2001/XMLSchema-instance">http://vtw.elsevier.com/data/voc/oa/OpenAccessStatus#Full</oa:openAccessStatus><oa:openAccessEffective xmlns:xsi="http://www.w3.org/2001/XMLSchema-instance">2022-01-21T08:31:43Z</oa:openAccessEffective><oa:sponsor xmlns:xsi="http://www.w3.org/2001/XMLSchema-instance"><oa:sponsorName>Indonesia: LE Tracking</oa:sponsorName><oa:sponsorType>http://vtw.elsevier.com/data/voc/oa/SponsorType#FundingBody</oa:sponsorType></oa:sponsor><oa:userLicense xmlns:xsi="http://www.w3.org/2001/XMLSchema-instance">http://creativecommons.org/licenses/by/4.0/</oa:userLicense></oa:openAccessInformation><cp:licenseLine xmlns:xsi="http://www.w3.org/2001/XMLSchema-instance">This is an open access article under the CC BY license.</cp:licenseLine></rdf:Description></rdf:RDF><dp:document-properties><dp:aggregation-type>Journals</dp:aggregation-type><dp:version-number>S100.1</dp:version-number></dp:document-properties><ja:article docsubtype="dat" version="5.6" xml:lang="en"><ja:item-info><ja:jid>DIB</ja:jid><ja:aid>107871</ja:aid><ce:article-number>107871</ce:article-number><ce:pii>S2352-3409(22)00083-X</ce:pii><ce:doi>10.1016/j.dib.2022.107871</ce:doi><ce:copyright type="other" year="2022">The Author(s)</ce:copyright></ja:item-info><ja:head><ce:dochead id="dchd0001"><ce:textfn id="dhtxt0001">Data Article</ce:textfn></ce:dochead><ce:title id="tte0002">Baseline data of marine debris in the Indonesia beaches</ce:title><ce:author-group id="aut0001"><ce:author id="au0001" author-id="S235234092200083X-87ed11988ceab60b155ac6af908380cd" orcid="0000-0001-8651-5934"><ce:given-name>Ibnu</ce:given-name><ce:surname>Faizal</ce:surname><ce:cross-ref refid="aff0001"><ce:sup loc="post">a</ce:sup></ce:cross-ref><ce:cross-ref refid="aff0002"><ce:sup loc="post">b</ce:sup></ce:cross-ref><ce:cross-ref refid="cor0001"><ce:sup loc="post">&#x204e;</ce:sup></ce:cross-ref><ce:e-address id="ead0001" type="email" xlink:href="mailto:ibnu.faizal@unpad.ac.id">ibnu.faizal@unpad.ac.id</ce:e-address></ce:author><ce:author id="au0002" author-id="S235234092200083X-a27bc1ae2cdc0064324b76fe4dce53e0"><ce:given-name>Zuzy</ce:given-name><ce:surname>Anna</ce:surname><ce:cross-ref refid="aff0003"><ce:sup loc="post">c</ce:sup></ce:cross-ref></ce:author><ce:author id="au0003" author-id="S235234092200083X-c271ad4baef4ee6d19715075eac5675b"><ce:given-name>Sanny T.</ce:given-name><ce:surname>Utami</ce:surname><ce:cross-ref refid="aff0004"><ce:sup loc="post">d</ce:sup></ce:cross-ref></ce:author><ce:author id="au0004" author-id="S235234092200083X-60501945ff6a294038d364df53b568ca"><ce:given-name>Putri G.</ce:given-name><ce:surname>Mulyani</ce:surname><ce:cross-ref refid="aff0001"><ce:sup loc="post">a</ce:sup></ce:cross-ref></ce:author><ce:author id="au0005" author-id="S235234092200083X-ddb4343718777fcc45ff1f7934615466"><ce:given-name>Noir P.</ce:given-name><ce:surname>Purba</ce:surname><ce:cross-ref refid="aff0001"><ce:sup loc="post">a</ce:sup></ce:cross-ref></ce:author><ce:affiliation id="aff0001" affiliation-id="S235234092200083X-ea2fdbcc875918fcba8183679ac4b434"><ce:label>a</ce:label><ce:textfn id="cetextfn0001">Department of Marine, Universitas Padjadjaran, Jatinangor, Jl. Ir. Sukarno Km. 21 UBR, West Java 40600, Indonesia</ce:textfn><sa:affiliation><sa:organization>Department of Marine</sa:organization><sa:organization>Universitas Padjadjaran</sa:organization><sa:address-line>Jatinangor, Jl. Ir. Sukarno Km. 21 UBR</sa:address-line><sa:state>West Java</sa:state><sa:postal-code>40600</sa:postal-code><sa:country>Indonesia</sa:country></sa:affiliation><ce:source-text id="staff0001">aDepartment of Marine, Universitas Padjadjaran, Jatinangor, Jl. Ir. Sukarno Km. 21 UBR, West Java 40600, Indonesia</ce:source-text></ce:affiliation><ce:affiliation id="aff0002" affiliation-id="S235234092200083X-d2884fbe50aa78b3f44e710b13a4c0e9"><ce:label>b</ce:label><ce:textfn id="cetextfn0002">Movement for The Ocean (MOCEAN), Bandung 40267, Indonesia</ce:textfn><sa:affiliation><sa:organization>Movement for The Ocean (MOCEAN)</sa:organization><sa:city>Bandung</sa:city><sa:postal-code>40267</sa:postal-code><sa:country>Indonesia</sa:country></sa:affiliation><ce:source-text id="staff0002">bMovement for The Ocean (MOCEAN), Bandung 40267, Indonesia</ce:source-text></ce:affiliation><ce:affiliation id="aff0003" affiliation-id="S235234092200083X-0d240c100613fc30499ec4f091ec4cac"><ce:label>c</ce:label><ce:textfn id="cetextfn0003">SDGs Center Universitas Padjadjaran, Jl. Dipati Ukur No.46, Lebakgede, Bandung, West Java 40132, Indonesia</ce:textfn><sa:affiliation><sa:organization>SDGs Center Universitas Padjadjaran</sa:organization><sa:address-line>Jl. Dipati Ukur No.46, Lebakgede</sa:address-line><sa:city>Bandung</sa:city><sa:state>West Java</sa:state><sa:postal-code>40132</sa:postal-code><sa:country>Indonesia</sa:country></sa:affiliation><ce:source-text id="staff0003">cSDGs Center Universitas Padjadjaran, Jl. Dipati Ukur No.46, Lebakgede, Bandung, West Java 40132, Indonesia</ce:source-text></ce:affiliation><ce:affiliation id="aff0004" affiliation-id="S235234092200083X-910ba43e1b1cc8eabcb950e380e9650b"><ce:label>d</ce:label><ce:textfn id="cetextfn0004">College of Fisheries, Ocean University of China, Shinan District, Qingdao, China</ce:textfn><sa:affiliation><sa:organization>College of Fisheries</sa:organization><sa:organization>Ocean University of China</sa:organization><sa:address-line>Shinan District</sa:address-line><sa:city>Qingdao</sa:city><sa:country>China</sa:country></sa:affiliation><ce:source-text id="staff0004">dCollege of Fisheries, Ocean University of China, Shinan District, Qingdao, China</ce:source-text></ce:affiliation><ce:correspondence id="cor0001"><ce:label>&#x204e;</ce:label><ce:text id="cetext0001">Corresponding author at: Department of Marine, Universitas Padjadjaran, Jatinangor, Jl. Ir. Sukarno Km. 21 UBR, West Java 40600, Indonesi.</ce:text><sa:affiliation><sa:organization>Department of Marine</sa:organization><sa:organization>Universitas Padjadjaran</sa:organization><sa:address-line>Jatinangor, Jl. Ir. Sukarno Km. 21 UBR</sa:address-line><sa:state>West Java</sa:state><sa:postal-code>40600</sa:postal-code><sa:country>Indonesi</sa:country></sa:affiliation></ce:correspondence></ce:author-group><ce:date-received day="15" month="11" year="2021"/><ce:date-revised day="29" month="12" year="2021"/><ce:date-accepted day="20" month="1" year="2022"/><ce:abstract id="abs0001" view="all" class="author"><ce:section-title id="cesectitle0001">Abstract</ce:section-title><ce:abstract-sec id="abss0001" view="all"><ce:simple-para id="spara008" view="all">This study was conducted around the beaches in Indonesia in order to investigate the level of pollution in the marine environment. Thirteen (13) locations in six (6) regions namely: Seribu Island, Banten, South Java, Biawak Islands, West Papua, and East Nusa making up a total length of 12.84&#160;km of the area were studied. This investigation focused on the debris around isolated beaches, tourist attraction centers, fishing zones and marine protected areas (MPA). The method employed in this study was dependent on the international coastal cleanup form. The samples of debris collected and studied varied from the year 2013 to 2018 for a thorough investigation. The beach debris monitoring equipment revealed information about the distribution, abundance, types and, effects of marine debris on the ecosystem. Moreover, the study showed that the mass of debris collected within the areas listed weighted 1113.10&#160;kg for 34,330 collected items. Also, the average density was noted to range between 1.43 and 5.11&#160;items/m<ce:sup loc="post">2</ce:sup>. However, it was observed that plastic products constituted the highest percentage of the pollutants found in almost all the stations, with plastic bags being the most dominant.</ce:simple-para></ce:abstract-sec></ce:abstract><ce:keywords id="keys0001" view="all" class="keyword"><ce:section-title id="cesectitle0002">Keywords</ce:section-title><ce:keyword id="key0001"><ce:text id="cetext0002">Marine environment</ce:text></ce:keyword><ce:keyword id="key0002"><ce:text id="cetext0003">Beach pollution</ce:text></ce:keyword><ce:keyword id="key0003"><ce:text id="cetext0004">Macro-debris</ce:text></ce:keyword><ce:keyword id="key0004"><ce:text id="cetext0005">Baseline study</ce:text></ce:keyword><ce:keyword id="key0005"><ce:text id="cetext0006">National action plan</ce:text></ce:keyword></ce:keywords></ja:head></ja:article></doc:document>
