<doc:document xmlns:doc="http://www.elsevier.com/xml/document/schema" xmlns:dp="http://www.elsevier.com/xml/common/doc-properties/schema" xmlns:cps="http://www.elsevier.com/xml/common/consyn-properties/schema" xmlns:rdf="http://www.w3.org/1999/02/22-rdf-syntax-ns#" xmlns:dct="http://purl.org/dc/terms/" xmlns:prism="http://prismstandard.org/namespaces/basic/2.0/" xmlns:oa="http://vtw.elsevier.com/data/ns/properties/OpenAccess-1/" xmlns:bam="http://vtw.elsevier.com/data/voc/ns/bam-vtw-1/" xmlns:cp="http://vtw.elsevier.com/data/ns/properties/Copyright-1/" xmlns:cja="http://www.elsevier.com/xml/cja/schema" xmlns:ja="http://www.elsevier.com/xml/ja/schema" xmlns:bk="http://www.elsevier.com/xml/bk/schema" xmlns:ce="http://www.elsevier.com/xml/common/schema" xmlns:mml="http://www.w3.org/1998/Math/MathML" xmlns:cals="http://www.elsevier.com/xml/common/cals/schema" xmlns:tb="http://www.elsevier.com/xml/common/table/schema" xmlns:sa="http://www.elsevier.com/xml/common/struct-aff/schema" xmlns:sb="http://www.elsevier.com/xml/common/struct-bib/schema" xmlns:xlink="http://www.w3.org/1999/xlink"><rdf:RDF><rdf:Description rdf:about="http://dx.doi.org/10.1016/j.dib.2021.107738"><dct:format>application/xml</dct:format><dct:title>Experimental dataset from a central composite design with two qualitative independent variables to develop high strength mortars with self-compacting properties</dct:title><dct:creator>Lino Maia</dct:creator><dct:subject><rdf:Bag><rdf:li>Cement</rdf:li><rdf:li>Design of experiments</rdf:li><rdf:li>Mortar</rdf:li><rdf:li>Normensand</rdf:li><rdf:li>Response model</rdf:li><rdf:li>Superplasticiser</rdf:li></rdf:Bag></dct:subject><dct:description>Data in Brief 40 (2022). doi:10.1016/j.dib.2021.107738</dct:description><prism:aggregationType>journal</prism:aggregationType><prism:publicationName>Data in Brief</prism:publicationName><prism:copyright>&#169; 2022 The Author. Published by Elsevier Inc.</prism:copyright><dct:publisher>Elsevier Inc.</dct:publisher><prism:issn>2352-3409</prism:issn><prism:volume>40</prism:volume><prism:coverDisplayDate>February 2022</prism:coverDisplayDate><prism:doi>10.1016/j.dib.2021.107738</prism:doi><prism:url>http://dx.doi.org/10.1016/j.dib.2021.107738</prism:url><dct:identifier>doi:10.1016/j.dib.2021.107738</dct:identifier><bam:articleNumber>107738</bam:articleNumber><oa:openAccessInformation><oa:openAccessStatus xmlns:xsi="http://www.w3.org/2001/XMLSchema-instance">http://vtw.elsevier.com/data/voc/oa/OpenAccessStatus#Full</oa:openAccessStatus><oa:openAccessEffective xmlns:xsi="http://www.w3.org/2001/XMLSchema-instance">2021-12-20T10:59:46Z</oa:openAccessEffective><oa:sponsor xmlns:xsi="http://www.w3.org/2001/XMLSchema-instance"><oa:sponsorName>Portugal Institutes</oa:sponsorName><oa:sponsorType>http://vtw.elsevier.com/data/voc/oa/SponsorType#FundingBody</oa:sponsorType></oa:sponsor><oa:userLicense xmlns:xsi="http://www.w3.org/2001/XMLSchema-instance">http://creativecommons.org/licenses/by/4.0/</oa:userLicense></oa:openAccessInformation><cp:licenseLine xmlns:xsi="http://www.w3.org/2001/XMLSchema-instance">This is an open access article under the CC BY license.</cp:licenseLine></rdf:Description></rdf:RDF><dp:document-properties><dp:aggregation-type>Journals</dp:aggregation-type><dp:version-number>S300.1</dp:version-number></dp:document-properties><ja:article docsubtype="dat" version="5.6" xml:lang="en"><ja:item-info><ja:jid>DIB</ja:jid><ja:aid>107738</ja:aid><ce:article-number>107738</ce:article-number><ce:pii>S2352-3409(21)01013-1</ce:pii><ce:doi>10.1016/j.dib.2021.107738</ce:doi><ce:copyright type="unknown" year="2021"/></ja:item-info><ja:head><ce:dochead id="dchd0001"><ce:textfn id="dhtxt0001">Data Article</ce:textfn></ce:dochead><ce:title id="tte0002">Experimental dataset from a central composite design with two qualitative independent variables to develop high strength mortars with self-compacting properties</ce:title><ce:author-group id="aut0001"><ce:author id="au0001" author-id="S2352340921010131-66232a8db68496b95ad2ce21352b06f6" orcid="0000-0002-6371-0179"><ce:given-name>Lino</ce:given-name><ce:surname>Maia</ce:surname><ce:cross-ref refid="aff0001"><ce:sup loc="post">a</ce:sup></ce:cross-ref><ce:cross-ref refid="aff0002"><ce:sup loc="post">b</ce:sup></ce:cross-ref><ce:cross-ref refid="cor0001"><ce:sup loc="post">&#x204e;</ce:sup></ce:cross-ref><ce:e-address id="ead0001" type="email" xlink:href="mailto:linomaia@fe.up.pt">linomaia@fe.up.pt</ce:e-address></ce:author><ce:affiliation id="aff0001" affiliation-id="S2352340921010131-b7fd54511afa4f950a8f4e16191ce16b"><ce:label>a</ce:label><ce:textfn id="cetextfn0001">CONSTRUCT-LABEST, Faculty of Engineering (FEUP), University of Porto, Rua Dr. Roberto Frias, Porto 4200-465, Portugal</ce:textfn><sa:affiliation><sa:organization>CONSTRUCT-LABEST</sa:organization><sa:organization>Faculty of Engineering (FEUP)</sa:organization><sa:organization>University of Porto</sa:organization><sa:address-line>Rua Dr. Roberto Frias</sa:address-line><sa:city>Porto</sa:city><sa:postal-code>4200-465</sa:postal-code><sa:country>Portugal</sa:country></sa:affiliation><ce:source-text id="staff0001">aCONSTRUCT-LABEST, Faculty of Engineering (FEUP), University of Porto, Rua Dr. Roberto Frias, Porto 4200-465, Portugal</ce:source-text></ce:affiliation><ce:affiliation id="aff0002" affiliation-id="S2352340921010131-b7d5b7ba6f6f169f74e237a8e3b967cb"><ce:label>b</ce:label><ce:textfn id="cetextfn0002">Faculty of Exact Sciences and Engineering, University of Madeira, Campus da Penteada, Funchal 9020-105, Portugal</ce:textfn><sa:affiliation><sa:organization>Faculty of Exact Sciences and Engineering</sa:organization><sa:organization>University of Madeira</sa:organization><sa:address-line>Campus da Penteada</sa:address-line><sa:city>Funchal</sa:city><sa:postal-code>9020-105</sa:postal-code><sa:country>Portugal</sa:country></sa:affiliation><ce:source-text id="staff0002">bFaculty of Exact Sciences and Engineering, University of Madeira, Campus da Penteada, Funchal 9020-105, Portugal</ce:source-text></ce:affiliation><ce:correspondence id="cor0001"><ce:label>&#x204e;</ce:label><ce:text id="cetext0001">Correspondence to: CONSTRUCT-LABEST, Faculty of Engineering (FEUP), University of Porto, Rua Dr. Roberto Frias, Porto 4200-465, Portuga.</ce:text><sa:affiliation><sa:organization>CONSTRUCT-LABEST</sa:organization><sa:organization>Faculty of Engineering (FEUP)</sa:organization><sa:organization>University of Porto</sa:organization><sa:address-line>Rua Dr. Roberto Frias</sa:address-line><sa:city>Porto</sa:city><sa:postal-code>4200-465</sa:postal-code><sa:country>Portuga</sa:country></sa:affiliation></ce:correspondence></ce:author-group><ce:date-received day="4" month="10" year="2021"/><ce:date-revised day="19" month="12" year="2021"/><ce:date-accepted day="20" month="12" year="2021"/><ce:abstract id="abs0001" view="all" class="author"><ce:section-title id="cesectitle0001">Abstract</ce:section-title><ce:abstract-sec id="abss0001" view="all"><ce:simple-para id="spara005" view="all">Fresh and hardening properties of cement-based materials are key factors for correctly choosing the constituent materials and their mix proportions. To optimize design-based mortar compositions for specific applications, response models are frequently applied to data collected from scientific approaches. Here, experimental dataset regarding to a design of experiments carried out in mortars through a central composite design with five independent variables is presented. Among the five independent variables, four were quantitative ones: Water<ce:inf loc="post">v</ce:inf>/Cement<ce:inf loc="post">v</ce:inf>, Superplasticyzer<ce:inf loc="post">m</ce:inf>/Powder<ce:inf loc="post">v</ce:inf>, Water<ce:inf loc="post">v</ce:inf>/Powder<ce:inf loc="post">v</ce:inf>, Sand<ce:inf loc="post">v</ce:inf>/Mortar<ce:inf loc="post">v</ce:inf>. The other independent variable was a qualitative one: Superplasticiser A or Superplasticiser B. In total 60 mortar compositions were done: for each qualitative variable a 2<ce:sup loc="post">4</ce:sup> factorial design comprising of 16 treatment combinations enlarged by 8 axial runs plus 6 central runs, resulting in a central composite design with 30 mortar trial mix compositions. The following dependent variables were tested: the D-flow and the t-funnel to evaluate the fresh properties and the compressive at the age of 24&#160;h and at the age of 28 days to evaluate the hardened properties. Based on this dataset, response models can be applied to find optimized mix compositions, with the effect of the two qualitative variables being determined.</ce:simple-para></ce:abstract-sec></ce:abstract><ce:keywords id="keys0001" view="all" class="keyword"><ce:section-title id="cesectitle0002">Keywords</ce:section-title><ce:keyword id="key0001"><ce:text id="cetext0002">Cement</ce:text></ce:keyword><ce:keyword id="key0002"><ce:text id="cetext0003">Design of experiments</ce:text></ce:keyword><ce:keyword id="key0003"><ce:text id="cetext0004">Mortar</ce:text></ce:keyword><ce:keyword id="key0004"><ce:text id="cetext0005">Normensand</ce:text></ce:keyword><ce:keyword id="key0005"><ce:text id="cetext0006">Response model</ce:text></ce:keyword><ce:keyword id="key0006"><ce:text id="cetext0007">Superplasticiser</ce:text></ce:keyword></ce:keywords></ja:head></ja:article></doc:document>
