<doc:document xmlns:doc="http://www.elsevier.com/xml/document/schema" xmlns:dp="http://www.elsevier.com/xml/common/doc-properties/schema" xmlns:cps="http://www.elsevier.com/xml/common/consyn-properties/schema" xmlns:rdf="http://www.w3.org/1999/02/22-rdf-syntax-ns#" xmlns:dct="http://purl.org/dc/terms/" xmlns:prism="http://prismstandard.org/namespaces/basic/2.0/" xmlns:oa="http://vtw.elsevier.com/data/ns/properties/OpenAccess-1/" xmlns:bam="http://vtw.elsevier.com/data/voc/ns/bam-vtw-1/" xmlns:cp="http://vtw.elsevier.com/data/ns/properties/Copyright-1/" xmlns:cja="http://www.elsevier.com/xml/cja/schema" xmlns:ja="http://www.elsevier.com/xml/ja/schema" xmlns:bk="http://www.elsevier.com/xml/bk/schema" xmlns:ce="http://www.elsevier.com/xml/common/schema" xmlns:mml="http://www.w3.org/1998/Math/MathML" xmlns:cals="http://www.elsevier.com/xml/common/cals/schema" xmlns:tb="http://www.elsevier.com/xml/common/table/schema" xmlns:sa="http://www.elsevier.com/xml/common/struct-aff/schema" xmlns:sb="http://www.elsevier.com/xml/common/struct-bib/schema" xmlns:xlink="http://www.w3.org/1999/xlink"><rdf:RDF><rdf:Description rdf:about="http://dx.doi.org/10.1016/j.dib.2021.107600"><dct:format>application/xml</dct:format><dct:title>Scaling photosynthetic function and CO2 dynamics from leaf to canopy level for maize &#x2013; dataset combining diurnal and seasonal measurements of vegetation fluorescence, reflectance and vegetation indices with canopy gross ecosystem productivity</dct:title><dct:creator>Petya Campbell</dct:creator><dct:creator>Elizabeth Middleton</dct:creator><dct:creator>Karl Huemmrich</dct:creator><dct:creator>Lauren Ward</dct:creator><dct:creator>Tommaso Julitta</dct:creator><dct:creator>Peiqi Yang</dct:creator><dct:creator>Christiaan van der Tol</dct:creator><dct:creator>Craig Daughtry</dct:creator><dct:creator>Andrew Russ</dct:creator><dct:creator>Joseph Alfieri</dct:creator><dct:creator>William Kustas</dct:creator><dct:subject><rdf:Bag><rdf:li>Vegetation</rdf:li><rdf:li>Maize</rdf:li><rdf:li>Leaf-level chlorophyll fluorescence</rdf:li><rdf:li>Canopy solar induced fluorescence (SIF)</rdf:li><rdf:li>Reflectance</rdf:li><rdf:li>Photosynthetic function</rdf:li><rdf:li>Eddy covariance observations</rdf:li><rdf:li>Gross Ecosystem Productivity (GEP)</rdf:li></rdf:Bag></dct:subject><dct:description>Data in Brief 39 (2021). doi:10.1016/j.dib.2021.107600</dct:description><prism:aggregationType>journal</prism:aggregationType><prism:publicationName>Data in Brief</prism:publicationName><prism:copyright>&#169; 2021 The Author(s). Published by Elsevier Inc.</prism:copyright><dct:publisher>Elsevier Inc.</dct:publisher><prism:issn>2352-3409</prism:issn><prism:volume>39</prism:volume><prism:coverDisplayDate>December 2021</prism:coverDisplayDate><prism:doi>10.1016/j.dib.2021.107600</prism:doi><prism:url>http://dx.doi.org/10.1016/j.dib.2021.107600</prism:url><dct:identifier>doi:10.1016/j.dib.2021.107600</dct:identifier><bam:articleNumber>107600</bam:articleNumber><oa:openAccessInformation><oa:openAccessStatus xmlns:xsi="http://www.w3.org/2001/XMLSchema-instance">http://vtw.elsevier.com/data/voc/oa/OpenAccessStatus#Full</oa:openAccessStatus><oa:openAccessEffective xmlns:xsi="http://www.w3.org/2001/XMLSchema-instance">2021-11-17T19:22:18Z</oa:openAccessEffective><oa:sponsor xmlns:xsi="http://www.w3.org/2001/XMLSchema-instance"><oa:sponsorType>http://vtw.elsevier.com/data/voc/oa/SponsorType#Author</oa:sponsorType></oa:sponsor><oa:userLicense xmlns:xsi="http://www.w3.org/2001/XMLSchema-instance">http://creativecommons.org/licenses/by/4.0/</oa:userLicense></oa:openAccessInformation><cp:licenseLine xmlns:xsi="http://www.w3.org/2001/XMLSchema-instance">This is an open access article under the CC BY license.</cp:licenseLine></rdf:Description></rdf:RDF><dp:document-properties><dp:aggregation-type>Journals</dp:aggregation-type><dp:version-number>S300.1</dp:version-number></dp:document-properties><ja:article docsubtype="dat" version="5.6" xml:lang="en"><ja:item-info><ja:jid>DIB</ja:jid><ja:aid>107600</ja:aid><ce:article-number>107600</ce:article-number><ce:pii>S2352-3409(21)00875-1</ce:pii><ce:doi>10.1016/j.dib.2021.107600</ce:doi><ce:document-thread><ce:refers-to-document id="ref0001"><ce:pii>S0034-4257(20)30045-6</ce:pii><ce:doi>10.1016/j.rse.2020.111676</ce:doi></ce:refers-to-document></ce:document-thread><ce:copyright type="unknown" year="2021"/></ja:item-info><ja:head><ce:dochead id="dchd0001"><ce:textfn id="dhtxt0001">Data Article</ce:textfn></ce:dochead><ce:title id="tte0002">Scaling photosynthetic function and CO<ce:inf loc="post">2</ce:inf> dynamics from leaf to canopy level for maize &#x2013; dataset combining diurnal and seasonal measurements of vegetation fluorescence, reflectance and vegetation indices with canopy gross ecosystem productivity</ce:title><ce:author-group id="aut0001"><ce:author id="au0001" author-id="S2352340921008751-d10dd25eaa186d7f4713f51f5387170a" orcid="0000-0002-0505-4951"><ce:given-name>Petya</ce:given-name><ce:surname>Campbell</ce:surname><ce:contributor-role role="http://credit.niso.org/contributor-roles/conceptualization">Conceptualization</ce:contributor-role><ce:contributor-role role="http://credit.niso.org/contributor-roles/methodology">Methodology</ce:contributor-role><ce:contributor-role role="http://credit.niso.org/contributor-roles/software">Software</ce:contributor-role><ce:contributor-role role="http://credit.niso.org/contributor-roles/data-curation">Data curation</ce:contributor-role><ce:contributor-role role="http://credit.niso.org/contributor-roles/formal-analysis">Formal analysis</ce:contributor-role><ce:contributor-role role="http://credit.niso.org/contributor-roles/writing-review-editing">Writing &#x2013; review &amp; editing</ce:contributor-role><ce:cross-ref refid="aff0001"><ce:sup loc="post">a</ce:sup></ce:cross-ref><ce:cross-ref refid="aff0002"><ce:sup loc="post">b</ce:sup></ce:cross-ref><ce:cross-ref refid="cor0001"><ce:sup loc="post">&#x204e;</ce:sup></ce:cross-ref><ce:e-address id="ead0001" type="email" xlink:href="mailto:petya@umbc.edu">petya@umbc.edu</ce:e-address><ce:e-address id="ea1" type="social-media" xlink:href="https://twitter.com/CampbellPetya">@CampbellPetya</ce:e-address></ce:author><ce:author id="au0002" author-id="S2352340921008751-ddfe7b7b10f64faade26e4be0217323d"><ce:given-name>Elizabeth</ce:given-name><ce:surname>Middleton</ce:surname><ce:contributor-role role="http://credit.niso.org/contributor-roles/conceptualization">Conceptualization</ce:contributor-role><ce:contributor-role role="http://credit.niso.org/contributor-roles/methodology">Methodology</ce:contributor-role><ce:contributor-role role="http://credit.niso.org/contributor-roles/formal-analysis">Formal analysis</ce:contributor-role><ce:contributor-role role="http://credit.niso.org/contributor-roles/writing-review-editing">Writing &#x2013; review &amp; editing</ce:contributor-role><ce:cross-ref refid="aff0002"><ce:sup loc="post">b</ce:sup></ce:cross-ref></ce:author><ce:author id="au0003" author-id="S2352340921008751-89b03fa62116877f5ecbd3f6a6582da4"><ce:given-name>Karl</ce:given-name><ce:surname>Huemmrich</ce:surname><ce:contributor-role role="http://credit.niso.org/contributor-roles/conceptualization">Conceptualization</ce:contributor-role><ce:contributor-role role="http://credit.niso.org/contributor-roles/methodology">Methodology</ce:contributor-role><ce:contributor-role role="http://credit.niso.org/contributor-roles/formal-analysis">Formal analysis</ce:contributor-role><ce:contributor-role role="http://credit.niso.org/contributor-roles/writing-review-editing">Writing &#x2013; review &amp; editing</ce:contributor-role><ce:cross-ref refid="aff0001"><ce:sup loc="post">a</ce:sup></ce:cross-ref><ce:cross-ref refid="aff0002"><ce:sup loc="post">b</ce:sup></ce:cross-ref></ce:author><ce:author id="au0004" author-id="S2352340921008751-4ef81d0a42e0da25b7f23ec83cbcd28f" orcid="0000-0001-9449-8855"><ce:given-name>Lauren</ce:given-name><ce:surname>Ward</ce:surname><ce:contributor-role role="http://credit.niso.org/contributor-roles/software">Software</ce:contributor-role><ce:contributor-role role="http://credit.niso.org/contributor-roles/data-curation">Data curation</ce:contributor-role><ce:contributor-role role="http://credit.niso.org/contributor-roles/formal-analysis">Formal analysis</ce:contributor-role><ce:cross-ref refid="aff0002"><ce:sup loc="post">b</ce:sup></ce:cross-ref><ce:cross-ref refid="aff0003"><ce:sup loc="post">c</ce:sup></ce:cross-ref></ce:author><ce:author id="au0005" author-id="S2352340921008751-f5598211affd0b5a4fb26fb0a2cdb2eb"><ce:given-name>Tommaso</ce:given-name><ce:surname>Julitta</ce:surname><ce:contributor-role role="http://credit.niso.org/contributor-roles/conceptualization">Conceptualization</ce:contributor-role><ce:contributor-role role="http://credit.niso.org/contributor-roles/software">Software</ce:contributor-role><ce:contributor-role role="http://credit.niso.org/contributor-roles/data-curation">Data curation</ce:contributor-role><ce:contributor-role role="http://credit.niso.org/contributor-roles/formal-analysis">Formal analysis</ce:contributor-role><ce:contributor-role role="http://credit.niso.org/contributor-roles/writing-review-editing">Writing &#x2013; review &amp; editing</ce:contributor-role><ce:cross-ref refid="aff0004"><ce:sup loc="post">d</ce:sup></ce:cross-ref></ce:author><ce:author id="au0006" author-id="S2352340921008751-ca2ab2efe72b006d08e365c46b5e8d78"><ce:given-name>Peiqi</ce:given-name><ce:surname>Yang</ce:surname><ce:contributor-role role="http://credit.niso.org/contributor-roles/software">Software</ce:contributor-role><ce:contributor-role role="http://credit.niso.org/contributor-roles/data-curation">Data curation</ce:contributor-role><ce:contributor-role role="http://credit.niso.org/contributor-roles/formal-analysis">Formal analysis</ce:contributor-role><ce:cross-ref refid="aff0005"><ce:sup loc="post">e</ce:sup></ce:cross-ref></ce:author><ce:author id="au0007" author-id="S2352340921008751-e598cbab5867176d2cea600d4ccca35c"><ce:given-name>Christiaan</ce:given-name><ce:surname>van der Tol</ce:surname><ce:contributor-role role="http://credit.niso.org/contributor-roles/formal-analysis">Formal analysis</ce:contributor-role><ce:cross-ref refid="aff0005"><ce:sup loc="post">e</ce:sup></ce:cross-ref></ce:author><ce:author id="au0008" author-id="S2352340921008751-717261a3d1f5b96da83ea654360da47e"><ce:given-name>Craig</ce:given-name><ce:surname>Daughtry</ce:surname><ce:contributor-role role="http://credit.niso.org/contributor-roles/formal-analysis">Formal analysis</ce:contributor-role><ce:cross-ref refid="aff0006"><ce:sup loc="post">f</ce:sup></ce:cross-ref></ce:author><ce:author id="au0009" author-id="S2352340921008751-263d136f35f22ded732493ae778f8adb"><ce:given-name>Andrew</ce:given-name><ce:surname>Russ</ce:surname><ce:contributor-role role="http://credit.niso.org/contributor-roles/software">Software</ce:contributor-role><ce:cross-ref refid="aff0006"><ce:sup loc="post">f</ce:sup></ce:cross-ref></ce:author><ce:author id="au0010" author-id="S2352340921008751-9265e825c67920f5e64ae8a1f4f90550"><ce:given-name>Joseph</ce:given-name><ce:surname>Alfieri</ce:surname><ce:contributor-role role="http://credit.niso.org/contributor-roles/software">Software</ce:contributor-role><ce:contributor-role role="http://credit.niso.org/contributor-roles/data-curation">Data curation</ce:contributor-role><ce:contributor-role role="http://credit.niso.org/contributor-roles/formal-analysis">Formal analysis</ce:contributor-role><ce:cross-ref refid="aff0006"><ce:sup loc="post">f</ce:sup></ce:cross-ref></ce:author><ce:author id="au0011" author-id="S2352340921008751-4c33909f4761a8e9c7dd8691b8055682"><ce:given-name>William</ce:given-name><ce:surname>Kustas</ce:surname><ce:contributor-role role="http://credit.niso.org/contributor-roles/methodology">Methodology</ce:contributor-role><ce:contributor-role role="http://credit.niso.org/contributor-roles/formal-analysis">Formal analysis</ce:contributor-role><ce:cross-ref refid="aff0006"><ce:sup loc="post">f</ce:sup></ce:cross-ref></ce:author><ce:affiliation id="aff0001" affiliation-id="S2352340921008751-7abc70764a9ae4ed43adaeba2ce96916"><ce:label>a</ce:label><ce:textfn id="cetextfn0001">University of Maryland Baltimore County, MD, USA</ce:textfn><sa:affiliation><sa:organization>University of Maryland Baltimore County</sa:organization><sa:state>MD</sa:state><sa:country>USA</sa:country></sa:affiliation><ce:source-text id="staff0001">aUniversity of Maryland Baltimore County, MD, USA</ce:source-text></ce:affiliation><ce:affiliation id="aff0002" affiliation-id="S2352340921008751-4fbcc87b7ff5d8040b3e2430c237400a"><ce:label>b</ce:label><ce:textfn id="cetextfn0002">NASA Goddard Space and Flight Center, Greenbelt, MD, USA</ce:textfn><sa:affiliation><sa:organization>NASA Goddard Space and Flight Center</sa:organization><sa:city>Greenbelt</sa:city><sa:state>MD</sa:state><sa:country>USA</sa:country></sa:affiliation><ce:source-text id="staff0002">bNASA Goddard Space and Flight Center, Greenbelt, MD, USA</ce:source-text></ce:affiliation><ce:affiliation id="aff0003" affiliation-id="S2352340921008751-6d1511d478dbe654c41303bb394b39f5"><ce:label>c</ce:label><ce:textfn id="cetextfn0003">University of Hawai'i at Ma&#241;oa, Hawai'i, USA</ce:textfn><sa:affiliation><sa:organization>University of Hawai'i at Ma&#241;oa</sa:organization><sa:city>Hawai'i</sa:city><sa:country>USA</sa:country></sa:affiliation><ce:source-text id="staff0003">cUniversity of Hawai'i at Ma&#241;oa, Hawai'i, USA</ce:source-text></ce:affiliation><ce:affiliation id="aff0004" affiliation-id="S2352340921008751-297bebc417ff26efe98db25fdd608bad"><ce:label>d</ce:label><ce:textfn id="cetextfn0004">J-B Hyperspectral Devices GmbH, Dusseldorf, Germany</ce:textfn><sa:affiliation><sa:organization>J-B Hyperspectral Devices GmbH</sa:organization><sa:city>Dusseldorf</sa:city><sa:country>Germany</sa:country></sa:affiliation><ce:source-text id="staff0004">dJ-B Hyperspectral Devices GmbH, Dusseldorf, Germany</ce:source-text></ce:affiliation><ce:affiliation id="aff0005" affiliation-id="S2352340921008751-aa436cc52965602189f3ded2e4d46cb4"><ce:label>e</ce:label><ce:textfn id="cetextfn0005">University of Twente, Twente, the Netherland</ce:textfn><sa:affiliation><sa:organization>University of Twente</sa:organization><sa:city>Twente</sa:city><sa:country>the Netherland</sa:country></sa:affiliation><ce:source-text id="staff0005">eUniversity of Twente, Twente, Netherlands</ce:source-text></ce:affiliation><ce:affiliation id="aff0006" affiliation-id="S2352340921008751-a857bf6ae4347662e5f042674857ef33"><ce:label>f</ce:label><ce:textfn id="cetextfn0006">USDA Agricultural Research Center, Beltsville, MD, USA</ce:textfn><sa:affiliation><sa:organization>USDA Agricultural Research Center</sa:organization><sa:city>Beltsville</sa:city><sa:state>MD</sa:state><sa:country>USA</sa:country></sa:affiliation><ce:source-text id="staff0006">fUSDA Agricultural Research Center, Beltsville, MD, USA</ce:source-text></ce:affiliation><ce:correspondence id="cor0001"><ce:label>&#x204e;</ce:label><ce:text id="cetext0001">Corresponding author at: University of Maryland Baltimore County, MD, USA.</ce:text><sa:affiliation><sa:organization>University of Maryland Baltimore County</sa:organization><sa:state>MD</sa:state><sa:country>USA</sa:country></sa:affiliation></ce:correspondence></ce:author-group><ce:date-received day="28" month="7" year="2021"/><ce:date-revised day="5" month="11" year="2021"/><ce:date-accepted day="16" month="11" year="2021"/><ce:abstract id="abs0001" view="all" class="author"><ce:section-title id="cesectitle0001">Abstract</ce:section-title><ce:abstract-sec id="abss0001" view="all"><ce:simple-para id="spara003" view="all">Recent advances in leaf fluorescence measurements and canopy proximal remote sensing currently enable the non-destructive collection of rich diurnal and seasonal time series, which are required for monitoring vegetation function at the temporal and spatial scales relevant to the natural dynamics of photosynthesis. Remote sensing assessments of vegetation function have traditionally used actively excited foliar chlorophyll fluorescence measurements, canopy optical reflectance data and vegetation indices (VIs), and only recently passive solar induced chlorophyll fluorescence (SIF) measurements. In general, reflectance data are more sensitive to the seasonal variations in canopy chlorophyll content and foliar biomass, while fluorescence observations more closely relate to the dynamic changes in plant photosynthetic function. With this dataset we link leaf level actively excited chlorophyll fluorescence, canopy proximal reflectance and SIF, with eddy covariance measurements of gross ecosystem productivity (GEP). The dataset was collected during the 2017 growing season on maize, using three automated systems (i.e., Monitoring Pulse-Amplitude-Modulation fluorimeter, Moni-PAM; Fluorescence Box, FloX; and from eddy covariance tower). The data were quality checked, filtered and collated to a common 30 minutes timestep. We derived vegetation indices related to canopy functioning (e.g., Photochemical Reflectance Index, PRI; Normalized Difference Vegetation Index, NDVI; Chlorophyll Red-edge, Clre) to investigate how SIF and VIs can be coupled for monitoring vegetation photosynthesis. The raw datasets and the filtered and collated data are provided to enable new processing and analyses.</ce:simple-para></ce:abstract-sec></ce:abstract><ce:keywords id="keys0001" view="all" class="keyword"><ce:section-title id="cesectitle0002">Keywords</ce:section-title><ce:keyword id="key0001"><ce:text id="cetext0002">Vegetation</ce:text></ce:keyword><ce:keyword id="key0002"><ce:text id="cetext0003">Maize</ce:text></ce:keyword><ce:keyword id="key0003"><ce:text id="cetext0004">Leaf-level chlorophyll fluorescence</ce:text></ce:keyword><ce:keyword id="key0004"><ce:text id="cetext0005">Canopy solar induced fluorescence (SIF)</ce:text></ce:keyword><ce:keyword id="key0004a"><ce:text id="cetext0005a">Reflectance</ce:text></ce:keyword><ce:keyword id="key0004b"><ce:text id="cetext0005b">Photosynthetic function</ce:text></ce:keyword><ce:keyword id="key0004c"><ce:text id="cetext0005c">Eddy covariance observations</ce:text></ce:keyword><ce:keyword id="key0004d"><ce:text id="cetext0005e">Gross Ecosystem Productivity (GEP)</ce:text></ce:keyword></ce:keywords></ja:head></ja:article></doc:document>
