<doc:document xmlns:doc="http://www.elsevier.com/xml/document/schema" xmlns:dp="http://www.elsevier.com/xml/common/doc-properties/schema" xmlns:cps="http://www.elsevier.com/xml/common/consyn-properties/schema" xmlns:rdf="http://www.w3.org/1999/02/22-rdf-syntax-ns#" xmlns:dct="http://purl.org/dc/terms/" xmlns:prism="http://prismstandard.org/namespaces/basic/2.0/" xmlns:oa="http://vtw.elsevier.com/data/ns/properties/OpenAccess-1/" xmlns:bam="http://vtw.elsevier.com/data/voc/ns/bam-vtw-1/" xmlns:cp="http://vtw.elsevier.com/data/ns/properties/Copyright-1/" xmlns:cja="http://www.elsevier.com/xml/cja/schema" xmlns:ja="http://www.elsevier.com/xml/ja/schema" xmlns:bk="http://www.elsevier.com/xml/bk/schema" xmlns:ce="http://www.elsevier.com/xml/common/schema" xmlns:mml="http://www.w3.org/1998/Math/MathML" xmlns:cals="http://www.elsevier.com/xml/common/cals/schema" xmlns:tb="http://www.elsevier.com/xml/common/table/schema" xmlns:sa="http://www.elsevier.com/xml/common/struct-aff/schema" xmlns:sb="http://www.elsevier.com/xml/common/struct-bib/schema" xmlns:xlink="http://www.w3.org/1999/xlink"><rdf:RDF><rdf:Description rdf:about="http://dx.doi.org/10.1016/j.dib.2022.107803"><dct:format>application/xml</dct:format><dct:title>Dataset of ultrasound-assisted extraction of anthocyanin from the petals of Clitoria ternatea using Taguchi method and effect of storage conditions on the anthocyanin stability</dct:title><dct:creator>Meng Hong Shu</dct:creator><dct:creator>Kanagesvari K. Annamalai</dct:creator><dct:creator>Farhana Nazira Idris</dct:creator><dct:creator>Azlina Harun Kamaruddin</dct:creator><dct:creator>Masrina Mohd Nadzir</dct:creator><dct:subject><rdf:Bag><rdf:li>Anthocyanins</rdf:li><rdf:li>Clitoria ternatea</rdf:li><rdf:li>Green extraction</rdf:li><rdf:li>Green solvent</rdf:li><rdf:li>Storage stability</rdf:li><rdf:li>Taguchi method</rdf:li><rdf:li>Ultrasound-assisted extraction</rdf:li></rdf:Bag></dct:subject><dct:description>Data in Brief 40 (2022). doi:10.1016/j.dib.2022.107803</dct:description><prism:aggregationType>journal</prism:aggregationType><prism:publicationName>Data in Brief</prism:publicationName><prism:copyright>&#169; 2022 The Authors. Published by Elsevier Inc.</prism:copyright><dct:publisher>Elsevier Inc.</dct:publisher><prism:issn>2352-3409</prism:issn><prism:volume>40</prism:volume><prism:coverDisplayDate>February 2022</prism:coverDisplayDate><prism:doi>10.1016/j.dib.2022.107803</prism:doi><prism:url>http://dx.doi.org/10.1016/j.dib.2022.107803</prism:url><dct:identifier>doi:10.1016/j.dib.2022.107803</dct:identifier><bam:articleNumber>107803</bam:articleNumber><oa:openAccessInformation><oa:openAccessStatus xmlns:xsi="http://www.w3.org/2001/XMLSchema-instance">http://vtw.elsevier.com/data/voc/oa/OpenAccessStatus#Full</oa:openAccessStatus><oa:openAccessEffective xmlns:xsi="http://www.w3.org/2001/XMLSchema-instance">2022-01-05T17:49:51Z</oa:openAccessEffective><oa:sponsor xmlns:xsi="http://www.w3.org/2001/XMLSchema-instance"><oa:sponsorType>http://vtw.elsevier.com/data/voc/oa/SponsorType#Author</oa:sponsorType></oa:sponsor><oa:userLicense xmlns:xsi="http://www.w3.org/2001/XMLSchema-instance">http://creativecommons.org/licenses/by/4.0/</oa:userLicense></oa:openAccessInformation><cp:licenseLine xmlns:xsi="http://www.w3.org/2001/XMLSchema-instance">This is an open access article under the CC BY license.</cp:licenseLine></rdf:Description></rdf:RDF><dp:document-properties><dp:aggregation-type>Journals</dp:aggregation-type><dp:version-number>S300.1</dp:version-number></dp:document-properties><ja:article docsubtype="dat" version="5.6" xml:lang="en"><ja:item-info><ja:jid>DIB</ja:jid><ja:aid>107803</ja:aid><ce:article-number>107803</ce:article-number><ce:pii>S2352-3409(22)00015-4</ce:pii><ce:doi>10.1016/j.dib.2022.107803</ce:doi><ce:copyright type="other" year="2022">The Authors</ce:copyright></ja:item-info><ja:head><ce:dochead id="dchd0001"><ce:textfn id="dhtxt0001">Data Article</ce:textfn></ce:dochead><ce:title id="tte0002">Dataset of ultrasound-assisted extraction of anthocyanin from the petals of <ce:italic>Clitoria ternatea</ce:italic> using Taguchi method and effect of storage conditions on the anthocyanin stability</ce:title><ce:author-group id="aut0001"><ce:author id="au0001" author-id="S2352340922000154-fc4b3bc9f0a3a410838eeafdb51efb8b"><ce:given-name>Meng Hong</ce:given-name><ce:surname>Shu</ce:surname><ce:contributor-role role="http://credit.niso.org/contributor-roles/writing-original-draft">Writing &#x2013; original draft</ce:contributor-role><ce:contributor-role role="http://credit.niso.org/contributor-roles/writing-review-editing">Writing &#x2013; review &amp; editing</ce:contributor-role></ce:author><ce:author id="au0002" author-id="S2352340922000154-ae13cc47eb12ec11a5b53c55a946c71e"><ce:given-name>Kanagesvari K.</ce:given-name><ce:surname>Annamalai</ce:surname><ce:contributor-role role="http://credit.niso.org/contributor-roles/methodology">Methodology</ce:contributor-role><ce:contributor-role role="http://credit.niso.org/contributor-roles/conceptualization">Conceptualization</ce:contributor-role><ce:contributor-role role="http://credit.niso.org/contributor-roles/formal-analysis">Formal analysis</ce:contributor-role><ce:contributor-role role="http://credit.niso.org/contributor-roles/validation">Validation</ce:contributor-role><ce:contributor-role role="http://credit.niso.org/contributor-roles/data-curation">Data curation</ce:contributor-role><ce:contributor-role role="http://credit.niso.org/contributor-roles/investigation">Investigation</ce:contributor-role></ce:author><ce:author id="au0003" author-id="S2352340922000154-e7723fd7d02317e2b68047fe8aa2bc70" orcid="0000-0002-1250-4877"><ce:given-name>Farhana Nazira</ce:given-name><ce:surname>Idris</ce:surname><ce:contributor-role role="http://credit.niso.org/contributor-roles/supervision">Supervision</ce:contributor-role><ce:contributor-role role="http://credit.niso.org/contributor-roles/resources">Resources</ce:contributor-role></ce:author><ce:author id="au0004" author-id="S2352340922000154-8f16706ae364e5d135b998b5b76b4743"><ce:given-name>Azlina Harun</ce:given-name><ce:surname>Kamaruddin</ce:surname><ce:contributor-role role="http://credit.niso.org/contributor-roles/resources">Resources</ce:contributor-role></ce:author><ce:author id="au0005" author-id="S2352340922000154-cc6ce85514aba9326e1b16e4aa6df7e5"><ce:given-name>Masrina Mohd</ce:given-name><ce:surname>Nadzir</ce:surname><ce:contributor-role role="http://credit.niso.org/contributor-roles/supervision">Supervision</ce:contributor-role><ce:contributor-role role="http://credit.niso.org/contributor-roles/writing-review-editing">Writing &#x2013; review &amp; editing</ce:contributor-role><ce:contributor-role role="http://credit.niso.org/contributor-roles/resources">Resources</ce:contributor-role><ce:contributor-role role="http://credit.niso.org/contributor-roles/funding-acquisition">Funding acquisition</ce:contributor-role><ce:cross-ref refid="cor0001"><ce:sup loc="post">&#x204e;</ce:sup></ce:cross-ref><ce:e-address id="ead0001" type="email" xlink:href="mailto:chmasrina@usm.my">chmasrina@usm.my</ce:e-address><ce:e-address id="ea3" type="social-media" xlink:href="https://twitter.com/BioEngGroup">@BioEngGroup</ce:e-address></ce:author><ce:affiliation id="aff0001" affiliation-id="S2352340922000154-4646d9cf63f00c9a82732968e74a87fc"><ce:textfn id="cetextfn0001">School of Chemical Engineering, Engineering Campus, Universiti Sains Malaysia, 14300 Nibong Tebal, Pulau Pinang, Malaysia</ce:textfn><sa:affiliation><sa:organization>School of Chemical Engineering</sa:organization><sa:organization>Engineering Campus</sa:organization><sa:organization>Universiti Sains Malaysia</sa:organization><sa:city>Nibong Tebal</sa:city><sa:state>Pulau Pinang</sa:state><sa:postal-code>14300</sa:postal-code><sa:country>Malaysia</sa:country></sa:affiliation><ce:source-text id="staff0001">School of Chemical Engineering, Engineering Campus, Universiti Sains Malaysia, 14300 Nibong Tebal, Pulau Pinang, Malaysia</ce:source-text></ce:affiliation><ce:correspondence id="cor0001"><ce:label>&#x204e;</ce:label><ce:text id="cetext0001">Corresponding author.</ce:text></ce:correspondence></ce:author-group><ce:date-received day="27" month="7" year="2021"/><ce:date-revised day="20" month="12" year="2021"/><ce:date-accepted day="4" month="1" year="2022"/><ce:abstract id="abs0001" view="all" class="author"><ce:section-title id="cesectitle0001">Abstract</ce:section-title><ce:abstract-sec id="abss0001" view="all"><ce:simple-para id="spara012" view="all">Anthocyanins are natural water-soluble colourants with a number of reported health benefits and are an excellent alternative to artificial dyes. Anthocyanins from <ce:italic>Clitoria ternatea</ce:italic> were obtained using ultrasound-assisted extraction with glycerol-water (60:40&#160;w/v). The anthocyanins in the extract were measured at wavelength 550 and 700&#160;nm using a UV-visible spectrophotometer and expressed in terms of total anthocyanins content (TAC). Taguchi method was employed to optimize the extraction parameters that include the extraction time (30 to 50&#160;min), extraction temperature (40 to 60&#160;&#176;C), and solvent to solid ratio (10:1 to 30:1), with TAC as the response. The obtained data showed the optimum extraction parameters as 30&#160;min extraction time, 50&#160;&#176;C extraction temperature, and 10:1 solvent to solid ratio. The anthocyanin's storage stability was analyzed for 7 days at varying storage temperatures and exposure to light. The present dataset in this article indicated the glycerol-water system as a green alternative for anthocyanin extraction and acted as a storage medium. Furthermore, our methodology can be applied to optimize the anthocyanins extraction process, manipulate storage conditions and improve the extract quality.</ce:simple-para></ce:abstract-sec></ce:abstract><ce:keywords id="keys0001" view="all" class="keyword"><ce:section-title id="cesectitle0002">Keywords</ce:section-title><ce:keyword id="key0001"><ce:text id="cetext0002">Anthocyanins</ce:text></ce:keyword><ce:keyword id="key0002"><ce:text id="cetext0003"><ce:italic>Clitoria ternatea</ce:italic></ce:text></ce:keyword><ce:keyword id="key0003"><ce:text id="cetext0004">Green extraction</ce:text></ce:keyword><ce:keyword id="key0004"><ce:text id="cetext0005">Green solvent</ce:text></ce:keyword><ce:keyword id="key0005"><ce:text id="cetext0006">Storage stability</ce:text></ce:keyword><ce:keyword id="key0006"><ce:text id="cetext0007">Taguchi method</ce:text></ce:keyword><ce:keyword id="key0007"><ce:text id="cetext0008">Ultrasound-assisted extraction</ce:text></ce:keyword></ce:keywords></ja:head></ja:article></doc:document>
