<doc:document xmlns:doc="http://www.elsevier.com/xml/document/schema" xmlns:dp="http://www.elsevier.com/xml/common/doc-properties/schema" xmlns:cps="http://www.elsevier.com/xml/common/consyn-properties/schema" xmlns:rdf="http://www.w3.org/1999/02/22-rdf-syntax-ns#" xmlns:dct="http://purl.org/dc/terms/" xmlns:prism="http://prismstandard.org/namespaces/basic/2.0/" xmlns:oa="http://vtw.elsevier.com/data/ns/properties/OpenAccess-1/" xmlns:bam="http://vtw.elsevier.com/data/voc/ns/bam-vtw-1/" xmlns:cp="http://vtw.elsevier.com/data/ns/properties/Copyright-1/" xmlns:cja="http://www.elsevier.com/xml/cja/schema" xmlns:ja="http://www.elsevier.com/xml/ja/schema" xmlns:bk="http://www.elsevier.com/xml/bk/schema" xmlns:ce="http://www.elsevier.com/xml/common/schema" xmlns:mml="http://www.w3.org/1998/Math/MathML" xmlns:cals="http://www.elsevier.com/xml/common/cals/schema" xmlns:tb="http://www.elsevier.com/xml/common/table/schema" xmlns:sa="http://www.elsevier.com/xml/common/struct-aff/schema" xmlns:sb="http://www.elsevier.com/xml/common/struct-bib/schema" xmlns:xlink="http://www.w3.org/1999/xlink"><rdf:RDF><rdf:Description rdf:about="http://dx.doi.org/10.1016/j.fhfh.2022.100054"><dct:format>application/xml</dct:format><dct:title>Recent advances in lipid-protein conjugate-based delivery systems in nutraceutical, drug, and gene delivery</dct:title><dct:creator>Thilini Dissanayake</dct:creator><dct:creator>Xiaohong Sun</dct:creator><dct:creator>Lord Abbey</dct:creator><dct:creator>Nandika Bandara</dct:creator><dct:subject><rdf:Bag><rdf:li>Lipid-protein conjugation</rdf:li><rdf:li>Drug delivery</rdf:li><rdf:li>Gene delivery</rdf:li><rdf:li>Nutraceutical delivery</rdf:li><rdf:li>Bioavailability</rdf:li></rdf:Bag></dct:subject><dct:description>Food Hydrocolloids for Health, Journal Pre-proof. doi:10.1016/j.fhfh.2022.100054</dct:description><prism:aggregationType>journal</prism:aggregationType><prism:publicationName>Food Hydrocolloids for Health</prism:publicationName><prism:copyright>&#169; 2022 The Author(s). Published by Elsevier B.V.</prism:copyright><dct:publisher>Elsevier B.V.</dct:publisher><prism:issn>2667-0259</prism:issn><prism:doi>10.1016/j.fhfh.2022.100054</prism:doi><prism:url>http://dx.doi.org/10.1016/j.fhfh.2022.100054</prism:url><dct:identifier>doi:10.1016/j.fhfh.2022.100054</dct:identifier><bam:articleNumber>100054</bam:articleNumber><oa:openAccessInformation><oa:openAccessStatus xmlns:xsi="http://www.w3.org/2001/XMLSchema-instance">http://vtw.elsevier.com/data/voc/oa/OpenAccessStatus#Full</oa:openAccessStatus><oa:openAccessEffective xmlns:xsi="http://www.w3.org/2001/XMLSchema-instance">2022-01-21T03:09:15Z</oa:openAccessEffective><oa:sponsor xmlns:xsi="http://www.w3.org/2001/XMLSchema-instance"><oa:sponsorName>Canada: LE Tracking</oa:sponsorName><oa:sponsorType>http://vtw.elsevier.com/data/voc/oa/SponsorType#FundingBody</oa:sponsorType></oa:sponsor><oa:userLicense xmlns:xsi="http://www.w3.org/2001/XMLSchema-instance">http://creativecommons.org/licenses/by-nc-nd/4.0/</oa:userLicense></oa:openAccessInformation><cp:licenseLine xmlns:xsi="http://www.w3.org/2001/XMLSchema-instance">This is an open access article under the CC BY-NC-ND license.</cp:licenseLine></rdf:Description></rdf:RDF><dp:document-properties><dp:aggregation-type>Journals</dp:aggregation-type><dp:version-number>S5.1</dp:version-number></dp:document-properties><ja:article docsubtype="rev" version="5.6" xml:lang="en"><ja:item-info><ja:jid>FHFH</ja:jid><ja:aid>100054</ja:aid><ce:article-number>100054</ce:article-number><ce:pii>S2667-0259(22)00002-4</ce:pii><ce:doi>10.1016/j.fhfh.2022.100054</ce:doi><ce:copyright type="unknown" year="2022"/></ja:item-info><ja:head><ce:title id="tte0002">Recent advances in lipid-protein conjugate-based delivery systems in nutraceutical, drug, and gene delivery</ce:title><ce:author-group id="aut0001"><ce:author id="au0001" author-id="S2667025922000024-3c1a8a1863f5cfedbdf8f7ae9f58f5e6"><ce:given-name>Thilini</ce:given-name><ce:surname>Dissanayake</ce:surname><ce:cross-ref refid="aff0001"><ce:sup loc="post">a</ce:sup></ce:cross-ref><ce:cross-ref refid="aff0002"><ce:sup loc="post">b</ce:sup></ce:cross-ref></ce:author><ce:author id="au0002" author-id="S2667025922000024-b9e6fd2cba706543e1e6d22ce01046bf"><ce:given-name>Xiaohong</ce:given-name><ce:surname>Sun</ce:surname><ce:cross-ref refid="aff0003"><ce:sup loc="post">c</ce:sup></ce:cross-ref></ce:author><ce:author id="au0003" author-id="S2667025922000024-455044887a46981c3816dc7c556c44b2"><ce:given-name>Lord</ce:given-name><ce:surname>Abbey</ce:surname><ce:cross-ref refid="aff0004"><ce:sup loc="post">d</ce:sup></ce:cross-ref></ce:author><ce:author id="au0004" author-id="S2667025922000024-96d8053df77e4facf78d7bf664c03677"><ce:given-name>Nandika</ce:given-name><ce:surname>Bandara</ce:surname><ce:cross-ref refid="aff0001"><ce:sup loc="post">a</ce:sup></ce:cross-ref><ce:cross-ref refid="aff0002"><ce:sup loc="post">b</ce:sup></ce:cross-ref><ce:cross-ref refid="aff0004"><ce:sup loc="post">d</ce:sup></ce:cross-ref><ce:cross-ref refid="cor0001"><ce:sup loc="post">&#x204e;</ce:sup></ce:cross-ref><ce:e-address id="ead0001" type="email" xlink:href="mailto:Nandika.Bandara@umanitoba.ca">Nandika.Bandara@umanitoba.ca</ce:e-address></ce:author><ce:affiliation id="aff0001" affiliation-id="S2667025922000024-54111bef3505d0e5152fa64206b661cc"><ce:label>a</ce:label><ce:textfn id="cetextfn0001">Department of Food and Human Nutritional Sciences, Faculty of Agricultural and Food Sciences, University of Manitoba, Winnipeg, R3T 2N2, Canada</ce:textfn><sa:affiliation><sa:organization>Department of Food and Human Nutritional Sciences</sa:organization><sa:organization>Faculty of Agricultural and Food Sciences</sa:organization><sa:organization>University of Manitoba</sa:organization><sa:city>Winnipeg</sa:city><sa:postal-code>R3T 2N2</sa:postal-code><sa:country>Canada</sa:country></sa:affiliation><ce:source-text id="staff0001">aDepartment of Food and Human Nutritional Sciences, Faculty of Agricultural and Food Sciences, University of Manitoba, Winnipeg, R3T 2N2, Canada</ce:source-text></ce:affiliation><ce:affiliation id="aff0002" affiliation-id="S2667025922000024-6c3f70c98067a01cf961a6cd7f8bcbcf"><ce:label>b</ce:label><ce:textfn id="cetextfn0002">Richardson Centre for Functional Foods and Nutraceuticals, 196, Innovation Drive, Winnipeg, Manitoba. R3T 6C5 Canada</ce:textfn><sa:affiliation><sa:organization>Richardson Centre for Functional Foods and Nutraceuticals</sa:organization><sa:address-line>196, Innovation Drive</sa:address-line><sa:city>Winnipeg</sa:city><sa:state>Manitoba</sa:state><sa:postal-code>R3T 6C5</sa:postal-code><sa:country>Canada</sa:country></sa:affiliation><ce:source-text id="staff0002">bRichardson Centre for Functional Foods and Nutraceuticals, 196, Innovation Drive, Winnipeg, Manitoba. R3T 6C5 Canada</ce:source-text></ce:affiliation><ce:affiliation id="aff0003" affiliation-id="S2667025922000024-adc768c9285216e1c99125104b949d62"><ce:label>c</ce:label><ce:textfn id="cetextfn0003">College of Food and Biological Engineering, Qiqihar University, Qiqihar, Heilongjiang, 161006, China</ce:textfn><sa:affiliation><sa:organization>College of Food and Biological Engineering</sa:organization><sa:organization>Qiqihar University</sa:organization><sa:city>Qiqihar</sa:city><sa:state>Heilongjiang</sa:state><sa:postal-code>161006</sa:postal-code><sa:country>China</sa:country></sa:affiliation><ce:source-text id="staff0003">cCollege of Food and Biological Engineering, Qiqihar University, Qiqihar, Heilongjiang, 161006, China</ce:source-text></ce:affiliation><ce:affiliation id="aff0004" affiliation-id="S2667025922000024-cd7a78a805175520617bbf1963069486"><ce:label>d</ce:label><ce:textfn id="cetextfn0004">Department of Plant, Food &amp; Environmental Sciences, Faculty of Agriculture, Dalhousie University, Truro, NS, B2N 5E3, Canada</ce:textfn><sa:affiliation><sa:organization>Department of Plant</sa:organization><sa:organization>Food &amp; Environmental Sciences</sa:organization><sa:organization>Faculty of Agriculture</sa:organization><sa:organization>Dalhousie University</sa:organization><sa:city>Truro</sa:city><sa:state>NS</sa:state><sa:postal-code>B2N 5E3</sa:postal-code><sa:country>Canada</sa:country></sa:affiliation><ce:source-text id="staff0004">dDepartment of Plant, Food &amp; Environmental Sciences, Faculty of Agriculture, Dalhousie University, Truro, NS, B2N 5E3, Canada</ce:source-text></ce:affiliation><ce:correspondence id="cor0001"><ce:label>&#x204e;</ce:label><ce:text id="cetext0001">Corresponding author:Richardson Centre for Functional Foods &amp; Nutraceuticals, 196, Innovation Drive, Winnipeg, Manitoba. R3T 2N2. Canada</ce:text><sa:affiliation><sa:organization>Richardson Centre for Functional Foods &amp; Nutraceuticals</sa:organization><sa:address-line>196, Innovation Drive</sa:address-line><sa:city>Winnipeg</sa:city><sa:state>Manitoba</sa:state><sa:postal-code>R3T 2N2</sa:postal-code><sa:country>Canada</sa:country></sa:affiliation></ce:correspondence></ce:author-group><ce:abstract id="abs0001" view="all" class="author"><ce:section-title id="cesectitle0001">Abstract</ce:section-title><ce:abstract-sec id="abss0001" view="all"><ce:simple-para id="spara009" view="all">Lipid and protein-based delivery systems have long been used to deliver active compounds such as drugs, genes, and nutraceuticals. These delivery systems are fabricated to overcome issues of pure active compounds, which include rapid release and metabolism, poor solubility, low stability, poor bioavailability, poor bioaccessibility, and toxicity. However, there are limitations of lipids and proteins that restrict their efficient use in the delivery systems. Lipid-protein conjugation is an emerging technique for fabricating novel delivery systems that provide the advantages of having both proteins and lipids in one delivery system. In addition, these conjugates have a much better synergistic effect and desirable properties inside the body than single carriers. Among them, colloidal and biological stability, enhanced mechanical strength, controlled release, higher circulation time, targeted delivery, less cytotoxicity, higher loading capacity, co-encapsulation, and enhanced bioavailability are key outcomes. Despite recent technological advancement, there are still drawbacks to lipid-protein conjugate-based delivery systems that should be addressed in future research studies. This review is focused on critically evaluating the importance of lipid and protein as delivery systems, benefits of lipid-protein conjugation, conjugation methods, various applications of lipid-protein conjugation in drugs, genes, and nutraceutical delivery, and identifying research challenges and future research directions.</ce:simple-para></ce:abstract-sec></ce:abstract><ce:keywords id="keys0001" view="all" class="keyword"><ce:section-title id="cesectitle0002">Keywords</ce:section-title><ce:keyword id="key0001"><ce:text id="cetext0002">Lipid-protein conjugation</ce:text></ce:keyword><ce:keyword id="key0002"><ce:text id="cetext0003">Drug delivery</ce:text></ce:keyword><ce:keyword id="key0003"><ce:text id="cetext0004">Gene delivery</ce:text></ce:keyword><ce:keyword id="key0004"><ce:text id="cetext0005">Nutraceutical delivery</ce:text></ce:keyword><ce:keyword id="key0005"><ce:text id="cetext0006">Bioavailability</ce:text></ce:keyword></ce:keywords></ja:head></ja:article></doc:document>
