<doc:document xmlns:doc="http://www.elsevier.com/xml/document/schema" xmlns:dp="http://www.elsevier.com/xml/common/doc-properties/schema" xmlns:cps="http://www.elsevier.com/xml/common/consyn-properties/schema" xmlns:rdf="http://www.w3.org/1999/02/22-rdf-syntax-ns#" xmlns:dct="http://purl.org/dc/terms/" xmlns:prism="http://prismstandard.org/namespaces/basic/2.0/" xmlns:oa="http://vtw.elsevier.com/data/ns/properties/OpenAccess-1/" xmlns:bam="http://vtw.elsevier.com/data/voc/ns/bam-vtw-1/" xmlns:cp="http://vtw.elsevier.com/data/ns/properties/Copyright-1/" xmlns:cja="http://www.elsevier.com/xml/cja/schema" xmlns:ja="http://www.elsevier.com/xml/ja/schema" xmlns:bk="http://www.elsevier.com/xml/bk/schema" xmlns:ce="http://www.elsevier.com/xml/common/schema" xmlns:mml="http://www.w3.org/1998/Math/MathML" xmlns:cals="http://www.elsevier.com/xml/common/cals/schema" xmlns:tb="http://www.elsevier.com/xml/common/table/schema" xmlns:sa="http://www.elsevier.com/xml/common/struct-aff/schema" xmlns:sb="http://www.elsevier.com/xml/common/struct-bib/schema" xmlns:xlink="http://www.w3.org/1999/xlink"><rdf:RDF><rdf:Description rdf:about="http://dx.doi.org/10.1016/j.dib.2021.107613"><dct:format>application/xml</dct:format><dct:title>Data related to the effect of specimen geometry and orientation on tensile properties of Ti-6Al-4V manufactured by electron beam powder bed fusion</dct:title><dct:creator>Gitanjali Shanbhag</dct:creator><dct:creator>Evan Wheat</dct:creator><dct:creator>Shawn Moylan</dct:creator><dct:creator>Mihaela Vlasea</dct:creator><dct:subject><rdf:Bag><rdf:li>Additive manufacturing</rdf:li><rdf:li>X-ray computed tomography</rdf:li><rdf:li>Ti-6Al-4V</rdf:li><rdf:li>Tensile properties</rdf:li><rdf:li>Geometry</rdf:li><rdf:li>Qualification</rdf:li></rdf:Bag></dct:subject><dct:description>Data in Brief 39 (2021). doi:10.1016/j.dib.2021.107613</dct:description><prism:aggregationType>journal</prism:aggregationType><prism:publicationName>Data in Brief</prism:publicationName><prism:copyright>&#169; 2021 The Authors. Published by Elsevier Inc.</prism:copyright><dct:publisher>Elsevier Inc.</dct:publisher><prism:issn>2352-3409</prism:issn><prism:volume>39</prism:volume><prism:coverDisplayDate>December 2021</prism:coverDisplayDate><prism:doi>10.1016/j.dib.2021.107613</prism:doi><prism:url>http://dx.doi.org/10.1016/j.dib.2021.107613</prism:url><dct:identifier>doi:10.1016/j.dib.2021.107613</dct:identifier><bam:articleNumber>107613</bam:articleNumber><oa:openAccessInformation><oa:openAccessStatus xmlns:xsi="http://www.w3.org/2001/XMLSchema-instance">http://vtw.elsevier.com/data/voc/oa/OpenAccessStatus#Full</oa:openAccessStatus><oa:openAccessEffective xmlns:xsi="http://www.w3.org/2001/XMLSchema-instance">2021-11-17T19:14:44Z</oa:openAccessEffective><oa:sponsor xmlns:xsi="http://www.w3.org/2001/XMLSchema-instance"><oa:sponsorName>CRKN: Canadian Research Knowledge Network2021</oa:sponsorName><oa:sponsorType>http://vtw.elsevier.com/data/voc/oa/SponsorType#FundingBody</oa:sponsorType></oa:sponsor><oa:userLicense xmlns:xsi="http://www.w3.org/2001/XMLSchema-instance">http://creativecommons.org/licenses/by-nc-nd/4.0/</oa:userLicense></oa:openAccessInformation><cp:licenseLine xmlns:xsi="http://www.w3.org/2001/XMLSchema-instance">This is an open access article under the CC BY-NC-ND license.</cp:licenseLine></rdf:Description></rdf:RDF><dp:document-properties><dp:aggregation-type>Journals</dp:aggregation-type><dp:version-number>S300.1</dp:version-number></dp:document-properties><ja:article docsubtype="dat" version="5.6" xml:lang="en"><ja:item-info><ja:jid>DIB</ja:jid><ja:aid>107613</ja:aid><ce:article-number>107613</ce:article-number><ce:pii>S2352-3409(21)00888-X</ce:pii><ce:doi>10.1016/j.dib.2021.107613</ce:doi><ce:document-thread><ce:refers-to-document id="ref0001"><ce:pii>S2214-8604(21)00520-0</ce:pii><ce:doi>10.1016/j.addma.2021.102366</ce:doi></ce:refers-to-document></ce:document-thread><ce:copyright type="unknown" year="2021"/></ja:item-info><ja:head><ce:dochead id="dchd0001"><ce:textfn id="dhtxt0001">Data Article</ce:textfn></ce:dochead><ce:title id="tte0002">Data related to the effect of specimen geometry and orientation on tensile properties of Ti-6Al-4V manufactured by electron beam powder bed fusion</ce:title><ce:author-group id="aut0001"><ce:author id="au0001" author-id="S235234092100888X-b22527b31e32de80f338246ceee14a2b" orcid="0000-0002-2443-3172"><ce:given-name>Gitanjali</ce:given-name><ce:surname>Shanbhag</ce:surname><ce:contributor-role role="http://credit.niso.org/contributor-roles/conceptualization">Conceptualization</ce:contributor-role><ce:contributor-role role="http://credit.niso.org/contributor-roles/methodology">Methodology</ce:contributor-role><ce:contributor-role role="http://credit.niso.org/contributor-roles/investigation">Investigation</ce:contributor-role><ce:contributor-role role="http://credit.niso.org/contributor-roles/formal-analysis">Formal analysis</ce:contributor-role><ce:contributor-role role="http://credit.niso.org/contributor-roles/data-curation">Data curation</ce:contributor-role><ce:contributor-role role="http://credit.niso.org/contributor-roles/writing-original-draft">Writing &#x2013; original draft</ce:contributor-role><ce:contributor-role role="http://credit.niso.org/contributor-roles/writing-review-editing">Writing &#x2013; review &amp; editing</ce:contributor-role><ce:contributor-role role="http://credit.niso.org/contributor-roles/visualization">Visualization</ce:contributor-role><ce:cross-ref refid="aff0001"><ce:sup loc="post">a</ce:sup></ce:cross-ref><ce:e-address id="ea1" type="social-media" xlink:href="https://twitter.com/Gitanjali_STEM">@Gitanjali_STEM</ce:e-address></ce:author><ce:author id="au0002" author-id="S235234092100888X-8731e71c5af4debf38c451267e0acaa1"><ce:given-name>Evan</ce:given-name><ce:surname>Wheat</ce:surname><ce:contributor-role role="http://credit.niso.org/contributor-roles/conceptualization">Conceptualization</ce:contributor-role><ce:contributor-role role="http://credit.niso.org/contributor-roles/methodology">Methodology</ce:contributor-role><ce:contributor-role role="http://credit.niso.org/contributor-roles/investigation">Investigation</ce:contributor-role><ce:contributor-role role="http://credit.niso.org/contributor-roles/formal-analysis">Formal analysis</ce:contributor-role><ce:contributor-role role="http://credit.niso.org/contributor-roles/writing-original-draft">Writing &#x2013; original draft</ce:contributor-role><ce:contributor-role role="http://credit.niso.org/contributor-roles/writing-review-editing">Writing &#x2013; review &amp; editing</ce:contributor-role><ce:contributor-role role="http://credit.niso.org/contributor-roles/visualization">Visualization</ce:contributor-role><ce:cross-ref refid="aff0001"><ce:sup loc="post">a</ce:sup></ce:cross-ref></ce:author><ce:author id="au0003" author-id="S235234092100888X-9175a10c15f1284334068a7f1b6ec96e"><ce:given-name>Shawn</ce:given-name><ce:surname>Moylan</ce:surname><ce:contributor-role role="http://credit.niso.org/contributor-roles/methodology">Methodology</ce:contributor-role><ce:contributor-role role="http://credit.niso.org/contributor-roles/writing-review-editing">Writing &#x2013; review &amp; editing</ce:contributor-role><ce:contributor-role role="http://credit.niso.org/contributor-roles/funding-acquisition">Funding acquisition</ce:contributor-role><ce:contributor-role role="http://credit.niso.org/contributor-roles/supervision">Supervision</ce:contributor-role><ce:cross-ref refid="aff0002"><ce:sup loc="post">b</ce:sup></ce:cross-ref></ce:author><ce:author id="au0004" author-id="S235234092100888X-7106eca8184355391643320ef57be25e" orcid="0000-0002-7281-0622"><ce:given-name>Mihaela</ce:given-name><ce:surname>Vlasea</ce:surname><ce:contributor-role role="http://credit.niso.org/contributor-roles/conceptualization">Conceptualization</ce:contributor-role><ce:contributor-role role="http://credit.niso.org/contributor-roles/methodology">Methodology</ce:contributor-role><ce:contributor-role role="http://credit.niso.org/contributor-roles/writing-review-editing">Writing &#x2013; review &amp; editing</ce:contributor-role><ce:contributor-role role="http://credit.niso.org/contributor-roles/supervision">Supervision</ce:contributor-role><ce:contributor-role role="http://credit.niso.org/contributor-roles/project-administration">Project administration</ce:contributor-role><ce:contributor-role role="http://credit.niso.org/contributor-roles/funding-acquisition">Funding acquisition</ce:contributor-role><ce:cross-ref refid="aff0001"><ce:sup loc="post">a</ce:sup></ce:cross-ref><ce:cross-ref refid="cor0001"><ce:sup loc="post">&#x204e;</ce:sup></ce:cross-ref><ce:e-address id="ead0001" type="email" xlink:href="mailto:mihaela.vlasea@uwaterloo.ca">mihaela.vlasea@uwaterloo.ca</ce:e-address></ce:author><ce:affiliation id="aff0001" affiliation-id="S235234092100888X-02738d5478134c80a33312a8c0f13d4e"><ce:label>a</ce:label><ce:textfn id="cetextfn0001">University of Waterloo, Waterloo, ON N2L 3G1, CANADA</ce:textfn><sa:affiliation><sa:organization>University of Waterloo</sa:organization><sa:city>Waterloo</sa:city><sa:state>ON</sa:state><sa:postal-code>N2L 3G1</sa:postal-code><sa:country>CANADA</sa:country></sa:affiliation><ce:source-text id="staff0001">aUniversity of Waterloo, Waterloo, ON N2L 3G1, CANADA</ce:source-text></ce:affiliation><ce:affiliation id="aff0002" affiliation-id="S235234092100888X-dce1cdffdc3cc2b2c29e66f45dbb2b76"><ce:label>b</ce:label><ce:textfn id="cetextfn0002">National Institute of Standards and Technology, Gaithersburg, MD 20899, USA</ce:textfn><sa:affiliation><sa:organization>National Institute of Standards and Technology</sa:organization><sa:city>Gaithersburg</sa:city><sa:state>MD</sa:state><sa:postal-code>20899</sa:postal-code><sa:country>USA</sa:country></sa:affiliation><ce:source-text id="staff0002">bNational Institute of Standards and Technology, Gaithersburg, MD 20899, USA</ce:source-text></ce:affiliation><ce:correspondence id="cor0001"><ce:label>&#x204e;</ce:label><ce:text id="cetext0001">Corresponding author.</ce:text></ce:correspondence></ce:author-group><ce:date-received day="15" month="10" year="2021"/><ce:date-accepted day="16" month="11" year="2021"/><ce:abstract id="abs0001" view="all" class="author"><ce:section-title id="cesectitle0001">Abstract</ce:section-title><ce:abstract-sec id="abss0001" view="all"><ce:simple-para id="spara004" view="all">Additive manufacturing quality assessment often relies on tensile testing as the preferred methodology to qualify builds and materials. The data included in this article provides additional supporting information on our manuscript [1] on the effect of specimen geometry and orientation on tensile properties of Ti-6Al-4V manufactured by electron beam powder bed fusion. As such, the data in brief provides in-depth details on the tensile specimen specifications, the tensile specimen build layout and replicate notations, and the tensile testing datasets. The information presented herein complements the manuscript.</ce:simple-para></ce:abstract-sec></ce:abstract><ce:keywords id="keys0001" view="all" class="keyword"><ce:section-title id="cesectitle0002">Keywords</ce:section-title><ce:keyword id="key0001"><ce:text id="cetext0002">Additive manufacturing</ce:text></ce:keyword><ce:keyword id="key0002"><ce:text id="cetext0003">X-ray computed tomography</ce:text></ce:keyword><ce:keyword id="key0003"><ce:text id="cetext0004">Ti-6Al-4V</ce:text></ce:keyword><ce:keyword id="key0004"><ce:text id="cetext0005">Tensile properties</ce:text></ce:keyword><ce:keyword id="key0005"><ce:text id="cetext0006">Geometry</ce:text></ce:keyword><ce:keyword id="key0006"><ce:text id="cetext0007">Qualification</ce:text></ce:keyword></ce:keywords></ja:head></ja:article></doc:document>
