<doc:document xmlns:doc="http://www.elsevier.com/xml/document/schema" xmlns:dp="http://www.elsevier.com/xml/common/doc-properties/schema" xmlns:cps="http://www.elsevier.com/xml/common/consyn-properties/schema" xmlns:rdf="http://www.w3.org/1999/02/22-rdf-syntax-ns#" xmlns:dct="http://purl.org/dc/terms/" xmlns:prism="http://prismstandard.org/namespaces/basic/2.0/" xmlns:oa="http://vtw.elsevier.com/data/ns/properties/OpenAccess-1/" xmlns:bam="http://vtw.elsevier.com/data/voc/ns/bam-vtw-1/" xmlns:cp="http://vtw.elsevier.com/data/ns/properties/Copyright-1/" xmlns:cja="http://www.elsevier.com/xml/cja/schema" xmlns:ja="http://www.elsevier.com/xml/ja/schema" xmlns:bk="http://www.elsevier.com/xml/bk/schema" xmlns:ce="http://www.elsevier.com/xml/common/schema" xmlns:mml="http://www.w3.org/1998/Math/MathML" xmlns:cals="http://www.elsevier.com/xml/common/cals/schema" xmlns:tb="http://www.elsevier.com/xml/common/table/schema" xmlns:sa="http://www.elsevier.com/xml/common/struct-aff/schema" xmlns:sb="http://www.elsevier.com/xml/common/struct-bib/schema" xmlns:xlink="http://www.w3.org/1999/xlink"><rdf:RDF><rdf:Description rdf:about="http://dx.doi.org/10.1016/j.dib.2022.107813"><dct:format>application/xml</dct:format><dct:title>Data for electricity consumption, thermo-physical characteristics of residential buildings in Tehran</dct:title><dct:creator>Mahsa Torabi</dct:creator><dct:creator>Sahar Labbafan</dct:creator><dct:creator>Bahareh Farajnia</dct:creator><dct:subject><rdf:Bag><rdf:li>Monthly electricity consumption</rdf:li><rdf:li>Building physical characteristics</rdf:li><rdf:li>Residential buildings</rdf:li><rdf:li>Real-time data</rdf:li></rdf:Bag></dct:subject><dct:description>Data in Brief 40 (2022). doi:10.1016/j.dib.2022.107813</dct:description><prism:aggregationType>journal</prism:aggregationType><prism:publicationName>Data in Brief</prism:publicationName><prism:copyright>&#169; 2022 The Authors. Published by Elsevier Inc.</prism:copyright><dct:publisher>Elsevier Inc.</dct:publisher><prism:issn>2352-3409</prism:issn><prism:volume>40</prism:volume><prism:coverDisplayDate>February 2022</prism:coverDisplayDate><prism:doi>10.1016/j.dib.2022.107813</prism:doi><prism:url>http://dx.doi.org/10.1016/j.dib.2022.107813</prism:url><dct:identifier>doi:10.1016/j.dib.2022.107813</dct:identifier><bam:articleNumber>107813</bam:articleNumber><oa:openAccessInformation><oa:openAccessStatus xmlns:xsi="http://www.w3.org/2001/XMLSchema-instance">http://vtw.elsevier.com/data/voc/oa/OpenAccessStatus#Full</oa:openAccessStatus><oa:openAccessEffective xmlns:xsi="http://www.w3.org/2001/XMLSchema-instance">2022-01-06T15:04:04Z</oa:openAccessEffective><oa:sponsor xmlns:xsi="http://www.w3.org/2001/XMLSchema-instance"><oa:sponsorType>http://vtw.elsevier.com/data/voc/oa/SponsorType#ElsevierWaived</oa:sponsorType></oa:sponsor><oa:userLicense xmlns:xsi="http://www.w3.org/2001/XMLSchema-instance">http://creativecommons.org/licenses/by/4.0/</oa:userLicense></oa:openAccessInformation><cp:licenseLine xmlns:xsi="http://www.w3.org/2001/XMLSchema-instance">This is an open access article under the CC BY license.</cp:licenseLine></rdf:Description></rdf:RDF><dp:document-properties><dp:aggregation-type>Journals</dp:aggregation-type><dp:version-number>S300.1</dp:version-number></dp:document-properties><ja:article docsubtype="dat" version="5.6" xml:lang="en"><ja:item-info><ja:jid>DIB</ja:jid><ja:aid>107813</ja:aid><ce:article-number>107813</ce:article-number><ce:pii>S2352-3409(22)00025-7</ce:pii><ce:doi>10.1016/j.dib.2022.107813</ce:doi><ce:copyright type="unknown" year="2022"/></ja:item-info><ja:head><ce:dochead id="dchd0001"><ce:textfn id="dhtxt0001">Data Article</ce:textfn></ce:dochead><ce:title id="tte0002">Data for electricity consumption, thermo-physical characteristics of residential buildings in Tehran</ce:title><ce:author-group id="aut0001"><ce:author id="au0001" author-id="S2352340922000257-6ed17ad08594fabaa11b0ae7e80ac34f" orcid="0000-0003-1058-9165"><ce:given-name>Mahsa</ce:given-name><ce:surname>Torabi</ce:surname><ce:contributor-role role="http://credit.niso.org/contributor-roles/conceptualization">Conceptualization</ce:contributor-role><ce:contributor-role role="http://credit.niso.org/contributor-roles/methodology">Methodology</ce:contributor-role><ce:contributor-role role="http://credit.niso.org/contributor-roles/data-curation">Data curation</ce:contributor-role><ce:contributor-role role="http://credit.niso.org/contributor-roles/writing-review-editing">Writing &#x2013; review &amp; editing</ce:contributor-role><ce:cross-ref refid="aff0001"><ce:sup loc="post">a</ce:sup></ce:cross-ref><ce:cross-ref refid="cor0001"><ce:sup loc="post">&#x204e;</ce:sup></ce:cross-ref><ce:e-address id="ead0001" type="email" xlink:href="mailto:Mst.Torabi@ut.ac.ir">Mst.Torabi@ut.ac.ir</ce:e-address><ce:e-address id="ea3" type="social-media" xlink:href="https://twitter.com/mstorabi">@mstorabi</ce:e-address></ce:author><ce:author id="au0002" author-id="S2352340922000257-b045eeb2b6b4a6c3f33913683cada6e5" orcid="0000-0001-7473-1744"><ce:given-name>Sahar</ce:given-name><ce:surname>Labbafan</ce:surname><ce:contributor-role role="http://credit.niso.org/contributor-roles/data-curation">Data curation</ce:contributor-role><ce:contributor-role role="http://credit.niso.org/contributor-roles/writing-original-draft">Writing &#x2013; original draft</ce:contributor-role><ce:contributor-role role="http://credit.niso.org/contributor-roles/visualization">Visualization</ce:contributor-role><ce:cross-ref refid="aff0002"><ce:sup loc="post">b</ce:sup></ce:cross-ref></ce:author><ce:author id="au0003" author-id="S2352340922000257-c1d3edc47097d942eaefffb096f20075"><ce:given-name>Bahareh</ce:given-name><ce:surname>Farajnia</ce:surname><ce:contributor-role role="http://credit.niso.org/contributor-roles/data-curation">Data curation</ce:contributor-role><ce:contributor-role role="http://credit.niso.org/contributor-roles/writing-original-draft">Writing &#x2013; original draft</ce:contributor-role><ce:cross-ref refid="aff0002"><ce:sup loc="post">b</ce:sup></ce:cross-ref></ce:author><ce:affiliation id="aff0001" affiliation-id="S2352340922000257-fd7f2429ffa1c16af30a6642056fbb28"><ce:label>a</ce:label><ce:textfn id="cetextfn0001">Faculty of Architecture, University of Tehran, Tehran, Iran</ce:textfn><sa:affiliation><sa:organization>Faculty of Architecture</sa:organization><sa:organization>University of Tehran</sa:organization><sa:state>Tehran</sa:state><sa:country>Iran</sa:country></sa:affiliation><ce:source-text id="staff0001">aFaculty of Architecture, University of Tehran, Tehran, Iran</ce:source-text></ce:affiliation><ce:affiliation id="aff0002" affiliation-id="S2352340922000257-05ab1bb97e029f8493e6f0c4c89ab689"><ce:label>b</ce:label><ce:textfn id="cetextfn0002">Faculty of Architecture, Pars University, Tehran, Iran</ce:textfn><sa:affiliation><sa:organization>Faculty of Architecture</sa:organization><sa:organization>Pars University</sa:organization><sa:state>Tehran</sa:state><sa:country>Iran</sa:country></sa:affiliation><ce:source-text id="staff0002">bFaculty of Architecture, Pars University, Tehran, Iran</ce:source-text></ce:affiliation><ce:correspondence id="cor0001"><ce:label>&#x204e;</ce:label><ce:text id="cetext0001">Corresponding author.</ce:text></ce:correspondence></ce:author-group><ce:date-received day="28" month="10" year="2021"/><ce:date-revised day="4" month="1" year="2022"/><ce:date-accepted day="5" month="1" year="2022"/><ce:abstract id="abs0001" view="all" class="author"><ce:section-title id="cesectitle0001">Abstract</ce:section-title><ce:abstract-sec id="abss0001" view="all"><ce:simple-para id="spara010" view="all">This data article presents data related to 100 residential units in Tehran, Iran. For each building the ``average monthly electricity consumption'' data for 190 months has been provided. In addition, some physical characteristics of each building are given in the dataset. Presented data includes collected electricity end-users in residential units as well as thermos-physical characteristics of the buildings through a structured questionnaire. The physical characteristics covered in this study include; the number of floors, morphology of the yard and the ratio of the windows on each side window material, area, floor number of the studied residential unit, location in the city, cooling system, heating system, and so on. Information provided in this data article can be useful for research on energy prediction studies and also energy management strategies, and policy making to achieve sustainability targets. Having few datasets published on this topic, especially in hot and arid geographic regions, authors believe that the result of this data study can be generalized to the larger region of the Middle East and North Africa (MENA). The data consists of two parts; 1. Physical specifications of the building and 2. History of electricity consumption.</ce:simple-para></ce:abstract-sec></ce:abstract><ce:keywords id="keys0001" view="all" class="keyword"><ce:section-title id="cesectitle0002">Keywords</ce:section-title><ce:keyword id="key0001"><ce:text id="cetext0002">Monthly electricity consumption</ce:text></ce:keyword><ce:keyword id="key0002"><ce:text id="cetext0003">Building physical characteristics</ce:text></ce:keyword><ce:keyword id="key0003"><ce:text id="cetext0004">Residential buildings</ce:text></ce:keyword><ce:keyword id="key0004"><ce:text id="cetext0005">Real-time data</ce:text></ce:keyword></ce:keywords></ja:head></ja:article></doc:document>
