<doc:document xmlns:doc="http://www.elsevier.com/xml/document/schema" xmlns:dp="http://www.elsevier.com/xml/common/doc-properties/schema" xmlns:cps="http://www.elsevier.com/xml/common/consyn-properties/schema" xmlns:rdf="http://www.w3.org/1999/02/22-rdf-syntax-ns#" xmlns:dct="http://purl.org/dc/terms/" xmlns:prism="http://prismstandard.org/namespaces/basic/2.0/" xmlns:oa="http://vtw.elsevier.com/data/ns/properties/OpenAccess-1/" xmlns:bam="http://vtw.elsevier.com/data/voc/ns/bam-vtw-1/" xmlns:cp="http://vtw.elsevier.com/data/ns/properties/Copyright-1/" xmlns:cja="http://www.elsevier.com/xml/cja/schema" xmlns:ja="http://www.elsevier.com/xml/ja/schema" xmlns:bk="http://www.elsevier.com/xml/bk/schema" xmlns:ce="http://www.elsevier.com/xml/common/schema" xmlns:mml="http://www.w3.org/1998/Math/MathML" xmlns:cals="http://www.elsevier.com/xml/common/cals/schema" xmlns:tb="http://www.elsevier.com/xml/common/table/schema" xmlns:sa="http://www.elsevier.com/xml/common/struct-aff/schema" xmlns:sb="http://www.elsevier.com/xml/common/struct-bib/schema" xmlns:xlink="http://www.w3.org/1999/xlink"><rdf:RDF><rdf:Description rdf:about="http://dx.doi.org/10.1016/j.dib.2021.107552"><dct:format>application/xml</dct:format><dct:title>Data on the genome of Bacillus subtilis A1- Midalam from beach soil</dct:title><dct:creator>Sneha Pramod</dct:creator><dct:creator>Rhea Thomas Thommana</dct:creator><dct:creator>Harini Kulanthaivelu Kanagam</dct:creator><dct:creator>Ashmitha Suresh Kumar</dct:creator><dct:creator>Santha Kalaikumari S</dct:creator><dct:creator>Elavarashi Elangovan</dct:creator><dct:creator>Kumar Perumal</dct:creator><dct:subject><rdf:Bag><rdf:li>Genome sequencing</rdf:li><rdf:li>Biofilm</rdf:li><rdf:li>Antimicrobial peptide</rdf:li><rdf:li>Phylogenetic analysis</rdf:li></rdf:Bag></dct:subject><dct:description>Data in Brief 39 (2021). doi:10.1016/j.dib.2021.107552</dct:description><prism:aggregationType>journal</prism:aggregationType><prism:publicationName>Data in Brief</prism:publicationName><prism:copyright>&#169; 2021 The Authors. Published by Elsevier Inc.</prism:copyright><dct:publisher>Elsevier Inc.</dct:publisher><prism:issn>2352-3409</prism:issn><prism:volume>39</prism:volume><prism:coverDisplayDate>December 2021</prism:coverDisplayDate><prism:doi>10.1016/j.dib.2021.107552</prism:doi><prism:url>http://dx.doi.org/10.1016/j.dib.2021.107552</prism:url><dct:identifier>doi:10.1016/j.dib.2021.107552</dct:identifier><bam:articleNumber>107552</bam:articleNumber><oa:openAccessInformation><oa:openAccessStatus xmlns:xsi="http://www.w3.org/2001/XMLSchema-instance">http://vtw.elsevier.com/data/voc/oa/OpenAccessStatus#Full</oa:openAccessStatus><oa:openAccessEffective xmlns:xsi="http://www.w3.org/2001/XMLSchema-instance">2021-11-02T15:26:53Z</oa:openAccessEffective><oa:sponsor xmlns:xsi="http://www.w3.org/2001/XMLSchema-instance"><oa:sponsorType>http://vtw.elsevier.com/data/voc/oa/SponsorType#Author</oa:sponsorType></oa:sponsor><oa:userLicense xmlns:xsi="http://www.w3.org/2001/XMLSchema-instance">http://creativecommons.org/licenses/by/4.0/</oa:userLicense></oa:openAccessInformation><cp:licenseLine xmlns:xsi="http://www.w3.org/2001/XMLSchema-instance">This is an open access article under the CC BY license.</cp:licenseLine></rdf:Description></rdf:RDF><dp:document-properties><dp:aggregation-type>Journals</dp:aggregation-type><dp:version-number>S300.1</dp:version-number></dp:document-properties><ja:article docsubtype="dat" version="5.6" xml:lang="en"><ja:item-info><ja:jid>DIB</ja:jid><ja:aid>107552</ja:aid><ce:article-number>107552</ce:article-number><ce:pii>S2352-3409(21)00828-3</ce:pii><ce:doi>10.1016/j.dib.2021.107552</ce:doi><ce:copyright type="unknown" year="2021"/></ja:item-info><ja:head><ce:dochead id="dchd0001"><ce:textfn id="dhtxt0001">Data Article</ce:textfn></ce:dochead><ce:title id="tte0002">Data on the genome of <ce:italic>Bacillus subtilis</ce:italic> A1- Midalam from beach soil</ce:title><ce:author-group id="aut0001"><ce:author id="au0001" author-id="S2352340921008283-13ae58c37cec6bfec415d472ecd9f662" orcid="0000-0002-9282-3332"><ce:given-name>Sneha</ce:given-name><ce:surname>Pramod</ce:surname><ce:cross-ref refid="aff0005"><ce:sup loc="post">e</ce:sup></ce:cross-ref></ce:author><ce:author id="au0002" author-id="S2352340921008283-b37385c9bf82b8b58bf05f60e2d267ae"><ce:given-name>Rhea Thomas</ce:given-name><ce:surname>Thommana</ce:surname><ce:cross-ref refid="aff0002"><ce:sup loc="post">b</ce:sup></ce:cross-ref></ce:author><ce:author id="au0003" author-id="S2352340921008283-5196ed46155a043fe61d608ead25b461"><ce:given-name>Harini</ce:given-name><ce:surname>Kulanthaivelu Kanagam</ce:surname><ce:cross-ref refid="aff0003"><ce:sup loc="post">c</ce:sup></ce:cross-ref></ce:author><ce:author id="au0004" author-id="S2352340921008283-c4f478e8910a881e3ec6c7bccb714211" orcid="0000-0002-6374-1530"><ce:given-name>Ashmitha</ce:given-name><ce:surname>Suresh Kumar</ce:surname><ce:cross-ref refid="aff0006"><ce:sup loc="post">f</ce:sup></ce:cross-ref></ce:author><ce:author id="au0005" author-id="S2352340921008283-7449c48e5278f98e38d11ac5926a9509"><ce:given-name>Santha Kalaikumari</ce:given-name><ce:surname>S</ce:surname><ce:cross-ref refid="aff0004"><ce:sup loc="post">d</ce:sup></ce:cross-ref></ce:author><ce:author id="au0006" author-id="S2352340921008283-511d5bc73a94c0ae6b483978a940f146"><ce:given-name>Elavarashi</ce:given-name><ce:surname>Elangovan</ce:surname><ce:cross-ref refid="aff0001"><ce:sup loc="post">a</ce:sup></ce:cross-ref></ce:author><ce:author id="au0007" author-id="S2352340921008283-c8866aaeca85f00bcdf2fe1dcebb3cc0"><ce:given-name>Kumar</ce:given-name><ce:surname>Perumal</ce:surname><ce:cross-ref refid="aff0001"><ce:sup loc="post">a</ce:sup></ce:cross-ref><ce:cross-ref refid="cor0001"><ce:sup loc="post">&#x204e;</ce:sup></ce:cross-ref><ce:e-address id="ead0001" type="email" xlink:href="mailto:kumar.p@sriramachandra.edu.in">kumar.p@sriramachandra.edu.in</ce:e-address></ce:author><ce:affiliation id="aff0001" affiliation-id="S2352340921008283-e80e1d588f17f8ccfd73b10b414129f8"><ce:label>a</ce:label><ce:textfn id="cetextfn0001">Department of Biotechnology, Sri Ramachandra Institute of Higher Education and Research, Porur, Tamilnadu, India</ce:textfn><sa:affiliation><sa:organization>Department of Biotechnology</sa:organization><sa:organization>Sri Ramachandra Institute of Higher Education and Research</sa:organization><sa:city>Porur</sa:city><sa:state>Tamilnadu</sa:state><sa:country>India</sa:country></sa:affiliation><ce:source-text id="staff0001">aDepartment of Biotechnology, Sri Ramachandra Institute of Higher Education and Research, Porur, Tamilnadu, India</ce:source-text></ce:affiliation><ce:affiliation id="aff0002" affiliation-id="S2352340921008283-80bf11bd2c2b077355df4f51d67c8064"><ce:label>b</ce:label><ce:textfn id="cetextfn0002">Department of Food and Bioproduct Sciences, College of Agriculture and Bioresources, University of Saskatchewan, Canada</ce:textfn><sa:affiliation><sa:organization>Department of Food and Bioproduct Sciences</sa:organization><sa:organization>College of Agriculture and Bioresources</sa:organization><sa:organization>University of Saskatchewan</sa:organization><sa:country>Canada</sa:country></sa:affiliation><ce:source-text id="staff0002">bDepartment of Food and Bioproduct Sciences, College of Agriculture and Bioresources, University of Saskatchewan, Canada</ce:source-text></ce:affiliation><ce:affiliation id="aff0003" affiliation-id="S2352340921008283-c5cf6ee6fc3931467d90213307631c76"><ce:label>c</ce:label><ce:textfn id="cetextfn0003">College of science, Northeastern University, 360 Huntington Ave, Boston, Massachusetts 02115, USA</ce:textfn><sa:affiliation><sa:organization>College of science</sa:organization><sa:organization>Northeastern University</sa:organization><sa:address-line>360 Huntington Ave</sa:address-line><sa:city>Boston</sa:city><sa:state>Massachusetts</sa:state><sa:postal-code>02115</sa:postal-code><sa:country>USA</sa:country></sa:affiliation><ce:source-text id="staff0003">cCollege of science, Northeastern University, 360 Huntington Ave, Boston, Massachusetts 02115, USA</ce:source-text></ce:affiliation><ce:affiliation id="aff0004" affiliation-id="S2352340921008283-553d41482793a88427a7408709e79826"><ce:label>d</ce:label><ce:textfn id="cetextfn0004">Department of Genetics, School of Biological Sciences, Madurai Kamaraj University, Madurai, India</ce:textfn><sa:affiliation><sa:organization>Department of Genetics</sa:organization><sa:organization>School of Biological Sciences</sa:organization><sa:organization>Madurai Kamaraj University</sa:organization><sa:city>Madurai</sa:city><sa:country>India</sa:country></sa:affiliation><ce:source-text id="staff0004">dDepartment of Genetics, School of Biological Sciences, Madurai Kamaraj University, Madurai, India</ce:source-text></ce:affiliation><ce:affiliation id="aff0005" affiliation-id="S2352340921008283-8cdb3399fa5ee9f5b199fab92cfce153"><ce:label>e</ce:label><ce:textfn id="cetextfn0005">Biochemistry and Molecular Biology Department, Johns Hopkins University, Bloomberg School of Public Health, Baltimore, USA</ce:textfn><sa:affiliation><sa:organization>Biochemistry and Molecular Biology Department</sa:organization><sa:organization>Johns Hopkins University</sa:organization><sa:organization>Bloomberg School of Public Health</sa:organization><sa:city>Baltimore</sa:city><sa:country>USA</sa:country></sa:affiliation><ce:source-text id="staff0005">eBiochemistry and Molecular Biology Department, Johns Hopkins University, Bloomberg School of Public Health, Baltimore, USA</ce:source-text></ce:affiliation><ce:affiliation id="aff0006" affiliation-id="S2352340921008283-774a2d72ffe1a02666492d172da09a65"><ce:label>f</ce:label><ce:textfn id="cetextfn0006">Department of Cancer Biology, Wake Forest School of Medicine, North Carolina, USA</ce:textfn><sa:affiliation><sa:organization>Department of Cancer Biology</sa:organization><sa:organization>Wake Forest School of Medicine</sa:organization><sa:state>North Carolina,</sa:state><sa:country>USA</sa:country></sa:affiliation><ce:source-text id="staff0006">fDepartment of Cancer Biology, Wake Forest School of Medicine, North Carolina, USA</ce:source-text></ce:affiliation><ce:correspondence id="cor0001"><ce:label>&#x204e;</ce:label><ce:text id="cetext0001">Corresponding author.</ce:text></ce:correspondence></ce:author-group><ce:date-received day="8" month="8" year="2021"/><ce:date-revised day="29" month="10" year="2021"/><ce:date-accepted day="1" month="11" year="2021"/><ce:abstract id="abs0001" view="all" class="author"><ce:section-title id="cesectitle0001">Abstract</ce:section-title><ce:abstract-sec id="abss0001" view="all"><ce:simple-para id="spara008" view="all">The draft genome sequence of <ce:italic>Bacillus subtilis</ce:italic> A1, isolated from beach soil, has been shown to produce biofilm. The genome size is 4,215,114 bp with an average G+C content of 43.5%. The genome of Bacillus subtilis A1 has 4413 total genes which include 4166 protein-coding sequences, 126 pseudo genes, 10 rRNA genes with 3 operons (5S, 16S and 23S), 86 tRNA genes and 5 noncoding RNA (ncRNA) genes. The genome contains genes coding for surfactin, fengycin, bacillaene, sublancin 168, bacillibactin, subtilosin A, bacilysin. The whole genome project has been deposited in GenBank under the accession number CP075344.1. The raw data is available at <ce:inter-ref id="interref0001" xlink:href="https://www.ncbi.nlm.nih.gov/nuccore/CP075344.1" xlink:type="simple">https://www.ncbi.nlm.nih.gov/nuccore/CP075344.1</ce:inter-ref>.</ce:simple-para></ce:abstract-sec></ce:abstract><ce:keywords id="keys0001" view="all" class="keyword"><ce:section-title id="cesectitle0002">Keywords</ce:section-title><ce:keyword id="key0001"><ce:text id="cetext0002">Genome sequencing</ce:text></ce:keyword><ce:keyword id="key0002"><ce:text id="cetext0004a">Biofilm</ce:text></ce:keyword><ce:keyword id="key0003"><ce:text id="cetext0004b">Antimicrobial peptide</ce:text></ce:keyword><ce:keyword id="key0004"><ce:text id="cetext0004c">Phylogenetic analysis</ce:text></ce:keyword></ce:keywords></ja:head></ja:article></doc:document>
