<doc:document xmlns:doc="http://www.elsevier.com/xml/document/schema" xmlns:dp="http://www.elsevier.com/xml/common/doc-properties/schema" xmlns:cps="http://www.elsevier.com/xml/common/consyn-properties/schema" xmlns:rdf="http://www.w3.org/1999/02/22-rdf-syntax-ns#" xmlns:dct="http://purl.org/dc/terms/" xmlns:prism="http://prismstandard.org/namespaces/basic/2.0/" xmlns:oa="http://vtw.elsevier.com/data/ns/properties/OpenAccess-1/" xmlns:bam="http://vtw.elsevier.com/data/voc/ns/bam-vtw-1/" xmlns:cp="http://vtw.elsevier.com/data/ns/properties/Copyright-1/" xmlns:cja="http://www.elsevier.com/xml/cja/schema" xmlns:ja="http://www.elsevier.com/xml/ja/schema" xmlns:bk="http://www.elsevier.com/xml/bk/schema" xmlns:ce="http://www.elsevier.com/xml/common/schema" xmlns:mml="http://www.w3.org/1998/Math/MathML" xmlns:cals="http://www.elsevier.com/xml/common/cals/schema" xmlns:tb="http://www.elsevier.com/xml/common/table/schema" xmlns:sa="http://www.elsevier.com/xml/common/struct-aff/schema" xmlns:sb="http://www.elsevier.com/xml/common/struct-bib/schema" xmlns:xlink="http://www.w3.org/1999/xlink"><rdf:RDF><rdf:Description rdf:about="http://dx.doi.org/10.1016/j.dib.2021.107540"><dct:format>application/xml</dct:format><dct:title>Petrographic and geochemical data of high alkaline basalts, Sisaket Terrain, NE Thailand</dct:title><dct:creator>Vimoltip Singtuen</dct:creator><dct:creator>Sirinthorn Phajan</dct:creator><dct:subject><rdf:Bag><rdf:li>Geochemistry</rdf:li><rdf:li>Petrology</rdf:li><rdf:li>Cenozoic basalt</rdf:li><rdf:li>Trace elements</rdf:li><rdf:li>Rare earth elements</rdf:li><rdf:li>ICP-MS</rdf:li></rdf:Bag></dct:subject><dct:description>Data in Brief 39 (2021). doi:10.1016/j.dib.2021.107540</dct:description><prism:aggregationType>journal</prism:aggregationType><prism:publicationName>Data in Brief</prism:publicationName><prism:copyright>&#169; 2021 The Author(s). Published by Elsevier Inc.</prism:copyright><dct:publisher>Elsevier Inc.</dct:publisher><prism:issn>2352-3409</prism:issn><prism:volume>39</prism:volume><prism:coverDisplayDate>December 2021</prism:coverDisplayDate><prism:doi>10.1016/j.dib.2021.107540</prism:doi><prism:url>http://dx.doi.org/10.1016/j.dib.2021.107540</prism:url><dct:identifier>doi:10.1016/j.dib.2021.107540</dct:identifier><bam:articleNumber>107540</bam:articleNumber><oa:openAccessInformation><oa:openAccessStatus xmlns:xsi="http://www.w3.org/2001/XMLSchema-instance">http://vtw.elsevier.com/data/voc/oa/OpenAccessStatus#Full</oa:openAccessStatus><oa:openAccessEffective xmlns:xsi="http://www.w3.org/2001/XMLSchema-instance">2021-10-29T13:37:30Z</oa:openAccessEffective><oa:sponsor xmlns:xsi="http://www.w3.org/2001/XMLSchema-instance"><oa:sponsorType>http://vtw.elsevier.com/data/voc/oa/SponsorType#Author</oa:sponsorType></oa:sponsor><oa:userLicense xmlns:xsi="http://www.w3.org/2001/XMLSchema-instance">http://creativecommons.org/licenses/by/4.0/</oa:userLicense></oa:openAccessInformation><cp:licenseLine xmlns:xsi="http://www.w3.org/2001/XMLSchema-instance">This is an open access article under the CC BY license.</cp:licenseLine></rdf:Description></rdf:RDF><dp:document-properties><dp:aggregation-type>Journals</dp:aggregation-type><dp:version-number>S300.1</dp:version-number></dp:document-properties><ja:article docsubtype="dat" version="5.6" xml:lang="en"><ja:item-info><ja:jid>DIB</ja:jid><ja:aid>107540</ja:aid><ce:article-number>107540</ce:article-number><ce:pii>S2352-3409(21)00816-7</ce:pii><ce:doi>10.1016/j.dib.2021.107540</ce:doi><ce:copyright type="other" year="2021">The Author(s)</ce:copyright></ja:item-info><ja:head><ce:dochead id="dchd0001"><ce:textfn id="dhtxt0001">Data Article</ce:textfn></ce:dochead><ce:title id="tte0002">Petrographic and geochemical data of high alkaline basalts, Sisaket Terrain, NE Thailand</ce:title><ce:author-group id="aut0001"><ce:author id="au0001" author-id="S2352340921008167-2bc5cea2bb8e2c848e33fcbc948f675b" orcid="0000-0002-5032-8771"><ce:given-name>Vimoltip</ce:given-name><ce:surname>Singtuen</ce:surname><ce:cross-ref refid="cor0001"><ce:sup loc="post">&#x204e;</ce:sup></ce:cross-ref><ce:e-address id="ead0001" type="email" xlink:href="mailto:vimosi@kku.ac.th">vimosi@kku.ac.th</ce:e-address></ce:author><ce:author id="au0002" author-id="S2352340921008167-463cd2ef0b5dbfeb39849362effbd1ac"><ce:given-name>Sirinthorn</ce:given-name><ce:surname>Phajan</ce:surname></ce:author><ce:affiliation id="aff0001" affiliation-id="S2352340921008167-24a78459af6c9b91d49b6282e4fece47"><ce:textfn id="cetextfn0001">Department of Geotechnology, Faculty of Technology, Khon Kaen University, 123 Moo 16 Mittraphap Rd., Nai-Muang, Muang, Khon Kaen, Thailand</ce:textfn><sa:affiliation><sa:organization>Department of Geotechnology</sa:organization><sa:organization>Faculty of Technology</sa:organization><sa:organization>Khon Kaen University</sa:organization><sa:address-line>123 Moo 16 Mittraphap Rd., Nai-Muang</sa:address-line><sa:city>Muang</sa:city><sa:state>Khon Kaen</sa:state><sa:country>Thailand</sa:country></sa:affiliation><ce:source-text id="staff0001">Department of Geotechnology, Faculty of Technology, Khon Kaen University, 123 Moo 16 Mittraphap Rd., Nai-Muang, Muang, Khon Kaen, Thailand</ce:source-text></ce:affiliation><ce:correspondence id="cor0001"><ce:label>&#x204e;</ce:label><ce:text id="cetext0001">Corresponding author.</ce:text></ce:correspondence></ce:author-group><ce:date-received day="29" month="7" year="2021"/><ce:date-revised day="26" month="10" year="2021"/><ce:date-accepted day="28" month="10" year="2021"/><ce:abstract id="abs0001" view="all" class="author"><ce:section-title id="cesectitle0001">Abstract</ce:section-title><ce:abstract-sec id="abss0001" view="all"><ce:simple-para id="spara010" view="all">This data article presents mineralogical and geochemical data of high alkaline basalts in Sisaket province, the southern part of Khorat Plateau, NE Thailand. Under the polarized light microscope, the photomicrographs divided the basalts into olivine basalt and alkaline basalt with four textures: aphanitic, porphyritic, vesicular, and diabase. These basaltic rocks comprise olivine microphenocrysts associated with labradorite-anorthite (An<ce:inf loc="post">66-94</ce:inf>), clinopyroxene, opaque minerals groundmass. In addition, nepheline is only found in alkaline basalt as groundmass. Major oxides (Na<ce:inf loc="post">2</ce:inf>O+K<ce:inf loc="post">2</ce:inf>O and SiO<ce:inf loc="post">2</ce:inf>) suggest that Sisaket basalts are basalt, basanite, trachy basalt, and basaltic trachy-andesite. High ratio Nb/Y and low Zr/Ti classify these basalts as alkaline basalt and basanite.</ce:simple-para></ce:abstract-sec></ce:abstract><ce:keywords id="keys0001" view="all" class="keyword"><ce:section-title id="cesectitle0002">Keywords</ce:section-title><ce:keyword id="key0001"><ce:text id="cetext0002">Geochemistry</ce:text></ce:keyword><ce:keyword id="key0002"><ce:text id="cetext0003">Petrology</ce:text></ce:keyword><ce:keyword id="key0003"><ce:text id="cetext0004">Cenozoic basalt</ce:text></ce:keyword><ce:keyword id="key0004"><ce:text id="cetext0005">Trace elements</ce:text></ce:keyword><ce:keyword id="key0005"><ce:text id="cetext0006">Rare earth elements</ce:text></ce:keyword><ce:keyword id="key0006"><ce:text id="cetext0007">ICP-MS</ce:text></ce:keyword></ce:keywords></ja:head></ja:article></doc:document>
