<doc:document xmlns:doc="http://www.elsevier.com/xml/document/schema" xmlns:dp="http://www.elsevier.com/xml/common/doc-properties/schema" xmlns:cps="http://www.elsevier.com/xml/common/consyn-properties/schema" xmlns:rdf="http://www.w3.org/1999/02/22-rdf-syntax-ns#" xmlns:dct="http://purl.org/dc/terms/" xmlns:prism="http://prismstandard.org/namespaces/basic/2.0/" xmlns:oa="http://vtw.elsevier.com/data/ns/properties/OpenAccess-1/" xmlns:bam="http://vtw.elsevier.com/data/voc/ns/bam-vtw-1/" xmlns:cp="http://vtw.elsevier.com/data/ns/properties/Copyright-1/" xmlns:cja="http://www.elsevier.com/xml/cja/schema" xmlns:ja="http://www.elsevier.com/xml/ja/schema" xmlns:bk="http://www.elsevier.com/xml/bk/schema" xmlns:ce="http://www.elsevier.com/xml/common/schema" xmlns:mml="http://www.w3.org/1998/Math/MathML" xmlns:cals="http://www.elsevier.com/xml/common/cals/schema" xmlns:tb="http://www.elsevier.com/xml/common/table/schema" xmlns:sa="http://www.elsevier.com/xml/common/struct-aff/schema" xmlns:sb="http://www.elsevier.com/xml/common/struct-bib/schema" xmlns:xlink="http://www.w3.org/1999/xlink"><rdf:RDF><rdf:Description rdf:about="http://dx.doi.org/10.1016/j.dib.2021.107496"><dct:format>application/xml</dct:format><dct:title>Indoor visual SLAM dataset with various acquisition modalities</dct:title><dct:creator>Imad El Bouazzaoui</dct:creator><dct:creator>Sergio Rodriguez</dct:creator><dct:creator>Bastien Vincke</dct:creator><dct:creator>Abdelhafid El Ouardi</dct:creator><dct:subject><rdf:Bag><rdf:li>Depth map</rdf:li><rdf:li>Indoor localization</rdf:li><rdf:li>RGB-D cameras</rdf:li><rdf:li>Robotics</rdf:li></rdf:Bag></dct:subject><dct:description>Data in Brief 39 (2021). doi:10.1016/j.dib.2021.107496</dct:description><prism:aggregationType>journal</prism:aggregationType><prism:publicationName>Data in Brief</prism:publicationName><prism:copyright>&#169; 2021 The Authors. Published by Elsevier Inc.</prism:copyright><dct:publisher>Elsevier Inc.</dct:publisher><prism:issn>2352-3409</prism:issn><prism:volume>39</prism:volume><prism:coverDisplayDate>December 2021</prism:coverDisplayDate><prism:doi>10.1016/j.dib.2021.107496</prism:doi><prism:url>http://dx.doi.org/10.1016/j.dib.2021.107496</prism:url><dct:identifier>doi:10.1016/j.dib.2021.107496</dct:identifier><bam:articleNumber>107496</bam:articleNumber><oa:openAccessInformation><oa:openAccessStatus xmlns:xsi="http://www.w3.org/2001/XMLSchema-instance">http://vtw.elsevier.com/data/voc/oa/OpenAccessStatus#Full</oa:openAccessStatus><oa:openAccessEffective xmlns:xsi="http://www.w3.org/2001/XMLSchema-instance">2021-10-18T03:51:11Z</oa:openAccessEffective><oa:sponsor xmlns:xsi="http://www.w3.org/2001/XMLSchema-instance"><oa:sponsorType>http://vtw.elsevier.com/data/voc/oa/SponsorType#Author</oa:sponsorType></oa:sponsor><oa:userLicense xmlns:xsi="http://www.w3.org/2001/XMLSchema-instance">http://creativecommons.org/licenses/by/4.0/</oa:userLicense></oa:openAccessInformation><cp:licenseLine xmlns:xsi="http://www.w3.org/2001/XMLSchema-instance">This is an open access article under the CC BY license.</cp:licenseLine></rdf:Description></rdf:RDF><dp:document-properties><dp:aggregation-type>Journals</dp:aggregation-type><dp:version-number>S300.1</dp:version-number></dp:document-properties><ja:article docsubtype="dat" xml:lang="en" version="5.6"><ja:item-info><ja:jid>DIB</ja:jid><ja:aid>107496</ja:aid><ce:article-number>107496</ce:article-number><ce:pii>S2352-3409(21)00777-0</ce:pii><ce:doi>10.1016/j.dib.2021.107496</ce:doi><ce:copyright type="other" year="2021">The Authors</ce:copyright></ja:item-info><ja:head><ce:dochead id="dh1"><ce:textfn id="textfn0001">Data Article</ce:textfn></ce:dochead><ce:title id="ct0001">Indoor visual SLAM dataset with various acquisition modalities</ce:title><ce:short-title id="stitle0010">Indoor visual SLAM dataset with various acquisition modalities</ce:short-title><ce:author-group id="aut0001"><ce:author id="au0001" author-id="S2352340921007770-6dfe6e1184459414aa1b6dbb1f59024f" orcid="0000-0001-8669-6827"><ce:given-name>Imad</ce:given-name><ce:surname>El Bouazzaoui</ce:surname><ce:cross-ref refid="cor0001"><ce:sup loc="post">&#x204e;</ce:sup></ce:cross-ref><ce:e-address type="email" xlink:href="mailto:imad.el-bouazzaoui@universite-paris-saclay.fr" id="ead0001">imad.el-bouazzaoui@universite-paris-saclay.fr</ce:e-address></ce:author><ce:author id="au0002" author-id="S2352340921007770-b14f23ba30a5202149bde2866e6b767b" orcid="0000-0003-3029-7020"><ce:given-name>Sergio</ce:given-name><ce:surname>Rodriguez</ce:surname><ce:e-address type="email" xlink:href="mailto:sergio.rodriguez@universite-paris-saclay.fr" id="ead0002">sergio.rodriguez@universite-paris-saclay.fr</ce:e-address></ce:author><ce:author id="au0003" author-id="S2352340921007770-9d40551e869aba9e968dc8ee7eda5f63"><ce:given-name>Bastien</ce:given-name><ce:surname>Vincke</ce:surname><ce:e-address type="email" xlink:href="mailto:bastien.vincke@universite-paris-saclay.fr" id="ead0003">bastien.vincke@universite-paris-saclay.fr</ce:e-address></ce:author><ce:author id="au0004" author-id="S2352340921007770-25ec1084c8970d67997f77c1f33110db" orcid="0000-0003-3665-2185"><ce:given-name>Abdelhafid</ce:given-name><ce:surname>El Ouardi</ce:surname><ce:e-address type="email" xlink:href="mailto:abdelhafid.elouardi@universite-paris-saclay.fr" id="ead0004">abdelhafid.elouardi@universite-paris-saclay.fr</ce:e-address></ce:author><ce:affiliation id="aff0001" affiliation-id="S2352340921007770-a22d119463ba77ba0fb1c074509fd125"><ce:textfn id="textfn0002">SATIE - CNRS UMR 8029, Paris-Saclay University, France</ce:textfn><sa:affiliation><sa:organization>SATIE - CNRS UMR 8029, Paris-Saclay University</sa:organization><sa:country>France</sa:country></sa:affiliation><ce:source-text id="st0001">SATIE - CNRS UMR 8029, Paris-Saclay University, France</ce:source-text></ce:affiliation><ce:correspondence id="cor0001"><ce:label>&#x204e;</ce:label><ce:text id="cor1">Corresponding author.</ce:text></ce:correspondence></ce:author-group><ce:date-received day="10" month="6" year="2021"/><ce:date-revised day="4" month="10" year="2021"/><ce:date-accepted day="11" month="10" year="2021"/><ce:abstract id="abs0001" class="author" view="all"><ce:section-title id="sctt0001">Abstract</ce:section-title><ce:abstract-sec id="abssec0001" view="all"><ce:simple-para id="sp0001" view="all">The indoor Visual Simultaneous Localization And Mapping (V-SLAM) dataset with various acquisition modalities has been created to evaluate the impact of acquisition modalities on the Visual SLAM algorithm&#x2019;s accuracy. The dataset contains different sequences acquired with different modalities, including RGB, IR, and depth images in passive stereo and active stereo modes. Each sequence is associated with a reference trajectory constructed with an Structure From Motion (SFM) and Multi View Stereo (MVS) library for comparison. Data were collected using an intrinsically calibrated Intel RealSense D435i camera. The RGB/IR and depth data are spatially aligned, and the stereo images are rectified. The dataset includes various areas, some with low brightness, with changes in brightness, wide, narrow and texture.</ce:simple-para></ce:abstract-sec></ce:abstract><ce:keywords id="keys0001" class="keyword" view="all"><ce:section-title id="sctt0002">Keywords</ce:section-title><ce:keyword id="key0002"><ce:text id="txt0001">Depth map</ce:text></ce:keyword><ce:keyword id="key0003"><ce:text id="txt0002">Indoor localization</ce:text></ce:keyword><ce:keyword id="key0004"><ce:text id="txt0003">RGB-D cameras</ce:text></ce:keyword><ce:keyword id="key0005"><ce:text id="txt0004">Robotics</ce:text></ce:keyword></ce:keywords></ja:head></ja:article></doc:document>
