<doc:document xmlns:doc="http://www.elsevier.com/xml/document/schema" xmlns:dp="http://www.elsevier.com/xml/common/doc-properties/schema" xmlns:cps="http://www.elsevier.com/xml/common/consyn-properties/schema" xmlns:rdf="http://www.w3.org/1999/02/22-rdf-syntax-ns#" xmlns:dct="http://purl.org/dc/terms/" xmlns:prism="http://prismstandard.org/namespaces/basic/2.0/" xmlns:oa="http://vtw.elsevier.com/data/ns/properties/OpenAccess-1/" xmlns:bam="http://vtw.elsevier.com/data/voc/ns/bam-vtw-1/" xmlns:cp="http://vtw.elsevier.com/data/ns/properties/Copyright-1/" xmlns:cja="http://www.elsevier.com/xml/cja/schema" xmlns:ja="http://www.elsevier.com/xml/ja/schema" xmlns:bk="http://www.elsevier.com/xml/bk/schema" xmlns:ce="http://www.elsevier.com/xml/common/schema" xmlns:mml="http://www.w3.org/1998/Math/MathML" xmlns:cals="http://www.elsevier.com/xml/common/cals/schema" xmlns:tb="http://www.elsevier.com/xml/common/table/schema" xmlns:sa="http://www.elsevier.com/xml/common/struct-aff/schema" xmlns:sb="http://www.elsevier.com/xml/common/struct-bib/schema" xmlns:xlink="http://www.w3.org/1999/xlink"><rdf:RDF><rdf:Description rdf:about="http://dx.doi.org/10.1016/j.hnm.2022.200141"><dct:format>application/xml</dct:format><dct:title>The role of micronutrients in the management of COIVD-19 and optimizing vaccine efficacy</dct:title><dct:creator>Noor Altooq</dct:creator><dct:creator>Ali Humood</dct:creator><dct:creator>Ahmed Alajaimi</dct:creator><dct:creator>Ahmad F. Alenezi</dct:creator><dct:creator>Mohamed Janahi</dct:creator><dct:creator>Omar AlHaj</dct:creator><dct:creator>Haitham Jahrami</dct:creator><dct:subject><rdf:Bag><rdf:li>Micronutrients</rdf:li><rdf:li>COVID-19</rdf:li><rdf:li>Vaccines</rdf:li><rdf:li>Probiotics</rdf:li><rdf:li>Telogen effluvium</rdf:li></rdf:Bag></dct:subject><dct:description>Human Nutrition &amp; Metabolism 27 (2022). doi:10.1016/j.hnm.2022.200141</dct:description><prism:aggregationType>journal</prism:aggregationType><prism:publicationName>Human Nutrition &amp; Metabolism</prism:publicationName><prism:copyright>&#169; 2022 The Authors. Published by Elsevier Inc.</prism:copyright><dct:publisher>Elsevier Inc.</dct:publisher><prism:issn>2666-1497</prism:issn><prism:volume>27</prism:volume><prism:coverDisplayDate>March 2022</prism:coverDisplayDate><prism:doi>10.1016/j.hnm.2022.200141</prism:doi><prism:url>http://dx.doi.org/10.1016/j.hnm.2022.200141</prism:url><dct:identifier>doi:10.1016/j.hnm.2022.200141</dct:identifier><bam:articleNumber>200141</bam:articleNumber><oa:openAccessInformation><oa:openAccessStatus xmlns:xsi="http://www.w3.org/2001/XMLSchema-instance">http://vtw.elsevier.com/data/voc/oa/OpenAccessStatus#Full</oa:openAccessStatus><oa:openAccessEffective xmlns:xsi="http://www.w3.org/2001/XMLSchema-instance">2022-01-22T16:25:49Z</oa:openAccessEffective><oa:sponsor xmlns:xsi="http://www.w3.org/2001/XMLSchema-instance"><oa:sponsorType>http://vtw.elsevier.com/data/voc/oa/SponsorType#Author</oa:sponsorType></oa:sponsor><oa:userLicense xmlns:xsi="http://www.w3.org/2001/XMLSchema-instance">http://creativecommons.org/licenses/by-nc-nd/4.0/</oa:userLicense></oa:openAccessInformation><cp:licenseLine xmlns:xsi="http://www.w3.org/2001/XMLSchema-instance">This is an open access article under the CC BY-NC-ND license.</cp:licenseLine></rdf:Description></rdf:RDF><dp:document-properties><dp:aggregation-type>Journals</dp:aggregation-type><dp:version-number>S250.1</dp:version-number></dp:document-properties><ja:article docsubtype="rev" version="5.6" xml:lang="en"><ja:item-info><ja:jid>HNM</ja:jid><ja:aid>200141</ja:aid><ce:article-number>200141</ce:article-number><ce:pii>S2666-1497(22)00004-4</ce:pii><ce:doi>10.1016/j.hnm.2022.200141</ce:doi><ce:copyright type="other" year="2022">The Authors</ce:copyright></ja:item-info><ja:head><ce:title id="title0010">The role of micronutrients in the management of COIVD-19 and optimizing vaccine efficacy</ce:title><ce:author-group id="augrp0010"><ce:author id="au1" orcid="0000-0003-4583-5768" author-id="S2666149722000044-dfe66fc5a8f9d29a2c04291f0a5e7068"><ce:given-name>Noor</ce:given-name><ce:surname>Altooq</ce:surname><ce:cross-ref refid="aff1"><ce:sup loc="post">a</ce:sup></ce:cross-ref><ce:cross-ref refid="cor1"><ce:sup loc="post">&#x2217;</ce:sup></ce:cross-ref><ce:cross-ref refid="fn1"><ce:sup loc="post">1</ce:sup></ce:cross-ref><ce:e-address type="email" xlink:href="mailto:nonatouq-98@live.com" id="eadd0010">nonatouq-98@live.com</ce:e-address></ce:author><ce:author id="au2" orcid="0000-0002-3044-3553" author-id="S2666149722000044-f7f97319f94955e7fae8ded2bc1c2b30"><ce:given-name>Ali</ce:given-name><ce:surname>Humood</ce:surname><ce:cross-ref refid="aff1"><ce:sup loc="post">a</ce:sup></ce:cross-ref><ce:cross-ref refid="fn1"><ce:sup loc="post">1</ce:sup></ce:cross-ref><ce:e-address type="email" xlink:href="mailto:alihumoodhasan@gmail.com" id="eadd0015">alihumoodhasan@gmail.com</ce:e-address></ce:author><ce:author id="au3" author-id="S2666149722000044-737c40973758c75f23304e6c5bab578b"><ce:given-name>Ahmed</ce:given-name><ce:surname>Alajaimi</ce:surname><ce:cross-ref refid="aff1"><ce:sup loc="post">a</ce:sup></ce:cross-ref><ce:cross-ref refid="fn1"><ce:sup loc="post">1</ce:sup></ce:cross-ref><ce:e-address type="email" xlink:href="mailto:Ballack_1001@hotmail.com" id="eadd0020">Ballack_1001@hotmail.com</ce:e-address></ce:author><ce:author id="au4" author-id="S2666149722000044-b56e7835eba06196b421670329dfec7f"><ce:given-name>Ahmad F.</ce:given-name><ce:surname>Alenezi</ce:surname><ce:cross-ref refid="aff1"><ce:sup loc="post">a</ce:sup></ce:cross-ref><ce:e-address type="email" xlink:href="mailto:Ahmadfse@outlook.com" id="eadd0025">Ahmadfse@outlook.com</ce:e-address></ce:author><ce:author id="au5" author-id="S2666149722000044-78f81eac33511a38ccc26907d08623c4"><ce:given-name>Mohamed</ce:given-name><ce:surname>Janahi</ce:surname><ce:cross-ref refid="aff1"><ce:sup loc="post">a</ce:sup></ce:cross-ref><ce:e-address type="email" xlink:href="mailto:mimjanahi@gmail.com" id="eadd0030">mimjanahi@gmail.com</ce:e-address></ce:author><ce:author id="au6" orcid="0000-0003-0082-3843" author-id="S2666149722000044-5d2194c16533406e6350315d2fff9732"><ce:given-name>Omar</ce:given-name><ce:surname>AlHaj</ce:surname><ce:cross-ref refid="aff2"><ce:sup loc="post">b</ce:sup></ce:cross-ref><ce:e-address type="email" xlink:href="mailto:Omar.alhaj@uop.edu.jo" id="eadd0035">Omar.alhaj@uop.edu.jo</ce:e-address></ce:author><ce:author id="au7" author-id="S2666149722000044-7eb8628190288d43a25922f4e49c9f4a"><ce:given-name>Haitham</ce:given-name><ce:surname>Jahrami</ce:surname><ce:cross-ref refid="aff1"><ce:sup loc="post">a</ce:sup></ce:cross-ref><ce:cross-ref refid="aff3"><ce:sup loc="post">c</ce:sup></ce:cross-ref><ce:e-address type="email" xlink:href="mailto:hjahrami@health.gov.bh" id="eadd0040">hjahrami@health.gov.bh</ce:e-address></ce:author><ce:affiliation id="aff1" affiliation-id="S2666149722000044-ed71c5e5e82feb893e897c941006aee8"><ce:label>a</ce:label><ce:textfn>College of Medicine and Medical Sciences, Arabian Gulf University, Manama, Bahrain</ce:textfn><sa:affiliation><sa:organization>College of Medicine and Medical Sciences</sa:organization><sa:organization>Arabian Gulf University</sa:organization><sa:city>Manama</sa:city><sa:country>Bahrain</sa:country></sa:affiliation><ce:source-text id="srct0010">College of Medicine and Medical Sciences, Arabian Gulf University, Manama, Bahrain</ce:source-text></ce:affiliation><ce:affiliation id="aff2" affiliation-id="S2666149722000044-647ae58ec172fddb1dab318cc8215b2c"><ce:label>b</ce:label><ce:textfn>Department of Nutrition, Faculty of Pharmacy and Medical Science, University of Petra, Amman, Jordan</ce:textfn><sa:affiliation><sa:organization>Department of Nutrition</sa:organization><sa:organization>Faculty of Pharmacy and Medical Science</sa:organization><sa:organization>University of Petra</sa:organization><sa:city>Amman</sa:city><sa:country>Jordan</sa:country></sa:affiliation><ce:source-text id="srct0015">Department of Nutrition, Faculty of Pharmacy and Medical Science, University of Petra, Amman, Jordan</ce:source-text></ce:affiliation><ce:affiliation id="aff3" affiliation-id="S2666149722000044-16b1a4215212b063e6badea7f269784a"><ce:label>c</ce:label><ce:textfn>Ministry of Health, Manama, Bahrain</ce:textfn><sa:affiliation><sa:organization>Ministry of Health</sa:organization><sa:city>Manama</sa:city><sa:country>Bahrain</sa:country></sa:affiliation><ce:source-text id="srct0020">Ministry of Health, Manama, Bahrain</ce:source-text></ce:affiliation><ce:correspondence id="cor1"><ce:label>&#x2217;</ce:label><ce:text>Corresponding author. College of Medicine and Medical Sciences, Arabian Gulf University, 26671 PO Box Manama, Bahrain.</ce:text><sa:affiliation><sa:organization>College of Medicine and Medical Sciences</sa:organization><sa:organization>Arabian Gulf University</sa:organization><sa:address-line>26671 PO Box</sa:address-line><sa:city>Manama</sa:city><sa:country>Bahrain</sa:country></sa:affiliation></ce:correspondence><ce:footnote id="fn1"><ce:label>1</ce:label><ce:note-para id="ntpara0010" view="all">These authors contributed equally to this work.</ce:note-para></ce:footnote></ce:author-group><ce:date-received day="17" month="7" year="2021"/><ce:date-revised day="13" month="1" year="2022"/><ce:date-accepted day="22" month="1" year="2022"/><ce:abstract xml:lang="en" id="abs0010" view="all" class="author"><ce:section-title id="sectitle0010">Abstract</ce:section-title><ce:abstract-sec id="abssec0010" view="all"><ce:simple-para id="abspara0010" view="all">Since COVID-19 was declared as a pandemic, a race between researchers has begun to deeply examine the mechanism of the virus and how to combat it. Few clinical investigations and studies have paid attention to the role of micronutrients in the disease's course and how it may affect the disease outcomes. Micronutrients have a noticeable effect on the host immune system regulation, as well as micronutrients insufficiencies where they can affect the host immune response against SARS-CoV-2 by, for example, altering the production and the function of the inflammatory cytokines such as IFN-&#x03b3;, IFN-&#x03b1;, TNF and interleukins. Recent studies have shown that low levels of vitamin D, vitamin C, vitamin A, zinc, selenium, copper and magnesium have a great clinical impact on COVID-19 patients, where, they are linked to prolong hospital stay, increase the mortality rate and raise the complications rate related not only to the respiratory system but also to the other systems. Optimizing the need for these micronutrients will act as a productive factor by decreasing the incidence of COVID-19 infection, lowering the rate of complications, and improving the disease prognosis and outcomes. Optimal micro-nutrition supports and contributes to the efficiency of COVID-19 vaccine. The aim of this review is to highlight the role of different micronutrients in the management of COVID-19 and optimizing vaccines, and to revile the clinical effects of micronutrients deficiencies on patients with COVID-19.</ce:simple-para></ce:abstract-sec></ce:abstract><ce:abstract class="author-highlights" xml:lang="en" id="abs0015" view="all"><ce:section-title id="sectitle0015">Highlights</ce:section-title><ce:abstract-sec id="abssec0015" view="all"><ce:simple-para id="abspara0015" view="all"><ce:list id="ulist0010"><ce:list-item id="u0010"><ce:label>&#x2022;</ce:label><ce:para id="p0010" view="all">Micronutrients level modulates host immune response against SARS-CoV-2.</ce:para></ce:list-item><ce:list-item id="u0015"><ce:label>&#x2022;</ce:label><ce:para id="p0015" view="all">Micronutrients deficiency impacts the clinical course of COVID-19.</ce:para></ce:list-item><ce:list-item id="u0020"><ce:label>&#x2022;</ce:label><ce:para id="p0020" view="all">High incidence of telogen effluvium with emergence of COVID-19.</ce:para></ce:list-item><ce:list-item id="u0025"><ce:label>&#x2022;</ce:label><ce:para id="p0025" view="all">Nutritional status predicts efficacy of COVID-19 vaccine.</ce:para></ce:list-item></ce:list></ce:simple-para></ce:abstract-sec></ce:abstract><ce:keywords xml:lang="en" id="kwrds0010" view="all" class="keyword"><ce:section-title id="sectitle0020">Keywords</ce:section-title><ce:keyword id="kwrd0010"><ce:text>Micronutrients</ce:text></ce:keyword><ce:keyword id="kwrd0015"><ce:text>COVID-19</ce:text></ce:keyword><ce:keyword id="kwrd0020"><ce:text>Vaccines</ce:text></ce:keyword><ce:keyword id="kwrd0025"><ce:text>Probiotics</ce:text></ce:keyword><ce:keyword id="kwrd0030"><ce:text>Telogen effluvium</ce:text></ce:keyword></ce:keywords></ja:head></ja:article></doc:document>
