<doc:document xmlns:doc="http://www.elsevier.com/xml/document/schema" xmlns:dp="http://www.elsevier.com/xml/common/doc-properties/schema" xmlns:cps="http://www.elsevier.com/xml/common/consyn-properties/schema" xmlns:rdf="http://www.w3.org/1999/02/22-rdf-syntax-ns#" xmlns:dct="http://purl.org/dc/terms/" xmlns:prism="http://prismstandard.org/namespaces/basic/2.0/" xmlns:oa="http://vtw.elsevier.com/data/ns/properties/OpenAccess-1/" xmlns:bam="http://vtw.elsevier.com/data/voc/ns/bam-vtw-1/" xmlns:cp="http://vtw.elsevier.com/data/ns/properties/Copyright-1/" xmlns:cja="http://www.elsevier.com/xml/cja/schema" xmlns:ja="http://www.elsevier.com/xml/ja/schema" xmlns:bk="http://www.elsevier.com/xml/bk/schema" xmlns:ce="http://www.elsevier.com/xml/common/schema" xmlns:mml="http://www.w3.org/1998/Math/MathML" xmlns:cals="http://www.elsevier.com/xml/common/cals/schema" xmlns:tb="http://www.elsevier.com/xml/common/table/schema" xmlns:sa="http://www.elsevier.com/xml/common/struct-aff/schema" xmlns:sb="http://www.elsevier.com/xml/common/struct-bib/schema" xmlns:xlink="http://www.w3.org/1999/xlink"><rdf:RDF><rdf:Description rdf:about="http://dx.doi.org/10.1016/j.hnm.2022.200140"><dct:format>application/xml</dct:format><dct:title>Association of weekend alcohol consumption with diet variables, body mass index, cardiovascular risk and sleep</dct:title><dct:creator>Mirta Crovetto</dct:creator><dct:creator>Macarena Valladares</dct:creator><dct:creator>Gloria O&#241;ate</dct:creator><dct:creator>Macarena Fern&#225;ndez</dct:creator><dct:creator>Francisco Mena</dct:creator><dct:creator>Samuel Dur&#225;n Ag&#252;ero</dct:creator><dct:creator>Valentina Espinoza</dct:creator><dct:subject><rdf:Bag><rdf:li>Body mass index</rdf:li><rdf:li>Diet</rdf:li><rdf:li>Alcohol consumption</rdf:li><rdf:li>Tobacco</rdf:li><rdf:li>Insomnia</rdf:li><rdf:li>Sleep latency</rdf:li></rdf:Bag></dct:subject><dct:description>Human Nutrition &amp; Metabolism, Journal Pre-proof. doi:10.1016/j.hnm.2022.200140</dct:description><prism:aggregationType>journal</prism:aggregationType><prism:publicationName>Human Nutrition &amp; Metabolism</prism:publicationName><prism:copyright>&#169; 2022 Published by Elsevier Inc.</prism:copyright><dct:publisher>Elsevier Inc.</dct:publisher><prism:issn>2666-1497</prism:issn><prism:doi>10.1016/j.hnm.2022.200140</prism:doi><prism:url>http://dx.doi.org/10.1016/j.hnm.2022.200140</prism:url><dct:identifier>doi:10.1016/j.hnm.2022.200140</dct:identifier><bam:articleNumber>200140</bam:articleNumber><oa:openAccessInformation><oa:openAccessStatus xmlns:xsi="http://www.w3.org/2001/XMLSchema-instance">http://vtw.elsevier.com/data/voc/oa/OpenAccessStatus#Full</oa:openAccessStatus><oa:openAccessEffective xmlns:xsi="http://www.w3.org/2001/XMLSchema-instance">2022-01-22T16:23:47Z</oa:openAccessEffective><oa:sponsor xmlns:xsi="http://www.w3.org/2001/XMLSchema-instance"><oa:sponsorType>http://vtw.elsevier.com/data/voc/oa/SponsorType#ElsevierWaived</oa:sponsorType></oa:sponsor><oa:userLicense xmlns:xsi="http://www.w3.org/2001/XMLSchema-instance">http://creativecommons.org/licenses/by-nc-nd/4.0/</oa:userLicense></oa:openAccessInformation><cp:licenseLine xmlns:xsi="http://www.w3.org/2001/XMLSchema-instance">This is an open access article under the CC BY-NC-ND license.</cp:licenseLine></rdf:Description></rdf:RDF><dp:document-properties><dp:aggregation-type>Journals</dp:aggregation-type><dp:version-number>S5.1</dp:version-number></dp:document-properties><ja:article docsubtype="fla" version="5.6" xml:lang="en"><ja:item-info><ja:jid>HNM</ja:jid><ja:aid>200140</ja:aid><ce:article-number>200140</ce:article-number><ce:pii>S2666-1497(22)00003-2</ce:pii><ce:doi>10.1016/j.hnm.2022.200140</ce:doi><ce:copyright type="unknown" year="2022"/></ja:item-info><ja:head><ce:title id="title0010">Association of weekend alcohol consumption with diet variables, body mass index, cardiovascular risk and sleep</ce:title><ce:author-group id="augrp0010"><ce:author id="au1" orcid="0000-0003-4724-4099" author-id="S2666149722000032-72104bb7035c3a128cbcd7d8ad3fb595"><ce:given-name>Mirta</ce:given-name><ce:surname>Crovetto</ce:surname><ce:cross-ref refid="aff1"><ce:sup loc="post">a</ce:sup></ce:cross-ref><ce:cross-ref refid="cor1"><ce:sup loc="post">&#x2217;</ce:sup></ce:cross-ref><ce:e-address type="email" xlink:href="mailto:mcrovetto@upla.cl" id="eadd0010">mcrovetto@upla.cl</ce:e-address></ce:author><ce:author id="au2" author-id="S2666149722000032-f56c99b7b3b964fe80af5c84e8d029cc"><ce:given-name>Macarena</ce:given-name><ce:surname>Valladares</ce:surname><ce:cross-ref refid="aff2"><ce:sup loc="post">b</ce:sup></ce:cross-ref><ce:e-address type="email" xlink:href="mailto:mvalladaresvega@gmail.com" id="eadd0015">mvalladaresvega@gmail.com</ce:e-address></ce:author><ce:author id="au3" author-id="S2666149722000032-cbe9a340ad969c19bf946a84bc6c29ac"><ce:given-name>Gloria</ce:given-name><ce:surname>O&#241;ate</ce:surname><ce:cross-ref refid="aff3"><ce:sup loc="post">c</ce:sup></ce:cross-ref><ce:e-address type="email" xlink:href="mailto:gloriaonate@gmail.com" id="eadd0020">gloriaonate@gmail.com</ce:e-address></ce:author><ce:author id="au4" author-id="S2666149722000032-739a3943a8172b81db9f2007fdc09d15"><ce:given-name>Macarena</ce:given-name><ce:surname>Fern&#225;ndez</ce:surname><ce:cross-ref refid="aff3"><ce:sup loc="post">c</ce:sup></ce:cross-ref><ce:e-address type="email" xlink:href="mailto:macarena.fernandez@autonoma.cl" id="eadd0025">macarena.fernandez@autonoma.cl</ce:e-address></ce:author><ce:author id="au5" author-id="S2666149722000032-ded5737862535e412d0384cec76e8ae5"><ce:given-name>Francisco</ce:given-name><ce:surname>Mena</ce:surname><ce:cross-ref refid="aff4"><ce:sup loc="post">d</ce:sup></ce:cross-ref><ce:e-address type="email" xlink:href="mailto:franromebol@gmail.com" id="eadd0030">franromebol@gmail.com</ce:e-address></ce:author><ce:author id="au6" author-id="S2666149722000032-d67e726d2a2e288ee21e8c582b4be8ea"><ce:given-name>Samuel</ce:given-name><ce:surname>Dur&#225;n Ag&#252;ero</ce:surname><ce:cross-ref refid="aff5"><ce:sup loc="post">e</ce:sup></ce:cross-ref><ce:e-address type="email" xlink:href="mailto:samuel.duran@uss.cl" id="eadd0035">samuel.duran@uss.cl</ce:e-address></ce:author><ce:author id="au7" author-id="S2666149722000032-4a27899f141d16a3c0236c4c606fb14c"><ce:given-name>Valentina</ce:given-name><ce:surname>Espinoza</ce:surname><ce:cross-ref refid="aff6"><ce:sup loc="post">f</ce:sup></ce:cross-ref><ce:e-address type="email" xlink:href="mailto:vespinoza@uct.cl" id="eadd0040">vespinoza@uct.cl</ce:e-address></ce:author><ce:affiliation id="aff1" affiliation-id="S2666149722000032-a9cc5aeb1f3ba7f6db67ca2fa5fdb345"><ce:label>a</ce:label><ce:textfn>Departamento de Salud, Comunidad y Gesti&#243;n. Facultad de Ciencias de la Salud, Centro de Estudios Avanzados, Universidad de Playa Ancha, Avenida Playa Ancha 850, Edificio Puntangeles, Valpara&#237;so, Chile</ce:textfn><sa:affiliation><sa:organization>Departamento de Salud</sa:organization><sa:organization>Comunidad y Gesti&#243;n. Facultad de Ciencias de la Salud</sa:organization><sa:organization>Centro de Estudios Avanzados</sa:organization><sa:organization>Universidad de Playa Ancha</sa:organization><sa:address-line>Avenida Playa Ancha 850</sa:address-line><sa:address-line>Edificio Puntangeles</sa:address-line><sa:city>Valpara&#237;so</sa:city><sa:country>Chile</sa:country></sa:affiliation><ce:source-text id="srct0010">. Departamento de Salud, Comunidad y Gestion. Facultad de Ciencias de la Salud. Centro de Estudios Avanzados. Universidad de Playa Ancha. Postal Address: Avenida Playa Ancha 850, Edificio Puntangeles, Valparaiso; Chile</ce:source-text></ce:affiliation><ce:affiliation id="aff2" affiliation-id="S2666149722000032-713f935c3f2911b25b7da533080c27af"><ce:label>b</ce:label><ce:textfn>Centro Integrativo de Biolog&#237;a y Qu&#237;mica Aplicada (CIBQA), Universidad Bernardo O'Higgins. Chile, Av. Viel 1497, Santiago, Regi&#243;n Metropolitana, Chile</ce:textfn><sa:affiliation><sa:organization>Centro Integrativo de Biolog&#237;a y Qu&#237;mica Aplicada (CIBQA)</sa:organization><sa:organization>Universidad Bernardo O'Higgins. Chile</sa:organization><sa:address-line>Av. Viel 1497</sa:address-line><sa:city>Santiago</sa:city><sa:state>Regi&#243;n Metropolitana</sa:state><sa:country>Chile</sa:country></sa:affiliation><ce:source-text id="srct0015">. Centro Integrativo de Biologia y Quimica Aplicada (CIBQA), Universidad Bernardo O&#x2019;Higgins. Chile. Postal Address: Av. Viel 1497, Santiago, Region Metropolitana; Chile</ce:source-text></ce:affiliation><ce:affiliation id="aff3" affiliation-id="S2666149722000032-d729a29f59c5cdc15728669a8ce52dbd"><ce:label>c</ce:label><ce:textfn>Universidad Aut&#243;noma de Chile, Carrera Nutrici&#243;n y Diet&#233;tica, Av. Pedro de Valdivia 425, Providencia, Regi&#243;n Metropolitana, Chile</ce:textfn><sa:affiliation><sa:organization>Universidad Aut&#243;noma de Chile</sa:organization><sa:organization>Carrera Nutrici&#243;n y Diet&#233;tica</sa:organization><sa:address-line>Av. Pedro de Valdivia 425</sa:address-line><sa:city>Providencia</sa:city><sa:state>Regi&#243;n Metropolitana</sa:state><sa:country>Chile</sa:country></sa:affiliation><ce:source-text id="srct0020">. Universidad Autonoma de Chile. Carrera Nutricion y Dietetica. Postal Address: Av. Pedro de Valdivia 425, Providencia, Region Metropolitana; Chile</ce:source-text></ce:affiliation><ce:affiliation id="aff4" affiliation-id="S2666149722000032-2b4b40b67bbcac9b098ef554ce0bad03"><ce:label>d</ce:label><ce:textfn>Universidad de Chile, Estudiante del Programa Doctorado en Nutrici&#243;n y Alimentos, INTA, Universidad de Chile, Chile</ce:textfn><sa:affiliation><sa:organization>Universidad de Chile</sa:organization><sa:organization>Estudiante del Programa Doctorado en Nutrici&#243;n y Alimentos</sa:organization><sa:organization>INTA</sa:organization><sa:organization>Universidad de Chile</sa:organization><sa:country>Chile</sa:country></sa:affiliation><ce:source-text id="srct0025">. Universidad de Chile. Estudiante del Programa Doctorado en Nutricion y Alimentos. INTA. Universidad de Chile</ce:source-text></ce:affiliation><ce:affiliation id="aff5" affiliation-id="S2666149722000032-21ba1ab2045886a9de97b73526aadd0e"><ce:label>e</ce:label><ce:textfn>Facultad de Ciencias Para el Cuidado de la Salud, Universidad San Sebasti&#225;n, Sede Los Leones, Lota 2465, Providencia, Chile</ce:textfn><sa:affiliation><sa:organization>Facultad de Ciencias Para el Cuidado de la Salud</sa:organization><sa:organization>Universidad San Sebasti&#225;n</sa:organization><sa:organization>Sede Los Leones</sa:organization><sa:address-line>Lota 2465</sa:address-line><sa:city>Providencia</sa:city><sa:country>Chile</sa:country></sa:affiliation><ce:source-text id="srct0030">. Facultad de Ciencias Para el Cuidado de la Salud. Universidad San Sebastian. Sede Los Leones. Postal Address: Lota 2465, Providencia; Chile</ce:source-text></ce:affiliation><ce:affiliation id="aff6" affiliation-id="S2666149722000032-71b02cfab54b6d3310836e2071fe9164"><ce:label>f</ce:label><ce:textfn>Departamento de Procesos Diagn&#243;sticos y Evaluaci&#243;n, Facultad de Ciencias de la Salud, Universidad Cat&#243;lica de Temuco, Temuco, Chile</ce:textfn><sa:affiliation><sa:organization>Departamento de Procesos Diagn&#243;sticos y Evaluaci&#243;n</sa:organization><sa:organization>Facultad de Ciencias de la Salud</sa:organization><sa:organization>Universidad Cat&#243;lica de Temuco</sa:organization><sa:city>Temuco</sa:city><sa:country>Chile</sa:country></sa:affiliation><ce:source-text id="srct0035">. Departamento de Procesos Diagnosticos y Evaluacion, Facultad de Ciencias de la Salud, Universidad Catolica de Temuco, Temuco, Chile</ce:source-text></ce:affiliation><ce:correspondence id="cor1"><ce:label>&#x2217;</ce:label><ce:text>Corresponding author.</ce:text></ce:correspondence></ce:author-group><ce:date-received day="10" month="6" year="2021"/><ce:date-revised day="16" month="12" year="2021"/><ce:date-accepted day="22" month="1" year="2022"/><ce:abstract xml:lang="en" id="abs0010" view="all" class="author"><ce:section-title id="sectitle0010">Abstract</ce:section-title><ce:abstract-sec role="background" id="abssec0010" view="all"><ce:section-title id="sectitle0015">Background</ce:section-title><ce:simple-para id="abspara0010" view="all">The transition from adolescence to adulthood is a critical stage of the life cycle in which risk behaviors are established or strengthened. The objective of this study is to associate weekend alcohol consumption with Body Mass Index (BMI), diet, sleep quality and tobacco use among Chilean university students, according to their gender.</ce:simple-para></ce:abstract-sec><ce:abstract-sec id="abssec0015" view="all"><ce:section-title id="sectitle0020">Methods</ce:section-title><ce:simple-para id="abspara0015" view="all">For this descriptive, cross-sectional study, a total of 1,455 students from 5 Chilean universities were evaluated. The sample was selected using a non-probabilistic approach. A self-administered questionnaire was used to determine dietary habits and insomnia; the Insomnia Severity Index was also used. An anthropometric evaluation was carried out to measure weight, height and waist circumference.</ce:simple-para></ce:abstract-sec><ce:abstract-sec role="results" id="abssec0020" view="all"><ce:section-title id="sectitle0025">Results</ce:section-title><ce:simple-para id="abspara0020" view="all">The sample was mostly female (78.0%) and 26.0% reported weekend alcohol consumption (35.7% of this 26.0% were male and 64.3% female). Students who consume alcohol have an overall higher score for unhealthy diet and insomnia, as compared to non-consumers. Among men, those who consumed alcohol reported a greater consumption of soft drinks, fried food and pizza; on the other hand, women who consumed alcohol had a greater consumption of pizza, fried food and cookies. No relationship was found between alcohol consumption and BMI or abdominal fat for the total sample or by gender.</ce:simple-para></ce:abstract-sec><ce:abstract-sec role="conclusion" id="abssec0025" view="all"><ce:section-title id="sectitle0030">Conclusion</ce:section-title><ce:simple-para id="abspara0025" view="all">In our sample of Chilean university students, weekend alcohol consumption was associated with an unhealthy diet and insomnia, however, we did not observe an association with BMI or abdominal fat.</ce:simple-para></ce:abstract-sec></ce:abstract><ce:abstract class="author-highlights" xml:lang="en" id="abs0015" view="all"><ce:section-title id="sectitle0035">Highlights</ce:section-title><ce:abstract-sec id="abssec0030" view="all"><ce:simple-para id="abspara0030" view="all"><ce:list id="ulist0010"><ce:list-item id="u0010"><ce:label>&#x2022;</ce:label><ce:para id="p0010" view="all">The stage of university training plays a significant role in the strengthening of dietary habits and lifestyles for future professionals.</ce:para></ce:list-item><ce:list-item id="u0015"><ce:label>&#x2022;</ce:label><ce:para id="p0015" view="all">University students who consumed alcohol had more insomnia and longer sleep latency than those who did not.</ce:para></ce:list-item><ce:list-item id="u0020"><ce:label>&#x2022;</ce:label><ce:para id="p0020" view="all">Alcohol consumers had an unhealthy diet. Specifically: men who consumed alcohol had a greater consumption of soft drinks, fried foods and pizza compared to non-consumers and women who drank alcohol, consumed more fried foods, pizza and cookies compared to those who did not.</ce:para></ce:list-item></ce:list></ce:simple-para></ce:abstract-sec></ce:abstract><ce:keywords xml:lang="en" id="kwrds0010" view="all" class="keyword"><ce:section-title id="sectitle0040">Keywords</ce:section-title><ce:keyword id="kwrd0010"><ce:text>Body mass index</ce:text></ce:keyword><ce:keyword id="kwrd0015"><ce:text>Diet</ce:text></ce:keyword><ce:keyword id="kwrd0020"><ce:text>Alcohol consumption</ce:text></ce:keyword><ce:keyword id="kwrd0025"><ce:text>Tobacco</ce:text></ce:keyword><ce:keyword id="kwrd0030"><ce:text>Insomnia</ce:text></ce:keyword><ce:keyword id="kwrd0035"><ce:text>Sleep latency</ce:text></ce:keyword></ce:keywords></ja:head></ja:article></doc:document>
