<doc:document xmlns:doc="http://www.elsevier.com/xml/document/schema" xmlns:dp="http://www.elsevier.com/xml/common/doc-properties/schema" xmlns:cps="http://www.elsevier.com/xml/common/consyn-properties/schema" xmlns:rdf="http://www.w3.org/1999/02/22-rdf-syntax-ns#" xmlns:dct="http://purl.org/dc/terms/" xmlns:prism="http://prismstandard.org/namespaces/basic/2.0/" xmlns:oa="http://vtw.elsevier.com/data/ns/properties/OpenAccess-1/" xmlns:bam="http://vtw.elsevier.com/data/voc/ns/bam-vtw-1/" xmlns:cp="http://vtw.elsevier.com/data/ns/properties/Copyright-1/" xmlns:cja="http://www.elsevier.com/xml/cja/schema" xmlns:ja="http://www.elsevier.com/xml/ja/schema" xmlns:bk="http://www.elsevier.com/xml/bk/schema" xmlns:ce="http://www.elsevier.com/xml/common/schema" xmlns:mml="http://www.w3.org/1998/Math/MathML" xmlns:cals="http://www.elsevier.com/xml/common/cals/schema" xmlns:tb="http://www.elsevier.com/xml/common/table/schema" xmlns:sa="http://www.elsevier.com/xml/common/struct-aff/schema" xmlns:sb="http://www.elsevier.com/xml/common/struct-bib/schema" xmlns:xlink="http://www.w3.org/1999/xlink"><rdf:RDF><rdf:Description rdf:about="http://dx.doi.org/10.1016/j.dib.2022.107847"><dct:format>application/xml</dct:format><dct:title>Dataset on the environmental and social footprint of the University of the Basque Country UPV/EHU</dct:title><dct:creator>Gorka Bueno</dct:creator><dct:creator>Maite de Blas</dct:creator><dct:creator>Estibaliz P&#233;rez-Iribarren</dct:creator><dct:creator>I&#241;aki Zuazo</dct:creator><dct:creator>Eduardo Torre-Pascual</dct:creator><dct:creator>Artitzar Erauskin</dct:creator><dct:creator>Iker Etxano</dct:creator><dct:creator>Unai Tamayo</dct:creator><dct:creator>Mar&#237;a Garc&#237;a</dct:creator><dct:creator>Ortzi Akizu-Gardoki</dct:creator><dct:creator>I&#241;igo Le&#243;n</dct:creator><dct:creator>Cristina Marieta</dct:creator><dct:creator>Estibaliz Saez de C&#225;mara</dct:creator><dct:creator>Gaizka Zulueta</dct:creator><dct:creator>Isaac Barrio</dct:creator><dct:subject><rdf:Bag><rdf:li>Organisation Environmental Footprint (OEF)</rdf:li><rdf:li>Organisational life cycle assessment (O-LCA)</rdf:li><rdf:li>Social organisational life cycle assessment (SO-LCA)</rdf:li><rdf:li>Higher education institution</rdf:li><rdf:li>Life cycle assessment (LCA)</rdf:li></rdf:Bag></dct:subject><dct:description>Data in Brief, Uncorrected proof. doi:10.1016/j.dib.2022.107847</dct:description><prism:aggregationType>journal</prism:aggregationType><prism:publicationName>Data in Brief</prism:publicationName><prism:copyright>&#169; 2022 The Author(s). Published by Elsevier Inc.</prism:copyright><dct:publisher>Elsevier Inc.</dct:publisher><prism:issn>2352-3409</prism:issn><prism:doi>10.1016/j.dib.2022.107847</prism:doi><prism:url>http://dx.doi.org/10.1016/j.dib.2022.107847</prism:url><dct:identifier>doi:10.1016/j.dib.2022.107847</dct:identifier><bam:articleNumber>107847</bam:articleNumber><oa:openAccessInformation><oa:openAccessStatus xmlns:xsi="http://www.w3.org/2001/XMLSchema-instance">http://vtw.elsevier.com/data/voc/oa/OpenAccessStatus#Full</oa:openAccessStatus><oa:openAccessEffective xmlns:xsi="http://www.w3.org/2001/XMLSchema-instance">2022-01-18T13:46:04Z</oa:openAccessEffective><oa:sponsor xmlns:xsi="http://www.w3.org/2001/XMLSchema-instance"><oa:sponsorName>Spain OA journals discount: 2021</oa:sponsorName><oa:sponsorType>http://vtw.elsevier.com/data/voc/oa/SponsorType#FundingBody</oa:sponsorType></oa:sponsor><oa:userLicense xmlns:xsi="http://www.w3.org/2001/XMLSchema-instance">http://creativecommons.org/licenses/by/4.0/</oa:userLicense></oa:openAccessInformation><cp:licenseLine xmlns:xsi="http://www.w3.org/2001/XMLSchema-instance">This is an open access article under the CC BY license.</cp:licenseLine></rdf:Description></rdf:RDF><dp:document-properties><dp:aggregation-type>Journals</dp:aggregation-type><dp:version-number>S100.1</dp:version-number></dp:document-properties><ja:article docsubtype="dat" version="5.6" xml:lang="en"><ja:item-info><ja:jid>DIB</ja:jid><ja:aid>107847</ja:aid><ce:article-number>107847</ce:article-number><ce:pii>S2352-3409(22)00059-2</ce:pii><ce:doi>10.1016/j.dib.2022.107847</ce:doi><ce:document-thread><ce:refers-to-document id="ref0001"><ce:pii>S0959-6526(21)02237-X</ce:pii><ce:doi>10.1016/j.jclepro.2021.128019</ce:doi></ce:refers-to-document></ce:document-thread><ce:copyright type="unknown" year="2022"/></ja:item-info><ja:head><ce:dochead id="dchd0001"><ce:textfn id="dhtxt0001">Data Article</ce:textfn></ce:dochead><ce:title id="tte0002">Dataset on the environmental and social footprint of the University of the Basque Country UPV/EHU</ce:title><ce:author-group id="aut0001"><ce:author id="au0001" author-id="S2352340922000592-920144e3b6e1dc07e6f71ea084e3d63e" orcid="0000-0003-3461-5567"><ce:given-name>Gorka</ce:given-name><ce:surname>Bueno</ce:surname><ce:cross-ref refid="cor0001"><ce:sup loc="post">&#x204e;</ce:sup></ce:cross-ref><ce:e-address id="ead0001" type="email" xlink:href="mailto:gorka.bueno@ehu.eus">gorka.bueno@ehu.eus</ce:e-address></ce:author><ce:author id="au0002" author-id="S2352340922000592-9bd25dc663636c968626e9550fc3c903"><ce:given-name>Maite</ce:given-name><ce:surname>de Blas</ce:surname></ce:author><ce:author id="au0003" author-id="S2352340922000592-cdb00a6b7643c691deb3c3a900990ca7" orcid="0000-0001-5200-4626"><ce:given-name>Estibaliz</ce:given-name><ce:surname>P&#233;rez-Iribarren</ce:surname></ce:author><ce:author id="au0004" author-id="S2352340922000592-8a30cf39e5ed759ac141ba3a91896cc9" orcid="0000-0003-2427-3946"><ce:given-name>I&#241;aki</ce:given-name><ce:surname>Zuazo</ce:surname></ce:author><ce:author id="au0005" author-id="S2352340922000592-0f2dc5c3828a46fd67ad74e0378a32e0" orcid="0000-0002-9868-9533"><ce:given-name>Eduardo</ce:given-name><ce:surname>Torre-Pascual</ce:surname></ce:author><ce:author id="au0006" author-id="S2352340922000592-c2181d704bccedd0714fd8d49e4d9899" orcid="0000-0002-4527-7180"><ce:given-name>Artitzar</ce:given-name><ce:surname>Erauskin</ce:surname></ce:author><ce:author id="au0007" author-id="S2352340922000592-416b9526a5c7fefc78ae1381644498d9" orcid="0000-0003-1782-464X"><ce:given-name>Iker</ce:given-name><ce:surname>Etxano</ce:surname></ce:author><ce:author id="au0008" author-id="S2352340922000592-e385721c5247ce222d93513e2a021a47" orcid="0000-0001-7356-8201"><ce:given-name>Unai</ce:given-name><ce:surname>Tamayo</ce:surname></ce:author><ce:author id="au0009" author-id="S2352340922000592-99f3aae469942056cb37e3d39f73ab0a"><ce:given-name>Mar&#237;a</ce:given-name><ce:surname>Garc&#237;a</ce:surname></ce:author><ce:author id="au0010" author-id="S2352340922000592-a8ec4ce4fdcdf1b3eeb29f93e46d7eb4" orcid="0000-0001-9018-1922"><ce:given-name>Ortzi</ce:given-name><ce:surname>Akizu-Gardoki</ce:surname></ce:author><ce:author id="au0011" author-id="S2352340922000592-bb51faf44bba7993752d6f55a996d561" orcid="0000-0002-5841-4113"><ce:given-name>I&#241;igo</ce:given-name><ce:surname>Le&#243;n</ce:surname></ce:author><ce:author id="au0012" author-id="S2352340922000592-59f0e04b2e2a5cf4543ff24ff50cfcfa"><ce:given-name>Cristina</ce:given-name><ce:surname>Marieta</ce:surname></ce:author><ce:author id="au0013" author-id="S2352340922000592-205d7cf40e66b1763b2812d5e2558e6e"><ce:given-name>Estibaliz</ce:given-name><ce:surname>Saez de C&#225;mara</ce:surname></ce:author><ce:author id="au0014" author-id="S2352340922000592-09575a65ad0895cfb46c49724620d2fc"><ce:given-name>Gaizka</ce:given-name><ce:surname>Zulueta</ce:surname></ce:author><ce:author id="au0015" author-id="S2352340922000592-77e707bb33ab9fe4d4f4f2610a239a07"><ce:given-name>Isaac</ce:given-name><ce:surname>Barrio</ce:surname></ce:author><ce:affiliation id="aff0001" affiliation-id="S2352340922000592-f3cddca78800ce7298d37e56d1b16c01"><ce:textfn id="cetextfn0001">University of the Basque Country UPV/EHU</ce:textfn><sa:affiliation><sa:organization>University of the Basque Country UPV/EHU</sa:organization></sa:affiliation><ce:source-text id="staff0001">University of the Basque Country UPV/EHU</ce:source-text></ce:affiliation><ce:correspondence id="cor0001"><ce:label>&#x204e;</ce:label><ce:text id="cetext0001">Corresponding author.</ce:text></ce:correspondence></ce:author-group><ce:date-received day="21" month="12" year="2021"/><ce:date-revised day="11" month="1" year="2022"/><ce:date-accepted day="17" month="1" year="2022"/><ce:abstract id="abs0001" view="all" class="author"><ce:section-title id="cesectitle0001">Abstract</ce:section-title><ce:abstract-sec id="abss0001" view="all"><ce:simple-para id="spara004" view="all">The organisational life cycle assessment (O-LCA) and the social organisational life cycle assessment (SO-LCA) of the University of the Basque Country UPV/EHU were conducted. The data presented in this paper support the calculation of the environmental and social footprint of the University of the Basque Country UPV/EHU for year 2016 [1], and may be used as a reference for future calculations of the environmental and social footprint of higher education institutions and other organisations.</ce:simple-para><ce:simple-para id="spara005" view="all">This dataset provides detailed information on the UPV/EHU and the boundaries considered; on the compilation and quantification of the life cycle inventory (LCI) &#x2013;which included a transport survey conducted in summer 2018&#x2013;; and on the modelling process followed for the calculation of the environmental and social footprints, based on the ecoinvent 3.3 database [2] and PSILCA-based Soca v1 add-on [3, 4], and carried out with the openLCA free software [5]. The dataset also includes the life cycle impact assessment (LCIA) results provided by the CML (baseline, 2015) [6] and ReCiPe (endpoint (H), 2008) [7] LCIA methods and post-processed social impacts provided by the Social Impacts Weighting Method [3], disaggregated by subprocesses and impact locations. Data is provided for the reference year (2016), and some aggregated data is also provided for alternative scenarios that were explored in order to check pathways to reduce social and environmental impacts of the academic activity of the UPV/EHU&#160;[1].</ce:simple-para></ce:abstract-sec></ce:abstract><ce:keywords id="keys0001" view="all" class="keyword"><ce:section-title id="cesectitle0002">Keywords</ce:section-title><ce:keyword id="key0001"><ce:text id="cetext0002">Organisation Environmental Footprint (OEF)</ce:text></ce:keyword><ce:keyword id="key0002"><ce:text id="cetext0003">Organisational life cycle assessment (O-LCA)</ce:text></ce:keyword><ce:keyword id="key0003"><ce:text id="cetext0004">Social organisational life cycle assessment (SO-LCA)</ce:text></ce:keyword><ce:keyword id="key0004"><ce:text id="cetext0005">Higher education institution</ce:text></ce:keyword><ce:keyword id="key0005"><ce:text id="cetext0006">Life cycle assessment (LCA)</ce:text></ce:keyword></ce:keywords></ja:head></ja:article></doc:document>
