<doc:document xmlns:doc="http://www.elsevier.com/xml/document/schema" xmlns:dp="http://www.elsevier.com/xml/common/doc-properties/schema" xmlns:cps="http://www.elsevier.com/xml/common/consyn-properties/schema" xmlns:rdf="http://www.w3.org/1999/02/22-rdf-syntax-ns#" xmlns:dct="http://purl.org/dc/terms/" xmlns:prism="http://prismstandard.org/namespaces/basic/2.0/" xmlns:oa="http://vtw.elsevier.com/data/ns/properties/OpenAccess-1/" xmlns:bam="http://vtw.elsevier.com/data/voc/ns/bam-vtw-1/" xmlns:cp="http://vtw.elsevier.com/data/ns/properties/Copyright-1/" xmlns:cja="http://www.elsevier.com/xml/cja/schema" xmlns:ja="http://www.elsevier.com/xml/ja/schema" xmlns:bk="http://www.elsevier.com/xml/bk/schema" xmlns:ce="http://www.elsevier.com/xml/common/schema" xmlns:mml="http://www.w3.org/1998/Math/MathML" xmlns:cals="http://www.elsevier.com/xml/common/cals/schema" xmlns:tb="http://www.elsevier.com/xml/common/table/schema" xmlns:sa="http://www.elsevier.com/xml/common/struct-aff/schema" xmlns:sb="http://www.elsevier.com/xml/common/struct-bib/schema" xmlns:xlink="http://www.w3.org/1999/xlink"><rdf:RDF><rdf:Description rdf:about="http://dx.doi.org/10.1016/j.dib.2021.107690"><dct:format>application/xml</dct:format><dct:title>Survey data on the social, personal, and work resources associated with work engagement among knowledge workers in Malaysia amid the COVID-19 pandemic</dct:title><dct:creator>Adedapo Oluwaseyi Ojo</dct:creator><dct:creator>Olawole Fawehinmi</dct:creator><dct:creator>Mohd Yusoff Yusliza</dct:creator><dct:subject><rdf:Bag><rdf:li>Resilience</rdf:li><rdf:li>Supervisor support</rdf:li><rdf:li>Family and friend support</rdf:li><rdf:li>Psychological empowerment</rdf:li><rdf:li>Facilitating conditions</rdf:li><rdf:li>Work engagement</rdf:li><rdf:li>COVID-19 pandemic</rdf:li></rdf:Bag></dct:subject><dct:description>Data in Brief 40 (2022). doi:10.1016/j.dib.2021.107690</dct:description><prism:aggregationType>journal</prism:aggregationType><prism:publicationName>Data in Brief</prism:publicationName><prism:copyright>&#169; 2021 The Authors. Published by Elsevier Inc.</prism:copyright><dct:publisher>Elsevier Inc.</dct:publisher><prism:issn>2352-3409</prism:issn><prism:volume>40</prism:volume><prism:coverDisplayDate>February 2022</prism:coverDisplayDate><prism:doi>10.1016/j.dib.2021.107690</prism:doi><prism:url>http://dx.doi.org/10.1016/j.dib.2021.107690</prism:url><dct:identifier>doi:10.1016/j.dib.2021.107690</dct:identifier><bam:articleNumber>107690</bam:articleNumber><oa:openAccessInformation><oa:openAccessStatus xmlns:xsi="http://www.w3.org/2001/XMLSchema-instance">http://vtw.elsevier.com/data/voc/oa/OpenAccessStatus#Full</oa:openAccessStatus><oa:openAccessEffective xmlns:xsi="http://www.w3.org/2001/XMLSchema-instance">2021-12-07T13:34:23Z</oa:openAccessEffective><oa:sponsor xmlns:xsi="http://www.w3.org/2001/XMLSchema-instance"><oa:sponsorType>http://vtw.elsevier.com/data/voc/oa/SponsorType#Author</oa:sponsorType></oa:sponsor><oa:userLicense xmlns:xsi="http://www.w3.org/2001/XMLSchema-instance">http://creativecommons.org/licenses/by/4.0/</oa:userLicense></oa:openAccessInformation><cp:licenseLine xmlns:xsi="http://www.w3.org/2001/XMLSchema-instance">This is an open access article under the CC BY license.</cp:licenseLine></rdf:Description></rdf:RDF><dp:document-properties><dp:aggregation-type>Journals</dp:aggregation-type><dp:version-number>S250.1</dp:version-number></dp:document-properties><ja:article docsubtype="dat" version="5.6" xml:lang="en"><ja:item-info><ja:jid>DIB</ja:jid><ja:aid>107690</ja:aid><ce:article-number>107690</ce:article-number><ce:pii>S2352-3409(21)00965-3</ce:pii><ce:doi>10.1016/j.dib.2021.107690</ce:doi><ce:copyright type="unknown" year="2021"/></ja:item-info><ja:head><ce:dochead id="dchd0001"><ce:textfn id="dhtxt0001">Data Article</ce:textfn></ce:dochead><ce:title id="tte0002">Survey data on the social, personal, and work resources associated with work engagement among knowledge workers in Malaysia amid the COVID-19 pandemic</ce:title><ce:author-group id="aut0001"><ce:author id="au0001" author-id="S2352340921009653-0409b3c5cd9525e157541a7cce312b57" orcid="0000-0002-9948-8733"><ce:given-name>Adedapo Oluwaseyi</ce:given-name><ce:surname>Ojo</ce:surname><ce:cross-ref refid="aff0001"><ce:sup loc="post">a</ce:sup></ce:cross-ref><ce:e-address id="ea3" type="social-media" xlink:href="https://twitter.com/adedapoolu_ojo">@adedapoolu_ojo</ce:e-address></ce:author><ce:author id="au0002" author-id="S2352340921009653-3860b7fa407ef62b14fbcbdc9eceaffe" orcid="0000-0002-2013-0369"><ce:given-name>Olawole</ce:given-name><ce:surname>Fawehinmi</ce:surname><ce:cross-ref refid="aff0002"><ce:sup loc="post">b</ce:sup></ce:cross-ref><ce:cross-ref refid="cor0001"><ce:sup loc="post">&#x204e;</ce:sup></ce:cross-ref><ce:e-address id="ead0001" type="email" xlink:href="mailto:olawolefawehinmi@umt.edu.my">olawolefawehinmi@umt.edu.my</ce:e-address></ce:author><ce:author id="au0003" author-id="S2352340921009653-1b93bf39194e7524491a5a5c48824329" orcid="0000-0003-3925-3737"><ce:given-name>Mohd Yusoff</ce:given-name><ce:surname>Yusliza</ce:surname><ce:cross-ref refid="aff0002"><ce:sup loc="post">b</ce:sup></ce:cross-ref></ce:author><ce:affiliation id="aff0001" affiliation-id="S2352340921009653-9c7224280ec84a0013b59d2ab6e8a93d"><ce:label>a</ce:label><ce:textfn id="cetextfn0001">Faculty of Management, Multimedia University, Cyberjaya 63100, Malaysia</ce:textfn><sa:affiliation><sa:organization>Faculty of Management</sa:organization><sa:organization>Multimedia University</sa:organization><sa:city>Cyberjaya</sa:city><sa:postal-code>63100</sa:postal-code><sa:country>Malaysia</sa:country></sa:affiliation><ce:source-text id="staff0001">aFaculty of Management, Multimedia University, Cyberjaya 63100, Malaysia</ce:source-text></ce:affiliation><ce:affiliation id="aff0002" affiliation-id="S2352340921009653-c7ee810334d527a060e74bbd9d6d2ad1"><ce:label>b</ce:label><ce:textfn id="cetextfn0002">Faculty of Business, Economics, and Social Development, Universiti Malaysia Terengganu, Kuala Nerus 21030, Malaysia</ce:textfn><sa:affiliation><sa:organization>Faculty of Business, Economics, and Social Development</sa:organization><sa:organization>Universiti Malaysia Terengganu</sa:organization><sa:city>Kuala Nerus</sa:city><sa:postal-code>21030</sa:postal-code><sa:country>Malaysia</sa:country></sa:affiliation><ce:source-text id="staff0002">bFaculty of Business, Economics, and Social Development, Universiti Malaysia Terengganu, Kuala Nerus 21030, Malaysia</ce:source-text></ce:affiliation><ce:correspondence id="cor0001"><ce:label>&#x204e;</ce:label><ce:text id="cetext0001">Corresponding author.</ce:text></ce:correspondence></ce:author-group><ce:date-received day="7" month="9" year="2021"/><ce:date-revised day="27" month="11" year="2021"/><ce:date-accepted day="7" month="12" year="2021"/><ce:abstract id="abs0001" view="all" class="author"><ce:section-title id="cesectitle0001">Abstract</ce:section-title><ce:abstract-sec id="abss0001" view="all"><ce:simple-para id="spara010" view="all">A regression analysis was conducted to assess the link between resilience, supervisor support, family and friend support, psychological empowerment, and facilitating conditions with work engagement using the Statistical Package of Social Sciences (SPSS) 26. This data was obtained from a cross-sectional survey of 259 knowledge workers in Malaysia. Specifically, this article provides data about the participants&#x2019; demographic characteristics and the descriptive data of participants&#x2019; responses. Further, the mean, standard deviation, reliability of the measured constructs, and regression analysis model summary are provided. This dataset offers suggestions to the top management in deducing ways to increase employees&#x2019; work engagement during the COVID-19 pandemic.</ce:simple-para></ce:abstract-sec></ce:abstract><ce:keywords id="keys0001" view="all" class="keyword"><ce:section-title id="cesectitle0002">Keywords</ce:section-title><ce:keyword id="key0001"><ce:text id="cetext0002">Resilience</ce:text></ce:keyword><ce:keyword id="key0002"><ce:text id="cetext0003">Supervisor support</ce:text></ce:keyword><ce:keyword id="key0003"><ce:text id="cetext0004">Family and friend support</ce:text></ce:keyword><ce:keyword id="key0004"><ce:text id="cetext0005">Psychological empowerment</ce:text></ce:keyword><ce:keyword id="key0005"><ce:text id="cetext0006">Facilitating conditions</ce:text></ce:keyword><ce:keyword id="key0006"><ce:text id="cetext0007">Work engagement</ce:text></ce:keyword><ce:keyword id="key0007"><ce:text id="cetext0008">COVID-19 pandemic</ce:text></ce:keyword></ce:keywords></ja:head></ja:article></doc:document>
