<doc:document xmlns:doc="http://www.elsevier.com/xml/document/schema" xmlns:dp="http://www.elsevier.com/xml/common/doc-properties/schema" xmlns:cps="http://www.elsevier.com/xml/common/consyn-properties/schema" xmlns:rdf="http://www.w3.org/1999/02/22-rdf-syntax-ns#" xmlns:dct="http://purl.org/dc/terms/" xmlns:prism="http://prismstandard.org/namespaces/basic/2.0/" xmlns:oa="http://vtw.elsevier.com/data/ns/properties/OpenAccess-1/" xmlns:bam="http://vtw.elsevier.com/data/voc/ns/bam-vtw-1/" xmlns:cp="http://vtw.elsevier.com/data/ns/properties/Copyright-1/" xmlns:cja="http://www.elsevier.com/xml/cja/schema" xmlns:ja="http://www.elsevier.com/xml/ja/schema" xmlns:bk="http://www.elsevier.com/xml/bk/schema" xmlns:ce="http://www.elsevier.com/xml/common/schema" xmlns:mml="http://www.w3.org/1998/Math/MathML" xmlns:cals="http://www.elsevier.com/xml/common/cals/schema" xmlns:tb="http://www.elsevier.com/xml/common/table/schema" xmlns:sa="http://www.elsevier.com/xml/common/struct-aff/schema" xmlns:sb="http://www.elsevier.com/xml/common/struct-bib/schema" xmlns:xlink="http://www.w3.org/1999/xlink"><rdf:RDF><rdf:Description rdf:about="http://dx.doi.org/10.1016/j.dib.2021.107708"><dct:format>application/xml</dct:format><dct:title>Exploration of RNA-Seq data to identify a potential pathogen of the leaf-mining moth, Stomphastis thraustica (Meyrick, 1908) (Lepidoptera: Gracillariidae)</dct:title><dct:creator>Kayvan Etebari</dct:creator><dct:creator>Dianne B.J. Taylor</dct:creator><dct:creator>Md. Mahbubur Rahman</dct:creator><dct:creator>Kunjithapatham Dhileepan</dct:creator><dct:creator>Michael J. Furlong</dct:creator><dct:creator>Sassan Asgari</dct:creator><dct:subject><rdf:Bag><rdf:li>Insect transcriptome</rdf:li><rdf:li>Insect pathology</rdf:li><rdf:li>Saccharomyces cerevisiae</rdf:li><rdf:li>Yeast</rdf:li><rdf:li>Bellyache bush</rdf:li><rdf:li>Weed biological control</rdf:li><rdf:li>Insect viruses</rdf:li></rdf:Bag></dct:subject><dct:description>Data in Brief 40 (2022). doi:10.1016/j.dib.2021.107708</dct:description><prism:aggregationType>journal</prism:aggregationType><prism:publicationName>Data in Brief</prism:publicationName><prism:copyright>Crown Copyright &#169; 2021 Published by Elsevier Inc.</prism:copyright><dct:publisher>Elsevier Inc.</dct:publisher><prism:issn>2352-3409</prism:issn><prism:volume>40</prism:volume><prism:coverDisplayDate>February 2022</prism:coverDisplayDate><prism:doi>10.1016/j.dib.2021.107708</prism:doi><prism:url>http://dx.doi.org/10.1016/j.dib.2021.107708</prism:url><dct:identifier>doi:10.1016/j.dib.2021.107708</dct:identifier><bam:articleNumber>107708</bam:articleNumber><oa:openAccessInformation><oa:openAccessStatus xmlns:xsi="http://www.w3.org/2001/XMLSchema-instance">http://vtw.elsevier.com/data/voc/oa/OpenAccessStatus#Full</oa:openAccessStatus><oa:openAccessEffective xmlns:xsi="http://www.w3.org/2001/XMLSchema-instance">2021-12-10T12:05:20Z</oa:openAccessEffective><oa:sponsor xmlns:xsi="http://www.w3.org/2001/XMLSchema-instance"><oa:sponsorName>Australian and New Zealand Institutes</oa:sponsorName><oa:sponsorType>http://vtw.elsevier.com/data/voc/oa/SponsorType#Author</oa:sponsorType></oa:sponsor><oa:userLicense xmlns:xsi="http://www.w3.org/2001/XMLSchema-instance">http://creativecommons.org/licenses/by-nc-nd/4.0/</oa:userLicense></oa:openAccessInformation><cp:licenseLine xmlns:xsi="http://www.w3.org/2001/XMLSchema-instance">This is an open access article under the CC BY-NC-ND license.</cp:licenseLine></rdf:Description></rdf:RDF><dp:document-properties><dp:aggregation-type>Journals</dp:aggregation-type><dp:version-number>S300.1</dp:version-number></dp:document-properties><ja:article docsubtype="dat" version="5.6" xml:lang="en"><ja:item-info><ja:jid>DIB</ja:jid><ja:aid>107708</ja:aid><ce:article-number>107708</ce:article-number><ce:pii>S2352-3409(21)00983-5</ce:pii><ce:doi>10.1016/j.dib.2021.107708</ce:doi><ce:copyright type="crown" year="2021"/></ja:item-info><ja:head><ce:dochead id="dchd0001"><ce:textfn id="dhtxt0001">Data Article</ce:textfn></ce:dochead><ce:title id="tte0002">Exploration of RNA-Seq data to identify a potential pathogen of the leaf-mining moth, <ce:italic>Stomphastis thraustica</ce:italic> (Meyrick, 1908) (Lepidoptera: Gracillariidae)</ce:title><ce:author-group id="aut0001"><ce:author id="au0001" author-id="S2352340921009835-53f83ace902b3f09301b0c0efe2cb89b" orcid="0000-0001-5213-6362"><ce:given-name>Kayvan</ce:given-name><ce:surname>Etebari</ce:surname><ce:cross-ref refid="aff0001"><ce:sup loc="post">a</ce:sup></ce:cross-ref><ce:cross-ref refid="cor0001"><ce:sup loc="post">&#x204e;</ce:sup></ce:cross-ref><ce:e-address id="ead0001" type="email" xlink:href="mailto:k.etebari@uq.edu.au">k.etebari@uq.edu.au</ce:e-address><ce:e-address id="ea3" type="social-media" xlink:href="https://twitter.com/EtebariK">@EtebariK</ce:e-address></ce:author><ce:author id="au0002" author-id="S2352340921009835-df5455990b6fbff218e4407556b24bbb" orcid="0000-0002-4798-441X"><ce:given-name>Dianne B.J.</ce:given-name><ce:surname>Taylor</ce:surname><ce:cross-ref refid="aff0002"><ce:sup loc="post">b</ce:sup></ce:cross-ref></ce:author><ce:author id="au0003" author-id="S2352340921009835-27df7d5ddb28de19c8c163d228cd3388" orcid="0000-0002-0821-0577"><ce:given-name>Md. Mahbubur</ce:given-name><ce:surname>Rahman</ce:surname><ce:cross-ref refid="aff0002"><ce:sup loc="post">b</ce:sup></ce:cross-ref></ce:author><ce:author id="au0004" author-id="S2352340921009835-81aa882966081efb5c8b3226cc2eb1ba" orcid="0000-0001-7232-0861"><ce:given-name>Kunjithapatham</ce:given-name><ce:surname>Dhileepan</ce:surname><ce:cross-ref refid="aff0002"><ce:sup loc="post">b</ce:sup></ce:cross-ref></ce:author><ce:author id="au0005" author-id="S2352340921009835-b29067a6636e2ea5f650198c01927973"><ce:given-name>Michael J.</ce:given-name><ce:surname>Furlong</ce:surname><ce:cross-ref refid="aff0001"><ce:sup loc="post">a</ce:sup></ce:cross-ref></ce:author><ce:author id="au0006" author-id="S2352340921009835-2eeff9a4e5f2e394b7d751bf2b7c89a0"><ce:given-name>Sassan</ce:given-name><ce:surname>Asgari</ce:surname><ce:cross-ref refid="aff0001"><ce:sup loc="post">a</ce:sup></ce:cross-ref><ce:e-address id="ea3a" type="social-media" xlink:href="https://twitter.com/SassanAsgari">@SassanAsgari</ce:e-address></ce:author><ce:affiliation id="aff0001" affiliation-id="S2352340921009835-88ea6ded2a989b2ebc5651f420009303"><ce:label>a</ce:label><ce:textfn id="cetextfn0001">School of Biological Sciences, The University of Queensland, St. Lucia, QLD 4072, Australia</ce:textfn><sa:affiliation><sa:organization>School of Biological Sciences</sa:organization><sa:organization>The University of Queensland</sa:organization><sa:city>St. Lucia</sa:city><sa:state>QLD</sa:state><sa:postal-code>4072</sa:postal-code><sa:country>Australia</sa:country></sa:affiliation><ce:source-text id="staff0001">aSchool of Biological Sciences, The University of Queensland, St. Lucia, QLD 4072, Australia</ce:source-text></ce:affiliation><ce:affiliation id="aff0002" affiliation-id="S2352340921009835-a583b395bfc829bcf8701ac3b6a99a90"><ce:label>b</ce:label><ce:textfn id="cetextfn0002">Biosecurity Queensland, Department of Agriculture and Fisheries, Ecosciences Precinct, Boggo Road, Dutton Park, QLD 4102, Australia</ce:textfn><sa:affiliation><sa:organization>Biosecurity Queensland</sa:organization><sa:organization>Department of Agriculture and Fisheries</sa:organization><sa:organization>Ecosciences Precinct</sa:organization><sa:address-line>Boggo Road</sa:address-line><sa:city>Dutton Park</sa:city><sa:state>QLD</sa:state><sa:postal-code>4102</sa:postal-code><sa:country>Australia</sa:country></sa:affiliation><ce:source-text id="staff0002">bBiosecurity Queensland, Department of Agriculture and Fisheries, Ecosciences Precinct, Boggo Road, Dutton Park, QLD 4102, Australia</ce:source-text></ce:affiliation><ce:correspondence id="cor0001"><ce:label>&#x204e;</ce:label><ce:text id="cetext0001">Corresponding author at: School of Biological Sciences, Goddard Building, The University of Queensland, St. Lucia, QLD 4072, Australia.</ce:text><sa:affiliation><sa:organization>School of Biological Sciences</sa:organization><sa:organization>The University of Queensland</sa:organization><sa:address-line>Goddard Building</sa:address-line><sa:city>St&#160;St. Lucia,</sa:city><sa:state>QLD</sa:state><sa:postal-code>4072</sa:postal-code><sa:country>Australia</sa:country></sa:affiliation></ce:correspondence></ce:author-group><ce:date-received day="13" month="10" year="2021"/><ce:date-revised day="3" month="12" year="2021"/><ce:date-accepted day="9" month="12" year="2021"/><ce:abstract id="abs0001" view="all" class="author"><ce:section-title id="cesectitle0001">Abstract</ce:section-title><ce:abstract-sec id="abss0001" view="all"><ce:simple-para id="spara005" view="all">The leaf-mining moth, <ce:italic>Stomphastis thraustica</ce:italic> (Meyrick, 1908) was imported to Australia as a potential biological control agent of an exotic weed, bellyache bush (<ce:italic>Jatropha gossypiifolia</ce:italic>), from Peru. The insect colony has been maintained in the quarantine facility for over eight years but recently, significant mortality was observed in the culture. The larvae demonstrated swollen intersegments with a fragile integument. The infected larvae are cloudy muted green or yellowish whereas a healthy late instar larva is a vivid green. They slowly dehydrate and eventually die, at which point the larval body becomes rubbery and turns to black. We used next generation sequencing to identify the cause of mortality in the insects. Total RNA was extracted from 20 larvae in two cohorts, one with and one without apparent symptoms of disease, for deep sequencing on NovaSeq platform after eukaryote ribosomal RNA depletion. We identified several non-insect sequences belonging to viruses, bacteria, and fungi, but none of those showed significant abundance or enrichment in the infected dataset. The sequences related to a unicellular yeast, <ce:italic>Saccharomyces cerevisiae</ce:italic>, and they were among the highly expressed non-insect contigs; more than 5% of reads in both libraries mapped to the genome of this opportunistic microorganism.</ce:simple-para></ce:abstract-sec></ce:abstract><ce:keywords id="keys0001" view="all" class="keyword"><ce:section-title id="cesectitle0002">Keywords</ce:section-title><ce:keyword id="key0001"><ce:text id="cetext0002">Insect transcriptome</ce:text></ce:keyword><ce:keyword id="key0002"><ce:text id="cetext0003">Insect pathology</ce:text></ce:keyword><ce:keyword id="key0003"><ce:text id="cetext0004"><ce:italic>Saccharomyces cerevisiae</ce:italic></ce:text></ce:keyword><ce:keyword id="key0004"><ce:text id="cetext0005">Yeast</ce:text></ce:keyword><ce:keyword id="key0005"><ce:text id="cetext0006">Bellyache bush</ce:text></ce:keyword><ce:keyword id="key0006"><ce:text id="cetext0007">Weed biological control</ce:text></ce:keyword><ce:keyword id="key0007"><ce:text id="cetext0008">Insect viruses</ce:text></ce:keyword></ce:keywords></ja:head></ja:article></doc:document>
