<doc:document xmlns:doc="http://www.elsevier.com/xml/document/schema" xmlns:dp="http://www.elsevier.com/xml/common/doc-properties/schema" xmlns:cps="http://www.elsevier.com/xml/common/consyn-properties/schema" xmlns:rdf="http://www.w3.org/1999/02/22-rdf-syntax-ns#" xmlns:dct="http://purl.org/dc/terms/" xmlns:prism="http://prismstandard.org/namespaces/basic/2.0/" xmlns:oa="http://vtw.elsevier.com/data/ns/properties/OpenAccess-1/" xmlns:bam="http://vtw.elsevier.com/data/voc/ns/bam-vtw-1/" xmlns:cp="http://vtw.elsevier.com/data/ns/properties/Copyright-1/" xmlns:cja="http://www.elsevier.com/xml/cja/schema" xmlns:ja="http://www.elsevier.com/xml/ja/schema" xmlns:bk="http://www.elsevier.com/xml/bk/schema" xmlns:ce="http://www.elsevier.com/xml/common/schema" xmlns:mml="http://www.w3.org/1998/Math/MathML" xmlns:cals="http://www.elsevier.com/xml/common/cals/schema" xmlns:tb="http://www.elsevier.com/xml/common/table/schema" xmlns:sa="http://www.elsevier.com/xml/common/struct-aff/schema" xmlns:sb="http://www.elsevier.com/xml/common/struct-bib/schema" xmlns:xlink="http://www.w3.org/1999/xlink"><rdf:RDF><rdf:Description rdf:about="http://dx.doi.org/10.1016/j.dib.2021.107680"><dct:format>application/xml</dct:format><dct:title>Scalp EEG recordings of pediatric epilepsy patients: A dataset for automatic detection of interictal epileptiform discharges from routine EEG</dct:title><dct:creator>Fasil OK</dct:creator><dct:creator>Rajesh R</dct:creator><dct:creator>Rajith K. Ravindren</dct:creator><dct:subject><rdf:Bag><rdf:li>Electroencephalography</rdf:li><rdf:li>Routine EEG data</rdf:li><rdf:li>Interictal epileptiform discharges</rdf:li><rdf:li>Epilepsy detection</rdf:li><rdf:li>Pediatric epilepsy patients</rdf:li></rdf:Bag></dct:subject><dct:description>Data in Brief 39 (2021). doi:10.1016/j.dib.2021.107680</dct:description><prism:aggregationType>journal</prism:aggregationType><prism:publicationName>Data in Brief</prism:publicationName><prism:copyright>&#169; 2021 The Authors. Published by Elsevier Inc.</prism:copyright><dct:publisher>Elsevier Inc.</dct:publisher><prism:issn>2352-3409</prism:issn><prism:volume>39</prism:volume><prism:coverDisplayDate>December 2021</prism:coverDisplayDate><prism:doi>10.1016/j.dib.2021.107680</prism:doi><prism:url>http://dx.doi.org/10.1016/j.dib.2021.107680</prism:url><dct:identifier>doi:10.1016/j.dib.2021.107680</dct:identifier><bam:articleNumber>107680</bam:articleNumber><oa:openAccessInformation><oa:openAccessStatus xmlns:xsi="http://www.w3.org/2001/XMLSchema-instance">http://vtw.elsevier.com/data/voc/oa/OpenAccessStatus#Full</oa:openAccessStatus><oa:openAccessEffective xmlns:xsi="http://www.w3.org/2001/XMLSchema-instance">2021-12-03T18:24:29Z</oa:openAccessEffective><oa:sponsor xmlns:xsi="http://www.w3.org/2001/XMLSchema-instance"><oa:sponsorType>http://vtw.elsevier.com/data/voc/oa/SponsorType#ElsevierWaived</oa:sponsorType></oa:sponsor><oa:userLicense xmlns:xsi="http://www.w3.org/2001/XMLSchema-instance">http://creativecommons.org/licenses/by/4.0/</oa:userLicense></oa:openAccessInformation><cp:licenseLine xmlns:xsi="http://www.w3.org/2001/XMLSchema-instance">This is an open access article under the CC BY license.</cp:licenseLine></rdf:Description></rdf:RDF><dp:document-properties><dp:aggregation-type>Journals</dp:aggregation-type><dp:version-number>S300.1</dp:version-number></dp:document-properties><ja:article docsubtype="dat" xml:lang="en" version="5.6"><ja:item-info><ja:jid>DIB</ja:jid><ja:aid>107680</ja:aid><ce:article-number>107680</ce:article-number><ce:pii>S2352-3409(21)00955-0</ce:pii><ce:doi>10.1016/j.dib.2021.107680</ce:doi><ce:copyright type="unknown" year="2021"/></ja:item-info><ja:head><ce:dochead id="dh1"><ce:textfn id="textfn0001">Data Article</ce:textfn></ce:dochead><ce:title id="ct0001">Scalp EEG recordings of pediatric epilepsy patients: A dataset for automatic detection of interictal epileptiform discharges from routine EEG</ce:title><ce:short-title id="stitle0010">Scalp EEG recordings of pediatric epilepsy patients: A dataset for automatic detection of interictal epileptiform discharges from routine EEG</ce:short-title><ce:author-group id="aut0001"><ce:author id="au0001" author-id="S2352340921009550-2e51295eb1529540401920121500b4aa"><ce:given-name>Fasil</ce:given-name><ce:surname>OK</ce:surname><ce:contributor-role role="http://credit.niso.org/contributor-roles/methodology">Methodology</ce:contributor-role><ce:contributor-role role="http://credit.niso.org/contributor-roles/conceptualization">Conceptualization</ce:contributor-role><ce:contributor-role role="http://credit.niso.org/contributor-roles/data-curation">Data curation</ce:contributor-role><ce:contributor-role role="http://credit.niso.org/contributor-roles/formal-analysis">Formal analysis</ce:contributor-role><ce:contributor-role role="http://credit.niso.org/contributor-roles/writing-original-draft">Writing &#x2013; original draft</ce:contributor-role><ce:contributor-role role="http://credit.niso.org/contributor-roles/writing-review-editing">Writing &#x2013; review &amp; editing</ce:contributor-role><ce:cross-ref refid="aff0001"><ce:sup loc="post">a</ce:sup></ce:cross-ref><ce:cross-ref refid="cor0001"><ce:sup loc="post">&#x204e;</ce:sup></ce:cross-ref><ce:e-address type="email" xlink:href="mailto:fasilok92@gmail.com" id="ead0001">fasilok92@gmail.com</ce:e-address><ce:e-address type="email" xlink:href="mailto:fasil@cukerala.ac.in" id="ead0002">fasil@cukerala.ac.in</ce:e-address></ce:author><ce:author id="au0002" author-id="S2352340921009550-f0d73e8b315508335f95933571772a17"><ce:given-name>Rajesh</ce:given-name><ce:surname>R</ce:surname><ce:contributor-role role="http://credit.niso.org/contributor-roles/methodology">Methodology</ce:contributor-role><ce:contributor-role role="http://credit.niso.org/contributor-roles/conceptualization">Conceptualization</ce:contributor-role><ce:contributor-role role="http://credit.niso.org/contributor-roles/data-curation">Data curation</ce:contributor-role><ce:contributor-role role="http://credit.niso.org/contributor-roles/formal-analysis">Formal analysis</ce:contributor-role><ce:contributor-role role="http://credit.niso.org/contributor-roles/writing-original-draft">Writing &#x2013; original draft</ce:contributor-role><ce:contributor-role role="http://credit.niso.org/contributor-roles/writing-review-editing">Writing &#x2013; review &amp; editing</ce:contributor-role><ce:contributor-role role="http://credit.niso.org/contributor-roles/supervision">Supervision</ce:contributor-role><ce:cross-ref refid="aff0001"><ce:sup loc="post">a</ce:sup></ce:cross-ref></ce:author><ce:author id="au0003" author-id="S2352340921009550-3ece082131c11772db3b1fef58f28e6e"><ce:given-name>Rajith K.</ce:given-name><ce:surname>Ravindren</ce:surname><ce:contributor-role role="http://credit.niso.org/contributor-roles/data-curation">Data curation</ce:contributor-role><ce:contributor-role role="http://credit.niso.org/contributor-roles/visualization">Visualization</ce:contributor-role><ce:contributor-role role="http://credit.niso.org/contributor-roles/investigation">Investigation</ce:contributor-role><ce:contributor-role role="http://credit.niso.org/contributor-roles/writing-review-editing">Writing &#x2013; review &amp; editing</ce:contributor-role><ce:cross-ref refid="aff0002"><ce:sup loc="post">b</ce:sup></ce:cross-ref></ce:author><ce:affiliation id="aff0001" affiliation-id="S2352340921009550-d9d70ed3ac9a07ddf07c1e82449b0015"><ce:label>a</ce:label><ce:textfn id="textfn0002">Department of Computer Science, Central University of Kerala, Kasaragod, Kerala, India</ce:textfn><sa:affiliation><sa:organization>Department of Computer Science</sa:organization><sa:organization>Central University of Kerala</sa:organization><sa:city>Kasaragod</sa:city><sa:state>Kerala</sa:state><sa:country>India</sa:country></sa:affiliation><ce:source-text id="st0001">Department of Computer Science, Central University of Kerala, Kasaragod, Kerala, India</ce:source-text></ce:affiliation><ce:affiliation id="aff0002" affiliation-id="S2352340921009550-1c2ce4e781f246c8fa9673f251eb1b62"><ce:label>b</ce:label><ce:textfn id="textfn0003">Institute of Mental Health and Neurosciences, Kozhikode, Kerala, India</ce:textfn><sa:affiliation><sa:organization>Institute of Mental Health and Neurosciences</sa:organization><sa:city>Kozhikode</sa:city><sa:state>Kerala</sa:state><sa:country>India</sa:country></sa:affiliation><ce:source-text id="st0002">Institute of Mental Health and Neurosciences, Kozhikode, Kerala, India</ce:source-text></ce:affiliation><ce:correspondence id="cor0001"><ce:label>&#x204e;</ce:label><ce:text id="cor1">Corresponding author.</ce:text></ce:correspondence></ce:author-group><ce:date-received day="5" month="8" year="2021"/><ce:date-revised day="9" month="11" year="2021"/><ce:date-accepted day="2" month="12" year="2021"/><ce:abstract id="abs0001" class="author" view="all"><ce:section-title id="sctt0001">Abstract</ce:section-title><ce:abstract-sec id="abssec0001" view="all"><ce:simple-para id="sp0001" view="all">Interictal Epileptiform Discharges (IEDs) in routine EEG is crucial evidence of epilepsy in one patient. Though some studies have reported on automated detection of IEDs, the availability of open benchmark datasets for evaluating these methods is limited. This article presents a scalp EEG dataset of pediatric epilepsy patients. The dataset contains 19 channel EEG recordings of 21 subjects who are advised to undergo routine EEG tests to diagnose epilepsy. Among these 21 subjects, IEDs are found in EEG recordings of 11 subjects as confirmed by neurologists. The routine EEG recordings of the remaining 10 subjects are free from IEDs. A 32 channel EEG machine is used to record the routine EEG, and an international 10-20 electrode placement system is used to place the electrodes on the subject&#x2019;s scalp. A longitudinal bipolar montage channel configuration is used to collect the signals. IEDs present in routine EEG of epileptic patients are annotated by a neuro-technician and are provided with the dataset. The raw EEG data is further segmented into 10&#160;s epochs based on the annotations for easy analysis and validation in automated IED detection systems. These 10&#160;s epochs are also included in the dataset. The dataset is very useful for modeling novel automated IED detection systems that reduce the burdens of neurologists or neurophysiologists. In addition, the usability of the proposed dataset has also been experimented on a model based on exponential energy and support vector machine. The classification performance of the model indicates that the proposed dataset can be used as a benchmark dataset for automated IED detection.</ce:simple-para></ce:abstract-sec></ce:abstract><ce:keywords id="keys0001" class="keyword" view="all"><ce:section-title id="sctt0002">Keywords</ce:section-title><ce:keyword id="key0002"><ce:text id="txt0001">Electroencephalography</ce:text></ce:keyword><ce:keyword id="key0003"><ce:text id="txt0002">Routine EEG data</ce:text></ce:keyword><ce:keyword id="key0004"><ce:text id="txt0003">Interictal epileptiform discharges</ce:text></ce:keyword><ce:keyword id="key0005"><ce:text id="txt0004">Epilepsy detection</ce:text></ce:keyword><ce:keyword id="key0006"><ce:text id="txt0005">Pediatric epilepsy patients</ce:text></ce:keyword></ce:keywords></ja:head></ja:article></doc:document>
