<doc:document xmlns:doc="http://www.elsevier.com/xml/document/schema" xmlns:dp="http://www.elsevier.com/xml/common/doc-properties/schema" xmlns:cps="http://www.elsevier.com/xml/common/consyn-properties/schema" xmlns:rdf="http://www.w3.org/1999/02/22-rdf-syntax-ns#" xmlns:dct="http://purl.org/dc/terms/" xmlns:prism="http://prismstandard.org/namespaces/basic/2.0/" xmlns:oa="http://vtw.elsevier.com/data/ns/properties/OpenAccess-1/" xmlns:bam="http://vtw.elsevier.com/data/voc/ns/bam-vtw-1/" xmlns:cp="http://vtw.elsevier.com/data/ns/properties/Copyright-1/" xmlns:cja="http://www.elsevier.com/xml/cja/schema" xmlns:ja="http://www.elsevier.com/xml/ja/schema" xmlns:bk="http://www.elsevier.com/xml/bk/schema" xmlns:ce="http://www.elsevier.com/xml/common/schema" xmlns:mml="http://www.w3.org/1998/Math/MathML" xmlns:cals="http://www.elsevier.com/xml/common/cals/schema" xmlns:tb="http://www.elsevier.com/xml/common/table/schema" xmlns:sa="http://www.elsevier.com/xml/common/struct-aff/schema" xmlns:sb="http://www.elsevier.com/xml/common/struct-bib/schema" xmlns:xlink="http://www.w3.org/1999/xlink"><rdf:RDF><rdf:Description rdf:about="http://dx.doi.org/10.1016/j.dib.2021.107469"><dct:format>application/xml</dct:format><dct:title>Method of contraception and risk of ovarian cancer data</dct:title><dct:creator>Jacqueline Chesang</dct:creator><dct:creator>Ann Richardson</dct:creator><dct:creator>John Potter</dct:creator><dct:creator>Mary Sneyd</dct:creator><dct:creator>Pat Coope</dct:creator><dct:subject><rdf:Bag><rdf:li>Ovarian cancer</rdf:li><rdf:li>DMPA</rdf:li><rdf:li>Vasectomy</rdf:li><rdf:li>IUDs</rdf:li><rdf:li>Tubal ligation</rdf:li><rdf:li>Contraceptives</rdf:li></rdf:Bag></dct:subject><dct:description>Data in Brief 39 (2021). doi:10.1016/j.dib.2021.107469</dct:description><prism:aggregationType>journal</prism:aggregationType><prism:publicationName>Data in Brief</prism:publicationName><prism:copyright>&#169; 2021 The Authors. Published by Elsevier Inc.</prism:copyright><dct:publisher>Elsevier Inc.</dct:publisher><prism:issn>2352-3409</prism:issn><prism:volume>39</prism:volume><prism:coverDisplayDate>December 2021</prism:coverDisplayDate><prism:doi>10.1016/j.dib.2021.107469</prism:doi><prism:url>http://dx.doi.org/10.1016/j.dib.2021.107469</prism:url><dct:identifier>doi:10.1016/j.dib.2021.107469</dct:identifier><bam:articleNumber>107469</bam:articleNumber><oa:openAccessInformation><oa:openAccessStatus xmlns:xsi="http://www.w3.org/2001/XMLSchema-instance">http://vtw.elsevier.com/data/voc/oa/OpenAccessStatus#Full</oa:openAccessStatus><oa:openAccessEffective xmlns:xsi="http://www.w3.org/2001/XMLSchema-instance">2021-10-08T16:26:04Z</oa:openAccessEffective><oa:sponsor xmlns:xsi="http://www.w3.org/2001/XMLSchema-instance"><oa:sponsorType>http://vtw.elsevier.com/data/voc/oa/SponsorType#Author</oa:sponsorType></oa:sponsor><oa:userLicense xmlns:xsi="http://www.w3.org/2001/XMLSchema-instance">http://creativecommons.org/licenses/by/4.0/</oa:userLicense></oa:openAccessInformation><cp:licenseLine xmlns:xsi="http://www.w3.org/2001/XMLSchema-instance">This is an open access article under the CC BY license.</cp:licenseLine></rdf:Description></rdf:RDF><dp:document-properties><dp:aggregation-type>Journals</dp:aggregation-type><dp:version-number>S300.1</dp:version-number></dp:document-properties><ja:article docsubtype="dat" version="5.6" xml:lang="en"><ja:item-info><ja:jid>DIB</ja:jid><ja:aid>107469</ja:aid><ce:article-number>107469</ce:article-number><ce:pii>S2352-3409(21)00751-4</ce:pii><ce:doi>10.1016/j.dib.2021.107469</ce:doi><ce:document-thread><ce:refers-to-document id="ref0001"><ce:pii>S1047-2797(21)00062-4</ce:pii><ce:doi>10.1016/j.annepidem.2021.04.006</ce:doi></ce:refers-to-document></ce:document-thread><ce:copyright type="unknown" year="2021"/></ja:item-info><ja:head><ce:dochead id="dchd0001"><ce:textfn id="dhtxt0001">Data Article</ce:textfn></ce:dochead><ce:title id="tte0002">Method of contraception and risk of ovarian cancer data</ce:title><ce:author-group id="aut0001"><ce:author id="au0001" author-id="S2352340921007514-2441358aafa7344933e5d4847f19da5d"><ce:given-name>Jacqueline</ce:given-name><ce:surname>Chesang</ce:surname><ce:contributor-role role="http://credit.niso.org/contributor-roles/investigation">Investigation</ce:contributor-role><ce:contributor-role role="http://credit.niso.org/contributor-roles/data-curation">Data curation</ce:contributor-role><ce:contributor-role role="http://credit.niso.org/contributor-roles/formal-analysis">Formal analysis</ce:contributor-role><ce:contributor-role role="http://credit.niso.org/contributor-roles/writing-original-draft">Writing &#x2013; original draft</ce:contributor-role><ce:cross-ref refid="aff0001"><ce:sup loc="post">a</ce:sup></ce:cross-ref><ce:cross-ref refid="aff0005"><ce:sup loc="post">e</ce:sup></ce:cross-ref><ce:cross-ref refid="cor0001"><ce:sup loc="post">&#x204e;</ce:sup></ce:cross-ref><ce:e-address id="ead0001" type="email" xlink:href="mailto:chesangj@uonbi.ac.ke">chesangj@uonbi.ac.ke</ce:e-address></ce:author><ce:author id="au0002" author-id="S2352340921007514-58a0327d6a1d65c735a26fed26dfa462"><ce:given-name>Ann</ce:given-name><ce:surname>Richardson</ce:surname><ce:contributor-role role="http://credit.niso.org/contributor-roles/investigation">Investigation</ce:contributor-role><ce:contributor-role role="http://credit.niso.org/contributor-roles/data-curation">Data curation</ce:contributor-role><ce:contributor-role role="http://credit.niso.org/contributor-roles/formal-analysis">Formal analysis</ce:contributor-role><ce:contributor-role role="http://credit.niso.org/contributor-roles/writing-original-draft">Writing &#x2013; original draft</ce:contributor-role><ce:cross-ref refid="aff0001"><ce:sup loc="post">a</ce:sup></ce:cross-ref></ce:author><ce:author id="au0003" author-id="S2352340921007514-e465611cfc97403f058ee6c73a0cc9b7"><ce:given-name>John</ce:given-name><ce:surname>Potter</ce:surname><ce:contributor-role role="http://credit.niso.org/contributor-roles/investigation">Investigation</ce:contributor-role><ce:contributor-role role="http://credit.niso.org/contributor-roles/formal-analysis">Formal analysis</ce:contributor-role><ce:cross-ref refid="aff0001"><ce:sup loc="post">a</ce:sup></ce:cross-ref><ce:cross-ref refid="aff0002"><ce:sup loc="post">b</ce:sup></ce:cross-ref></ce:author><ce:author id="au0004" author-id="S2352340921007514-a54603ca0fc83937f0ffbfdab7296509" orcid="0000-0002-3692-0859"><ce:given-name>Mary</ce:given-name><ce:surname>Sneyd</ce:surname><ce:contributor-role role="http://credit.niso.org/contributor-roles/investigation">Investigation</ce:contributor-role><ce:cross-ref refid="aff0003"><ce:sup loc="post">c</ce:sup></ce:cross-ref></ce:author><ce:author id="au0005" author-id="S2352340921007514-998edd13e8c1583bdba1e3b94e226700" orcid="0000-0002-7076-5266"><ce:given-name>Pat</ce:given-name><ce:surname>Coope</ce:surname><ce:contributor-role role="http://credit.niso.org/contributor-roles/formal-analysis">Formal analysis</ce:contributor-role><ce:cross-ref refid="aff0004"><ce:sup loc="post">d</ce:sup></ce:cross-ref></ce:author><ce:affiliation id="aff0001" affiliation-id="S2352340921007514-fb0ee3a800bf35ce8330c1c0db34faa1"><ce:label>a</ce:label><ce:textfn id="cetextfn0001">School of Health Sciences, University of Canterbury, Christchurch, New Zealand</ce:textfn><sa:affiliation><sa:organization>School of Health Sciences</sa:organization><sa:organization>University of Canterbury</sa:organization><sa:city>Christchurch</sa:city><sa:country>New Zealand</sa:country></sa:affiliation><ce:source-text id="staff0001">aSchool of Health Sciences, University of Canterbury, Christchurch, New Zealand</ce:source-text></ce:affiliation><ce:affiliation id="aff0002" affiliation-id="S2352340921007514-95d61de049e3dadf6ae43e0d61b4d977"><ce:label>b</ce:label><ce:textfn id="cetextfn0002">Centre for Public Health Research, Massey University, Wellington, New Zealand</ce:textfn><sa:affiliation><sa:organization>Centre for Public Health Research</sa:organization><sa:organization>Massey University</sa:organization><sa:city>Wellington</sa:city><sa:country>New Zealand</sa:country></sa:affiliation><ce:source-text id="staff0002">bCentre for Public Health Research, Massey University, Wellington, New Zealand</ce:source-text></ce:affiliation><ce:affiliation id="aff0003" affiliation-id="S2352340921007514-70e03a5e6667a69b214d022e237a415e"><ce:label>c</ce:label><ce:textfn id="cetextfn0003">Hugh Adam Cancer Epidemiology Unit, Preventive and Social Medicine, University of Otago, New Zealand</ce:textfn><sa:affiliation><sa:organization>Hugh Adam Cancer Epidemiology Unit</sa:organization><sa:organization>Preventive and Social Medicine</sa:organization><sa:organization>University of Otago</sa:organization><sa:country>New Zealand</sa:country></sa:affiliation><ce:source-text id="staff0003">cHugh Adam Cancer Epidemiology Unit, Preventive and Social Medicine, University of Otago, New Zealand</ce:source-text></ce:affiliation><ce:affiliation id="aff0004" affiliation-id="S2352340921007514-7d22138b0dc06b2f4eb1d544c0ec2a28"><ce:label>d</ce:label><ce:textfn id="cetextfn0004">College of Education, Health and Human Development, University of Canterbury, New Zealand</ce:textfn><sa:affiliation><sa:organization>College of Education, Health and Human Development</sa:organization><sa:organization>University of Canterbury</sa:organization><sa:country>New Zealand</sa:country></sa:affiliation><ce:source-text id="staff0004">dCollege of Education, Health and Human Development, University of Canterbury, New Zealand</ce:source-text></ce:affiliation><ce:affiliation id="aff0005" affiliation-id="S2352340921007514-8033d150b685aa8c6db7768172f77f86"><ce:label>e</ce:label><ce:textfn id="cetextfn0005">School of Public Health, University of Nairobi, Kenya</ce:textfn><sa:affiliation><sa:organization>School of Public Health</sa:organization><sa:organization>University of Nairobi</sa:organization><sa:country>Kenya</sa:country></sa:affiliation><ce:source-text id="staff0005">eSchool of Public Health, University of Nairobi, Kenya</ce:source-text></ce:affiliation><ce:correspondence id="cor0001"><ce:label>&#x204e;</ce:label><ce:text id="cetext0001">Corresponding author at: School of Public Health, University of Nairobi, Kenya.</ce:text><sa:affiliation><sa:organization>School of Public Health</sa:organization><sa:organization>University of Nairobi</sa:organization><sa:country>Kenya</sa:country></sa:affiliation></ce:correspondence></ce:author-group><ce:date-received day="1" month="6" year="2021"/><ce:date-revised day="31" month="8" year="2021"/><ce:date-accepted day="7" month="10" year="2021"/><ce:abstract id="abs0001" view="all" class="author"><ce:section-title id="cesectitle0001">Abstract</ce:section-title><ce:abstract-sec id="abss0001" view="all"><ce:simple-para id="spara006" view="all">The data presented here were obtained for a New Zealand nationwide population-based case-control analysis undertaken to assess the association between ovarian cancer and depot medroxyprogesterone acetate (DMPA), intrauterine contraceptive devices (IUDs), and vasectomy of a woman's sexual partner (Chesang et&#160;al., 2021). The research involved women aged 35 to 69 years. Controls were randomly selected from the New Zealand electoral roll. Cases were women with a diagnosis of incident ovarian cancer recruited from the New Zealand Cancer Registry and had to be listed on the electoral roll.</ce:simple-para><ce:simple-para id="spara007" view="all">Data collection was conducted between 1st May 2013 and 31st October, 2015. A structured postal questionnaire was used to gather information. Data were analysed using IBM Statistical Package for the Social Sciences (IBM SPSS statistics 22). Odds ratios adjusted for age were calculated using the method of Mantel and Haensze (Rosner et&#160;al., 2007). For multivariable analyses, binary logistic regression was used.</ce:simple-para><ce:simple-para id="spara008" view="all">Description of study participants and age-adjusted and multivariable analyses of the association between ever-use and specifics of use of DMPA, IUDs, and vasectomy were presented in a journal article (Chesang et&#160;al., 2021). Here, we present data from analyses of the risk of ovarian cancer by histological type associated with the use of DMPA, IUDs and ever having had a vasectomised partner. In addition, analyses assessing the association between ovarian cancer and these contraceptives restricted to ever-users and never-users of hormonal contraceptives (defined as oral contraceptives or DMPA) are presented. Data from analyses of the association between history of tubal ligation and the risk of ovarian cancer are also presented.</ce:simple-para><ce:simple-para id="spara009" view="all">These data, including the findings of a related study (Chesang et&#160;al., 2021) and the raw data, can be included in a collaborative analysis of existing studies undertaken to assess the association between IUDs, long-acting progestogen-based contraceptives, and partner vasectomy and the risk of ovarian cancer.</ce:simple-para></ce:abstract-sec></ce:abstract><ce:keywords id="keys0001" view="all" class="keyword"><ce:section-title id="cesectitle0002">Keywords</ce:section-title><ce:keyword id="key0001"><ce:text id="cetext0002">Ovarian cancer</ce:text></ce:keyword><ce:keyword id="key0002"><ce:text id="cetext0003">DMPA</ce:text></ce:keyword><ce:keyword id="key0003"><ce:text id="cetext0004">Vasectomy</ce:text></ce:keyword><ce:keyword id="key0004"><ce:text id="cetext0005">IUDs</ce:text></ce:keyword><ce:keyword id="key0005"><ce:text id="cetext0006">Tubal ligation</ce:text></ce:keyword><ce:keyword id="key0006"><ce:text id="cetext0007">Contraceptives</ce:text></ce:keyword></ce:keywords></ja:head></ja:article></doc:document>
