<doc:document xmlns:doc="http://www.elsevier.com/xml/document/schema" xmlns:dp="http://www.elsevier.com/xml/common/doc-properties/schema" xmlns:cps="http://www.elsevier.com/xml/common/consyn-properties/schema" xmlns:rdf="http://www.w3.org/1999/02/22-rdf-syntax-ns#" xmlns:dct="http://purl.org/dc/terms/" xmlns:prism="http://prismstandard.org/namespaces/basic/2.0/" xmlns:oa="http://vtw.elsevier.com/data/ns/properties/OpenAccess-1/" xmlns:bam="http://vtw.elsevier.com/data/voc/ns/bam-vtw-1/" xmlns:cp="http://vtw.elsevier.com/data/ns/properties/Copyright-1/" xmlns:cja="http://www.elsevier.com/xml/cja/schema" xmlns:ja="http://www.elsevier.com/xml/ja/schema" xmlns:bk="http://www.elsevier.com/xml/bk/schema" xmlns:ce="http://www.elsevier.com/xml/common/schema" xmlns:mml="http://www.w3.org/1998/Math/MathML" xmlns:cals="http://www.elsevier.com/xml/common/cals/schema" xmlns:tb="http://www.elsevier.com/xml/common/table/schema" xmlns:sa="http://www.elsevier.com/xml/common/struct-aff/schema" xmlns:sb="http://www.elsevier.com/xml/common/struct-bib/schema" xmlns:xlink="http://www.w3.org/1999/xlink"><rdf:RDF><rdf:Description rdf:about="http://dx.doi.org/10.1016/j.dib.2021.107489"><dct:format>application/xml</dct:format><dct:title>Data on CO2, temperature and air humidity records in Spanish classrooms during the reopening of schools in the COVID-19 pandemic</dct:title><dct:creator>Sergio Trilles</dct:creator><dct:creator>Pablo Juan</dct:creator><dct:creator>Somnath Chaudhuri</dct:creator><dct:creator>Ana Belen Vicente Fortea</dct:creator><dct:subject><rdf:Bag><rdf:li>CO2</rdf:li><rdf:li>COVID-19</rdf:li><rdf:li>Primary school</rdf:li><rdf:li>Internet of Things</rdf:li><rdf:li>low-cost sensors</rdf:li></rdf:Bag></dct:subject><dct:description>Data in Brief 39 (2021). doi:10.1016/j.dib.2021.107489</dct:description><prism:aggregationType>journal</prism:aggregationType><prism:publicationName>Data in Brief</prism:publicationName><prism:copyright>&#169; 2021 The Authors. Published by Elsevier Inc.</prism:copyright><dct:publisher>Elsevier Inc.</dct:publisher><prism:issn>2352-3409</prism:issn><prism:volume>39</prism:volume><prism:coverDisplayDate>December 2021</prism:coverDisplayDate><prism:doi>10.1016/j.dib.2021.107489</prism:doi><prism:url>http://dx.doi.org/10.1016/j.dib.2021.107489</prism:url><dct:identifier>doi:10.1016/j.dib.2021.107489</dct:identifier><bam:articleNumber>107489</bam:articleNumber><oa:openAccessInformation><oa:openAccessStatus xmlns:xsi="http://www.w3.org/2001/XMLSchema-instance">http://vtw.elsevier.com/data/voc/oa/OpenAccessStatus#Full</oa:openAccessStatus><oa:openAccessEffective xmlns:xsi="http://www.w3.org/2001/XMLSchema-instance">2021-10-14T14:13:21Z</oa:openAccessEffective><oa:sponsor xmlns:xsi="http://www.w3.org/2001/XMLSchema-instance"><oa:sponsorName>Spain OA journals discount: 2021</oa:sponsorName><oa:sponsorType>http://vtw.elsevier.com/data/voc/oa/SponsorType#FundingBody</oa:sponsorType></oa:sponsor><oa:userLicense xmlns:xsi="http://www.w3.org/2001/XMLSchema-instance">http://creativecommons.org/licenses/by/4.0/</oa:userLicense></oa:openAccessInformation><cp:licenseLine xmlns:xsi="http://www.w3.org/2001/XMLSchema-instance">This is an open access article under the CC BY license.</cp:licenseLine></rdf:Description></rdf:RDF><dp:document-properties><dp:aggregation-type>Journals</dp:aggregation-type><dp:version-number>S300.1</dp:version-number></dp:document-properties><ja:article docsubtype="dat" version="5.6" xml:lang="en"><ja:item-info><ja:jid>DIB</ja:jid><ja:aid>107489</ja:aid><ce:article-number>107489</ce:article-number><ce:pii>S2352-3409(21)00770-8</ce:pii><ce:doi>10.1016/j.dib.2021.107489</ce:doi><ce:copyright type="other" year="2021">The Authors</ce:copyright></ja:item-info><ja:head><ce:dochead id="dchd0001"><ce:textfn id="dhtxt0001">Data Article</ce:textfn></ce:dochead><ce:title id="tte0002">Data on CO<ce:inf loc="post">2</ce:inf>, temperature and air humidity records in Spanish classrooms during the reopening of schools in the COVID-19 pandemic</ce:title><ce:author-group id="aut0001"><ce:author id="au0001" author-id="S2352340921007708-af342b5899e2ebfab45ac2d503ba4c9d" orcid="0000-0002-9304-0719"><ce:given-name>Sergio</ce:given-name><ce:surname>Trilles</ce:surname><ce:contributor-role role="http://credit.niso.org/contributor-roles/supervision">Supervision</ce:contributor-role><ce:contributor-role role="http://credit.niso.org/contributor-roles/conceptualization">Conceptualization</ce:contributor-role><ce:contributor-role role="http://credit.niso.org/contributor-roles/methodology">Methodology</ce:contributor-role><ce:contributor-role role="http://credit.niso.org/contributor-roles/writing-original-draft">Writing &#x2013; original draft</ce:contributor-role><ce:contributor-role role="http://credit.niso.org/contributor-roles/project-administration">Project administration</ce:contributor-role><ce:contributor-role role="http://credit.niso.org/contributor-roles/funding-acquisition">Funding acquisition</ce:contributor-role><ce:contributor-role role="http://credit.niso.org/contributor-roles/writing-original-draft">Writing &#x2013; original draft</ce:contributor-role><ce:cross-ref refid="aff0001"><ce:sup loc="post">a</ce:sup></ce:cross-ref><ce:cross-ref refid="cor0001"><ce:sup loc="post">&#x204e;</ce:sup></ce:cross-ref><ce:e-address id="ead0001" type="email" xlink:href="mailto:strilles@uji.es">strilles@uji.es</ce:e-address><ce:e-address id="ea1" type="social-media" xlink:href="https://twitter.com/sergi.trilles">@sergi.trilles</ce:e-address></ce:author><ce:author id="au0002" author-id="S2352340921007708-393ad7d90ada93d18b0bc6731cfdc98d" orcid="0000-0002-2197-7502"><ce:given-name>Pablo</ce:given-name><ce:surname>Juan</ce:surname><ce:contributor-role role="http://credit.niso.org/contributor-roles/software">Software</ce:contributor-role><ce:contributor-role role="http://credit.niso.org/contributor-roles/data-curation">Data curation</ce:contributor-role><ce:contributor-role role="http://credit.niso.org/contributor-roles/writing-review-editing">Writing &#x2013; review &amp; editing</ce:contributor-role><ce:cross-ref refid="aff0002"><ce:sup loc="post">b</ce:sup></ce:cross-ref><ce:cross-ref refid="aff0003"><ce:sup loc="post">c</ce:sup></ce:cross-ref></ce:author><ce:author id="au0003" author-id="S2352340921007708-7f5645f73c19ff9f7fc016743c43038f" orcid="0000-0003-4899-1870"><ce:given-name>Somnath</ce:given-name><ce:surname>Chaudhuri</ce:surname><ce:contributor-role role="http://credit.niso.org/contributor-roles/formal-analysis">Formal analysis</ce:contributor-role><ce:contributor-role role="http://credit.niso.org/contributor-roles/validation">Validation</ce:contributor-role><ce:contributor-role role="http://credit.niso.org/contributor-roles/writing-original-draft">Writing &#x2013; original draft</ce:contributor-role><ce:cross-ref refid="aff0003"><ce:sup loc="post">c</ce:sup></ce:cross-ref><ce:cross-ref refid="aff0004"><ce:sup loc="post">d</ce:sup></ce:cross-ref></ce:author><ce:author id="au0004" author-id="S2352340921007708-ead8f87bb3bac489f7450442c5469f03" orcid="0000-0001-9911-4953"><ce:given-name>Ana Belen Vicente</ce:given-name><ce:surname>Fortea</ce:surname><ce:contributor-role role="http://credit.niso.org/contributor-roles/writing-review-editing">Writing &#x2013; review &amp; editing</ce:contributor-role><ce:cross-ref refid="aff0005"><ce:sup loc="post">e</ce:sup></ce:cross-ref></ce:author><ce:affiliation id="aff0001" affiliation-id="S2352340921007708-8aa0716033a471eb59bd4ea66dd3594e"><ce:label>a</ce:label><ce:textfn id="cetextfn0001">Institute of New Imaging Technologies, Universitat Jaume I, Av. Vicente Sos Baynat s/n, Castell&#243; de la Plana, Spain</ce:textfn><sa:affiliation><sa:organization>Institute of New Imaging Technologies</sa:organization><sa:organization>Universitat Jaume I</sa:organization><sa:address-line>Av. Vicente Sos Baynat s/n</sa:address-line><sa:city>Castell&#243; de la Plana</sa:city><sa:country>Spain</sa:country></sa:affiliation><ce:source-text id="staff0001">aInstitute of New Imaging Technologies, Universitat Jaume I, Av. Vicente Sos Baynat s/n, Castell&#243; de la Plana, Spain</ce:source-text></ce:affiliation><ce:affiliation id="aff0002" affiliation-id="S2352340921007708-ddee354c38d63e5bf13618fa16c37cdc"><ce:label>b</ce:label><ce:textfn id="cetextfn0002">IMAC, Universitat Jaume I, Av. Vicente Sos Baynat s/n, Castell&#243; de la Plana, Spain</ce:textfn><sa:affiliation><sa:organization>IMAC</sa:organization><sa:organization>Universitat Jaume I</sa:organization><sa:address-line>Av. Vicente Sos Baynat s/n</sa:address-line><sa:city>Castell&#243; de la Plana</sa:city><sa:country>Spain</sa:country></sa:affiliation><ce:source-text id="staff0002">bIMAC, Universitat Jaume I, Av. Vicente Sos Baynat s/n, Castell&#243; de la Plana, Spain</ce:source-text></ce:affiliation><ce:affiliation id="aff0003" affiliation-id="S2352340921007708-9398530bd3e1006d0575c45099ac921a"><ce:label>c</ce:label><ce:textfn id="cetextfn0003">GRECS, Universitat de Girona, C/ de la Universitat de Girona 10, Girona, Spain</ce:textfn><sa:affiliation><sa:organization>GRECS</sa:organization><sa:organization>Universitat de Girona</sa:organization><sa:address-line>C/ de la Universitat de Girona 10</sa:address-line><sa:city>Girona</sa:city><sa:country>Spain</sa:country></sa:affiliation><ce:source-text id="staff0003">cGRECS, Universitat de Girona, C/ de la Universitat de Girona 10, Girona, Spain</ce:source-text></ce:affiliation><ce:affiliation id="aff0004" affiliation-id="S2352340921007708-c0dd86706b54bec50d12ef8e8e7bff8d"><ce:label>d</ce:label><ce:textfn id="cetextfn0004">CIBER of Epidemiology and Public Health (CIBERESP), Madrid, Spain</ce:textfn><sa:affiliation><sa:organization>CIBER of Epidemiology and Public Health (CIBERESP)</sa:organization><sa:city>Madrid</sa:city><sa:country>Spain</sa:country></sa:affiliation><ce:source-text id="staff0004">dCIBER of Epidemiology and Public Health (CIBERESP), Madrid, Spain</ce:source-text></ce:affiliation><ce:affiliation id="aff0005" affiliation-id="S2352340921007708-918a1a2134a995c9d967cc7f8b32954f"><ce:label>e</ce:label><ce:textfn id="cetextfn0005">Department of Agricultural and Environmental Sciences, Universitat Jaume I, Av. Vicente Sos Baynat s/n, Castell&#243; de la Plana, Spain</ce:textfn><sa:affiliation><sa:organization>Department of Agricultural and Environmental Sciences</sa:organization><sa:organization>Universitat Jaume I</sa:organization><sa:address-line>Av. Vicente Sos Baynat s/n</sa:address-line><sa:city>Castell&#243; de la Plana</sa:city><sa:country>Spain</sa:country></sa:affiliation><ce:source-text id="staff0005">eDepartment of Agricultural and Environmental Sciences, Universitat Jaume I, Av. Vicente Sos Baynat s/n, Castell&#243; de la Plana, Spain</ce:source-text></ce:affiliation><ce:correspondence id="cor0001"><ce:label>&#x204e;</ce:label><ce:text id="cetext0001">Corresponding author.</ce:text></ce:correspondence></ce:author-group><ce:date-received day="23" month="8" year="2021"/><ce:date-accepted day="13" month="10" year="2021"/><ce:abstract id="abs0001" view="all" class="author"><ce:section-title id="cesectitle0001">Abstract</ce:section-title><ce:abstract-sec id="abss0001" view="all"><ce:simple-para id="spara013" view="all">In order to reduce the advance of the pandemic produced by COVID-19, many actions and restrictions have been applied and the field of education has been no exception. In Spain, during the academic year 2020&#x2013;2021, face-to-face teaching generally continued in both primary and secondary schools. Throughout the year, different measures have been taken to reduce the likelihood of contagion in classrooms, one of which was to improve ventilation by opening windows and doors. One of the most commonly used techniques to check for good ventilation has been CO<ce:inf loc="post">2</ce:inf> monitoring. This work provides a set of 80,000 CO<ce:inf loc="post">2</ce:inf> concentration records collected by low-cost Internet of Things nodes, primarily located within twelve classrooms in two primary schools. The published observations were collected between 1 May 2020 and 23 June 2021. Additionally, the same dataset includes temperature, air humidity and battery level observations.</ce:simple-para></ce:abstract-sec></ce:abstract><ce:keywords id="keys0001" view="all" class="keyword"><ce:section-title id="cesectitle0002">Keywords</ce:section-title><ce:keyword id="key0001"><ce:text id="cetext0002">CO<ce:inf loc="post">2</ce:inf></ce:text></ce:keyword><ce:keyword id="key0002"><ce:text id="cetext0003">COVID-19</ce:text></ce:keyword><ce:keyword id="key0003"><ce:text id="cetext0004">Primary school</ce:text></ce:keyword><ce:keyword id="key0004"><ce:text id="cetext0005">Internet of Things</ce:text></ce:keyword><ce:keyword id="key0005"><ce:text id="cetext0006">low-cost sensors</ce:text></ce:keyword></ce:keywords></ja:head></ja:article></doc:document>
