<doc:document xmlns:doc="http://www.elsevier.com/xml/document/schema" xmlns:dp="http://www.elsevier.com/xml/common/doc-properties/schema" xmlns:cps="http://www.elsevier.com/xml/common/consyn-properties/schema" xmlns:rdf="http://www.w3.org/1999/02/22-rdf-syntax-ns#" xmlns:dct="http://purl.org/dc/terms/" xmlns:prism="http://prismstandard.org/namespaces/basic/2.0/" xmlns:oa="http://vtw.elsevier.com/data/ns/properties/OpenAccess-1/" xmlns:bam="http://vtw.elsevier.com/data/voc/ns/bam-vtw-1/" xmlns:cp="http://vtw.elsevier.com/data/ns/properties/Copyright-1/" xmlns:cja="http://www.elsevier.com/xml/cja/schema" xmlns:ja="http://www.elsevier.com/xml/ja/schema" xmlns:bk="http://www.elsevier.com/xml/bk/schema" xmlns:ce="http://www.elsevier.com/xml/common/schema" xmlns:mml="http://www.w3.org/1998/Math/MathML" xmlns:cals="http://www.elsevier.com/xml/common/cals/schema" xmlns:tb="http://www.elsevier.com/xml/common/table/schema" xmlns:sa="http://www.elsevier.com/xml/common/struct-aff/schema" xmlns:sb="http://www.elsevier.com/xml/common/struct-bib/schema" xmlns:xlink="http://www.w3.org/1999/xlink"><rdf:RDF><rdf:Description rdf:about="http://dx.doi.org/10.1016/j.dib.2021.107757"><dct:format>application/xml</dct:format><dct:title>Fourier transform and near infrared dataset of dialdehyde celluloses used to determine the degree of oxidation with chemometric analysis</dct:title><dct:creator>Jonas Simon</dct:creator><dct:creator>Otgontuul Tsetsgee</dct:creator><dct:creator>Nohman Arshad Iqbal</dct:creator><dct:creator>Janak Sapkota</dct:creator><dct:creator>Matti Ristolainen</dct:creator><dct:creator>Thomas Rosenau</dct:creator><dct:creator>Antje Potthast</dct:creator><dct:subject><rdf:Bag><rdf:li>Periodate oxidation</rdf:li><rdf:li>Cellulose chemistry</rdf:li><rdf:li>Multivariate calibration modelling</rdf:li><rdf:li>Partial least-squares regression</rdf:li><rdf:li>Infrared spectroscopy</rdf:li><rdf:li>Chemometrics</rdf:li></rdf:Bag></dct:subject><dct:description>Data in Brief 40 (2022). doi:10.1016/j.dib.2021.107757</dct:description><prism:aggregationType>journal</prism:aggregationType><prism:publicationName>Data in Brief</prism:publicationName><prism:copyright>&#169; 2021 The Author(s). Published by Elsevier Inc.</prism:copyright><dct:publisher>Elsevier Inc.</dct:publisher><prism:issn>2352-3409</prism:issn><prism:volume>40</prism:volume><prism:coverDisplayDate>February 2022</prism:coverDisplayDate><prism:doi>10.1016/j.dib.2021.107757</prism:doi><prism:url>http://dx.doi.org/10.1016/j.dib.2021.107757</prism:url><dct:identifier>doi:10.1016/j.dib.2021.107757</dct:identifier><bam:articleNumber>107757</bam:articleNumber><oa:openAccessInformation><oa:openAccessStatus xmlns:xsi="http://www.w3.org/2001/XMLSchema-instance">http://vtw.elsevier.com/data/voc/oa/OpenAccessStatus#Full</oa:openAccessStatus><oa:openAccessEffective xmlns:xsi="http://www.w3.org/2001/XMLSchema-instance">2021-12-22T17:21:20Z</oa:openAccessEffective><oa:sponsor xmlns:xsi="http://www.w3.org/2001/XMLSchema-instance"><oa:sponsorName>Austria Institutes 2021 (OA journals)</oa:sponsorName><oa:sponsorType>http://vtw.elsevier.com/data/voc/oa/SponsorType#FundingBody</oa:sponsorType></oa:sponsor><oa:userLicense xmlns:xsi="http://www.w3.org/2001/XMLSchema-instance">http://creativecommons.org/licenses/by/4.0/</oa:userLicense></oa:openAccessInformation><cp:licenseLine xmlns:xsi="http://www.w3.org/2001/XMLSchema-instance">This is an open access article under the CC BY license.</cp:licenseLine></rdf:Description></rdf:RDF><dp:document-properties><dp:aggregation-type>Journals</dp:aggregation-type><dp:version-number>S300.1</dp:version-number></dp:document-properties><ja:article docsubtype="dat" version="5.6" xml:lang="en"><ja:item-info><ja:jid>DIB</ja:jid><ja:aid>107757</ja:aid><ce:article-number>107757</ce:article-number><ce:pii>S2352-3409(21)01032-5</ce:pii><ce:doi>10.1016/j.dib.2021.107757</ce:doi><ce:document-thread><ce:refers-to-document id="ref0001"><ce:pii>S0144-8617(21)01274-1</ce:pii><ce:doi>10.1016/j.carbpol.2021.118887</ce:doi></ce:refers-to-document></ce:document-thread><ce:copyright type="other" year="2021">The Author(s)</ce:copyright></ja:item-info><ja:head><ce:dochead id="dchd0001"><ce:textfn id="dhtxt0001">Data Article</ce:textfn></ce:dochead><ce:title id="tte0002">Fourier transform and near infrared dataset of dialdehyde celluloses used to determine the degree of oxidation with chemometric analysis</ce:title><ce:author-group id="aut0001"><ce:author id="au0001" author-id="S2352340921010325-1eee21d6d7930b380f6e0607a76db384"><ce:given-name>Jonas</ce:given-name><ce:surname>Simon</ce:surname><ce:contributor-role role="http://credit.niso.org/contributor-roles/conceptualization">Conceptualization</ce:contributor-role><ce:contributor-role role="http://credit.niso.org/contributor-roles/visualization">Visualization</ce:contributor-role><ce:contributor-role role="http://credit.niso.org/contributor-roles/data-curation">Data curation</ce:contributor-role><ce:contributor-role role="http://credit.niso.org/contributor-roles/formal-analysis">Formal analysis</ce:contributor-role><ce:contributor-role role="http://credit.niso.org/contributor-roles/writing-original-draft">Writing &#x2013; original draft</ce:contributor-role><ce:contributor-role role="http://credit.niso.org/contributor-roles/writing-review-editing">Writing &#x2013; review &amp; editing</ce:contributor-role><ce:cross-ref refid="aff0001"><ce:sup loc="post">a</ce:sup></ce:cross-ref></ce:author><ce:author id="au0002" author-id="S2352340921010325-0124bfaa9f9271d735eed6113503f3d7"><ce:given-name>Otgontuul</ce:given-name><ce:surname>Tsetsgee</ce:surname><ce:contributor-role role="http://credit.niso.org/contributor-roles/data-curation">Data curation</ce:contributor-role><ce:contributor-role role="http://credit.niso.org/contributor-roles/formal-analysis">Formal analysis</ce:contributor-role><ce:contributor-role role="http://credit.niso.org/contributor-roles/writing-review-editing">Writing &#x2013; review &amp; editing</ce:contributor-role><ce:cross-ref refid="aff0001"><ce:sup loc="post">a</ce:sup></ce:cross-ref></ce:author><ce:author id="au0003" author-id="S2352340921010325-b2ebd03ca255adf6bea209a5f058ce11"><ce:given-name>Nohman Arshad</ce:given-name><ce:surname>Iqbal</ce:surname><ce:contributor-role role="http://credit.niso.org/contributor-roles/conceptualization">Conceptualization</ce:contributor-role><ce:contributor-role role="http://credit.niso.org/contributor-roles/data-curation">Data curation</ce:contributor-role><ce:contributor-role role="http://credit.niso.org/contributor-roles/formal-analysis">Formal analysis</ce:contributor-role><ce:contributor-role role="http://credit.niso.org/contributor-roles/writing-review-editing">Writing &#x2013; review &amp; editing</ce:contributor-role><ce:cross-ref refid="aff0002"><ce:sup loc="post">b</ce:sup></ce:cross-ref></ce:author><ce:author id="au0004" author-id="S2352340921010325-d6ab711ee3d728db95667afd0ee0c2e0"><ce:given-name>Janak</ce:given-name><ce:surname>Sapkota</ce:surname><ce:contributor-role role="http://credit.niso.org/contributor-roles/data-curation">Data curation</ce:contributor-role><ce:contributor-role role="http://credit.niso.org/contributor-roles/formal-analysis">Formal analysis</ce:contributor-role><ce:contributor-role role="http://credit.niso.org/contributor-roles/writing-review-editing">Writing &#x2013; review &amp; editing</ce:contributor-role><ce:cross-ref refid="aff0003"><ce:sup loc="post">c</ce:sup></ce:cross-ref></ce:author><ce:author id="au0005" author-id="S2352340921010325-53e1c56782ddb57aba38ac88afdaefa4"><ce:given-name>Matti</ce:given-name><ce:surname>Ristolainen</ce:surname><ce:contributor-role role="http://credit.niso.org/contributor-roles/data-curation">Data curation</ce:contributor-role><ce:contributor-role role="http://credit.niso.org/contributor-roles/formal-analysis">Formal analysis</ce:contributor-role><ce:contributor-role role="http://credit.niso.org/contributor-roles/writing-review-editing">Writing &#x2013; review &amp; editing</ce:contributor-role><ce:cross-ref refid="aff0003"><ce:sup loc="post">c</ce:sup></ce:cross-ref></ce:author><ce:author id="au0006" author-id="S2352340921010325-c563d183860efcbb6941765cead79f6d"><ce:given-name>Thomas</ce:given-name><ce:surname>Rosenau</ce:surname><ce:contributor-role role="http://credit.niso.org/contributor-roles/conceptualization">Conceptualization</ce:contributor-role><ce:contributor-role role="http://credit.niso.org/contributor-roles/visualization">Visualization</ce:contributor-role><ce:contributor-role role="http://credit.niso.org/contributor-roles/supervision">Supervision</ce:contributor-role><ce:contributor-role role="http://credit.niso.org/contributor-roles/writing-review-editing">Writing &#x2013; review &amp; editing</ce:contributor-role><ce:cross-ref refid="aff0001"><ce:sup loc="post">a</ce:sup></ce:cross-ref></ce:author><ce:author id="au0007" author-id="S2352340921010325-cb0f61a935738d738be9fefc0049ca1d" orcid="0000-0003-1981-2271"><ce:given-name>Antje</ce:given-name><ce:surname>Potthast</ce:surname><ce:contributor-role role="http://credit.niso.org/contributor-roles/conceptualization">Conceptualization</ce:contributor-role><ce:contributor-role role="http://credit.niso.org/contributor-roles/visualization">Visualization</ce:contributor-role><ce:contributor-role role="http://credit.niso.org/contributor-roles/data-curation">Data curation</ce:contributor-role><ce:contributor-role role="http://credit.niso.org/contributor-roles/formal-analysis">Formal analysis</ce:contributor-role><ce:contributor-role role="http://credit.niso.org/contributor-roles/supervision">Supervision</ce:contributor-role><ce:contributor-role role="http://credit.niso.org/contributor-roles/writing-review-editing">Writing &#x2013; review &amp; editing</ce:contributor-role><ce:cross-ref refid="aff0001"><ce:sup loc="post">a</ce:sup></ce:cross-ref><ce:cross-ref refid="cor0001"><ce:sup loc="post">&#x204e;</ce:sup></ce:cross-ref><ce:e-address id="ead0001" type="email" xlink:href="mailto:antje.potthast@boku.ac.at">antje.potthast@boku.ac.at</ce:e-address></ce:author><ce:affiliation id="aff0001" affiliation-id="S2352340921010325-21ce156fa30ae0cf158bbcac77e234e9"><ce:label>a</ce:label><ce:textfn id="cetextfn0001">Department of Chemistry, Institute of Chemistry of Renewable Resources, University of Natural Resources and Life Sciences Vienna (BOKU), Konrad-Lorenz-Strasse 24, Tulln 3430, Austria</ce:textfn><sa:affiliation><sa:organization>Department of Chemistry</sa:organization><sa:organization>Institute of Chemistry of Renewable Resources</sa:organization><sa:organization>University of Natural Resources and Life Sciences Vienna (BOKU)</sa:organization><sa:address-line>Konrad-Lorenz-Strasse 24</sa:address-line><sa:city>Tulln</sa:city><sa:postal-code>3430</sa:postal-code><sa:country>Austria</sa:country></sa:affiliation><ce:source-text id="staff0001">aDepartment of Chemistry, Institute of Chemistry of Renewable Resources, University of Natural Resources and Life Sciences Vienna (BOKU), Konrad-Lorenz-Strasse 24, Tulln 3430, Austria</ce:source-text></ce:affiliation><ce:affiliation id="aff0002" affiliation-id="S2352340921010325-69caa594336ffadb8dd4971d9bc44548"><ce:label>b</ce:label><ce:textfn id="cetextfn0002">Department of Chemistry, Faculty of Sciences and Engineering, Sorbonne University, Campus Pierre et Marie Curie, 4 place Jussieu, Paris 75005, France</ce:textfn><sa:affiliation><sa:organization>Department of Chemistry</sa:organization><sa:organization>Faculty of Sciences and Engineering</sa:organization><sa:organization>Sorbonne University</sa:organization><sa:address-line>Campus Pierre et Marie Curie, 4 place Jussieu</sa:address-line><sa:city>Paris</sa:city><sa:postal-code>75005</sa:postal-code><sa:country>France</sa:country></sa:affiliation><ce:source-text id="staff0002">bDepartment of Chemistry, Faculty of Sciences and Engineering, Sorbonne University, Campus Pierre et Marie Curie, 4 place Jussieu, Paris 75005, France</ce:source-text></ce:affiliation><ce:affiliation id="aff0003" affiliation-id="S2352340921010325-3c687f5ad74b5ac9e66e06db9a67feca"><ce:label>c</ce:label><ce:textfn id="cetextfn0003">NE Research Center, UPM Pulp Research and Innovations, Lappeenranta 53200, Finland</ce:textfn><sa:affiliation><sa:organization>NE Research Center</sa:organization><sa:organization>UPM Pulp Research and Innovations</sa:organization><sa:city>Lappeenranta</sa:city><sa:postal-code>53200</sa:postal-code><sa:country>Finland</sa:country></sa:affiliation><ce:source-text id="staff0003">cNE Research Center, UPM Pulp Research and Innovations, Lappeenranta 53200, Finland</ce:source-text></ce:affiliation><ce:correspondence id="cor0001"><ce:label>&#x204e;</ce:label><ce:text id="cetext0001">Corresponding author.</ce:text></ce:correspondence></ce:author-group><ce:date-received day="10" month="12" year="2021"/><ce:date-accepted day="21" month="12" year="2021"/><ce:abstract id="abs0001" view="all" class="author"><ce:section-title id="cesectitle0001">Abstract</ce:section-title><ce:abstract-sec id="abss0001" view="all"><ce:simple-para id="spara005" view="all">This dataset is related to the research article entitled ``A fast method to measure the degree of oxidation of dialdehyde celluloses using multivariate calibration and infrared spectroscopy''. In this article, 74 dialdehyde cellulose samples with different degrees of oxidation were prepared by periodate oxidation and analysed by Fourier-transform infrared (FTIR) and near-infrared spectroscopy (NIR). The corresponding degrees of oxidation were determined indirectly by periodate consumption using UV spectroscopy at 222&#160;nm and by the quantitative reaction with hydroxylamine hydrochloride followed by potentiometric titration. Partial least squares regression (PLSR) was used to correlate the infrared data with the corresponding degree of oxidation (DO). The developed NIR/PLSR and FTIR/PLSR models can easily be implemented in other laboratories to quickly and reliably predict the degree of oxidation of dialdehyde celluloses.</ce:simple-para></ce:abstract-sec></ce:abstract><ce:keywords id="keys0001" view="all" class="keyword"><ce:section-title id="cesectitle0002">Keywords</ce:section-title><ce:keyword id="key0001"><ce:text id="cetext0002">Periodate oxidation</ce:text></ce:keyword><ce:keyword id="key0002"><ce:text id="cetext0003">Cellulose chemistry</ce:text></ce:keyword><ce:keyword id="key0003"><ce:text id="cetext0004">Multivariate calibration modelling</ce:text></ce:keyword><ce:keyword id="key0004"><ce:text id="cetext0005">Partial least-squares regression</ce:text></ce:keyword><ce:keyword id="key0005"><ce:text id="cetext0006">Infrared spectroscopy</ce:text></ce:keyword><ce:keyword id="key0006"><ce:text id="cetext0007">Chemometrics</ce:text></ce:keyword></ce:keywords></ja:head></ja:article></doc:document>
