<doc:document xmlns:doc="http://www.elsevier.com/xml/document/schema" xmlns:dp="http://www.elsevier.com/xml/common/doc-properties/schema" xmlns:cps="http://www.elsevier.com/xml/common/consyn-properties/schema" xmlns:rdf="http://www.w3.org/1999/02/22-rdf-syntax-ns#" xmlns:dct="http://purl.org/dc/terms/" xmlns:prism="http://prismstandard.org/namespaces/basic/2.0/" xmlns:oa="http://vtw.elsevier.com/data/ns/properties/OpenAccess-1/" xmlns:bam="http://vtw.elsevier.com/data/voc/ns/bam-vtw-1/" xmlns:cp="http://vtw.elsevier.com/data/ns/properties/Copyright-1/" xmlns:cja="http://www.elsevier.com/xml/cja/schema" xmlns:ja="http://www.elsevier.com/xml/ja/schema" xmlns:bk="http://www.elsevier.com/xml/bk/schema" xmlns:ce="http://www.elsevier.com/xml/common/schema" xmlns:mml="http://www.w3.org/1998/Math/MathML" xmlns:cals="http://www.elsevier.com/xml/common/cals/schema" xmlns:tb="http://www.elsevier.com/xml/common/table/schema" xmlns:sa="http://www.elsevier.com/xml/common/struct-aff/schema" xmlns:sb="http://www.elsevier.com/xml/common/struct-bib/schema" xmlns:xlink="http://www.w3.org/1999/xlink"><rdf:RDF><rdf:Description rdf:about="http://dx.doi.org/10.1016/j.dib.2021.107505"><dct:format>application/xml</dct:format><dct:title>Genome sequence data of Bacillus amyloliquefaciens L-17</dct:title><dct:creator>Meriem Zaidi-Ait Salem</dct:creator><dct:creator>Elisabeth Girbal-Neuhauser</dct:creator><dct:creator>Yassine Nait&#x202f;&#x202f;Chabane</dct:creator><dct:subject><rdf:Bag><rdf:li>Complete genome</rdf:li><rdf:li>Bacillus amyloliquefaciens</rdf:li><rdf:li>Biofilm</rdf:li><rdf:li>antimicrobials</rdf:li></rdf:Bag></dct:subject><dct:description>Data in Brief 39 (2021). doi:10.1016/j.dib.2021.107505</dct:description><prism:aggregationType>journal</prism:aggregationType><prism:publicationName>Data in Brief</prism:publicationName><prism:copyright>&#169; 2021 The Authors. Published by Elsevier Inc.</prism:copyright><dct:publisher>Elsevier Inc.</dct:publisher><prism:issn>2352-3409</prism:issn><prism:volume>39</prism:volume><prism:coverDisplayDate>December 2021</prism:coverDisplayDate><prism:doi>10.1016/j.dib.2021.107505</prism:doi><prism:url>http://dx.doi.org/10.1016/j.dib.2021.107505</prism:url><dct:identifier>doi:10.1016/j.dib.2021.107505</dct:identifier><bam:articleNumber>107505</bam:articleNumber><oa:openAccessInformation><oa:openAccessStatus xmlns:xsi="http://www.w3.org/2001/XMLSchema-instance">http://vtw.elsevier.com/data/voc/oa/OpenAccessStatus#Full</oa:openAccessStatus><oa:openAccessEffective xmlns:xsi="http://www.w3.org/2001/XMLSchema-instance">2021-10-20T13:42:09Z</oa:openAccessEffective><oa:sponsor xmlns:xsi="http://www.w3.org/2001/XMLSchema-instance"><oa:sponsorName>French Institutes</oa:sponsorName><oa:sponsorType>http://vtw.elsevier.com/data/voc/oa/SponsorType#FundingBody</oa:sponsorType></oa:sponsor><oa:userLicense xmlns:xsi="http://www.w3.org/2001/XMLSchema-instance">http://creativecommons.org/licenses/by-nc-nd/4.0/</oa:userLicense></oa:openAccessInformation><cp:licenseLine xmlns:xsi="http://www.w3.org/2001/XMLSchema-instance">This is an open access article under the CC BY-NC-ND license.</cp:licenseLine></rdf:Description></rdf:RDF><dp:document-properties><dp:aggregation-type>Journals</dp:aggregation-type><dp:version-number>S300.1</dp:version-number></dp:document-properties><ja:article docsubtype="dat" version="5.6" xml:lang="en"><ja:item-info><ja:jid>DIB</ja:jid><ja:aid>107505</ja:aid><ce:article-number>107505</ce:article-number><ce:pii>S2352-3409(21)00786-1</ce:pii><ce:doi>10.1016/j.dib.2021.107505</ce:doi><ce:copyright type="unknown" year="2021"/></ja:item-info><ja:head><ce:dochead id="dchd0001"><ce:textfn id="dhtxt0001">Data Article</ce:textfn></ce:dochead><ce:title id="tte0002">Genome sequence data of <ce:italic>Bacillus amyloliquefaciens</ce:italic> L-17</ce:title><ce:author-group id="aut0001"><ce:author id="au0001" author-id="S2352340921007861-8f4e0a00260c6beb8009c9b2dd9ca527" orcid="0000-0003-4651-8203"><ce:given-name>Meriem</ce:given-name><ce:surname>Zaidi-Ait Salem</ce:surname><ce:contributor-role role="http://credit.niso.org/contributor-roles/visualization">Visualization</ce:contributor-role><ce:contributor-role role="http://credit.niso.org/contributor-roles/investigation">Investigation</ce:contributor-role></ce:author><ce:author id="au0002" author-id="S2352340921007861-b24639ca77e3ee031cc9a38a40d5745b"><ce:given-name>Elisabeth</ce:given-name><ce:surname>Girbal-Neuhauser</ce:surname><ce:contributor-role role="http://credit.niso.org/contributor-roles/writing-review-editing">Writing &#x2013; review &amp; editing</ce:contributor-role><ce:contributor-role role="http://credit.niso.org/contributor-roles/supervision">Supervision</ce:contributor-role></ce:author><ce:author id="au0003" author-id="S2352340921007861-2bbccb74457e32e277d92a33addb498f" orcid="0000-0002-9528-2105"><ce:given-name>Yassine</ce:given-name><ce:surname>Nait&#x202f;&#x202f;Chabane</ce:surname><ce:contributor-role role="http://credit.niso.org/contributor-roles/conceptualization">Conceptualization</ce:contributor-role><ce:contributor-role role="http://credit.niso.org/contributor-roles/methodology">Methodology</ce:contributor-role><ce:contributor-role role="http://credit.niso.org/contributor-roles/software">Software</ce:contributor-role><ce:contributor-role role="http://credit.niso.org/contributor-roles/data-curation">Data curation</ce:contributor-role><ce:contributor-role role="http://credit.niso.org/contributor-roles/writing-original-draft">Writing &#x2013; original draft</ce:contributor-role><ce:cross-ref refid="cor0001"><ce:sup loc="post">&#x204e;</ce:sup></ce:cross-ref><ce:e-address id="ead0001" type="email" xlink:href="mailto:yassine.nait-chabane@iut-tlse3.fr">yassine.nait-chabane@iut-tlse3.fr</ce:e-address></ce:author><ce:affiliation id="aff0001" affiliation-id="S2352340921007861-6963afca6324c83fc5a33aee0c9ed9d3"><ce:textfn id="cetextfn0001">Laboratoire de Biotechnologies Agroalimentaire et Environnementale (LBAE) URU 4565, UPS, Universit&#233; de Toulouse, IUT Paul Sabatier, 24 rue d'Embaqu&#232;s, Auch F-32000, France</ce:textfn><sa:affiliation><sa:organization>Laboratoire de Biotechnologies Agroalimentaire et Environnementale (LBAE) URU 4565</sa:organization><sa:organization>UPS</sa:organization><sa:organization>Universit&#233; de Toulouse</sa:organization><sa:organization>IUT Paul Sabatier</sa:organization><sa:address-line>24 rue d'Embaqu&#232;s</sa:address-line><sa:city>Auch</sa:city><sa:postal-code>F-32000</sa:postal-code><sa:country>France</sa:country></sa:affiliation><ce:source-text id="staff0001">Laboratoire de Biotechnologies Agroalimentaire et Environnementale (LBAE) URU 4565, UPS, Universit&#233; de Toulouse, IUT Paul Sabatier, 24 rue d'Embaqu&#232;s, Auch F-32000, France</ce:source-text></ce:affiliation><ce:correspondence id="cor0001"><ce:label>&#x204e;</ce:label><ce:text id="cetext0001">Corresponding author.</ce:text></ce:correspondence></ce:author-group><ce:date-received day="21" month="6" year="2021"/><ce:date-revised day="15" month="10" year="2021"/><ce:date-accepted day="18" month="10" year="2021"/><ce:abstract id="abs0001" view="all" class="author"><ce:section-title id="cesectitle0001">Abstract</ce:section-title><ce:abstract-sec id="abss0001" view="all"><ce:simple-para id="spara004" view="all"><ce:italic>Bacillus amyloliquefaciens</ce:italic> L-17 strain was isolated from a sample of chicken feathers. Here, we report complete genome sequence data of <ce:italic>B. amyloliquefaciens</ce:italic> L-17. The size of the genome is 3,933,788 bp which harbours 4001 coding Sequences. The BioProject has been deposited at NCBI GenBank. The GenBank accession numbers are PRJNA727793 for the BioProject, CP074391.1 for the chromosome, GCA_018363035.1 for GenBank assembly accession and SAMN19035411 for the BioSample.</ce:simple-para></ce:abstract-sec></ce:abstract><ce:keywords id="keys0001" view="all" class="keyword"><ce:section-title id="cesectitle0002">Keywords</ce:section-title><ce:keyword id="key0001"><ce:text id="cetext0002">Complete genome</ce:text></ce:keyword><ce:keyword id="key0002"><ce:text id="cetext0003"><ce:italic>Bacillus amyloliquefaciens</ce:italic></ce:text></ce:keyword><ce:keyword id="key0003"><ce:text id="cetext0004">Biofilm</ce:text></ce:keyword><ce:keyword id="key0004"><ce:text id="cetext0005">antimicrobials</ce:text></ce:keyword></ce:keywords></ja:head></ja:article></doc:document>
