<doc:document xmlns:doc="http://www.elsevier.com/xml/document/schema" xmlns:dp="http://www.elsevier.com/xml/common/doc-properties/schema" xmlns:cps="http://www.elsevier.com/xml/common/consyn-properties/schema" xmlns:rdf="http://www.w3.org/1999/02/22-rdf-syntax-ns#" xmlns:dct="http://purl.org/dc/terms/" xmlns:prism="http://prismstandard.org/namespaces/basic/2.0/" xmlns:oa="http://vtw.elsevier.com/data/ns/properties/OpenAccess-1/" xmlns:bam="http://vtw.elsevier.com/data/voc/ns/bam-vtw-1/" xmlns:cp="http://vtw.elsevier.com/data/ns/properties/Copyright-1/" xmlns:cja="http://www.elsevier.com/xml/cja/schema" xmlns:ja="http://www.elsevier.com/xml/ja/schema" xmlns:bk="http://www.elsevier.com/xml/bk/schema" xmlns:ce="http://www.elsevier.com/xml/common/schema" xmlns:mml="http://www.w3.org/1998/Math/MathML" xmlns:cals="http://www.elsevier.com/xml/common/cals/schema" xmlns:tb="http://www.elsevier.com/xml/common/table/schema" xmlns:sa="http://www.elsevier.com/xml/common/struct-aff/schema" xmlns:sb="http://www.elsevier.com/xml/common/struct-bib/schema" xmlns:xlink="http://www.w3.org/1999/xlink"><rdf:RDF><rdf:Description rdf:about="http://dx.doi.org/10.1016/j.dib.2021.107630"><dct:format>application/xml</dct:format><dct:title>Dataset on the effect of receiver size and acceptance half-angle on the aperture width and height of compound parabolic concentrator for low-concentrating photovoltaic applications using RSM</dct:title><dct:creator>Faisal Masood</dct:creator><dct:creator>Nursyarizal Bin Mohd Nor</dct:creator><dct:creator>Perumal Nallagownden</dct:creator><dct:creator>Irraivan Elamvazuthi</dct:creator><dct:creator>Mohammad Azad Alam</dct:creator><dct:creator>Mohammad Yusuf</dct:creator><dct:creator>Mujahid Ali</dct:creator><dct:creator>Javed Akhter</dct:creator><dct:creator>Mubbashar Mehmood</dct:creator><dct:subject><rdf:Bag><rdf:li>Concentrating photovoltaics</rdf:li><rdf:li>Concentration ratio</rdf:li><rdf:li>Design optimization</rdf:li><rdf:li>Analysis of variance</rdf:li></rdf:Bag></dct:subject><dct:description>Data in Brief 39 (2021). doi:10.1016/j.dib.2021.107630</dct:description><prism:aggregationType>journal</prism:aggregationType><prism:publicationName>Data in Brief</prism:publicationName><prism:copyright>&#169; 2021 The Authors. Published by Elsevier Inc.</prism:copyright><dct:publisher>Elsevier Inc.</dct:publisher><prism:issn>2352-3409</prism:issn><prism:volume>39</prism:volume><prism:coverDisplayDate>December 2021</prism:coverDisplayDate><prism:doi>10.1016/j.dib.2021.107630</prism:doi><prism:url>http://dx.doi.org/10.1016/j.dib.2021.107630</prism:url><dct:identifier>doi:10.1016/j.dib.2021.107630</dct:identifier><bam:articleNumber>107630</bam:articleNumber><oa:openAccessInformation><oa:openAccessStatus xmlns:xsi="http://www.w3.org/2001/XMLSchema-instance">http://vtw.elsevier.com/data/voc/oa/OpenAccessStatus#Full</oa:openAccessStatus><oa:openAccessEffective xmlns:xsi="http://www.w3.org/2001/XMLSchema-instance">2021-11-20T12:55:23Z</oa:openAccessEffective><oa:sponsor xmlns:xsi="http://www.w3.org/2001/XMLSchema-instance"><oa:sponsorType>http://vtw.elsevier.com/data/voc/oa/SponsorType#Author</oa:sponsorType></oa:sponsor><oa:userLicense xmlns:xsi="http://www.w3.org/2001/XMLSchema-instance">http://creativecommons.org/licenses/by/4.0/</oa:userLicense></oa:openAccessInformation><cp:licenseLine xmlns:xsi="http://www.w3.org/2001/XMLSchema-instance">This is an open access article under the CC BY license.</cp:licenseLine></rdf:Description></rdf:RDF><dp:document-properties><dp:aggregation-type>Journals</dp:aggregation-type><dp:version-number>S300.1</dp:version-number></dp:document-properties><ja:article docsubtype="dat" version="5.6" xml:lang="en"><ja:item-info><ja:jid>DIB</ja:jid><ja:aid>107630</ja:aid><ce:article-number>107630</ce:article-number><ce:pii>S2352-3409(21)00905-7</ce:pii><ce:doi>10.1016/j.dib.2021.107630</ce:doi><ce:copyright type="other" year="2021">The Authors</ce:copyright></ja:item-info><ja:head><ce:dochead id="dchd0001"><ce:textfn id="dhtxt0001">Data Article</ce:textfn></ce:dochead><ce:title id="tte0002">Dataset on the effect of receiver size and acceptance half-angle on the aperture width and height of compound parabolic concentrator for low-concentrating photovoltaic applications using RSM</ce:title><ce:author-group id="aut0001"><ce:author id="au0001" author-id="S2352340921009057-64bcf040d586bd21d7207562eef82128" orcid="0000-0003-1739-8425"><ce:given-name>Faisal</ce:given-name><ce:surname>Masood</ce:surname><ce:contributor-role role="http://credit.niso.org/contributor-roles/conceptualization">Conceptualization</ce:contributor-role><ce:contributor-role role="http://credit.niso.org/contributor-roles/methodology">Methodology</ce:contributor-role><ce:contributor-role role="http://credit.niso.org/contributor-roles/software">Software</ce:contributor-role><ce:contributor-role role="http://credit.niso.org/contributor-roles/writing-original-draft">Writing &#x2013; original draft</ce:contributor-role><ce:cross-ref refid="aff0001"><ce:sup loc="post">a</ce:sup></ce:cross-ref><ce:cross-ref refid="aff0002"><ce:sup loc="post">b</ce:sup></ce:cross-ref><ce:cross-ref refid="cor0001"><ce:sup loc="post">&#x204e;</ce:sup></ce:cross-ref><ce:e-address id="ead0001" type="email" xlink:href="mailto:faisal_17001061@utp.edu.my">faisal_17001061@utp.edu.my</ce:e-address><ce:e-address id="ea3a" type="social-media" xlink:href="https://twitter.com/fslmsd_masood">@fslmsd_masood</ce:e-address></ce:author><ce:author id="au0002" author-id="S2352340921009057-09502c129c69e0241916b47a7e711a91"><ce:given-name>Nursyarizal Bin Mohd</ce:given-name><ce:surname>Nor</ce:surname><ce:contributor-role role="http://credit.niso.org/contributor-roles/supervision">Supervision</ce:contributor-role><ce:cross-ref refid="aff0001"><ce:sup loc="post">a</ce:sup></ce:cross-ref></ce:author><ce:author id="au0003" author-id="S2352340921009057-976a4edbd84a32bf3c86d9b3830cdfd9"><ce:given-name>Perumal</ce:given-name><ce:surname>Nallagownden</ce:surname><ce:contributor-role role="http://credit.niso.org/contributor-roles/supervision">Supervision</ce:contributor-role><ce:contributor-role role="http://credit.niso.org/contributor-roles/writing-review-editing">Writing &#x2013; review &amp; editing</ce:contributor-role><ce:cross-ref refid="aff0001"><ce:sup loc="post">a</ce:sup></ce:cross-ref></ce:author><ce:author id="au0004" author-id="S2352340921009057-341596d70e57b143a1e0c5c1fc871d80"><ce:given-name>Irraivan</ce:given-name><ce:surname>Elamvazuthi</ce:surname><ce:contributor-role role="http://credit.niso.org/contributor-roles/visualization">Visualization</ce:contributor-role><ce:cross-ref refid="aff0001"><ce:sup loc="post">a</ce:sup></ce:cross-ref></ce:author><ce:author id="au0005" author-id="S2352340921009057-dcfc7ed904bbd109daaa4ea03a645417"><ce:given-name>Mohammad Azad</ce:given-name><ce:surname>Alam</ce:surname><ce:contributor-role role="http://credit.niso.org/contributor-roles/software">Software</ce:contributor-role><ce:contributor-role role="http://credit.niso.org/contributor-roles/writing-review-editing">Writing &#x2013; review &amp; editing</ce:contributor-role><ce:cross-ref refid="aff0003"><ce:sup loc="post">c</ce:sup></ce:cross-ref><ce:e-address id="ea3b" type="social-media" xlink:href="https://twitter.com/MohammadAzadA12">@MohammadAzadA12</ce:e-address></ce:author><ce:author id="au0006" author-id="S2352340921009057-16a1138e81d5fb10930d816a52958596" orcid="0000-0003-2442-5161"><ce:given-name>Mohammad</ce:given-name><ce:surname>Yusuf</ce:surname><ce:contributor-role role="http://credit.niso.org/contributor-roles/software">Software</ce:contributor-role><ce:contributor-role role="http://credit.niso.org/contributor-roles/writing-review-editing">Writing &#x2013; review &amp; editing</ce:contributor-role><ce:cross-ref refid="aff0004"><ce:sup loc="post">d</ce:sup></ce:cross-ref></ce:author><ce:author id="au0007" author-id="S2352340921009057-f3a45381f9075fbfaaee3ded8b30af24" orcid="0000-0003-4376-0459"><ce:given-name>Mujahid</ce:given-name><ce:surname>Ali</ce:surname><ce:contributor-role role="http://credit.niso.org/contributor-roles/software">Software</ce:contributor-role><ce:contributor-role role="http://credit.niso.org/contributor-roles/writing-review-editing">Writing &#x2013; review &amp; editing</ce:contributor-role><ce:cross-ref refid="aff0005"><ce:sup loc="post">e</ce:sup></ce:cross-ref></ce:author><ce:author id="au0008" author-id="S2352340921009057-8ed9007717232cbd756da0181d76f15f"><ce:given-name>Javed</ce:given-name><ce:surname>Akhter</ce:surname><ce:contributor-role role="http://credit.niso.org/contributor-roles/writing-review-editing">Writing &#x2013; review &amp; editing</ce:contributor-role><ce:cross-ref refid="aff0006"><ce:sup loc="post">f</ce:sup></ce:cross-ref></ce:author><ce:author id="au0009" author-id="S2352340921009057-5f3a7cff34d521a59b90022140a5d083"><ce:given-name>Mubbashar</ce:given-name><ce:surname>Mehmood</ce:surname><ce:contributor-role role="http://credit.niso.org/contributor-roles/writing-review-editing">Writing &#x2013; review &amp; editing</ce:contributor-role><ce:cross-ref refid="aff0007"><ce:sup loc="post">g</ce:sup></ce:cross-ref></ce:author><ce:affiliation id="aff0001" affiliation-id="S2352340921009057-9b2ca7c37021438e9571dd67017eb0eb"><ce:label>a</ce:label><ce:textfn id="cetextfn0001">Department of Electrical and Electronics Engineering, Universiti Teknologi PETRONAS, Bandar Seri Iskandar, Perak 32610, Malaysia</ce:textfn><sa:affiliation><sa:organization>Department of Electrical and Electronics Engineering</sa:organization><sa:organization>Universiti Teknologi PETRONAS</sa:organization><sa:city>Bandar Seri Iskandar</sa:city><sa:state>Perak</sa:state><sa:postal-code>32610</sa:postal-code><sa:country>Malaysia</sa:country></sa:affiliation><ce:source-text id="staff0001">aDepartment of Electrical and Electronics Engineering, Universiti Teknologi PETRONAS, Bandar Seri Iskandar, Perak 32610, Malaysia</ce:source-text></ce:affiliation><ce:affiliation id="aff0002" affiliation-id="S2352340921009057-817cc0ec80fd76219726a14b19102ea2"><ce:label>b</ce:label><ce:textfn id="cetextfn0002">Department of Electrical Engineering, University of Engineering and Technology Taxila, Rawalpindi 47080, Pakistan</ce:textfn><sa:affiliation><sa:organization>Department of Electrical Engineering</sa:organization><sa:organization>University of Engineering and Technology Taxila</sa:organization><sa:city>Rawalpindi</sa:city><sa:postal-code>47080</sa:postal-code><sa:country>Pakistan</sa:country></sa:affiliation><ce:source-text id="staff0002">bDepartment of Electrical Engineering, University of Engineering and Technology Taxila, Rawalpindi 47080, Pakistan</ce:source-text></ce:affiliation><ce:affiliation id="aff0003" affiliation-id="S2352340921009057-c65f9c7e052b1368d2f95d001dbe244c"><ce:label>c</ce:label><ce:textfn id="cetextfn0003">Department of Mechanical Engineering, Universiti Teknologi PETRONAS, Bandar Seri Iskandar, Perak 32610, Malaysia</ce:textfn><sa:affiliation><sa:organization>Department of Mechanical Engineering</sa:organization><sa:organization>Universiti Teknologi PETRONAS</sa:organization><sa:city>Bandar Seri Iskandar</sa:city><sa:state>Perak</sa:state><sa:postal-code>32610</sa:postal-code><sa:country>Malaysia</sa:country></sa:affiliation><ce:source-text id="staff0003">cDepartment of Mechanical Engineering, Universiti Teknologi PETRONAS, Bandar Seri Iskandar, Perak 32610, Malaysia</ce:source-text></ce:affiliation><ce:affiliation id="aff0004" affiliation-id="S2352340921009057-92cadd2ab764f2daf0bd2aff45266f4e"><ce:label>d</ce:label><ce:textfn id="cetextfn0004">Department of Chemical Engineering, Universiti Teknologi PETRONAS, Bandar Seri Iskandar, Perak 32610, Malaysia</ce:textfn><sa:affiliation><sa:organization>Department of Chemical Engineering</sa:organization><sa:organization>Universiti Teknologi PETRONAS</sa:organization><sa:city>Bandar Seri Iskandar</sa:city><sa:state>Perak</sa:state><sa:postal-code>32610</sa:postal-code><sa:country>Malaysia</sa:country></sa:affiliation><ce:source-text id="staff0004">dDepartment of Chemical Engineering, Universiti Teknologi PETRONAS, Bandar Seri Iskandar, Perak 32610, Malaysia</ce:source-text></ce:affiliation><ce:affiliation id="aff0005" affiliation-id="S2352340921009057-6355d09a21f5dfdb0bf6ece838274b18"><ce:label>e</ce:label><ce:textfn id="cetextfn0005">Department of Civil and Environmental Engineering, Universiti Teknologi PETRONAS, Bandar Seri Iskandar, Perak 32610, Malaysia</ce:textfn><sa:affiliation><sa:organization>Department of Civil and Environmental Engineering</sa:organization><sa:organization>Universiti Teknologi PETRONAS</sa:organization><sa:city>Bandar Seri Iskandar</sa:city><sa:state>Perak</sa:state><sa:postal-code>32610</sa:postal-code><sa:country>Malaysia</sa:country></sa:affiliation><ce:source-text id="staff0005">eDepartment of Civil and Environmental Engineering, Universiti Teknologi PETRONAS, Bandar Seri Iskandar, Perak 32610, Malaysia</ce:source-text></ce:affiliation><ce:affiliation id="aff0006" affiliation-id="S2352340921009057-b57ff3f0aad09ba832b31009d29f877e"><ce:label>f</ce:label><ce:textfn id="cetextfn0006">Department of Mechanical Engineering, University of Engineering and Technology Taxila, Rawalpindi 47080, Pakistan</ce:textfn><sa:affiliation><sa:organization>Department of Mechanical Engineering</sa:organization><sa:organization>University of Engineering and Technology Taxila</sa:organization><sa:city>Rawalpindi</sa:city><sa:postal-code>47080</sa:postal-code><sa:country>Pakistan</sa:country></sa:affiliation><ce:source-text id="staff0006">fDepartment of Mechanical Engineering, University of Engineering and Technology Taxila, Rawalpindi 47080, Pakistan</ce:source-text></ce:affiliation><ce:affiliation id="aff0007" affiliation-id="S2352340921009057-cbfacf961874c34d119d7ede4ca8444e"><ce:label>g</ce:label><ce:textfn id="cetextfn0007">School of Engineering and Physical Sciences, Heriot-Watt University, Edinburgh EH14 4AS, UK</ce:textfn><sa:affiliation><sa:organization>School of Engineering and Physical Sciences</sa:organization><sa:organization>Heriot-Watt University</sa:organization><sa:city>Edinburgh</sa:city><sa:postal-code>EH14 4AS</sa:postal-code><sa:country>UK</sa:country></sa:affiliation><ce:source-text id="staff0007">gSchool of Engineering and Physical Sciences, Heriot-Watt University, Edinburgh EH14 4AS, UK</ce:source-text></ce:affiliation><ce:correspondence id="cor0001"><ce:label>&#x204e;</ce:label><ce:text id="cetext0001">Corresponding author at: Department of Electrical and Electronics Engineering, Universiti Teknologi PETRONAS, Bandar Seri Iskandar, Perak 32610, Malaysia.</ce:text><sa:affiliation><sa:organization>Department of Electrical and Electronics Engineering</sa:organization><sa:organization>Universiti Teknologi PETRONAS</sa:organization><sa:city>Bandar Seri Iskandar</sa:city><sa:state>Perak</sa:state><sa:postal-code>32610</sa:postal-code><sa:country>Malaysia</sa:country></sa:affiliation></ce:correspondence></ce:author-group><ce:date-received day="19" month="10" year="2021"/><ce:date-revised day="17" month="11" year="2021"/><ce:date-accepted day="19" month="11" year="2021"/><ce:abstract id="abs0001" view="all" class="author"><ce:section-title id="cesectitle0001">Abstract</ce:section-title><ce:abstract-sec id="abss0001" view="all"><ce:simple-para id="spara012" view="all">The combined effect of design control factors on the response variables gives valuable information for geometric design optimization of the compound parabolic concentrator. This study presents the data related to the statistical modeling and analysis of variance for aperture width and height of a low concentration symmetric compound parabolic concentrator designed for photovoltaic applications. The design matrix was generated using the response surface modeling approach. The geometric design equations of the proposed concentrator were developed and solved analytically using MATLAB. The empirical models were developed to establish relationships between the control factors and response variables of the proposed system. The analysis of variance was conducted for two significant response variables. The developed statistical models can be used to predict the selected response variables within the permissible range. The presented data can be used for statistical modeling and design optimization of the two-dimensional symmetric compound parabolic concentrator.</ce:simple-para></ce:abstract-sec></ce:abstract><ce:keywords id="keys0001" view="all" class="keyword"><ce:section-title id="cesectitle0002">Keywords</ce:section-title><ce:keyword id="key0001"><ce:text id="cetext0002">Concentrating photovoltaics</ce:text></ce:keyword><ce:keyword id="key0002"><ce:text id="cetext0003">Concentration ratio</ce:text></ce:keyword><ce:keyword id="key0003"><ce:text id="cetext0004">Design optimization</ce:text></ce:keyword><ce:keyword id="key0004"><ce:text id="cetext0005">Analysis of variance</ce:text></ce:keyword></ce:keywords></ja:head></ja:article></doc:document>
