<doc:document xmlns:doc="http://www.elsevier.com/xml/document/schema" xmlns:dp="http://www.elsevier.com/xml/common/doc-properties/schema" xmlns:cps="http://www.elsevier.com/xml/common/consyn-properties/schema" xmlns:rdf="http://www.w3.org/1999/02/22-rdf-syntax-ns#" xmlns:dct="http://purl.org/dc/terms/" xmlns:prism="http://prismstandard.org/namespaces/basic/2.0/" xmlns:oa="http://vtw.elsevier.com/data/ns/properties/OpenAccess-1/" xmlns:bam="http://vtw.elsevier.com/data/voc/ns/bam-vtw-1/" xmlns:cp="http://vtw.elsevier.com/data/ns/properties/Copyright-1/" xmlns:cja="http://www.elsevier.com/xml/cja/schema" xmlns:ja="http://www.elsevier.com/xml/ja/schema" xmlns:bk="http://www.elsevier.com/xml/bk/schema" xmlns:ce="http://www.elsevier.com/xml/common/schema" xmlns:mml="http://www.w3.org/1998/Math/MathML" xmlns:cals="http://www.elsevier.com/xml/common/cals/schema" xmlns:tb="http://www.elsevier.com/xml/common/table/schema" xmlns:sa="http://www.elsevier.com/xml/common/struct-aff/schema" xmlns:sb="http://www.elsevier.com/xml/common/struct-bib/schema" xmlns:xlink="http://www.w3.org/1999/xlink"><rdf:RDF><rdf:Description rdf:about="http://dx.doi.org/10.1016/j.dib.2021.107522"><dct:format>application/xml</dct:format><dct:title>Data of the constructivist practices in the learning environment survey from engineering undergraduates: An exploratory factor analysis</dct:title><dct:creator>Chengcheng Li</dct:creator><dct:creator>Shaoan Zhang</dct:creator><dct:creator>Tiberio Garza</dct:creator><dct:creator>Yingtao Jiang</dct:creator><dct:subject><rdf:Bag><rdf:li>Constructivism</rdf:li><rdf:li>Learning environment</rdf:li><rdf:li>Engineering education</rdf:li><rdf:li>First-year experience</rdf:li></rdf:Bag></dct:subject><dct:description>Data in Brief 39 (2021). doi:10.1016/j.dib.2021.107522</dct:description><prism:aggregationType>journal</prism:aggregationType><prism:publicationName>Data in Brief</prism:publicationName><prism:copyright>&#169; 2021 The Authors. Published by Elsevier Inc.</prism:copyright><dct:publisher>Elsevier Inc.</dct:publisher><prism:issn>2352-3409</prism:issn><prism:volume>39</prism:volume><prism:coverDisplayDate>December 2021</prism:coverDisplayDate><prism:doi>10.1016/j.dib.2021.107522</prism:doi><prism:url>http://dx.doi.org/10.1016/j.dib.2021.107522</prism:url><dct:identifier>doi:10.1016/j.dib.2021.107522</dct:identifier><bam:articleNumber>107522</bam:articleNumber><oa:openAccessInformation><oa:openAccessStatus xmlns:xsi="http://www.w3.org/2001/XMLSchema-instance">http://vtw.elsevier.com/data/voc/oa/OpenAccessStatus#Full</oa:openAccessStatus><oa:openAccessEffective xmlns:xsi="http://www.w3.org/2001/XMLSchema-instance">2021-10-22T21:24:13Z</oa:openAccessEffective><oa:sponsor xmlns:xsi="http://www.w3.org/2001/XMLSchema-instance"><oa:sponsorType>http://vtw.elsevier.com/data/voc/oa/SponsorType#Author</oa:sponsorType></oa:sponsor><oa:userLicense xmlns:xsi="http://www.w3.org/2001/XMLSchema-instance">http://creativecommons.org/licenses/by/4.0/</oa:userLicense></oa:openAccessInformation><cp:licenseLine xmlns:xsi="http://www.w3.org/2001/XMLSchema-instance">This is an open access article under the CC BY license.</cp:licenseLine></rdf:Description></rdf:RDF><dp:document-properties><dp:aggregation-type>Journals</dp:aggregation-type><dp:version-number>S300.1</dp:version-number></dp:document-properties><ja:article docsubtype="dat" version="5.6" xml:lang="en"><ja:item-info><ja:jid>DIB</ja:jid><ja:aid>107522</ja:aid><ce:article-number>107522</ce:article-number><ce:pii>S2352-3409(21)00798-8</ce:pii><ce:doi>10.1016/j.dib.2021.107522</ce:doi><ce:copyright type="unknown" year="2021"/></ja:item-info><ja:head><ce:dochead id="dchd0001"><ce:textfn id="dhtxt0001">Data Article</ce:textfn></ce:dochead><ce:title id="tte0002">Data of the constructivist practices in the learning environment survey from engineering undergraduates: An exploratory factor analysis</ce:title><ce:author-group id="aut0001"><ce:author id="au0001" author-id="S2352340921007988-a248b1853b7a805c6417732c2e2c9d48" orcid="0000-0003-4562-5648"><ce:given-name>Chengcheng</ce:given-name><ce:surname>Li</ce:surname><ce:cross-ref refid="aff0001"><ce:sup loc="post">a</ce:sup></ce:cross-ref><ce:cross-ref refid="cor0001"><ce:sup loc="post">&#x204e;</ce:sup></ce:cross-ref><ce:e-address id="ead0001" type="email" xlink:href="mailto:chengcheng_lee@qq.com">chengcheng_lee@qq.com</ce:e-address></ce:author><ce:author id="au0002" author-id="S2352340921007988-b1b164080eb6fdd2aa0e58a2f7056870" orcid="0000-0002-8272-1551"><ce:given-name>Shaoan</ce:given-name><ce:surname>Zhang</ce:surname><ce:cross-ref refid="aff0002"><ce:sup loc="post">b</ce:sup></ce:cross-ref></ce:author><ce:author id="au0003" author-id="S2352340921007988-a51005698c8b3f55bb239393083c9049"><ce:given-name>Tiberio</ce:given-name><ce:surname>Garza</ce:surname><ce:cross-ref refid="aff0003"><ce:sup loc="post">c</ce:sup></ce:cross-ref></ce:author><ce:author id="au0004" author-id="S2352340921007988-2f5cb3e45332586c1abcc4a6ed94141d"><ce:given-name>Yingtao</ce:given-name><ce:surname>Jiang</ce:surname><ce:cross-ref refid="aff0004"><ce:sup loc="post">d</ce:sup></ce:cross-ref></ce:author><ce:affiliation id="aff0001" affiliation-id="S2352340921007988-d79ea2ce606e594bcd259e028ea962ba"><ce:label>a</ce:label><ce:textfn id="cetextfn0001">Faculty of Foreign Languages, The Open University of China, China</ce:textfn><sa:affiliation><sa:organization>Faculty of Foreign Languages</sa:organization><sa:organization>The Open University of China</sa:organization><sa:country>China</sa:country></sa:affiliation><ce:source-text id="staff0001">aDepartment of Teaching and Learning, University of Nevada, Las Vegas, United States</ce:source-text></ce:affiliation><ce:affiliation id="aff0002" affiliation-id="S2352340921007988-2edf2958166561c5c08cd228e53bbcdc"><ce:label>b</ce:label><ce:textfn>Department of Teaching and Learning, University of Nevada, Las Vegas, United States</ce:textfn><sa:affiliation><sa:organization>Department of Teaching and Learning</sa:organization><sa:organization>University of Nevada</sa:organization><sa:city>Las Vegas</sa:city><sa:country>United States</sa:country></sa:affiliation><ce:source-text id="srctPC_affyrthyVI0YL">Department of Teaching and Learning, University of Nevada, Las Vegas, United States</ce:source-text></ce:affiliation><ce:affiliation id="aff0003" affiliation-id="S2352340921007988-82f2ec9689bc5eceb7623e1b070bc77d"><ce:label>c</ce:label><ce:textfn id="cetextfn0002">Department of Educational Psychology and Higher Education, University of Nevada, Las Vegas, United States</ce:textfn><sa:affiliation><sa:organization>Department of Educational Psychology and Higher Education</sa:organization><sa:organization>University of Nevada</sa:organization><sa:city>Las Vegas</sa:city><sa:country>United States</sa:country></sa:affiliation><ce:source-text id="staff0002">bDepartment of Educational Psychology and Higher Education, University of Nevada, Las Vegas, United States</ce:source-text></ce:affiliation><ce:affiliation id="aff0004" affiliation-id="S2352340921007988-a3f506d6c798aaa5c029255b29624a7f"><ce:label>d</ce:label><ce:textfn id="cetextfn0003">Department of Electrical and Computer Engineering, University of Nevada, Las Vegas, United States</ce:textfn><sa:affiliation><sa:organization>Department of Electrical and Computer Engineering</sa:organization><sa:organization>University of Nevada</sa:organization><sa:city>Las Vegas</sa:city><sa:country>United States</sa:country></sa:affiliation><ce:source-text id="staff0003">cDepartment of Electrical and Computer Engineering, University of Nevada, Las Vegas, United States</ce:source-text></ce:affiliation><ce:correspondence id="cor0001"><ce:label>&#x204e;</ce:label><ce:text id="cetext0001">Corresponding author.</ce:text></ce:correspondence></ce:author-group><ce:date-received day="27" month="11" year="2020"/><ce:date-revised day="21" month="2" year="2021"/><ce:date-accepted day="22" month="10" year="2021"/><ce:abstract id="abs0001" view="all" class="author"><ce:section-title id="cesectitle0001">Abstract</ce:section-title><ce:abstract-sec id="abss0001" view="all"><ce:simple-para id="spara010" view="all">This paper presents the dataset of a questionnaire on first-year engineering undergraduates&#x2019; perceptions of constructivist practices in the learning environment. The questionnaire with a 5-Likert scale was adapted from previous research. The sample consisted of 293 first-year engineering undergraduates in the southwest region of the United States. The online questionnaire was sent to participants who completed it voluntarily at the end of Fall 2019. A total of 274 of 293 participants completed the questionnaire with a response rate of 93.515%. Exploratory factor analysis was conducted to test the underlying factor structure of the questionnaire, which serves as a good reference for future research.</ce:simple-para></ce:abstract-sec></ce:abstract><ce:keywords id="keys0001" view="all" class="keyword"><ce:section-title id="cesectitle0002">Keywords</ce:section-title><ce:keyword id="key0001"><ce:text id="cetext0002">Constructivism</ce:text></ce:keyword><ce:keyword id="key0002"><ce:text id="cetext0003">Learning environment</ce:text></ce:keyword><ce:keyword id="key0003"><ce:text id="cetext0004">Engineering education</ce:text></ce:keyword><ce:keyword id="key0004"><ce:text id="cetext0005">First-year experience</ce:text></ce:keyword></ce:keywords></ja:head></ja:article></doc:document>
