<doc:document xmlns:doc="http://www.elsevier.com/xml/document/schema" xmlns:dp="http://www.elsevier.com/xml/common/doc-properties/schema" xmlns:cps="http://www.elsevier.com/xml/common/consyn-properties/schema" xmlns:rdf="http://www.w3.org/1999/02/22-rdf-syntax-ns#" xmlns:dct="http://purl.org/dc/terms/" xmlns:prism="http://prismstandard.org/namespaces/basic/2.0/" xmlns:oa="http://vtw.elsevier.com/data/ns/properties/OpenAccess-1/" xmlns:bam="http://vtw.elsevier.com/data/voc/ns/bam-vtw-1/" xmlns:cp="http://vtw.elsevier.com/data/ns/properties/Copyright-1/" xmlns:cja="http://www.elsevier.com/xml/cja/schema" xmlns:ja="http://www.elsevier.com/xml/ja/schema" xmlns:bk="http://www.elsevier.com/xml/bk/schema" xmlns:ce="http://www.elsevier.com/xml/common/schema" xmlns:mml="http://www.w3.org/1998/Math/MathML" xmlns:cals="http://www.elsevier.com/xml/common/cals/schema" xmlns:tb="http://www.elsevier.com/xml/common/table/schema" xmlns:sa="http://www.elsevier.com/xml/common/struct-aff/schema" xmlns:sb="http://www.elsevier.com/xml/common/struct-bib/schema" xmlns:xlink="http://www.w3.org/1999/xlink"><rdf:RDF><rdf:Description rdf:about="http://dx.doi.org/10.1016/j.dib.2021.107749"><dct:format>application/xml</dct:format><dct:title>Soil profile photograph dataset from central Mexico to delineate horizons and quantify coarse fragments</dct:title><dct:creator>&#193;ngeles Gallegos</dct:creator><dct:creator>Francisco Bautista</dct:creator><dct:subject><rdf:Bag><rdf:li>CIE L*a*b*</rdf:li><rdf:li>HSV</rdf:li><rdf:li>Digital photography</rdf:li><rdf:li>Color systems</rdf:li><rdf:li>Stoniness</rdf:li></rdf:Bag></dct:subject><dct:description>Data in Brief 40 (2022). doi:10.1016/j.dib.2021.107749</dct:description><prism:aggregationType>journal</prism:aggregationType><prism:publicationName>Data in Brief</prism:publicationName><prism:copyright>&#169; 2021 The Author(s). Published by Elsevier Inc.</prism:copyright><dct:publisher>Elsevier Inc.</dct:publisher><prism:issn>2352-3409</prism:issn><prism:volume>40</prism:volume><prism:coverDisplayDate>February 2022</prism:coverDisplayDate><prism:doi>10.1016/j.dib.2021.107749</prism:doi><prism:url>http://dx.doi.org/10.1016/j.dib.2021.107749</prism:url><dct:identifier>doi:10.1016/j.dib.2021.107749</dct:identifier><bam:articleNumber>107749</bam:articleNumber><oa:openAccessInformation><oa:openAccessStatus xmlns:xsi="http://www.w3.org/2001/XMLSchema-instance">http://vtw.elsevier.com/data/voc/oa/OpenAccessStatus#Full</oa:openAccessStatus><oa:openAccessEffective xmlns:xsi="http://www.w3.org/2001/XMLSchema-instance">2021-12-21T18:10:25Z</oa:openAccessEffective><oa:sponsor xmlns:xsi="http://www.w3.org/2001/XMLSchema-instance"><oa:sponsorName>Mexico: LE Tracking</oa:sponsorName><oa:sponsorType>http://vtw.elsevier.com/data/voc/oa/SponsorType#FundingBody</oa:sponsorType></oa:sponsor><oa:userLicense xmlns:xsi="http://www.w3.org/2001/XMLSchema-instance">http://creativecommons.org/licenses/by-nc-nd/4.0/</oa:userLicense></oa:openAccessInformation><cp:licenseLine xmlns:xsi="http://www.w3.org/2001/XMLSchema-instance">This is an open access article under the CC BY-NC-ND license.</cp:licenseLine></rdf:Description></rdf:RDF><dp:document-properties><dp:aggregation-type>Journals</dp:aggregation-type><dp:version-number>S300.1</dp:version-number></dp:document-properties><ja:article docsubtype="dat" version="5.6" xml:lang="en"><ja:item-info><ja:jid>DIB</ja:jid><ja:aid>107749</ja:aid><ce:article-number>107749</ce:article-number><ce:pii>S2352-3409(21)01024-6</ce:pii><ce:doi>10.1016/j.dib.2021.107749</ce:doi><ce:document-thread><ce:refers-to-document id="ref0001"><ce:pii>S2352-0094(21)00048-1</ce:pii><ce:doi>10.1016/j.geodrs.2021.e00403</ce:doi></ce:refers-to-document></ce:document-thread><ce:copyright type="other" year="2021">The Author(s)</ce:copyright></ja:item-info><ja:head><ce:dochead id="dchd0001"><ce:textfn id="dhtxt0001">Data Article</ce:textfn></ce:dochead><ce:title id="tte0002">Soil profile photograph dataset from central Mexico to delineate horizons and quantify coarse fragments</ce:title><ce:author-group id="aut0001"><ce:author id="au0001" author-id="S2352340921010246-993ef80a3bb2c4bd171f69eadc363bdc"><ce:given-name>&#193;ngeles</ce:given-name><ce:surname>Gallegos</ce:surname><ce:contributor-role role="http://credit.niso.org/contributor-roles/conceptualization">Conceptualization</ce:contributor-role><ce:contributor-role role="http://credit.niso.org/contributor-roles/methodology">Methodology</ce:contributor-role><ce:contributor-role role="http://credit.niso.org/contributor-roles/software">Software</ce:contributor-role><ce:contributor-role role="http://credit.niso.org/contributor-roles/data-curation">Data curation</ce:contributor-role><ce:contributor-role role="http://credit.niso.org/contributor-roles/writing-original-draft">Writing &#x2013; original draft</ce:contributor-role></ce:author><ce:author id="au0002" author-id="S2352340921010246-ca3b480285246262a050c5950b319020" orcid="0000-0001-9128-5803"><ce:given-name>Francisco</ce:given-name><ce:surname>Bautista</ce:surname><ce:contributor-role role="http://credit.niso.org/contributor-roles/conceptualization">Conceptualization</ce:contributor-role><ce:contributor-role role="http://credit.niso.org/contributor-roles/methodology">Methodology</ce:contributor-role><ce:contributor-role role="http://credit.niso.org/contributor-roles/investigation">Investigation</ce:contributor-role><ce:contributor-role role="http://credit.niso.org/contributor-roles/writing-review-editing">Writing &#x2013; review &amp; editing</ce:contributor-role><ce:cross-ref refid="cor0001"><ce:sup loc="post">&#x204e;</ce:sup></ce:cross-ref><ce:e-address id="ead0001" type="email" xlink:href="mailto:leptosol@ciga.unam.mx">leptosol@ciga.unam.mx</ce:e-address><ce:e-address id="ea3" type="social-media" xlink:href="https://twitter.com/Soilman17">@Soilman17</ce:e-address></ce:author><ce:affiliation id="aff0001" affiliation-id="S2352340921010246-69aee0f2ad339708271094f4b1c7f6c2"><ce:textfn id="cetextfn0001">Centro de Investigaciones en Geograf&#237;a Ambiental, Universidad Nacional Aut&#243;noma de M&#233;xico, Antigua Carretera a P&#225;tzcuaro No. 8701, Col. Ex-Hacienda de San Jos&#233; de la Huerta, C.P., Morelia, Michoac&#225;n 58190, M&#233;xico</ce:textfn><sa:affiliation><sa:organization>Centro de Investigaciones en Geograf&#237;a Ambiental</sa:organization><sa:organization>Universidad Nacional Aut&#243;noma de M&#233;xico,</sa:organization><sa:address-line>Antigua Carretera a P&#225;tzcuaro No. 8701, Col. Ex-Hacienda de San Jos&#233; de la Huerta, C.P.</sa:address-line><sa:city>Morelia</sa:city><sa:state>Michoac&#225;n</sa:state><sa:postal-code>58190</sa:postal-code><sa:country>M&#233;xico</sa:country></sa:affiliation><ce:source-text id="staff0001">Centro de Investigaciones en Geograf&#237;a Ambiental, Universidad Nacional Aut&#243;noma de M&#233;xico, Antigua Carretera a P&#225;tzcuaro No. 8701, Col. Ex-Hacienda de San Jos&#233; de la Huerta, C.P., Morelia, Michoac&#225;n 58190, M&#233;xico</ce:source-text></ce:affiliation><ce:correspondence id="cor0001"><ce:label>&#x204e;</ce:label><ce:text id="cetext0001">Corresponding author.</ce:text></ce:correspondence></ce:author-group><ce:date-received day="28" month="10" year="2021"/><ce:date-revised day="14" month="12" year="2021"/><ce:date-accepted day="20" month="12" year="2021"/><ce:abstract id="abs0001" view="all" class="author"><ce:section-title id="cesectitle0001">Abstract</ce:section-title><ce:abstract-sec id="abss0001" view="all"><ce:simple-para id="spara007" view="all">This database consists of a digital photograph set of soil profiles from the physiographic provinces of the Trans-Mexican Neovolcanic Axis and Sierra Madre del Sur of central Mexico. Although the official and government databases of soil profiles from Mexico do not contain the percentage of coarse fragments (stoniness), they contain soil profile photographs from which the percentage of coarse fragments can be extracted. The dataset has two data source types: (a) Soil profile photographs taken in the field and (b) soil profile photographs from the official database of the government of Mexico. The images were analyzed using the Gallegos-Bautista (GB) method. In the GB method, the horizon delineation of the soil profiles includes preprocessing the profile image with k-means segmentation; conversion of the preprocessed image to CIE L*a*b* (lightness, red/green value, blue/yellow value) and HSV (hue, saturation, value) color systems; k-means segmentation of HSV and CIE L*a*b* images, delineation of horizons, and clarity and topography determinations of the outlined horizons. The soil groups studied correspond to the Andosol, Cambisol, Luvisol, Alisol, Kastanozem, Phaeozem, Umbrisol, and Solonchak groups, some of which had contrasting color horizons, allowing us to identify how to follow the analysis of the digital images according to the horizons of the soil profiles.</ce:simple-para></ce:abstract-sec></ce:abstract><ce:keywords id="keys0001" view="all" class="keyword"><ce:section-title id="cesectitle0002">Keywords</ce:section-title><ce:keyword id="key0001"><ce:text id="cetext0002">CIE L*a*b*</ce:text></ce:keyword><ce:keyword id="key0002"><ce:text id="cetext0003">HSV</ce:text></ce:keyword><ce:keyword id="key0003"><ce:text id="cetext0004">Digital photography</ce:text></ce:keyword><ce:keyword id="key0004"><ce:text id="cetext0005">Color systems</ce:text></ce:keyword><ce:keyword id="key0005"><ce:text id="cetext0006">Stoniness</ce:text></ce:keyword></ce:keywords></ja:head></ja:article></doc:document>
