<doc:document xmlns:doc="http://www.elsevier.com/xml/document/schema" xmlns:dp="http://www.elsevier.com/xml/common/doc-properties/schema" xmlns:cps="http://www.elsevier.com/xml/common/consyn-properties/schema" xmlns:rdf="http://www.w3.org/1999/02/22-rdf-syntax-ns#" xmlns:dct="http://purl.org/dc/terms/" xmlns:prism="http://prismstandard.org/namespaces/basic/2.0/" xmlns:oa="http://vtw.elsevier.com/data/ns/properties/OpenAccess-1/" xmlns:bam="http://vtw.elsevier.com/data/voc/ns/bam-vtw-1/" xmlns:cp="http://vtw.elsevier.com/data/ns/properties/Copyright-1/" xmlns:cja="http://www.elsevier.com/xml/cja/schema" xmlns:ja="http://www.elsevier.com/xml/ja/schema" xmlns:bk="http://www.elsevier.com/xml/bk/schema" xmlns:ce="http://www.elsevier.com/xml/common/schema" xmlns:mml="http://www.w3.org/1998/Math/MathML" xmlns:cals="http://www.elsevier.com/xml/common/cals/schema" xmlns:tb="http://www.elsevier.com/xml/common/table/schema" xmlns:sa="http://www.elsevier.com/xml/common/struct-aff/schema" xmlns:sb="http://www.elsevier.com/xml/common/struct-bib/schema" xmlns:xlink="http://www.w3.org/1999/xlink"><rdf:RDF><rdf:Description rdf:about="http://dx.doi.org/10.1016/j.dib.2022.107835"><dct:format>application/xml</dct:format><dct:title>In vivo skin anisotropy dataset from annular suction test</dct:title><dct:creator>Aflah Elouneg</dct:creator><dct:creator>Audrey Bertin</dct:creator><dct:creator>Quentin Lucot</dct:creator><dct:creator>Vincent Tissot</dct:creator><dct:creator>Emmanuelle Jacquet</dct:creator><dct:creator>J&#233;r&#244;me Chambert</dct:creator><dct:creator>Arnaud Lejeune</dct:creator><dct:subject><rdf:Bag><rdf:li>Skin</rdf:li><rdf:li>Anisotropy</rdf:li><rdf:li>Viscoelasticity</rdf:li><rdf:li>Annular suction</rdf:li><rdf:li>In vivo</rdf:li><rdf:li>Multi-axial testing</rdf:li><rdf:li>Digital image correlation</rdf:li></rdf:Bag></dct:subject><dct:description>Data in Brief 40 (2022). doi:10.1016/j.dib.2022.107835</dct:description><prism:aggregationType>journal</prism:aggregationType><prism:publicationName>Data in Brief</prism:publicationName><prism:copyright>&#169; 2022 The Authors. Published by Elsevier Inc.</prism:copyright><dct:publisher>Elsevier Inc.</dct:publisher><prism:issn>2352-3409</prism:issn><prism:volume>40</prism:volume><prism:coverDisplayDate>February 2022</prism:coverDisplayDate><prism:doi>10.1016/j.dib.2022.107835</prism:doi><prism:url>http://dx.doi.org/10.1016/j.dib.2022.107835</prism:url><dct:identifier>doi:10.1016/j.dib.2022.107835</dct:identifier><bam:articleNumber>107835</bam:articleNumber><oa:openAccessInformation><oa:openAccessStatus xmlns:xsi="http://www.w3.org/2001/XMLSchema-instance">http://vtw.elsevier.com/data/voc/oa/OpenAccessStatus#Full</oa:openAccessStatus><oa:openAccessEffective xmlns:xsi="http://www.w3.org/2001/XMLSchema-instance">2022-01-13T13:27:06Z</oa:openAccessEffective><oa:sponsor xmlns:xsi="http://www.w3.org/2001/XMLSchema-instance"><oa:sponsorType>http://vtw.elsevier.com/data/voc/oa/SponsorType#Author</oa:sponsorType></oa:sponsor><oa:userLicense xmlns:xsi="http://www.w3.org/2001/XMLSchema-instance">http://creativecommons.org/licenses/by/4.0/</oa:userLicense></oa:openAccessInformation><cp:licenseLine xmlns:xsi="http://www.w3.org/2001/XMLSchema-instance">This is an open access article under the CC BY license.</cp:licenseLine></rdf:Description></rdf:RDF><dp:document-properties><dp:aggregation-type>Journals</dp:aggregation-type><dp:version-number>S300.1</dp:version-number></dp:document-properties><ja:article docsubtype="dat" version="5.6" xml:lang="en"><ja:item-info><ja:jid>DIB</ja:jid><ja:aid>107835</ja:aid><ce:article-number>107835</ce:article-number><ce:pii>S2352-3409(22)00047-6</ce:pii><ce:doi>10.1016/j.dib.2022.107835</ce:doi><ce:copyright type="unknown" year="2022"/></ja:item-info><ja:head><ce:dochead id="dchd0001"><ce:textfn id="dhtxt0001">Data Article</ce:textfn></ce:dochead><ce:title id="tte0002"><ce:italic>In vivo</ce:italic> skin anisotropy dataset from annular suction test</ce:title><ce:author-group id="aut0001"><ce:author id="au0001" author-id="S2352340922000476-a5a835565b58e1ed5f1ea7630e3b7024" orcid="0000-0002-0814-6704"><ce:given-name>Aflah</ce:given-name><ce:surname>Elouneg</ce:surname><ce:contributor-role role="http://credit.niso.org/contributor-roles/formal-analysis">Formal analysis</ce:contributor-role><ce:contributor-role role="http://credit.niso.org/contributor-roles/writing-review-editing">Writing &#x2013; review &amp; editing</ce:contributor-role><ce:contributor-role role="http://credit.niso.org/contributor-roles/visualization">Visualization</ce:contributor-role><ce:contributor-role role="http://credit.niso.org/contributor-roles/investigation">Investigation</ce:contributor-role><ce:contributor-role role="http://credit.niso.org/contributor-roles/software">Software</ce:contributor-role><ce:cross-ref refid="aff0001"><ce:sup loc="post">a</ce:sup></ce:cross-ref></ce:author><ce:author id="au0002" author-id="S2352340922000476-512801a67b87e57c9b0b494f0f5afcb6"><ce:given-name>Audrey</ce:given-name><ce:surname>Bertin</ce:surname><ce:contributor-role role="http://credit.niso.org/contributor-roles/writing-original-draft">Writing &#x2013; original draft</ce:contributor-role><ce:contributor-role role="http://credit.niso.org/contributor-roles/investigation">Investigation</ce:contributor-role><ce:cross-ref refid="aff0001"><ce:sup loc="post">a</ce:sup></ce:cross-ref><ce:cross-ref refid="aff0002"><ce:sup loc="post">b</ce:sup></ce:cross-ref></ce:author><ce:author id="au0003" author-id="S2352340922000476-999c77d21d0809a8ccd9e07b18e65466"><ce:given-name>Quentin</ce:given-name><ce:surname>Lucot</ce:surname><ce:contributor-role>Software</ce:contributor-role><ce:cross-ref refid="aff0001"><ce:sup loc="post">a</ce:sup></ce:cross-ref></ce:author><ce:author id="au0004" author-id="S2352340922000476-b520e5ec510326873dd13e9c00f2b778"><ce:given-name>Vincent</ce:given-name><ce:surname>Tissot</ce:surname><ce:contributor-role>Resources</ce:contributor-role><ce:cross-ref refid="aff0001"><ce:sup loc="post">a</ce:sup></ce:cross-ref></ce:author><ce:author id="au0005" author-id="S2352340922000476-a6157c44919860dc9ed7389821714bdd" orcid="0000-0002-5573-5341"><ce:given-name>Emmanuelle</ce:given-name><ce:surname>Jacquet</ce:surname><ce:contributor-role role="http://credit.niso.org/contributor-roles/conceptualization">Conceptualization</ce:contributor-role><ce:contributor-role role="http://credit.niso.org/contributor-roles/supervision">Supervision</ce:contributor-role><ce:cross-ref refid="aff0001"><ce:sup loc="post">a</ce:sup></ce:cross-ref><ce:cross-ref refid="aff0002"><ce:sup loc="post">b</ce:sup></ce:cross-ref><ce:cross-ref refid="cor0001"><ce:sup loc="post">&#x204e;</ce:sup></ce:cross-ref><ce:e-address id="ead0001" type="email" xlink:href="mailto:emmanuelle.jacquet@femto-st.fr">emmanuelle.jacquet@femto-st.fr</ce:e-address></ce:author><ce:author id="au0006" author-id="S2352340922000476-d0aed3d459df135a3b4fa36a9b16d231" orcid="0000-0002-1713-0325"><ce:given-name>J&#233;r&#244;me</ce:given-name><ce:surname>Chambert</ce:surname><ce:contributor-role role="http://credit.niso.org/contributor-roles/conceptualization">Conceptualization</ce:contributor-role><ce:contributor-role role="http://credit.niso.org/contributor-roles/supervision">Supervision</ce:contributor-role><ce:cross-ref refid="aff0001"><ce:sup loc="post">a</ce:sup></ce:cross-ref></ce:author><ce:author id="au0007" author-id="S2352340922000476-78ff30f5bb98af927be7ebd11b9f8098" orcid="0000-0002-5047-4103"><ce:given-name>Arnaud</ce:given-name><ce:surname>Lejeune</ce:surname><ce:contributor-role role="http://credit.niso.org/contributor-roles/data-curation">Data curation</ce:contributor-role><ce:contributor-role role="http://credit.niso.org/contributor-roles/conceptualization">Conceptualization</ce:contributor-role><ce:contributor-role role="http://credit.niso.org/contributor-roles/supervision">Supervision</ce:contributor-role><ce:cross-ref refid="aff0001"><ce:sup loc="post">a</ce:sup></ce:cross-ref></ce:author><ce:affiliation id="aff0001" affiliation-id="S2352340922000476-51309fc1c0f460b5bd6f6f66162caac9"><ce:label>a</ce:label><ce:textfn id="cetextfn0001">Applied Mechanics Department, FEMTO-ST Institute, University Bourgogne Franche-Comt&#233;, CNRS (UMR 6174), 24 Rue de L&#x2019;&#201;pitaphe, Besan&#231;on 25000, France</ce:textfn><sa:affiliation><sa:organization>Applied Mechanics Department, FEMTO-ST Institute</sa:organization><sa:organization>University Bourgogne Franche-Comt&#233;</sa:organization><sa:organization>CNRS (UMR 6174)</sa:organization><sa:address-line>24 Rue de L&#x2019;&#201;pitaphe</sa:address-line><sa:city>Besan&#231;on</sa:city><sa:postal-code>25000</sa:postal-code><sa:country>France</sa:country></sa:affiliation><ce:source-text id="staff0001">aApplied Mechanics Department, FEMTO-ST Institute, University Bourgogne Franche-Comt&#233;, CNRS (UMR 6174), 24 Rue de L&#x2019;&#201;pitaphe, Besan&#231;on 25000, France</ce:source-text></ce:affiliation><ce:affiliation id="aff0002" affiliation-id="S2352340922000476-fcef298144412218751e563f76948990"><ce:label>b</ce:label><ce:textfn id="cetextfn0002">Biomedical Engineering School at University of Franche-Comt&#233;, University Bourgogne Franche-Comt&#233;, 23 rue Alain Savary, Besan&#231;on 25000, France</ce:textfn><sa:affiliation><sa:organization>Biomedical Engineering School at University of Franche-Comt&#233;</sa:organization><sa:organization>University Bourgogne Franche-Comt&#233;</sa:organization><sa:address-line>23 rue Alain Savary</sa:address-line><sa:city>Besan&#231;on</sa:city><sa:postal-code>25000</sa:postal-code><sa:country>France</sa:country></sa:affiliation><ce:source-text id="staff0002">bBiomedical Engineering School at University of Franche-Comt&#233;, University Bourgogne Franche-Comt&#233;, 23 rue Alain Savary, Besan&#231;on 25000, France</ce:source-text></ce:affiliation><ce:correspondence id="cor0001"><ce:label>&#x204e;</ce:label><ce:text id="cetext0001">Corresponding author at: Applied Mechanics Department, FEMTO-ST Institute, University Bourgogne Franche-Comt&#233;, CNRS (UMR 6174), 24 Rue de L&#x2019;&#201;pitaphe, Besan&#231;on 25000, France.</ce:text><sa:affiliation><sa:organization>Applied Mechanics Department, FEMTO-ST Institute</sa:organization><sa:organization>University Bourgogne Franche-Comt&#233;</sa:organization><sa:organization>CNRS (UMR 6174)</sa:organization><sa:address-line>24 Rue de L&#x2019;&#201;pitaphe</sa:address-line><sa:city>Besan&#231;on</sa:city><sa:postal-code>25000</sa:postal-code><sa:country>France</sa:country></sa:affiliation></ce:correspondence></ce:author-group><ce:date-received day="13" month="11" year="2021"/><ce:date-revised day="8" month="1" year="2022"/><ce:date-accepted day="12" month="1" year="2022"/><ce:abstract id="abs0001" view="all" class="author"><ce:section-title id="cesectitle0001">Abstract</ce:section-title><ce:abstract-sec id="abss0001" view="all"><ce:simple-para id="spara011" view="all">To characterize the anisotropic and viscoelastic behaviors of the skin, we conducted an experimental campaign of <ce:italic>in-vivo</ce:italic> suction tests using the CutiScan&#174;CS100 device from Courage and Khazaka electronics. In this data paper, we present the raw acquired data of the tests and their respective treated data. The tests were performed 30 times on the anterior forearm of a 28-year-old Caucasian male at different pressure set-points, ranging from 100 to 500&#160;mbar with an increment of 20&#160;mbar, at ambient temperature in a windowless room. The primary dataset consists of videos recorded by a probe camera associated with the CutiScan&#174; device during the tests. After data treatment with DIC (Digital Image Correlation) technique and based on a homemade Python program, we have obtained secondary data tables and 2D displacement for all mapped grid nodes.</ce:simple-para></ce:abstract-sec></ce:abstract><ce:keywords id="keys0001" view="all" class="keyword"><ce:section-title id="cesectitle0002">Keywords</ce:section-title><ce:keyword id="key0001"><ce:text id="cetext0002">Skin</ce:text></ce:keyword><ce:keyword id="key0002"><ce:text id="cetext0003">Anisotropy</ce:text></ce:keyword><ce:keyword id="key0003"><ce:text id="cetext0004">Viscoelasticity</ce:text></ce:keyword><ce:keyword id="key0004"><ce:text id="cetext0005">Annular suction</ce:text></ce:keyword><ce:keyword id="key0005"><ce:text id="cetext0006"><ce:italic>In vivo</ce:italic></ce:text></ce:keyword><ce:keyword id="key0006"><ce:text id="cetext0007">Multi-axial testing</ce:text></ce:keyword><ce:keyword id="key0007"><ce:text id="cetext0008">Digital image correlation</ce:text></ce:keyword></ce:keywords></ja:head></ja:article></doc:document>
