<doc:document xmlns:doc="http://www.elsevier.com/xml/document/schema" xmlns:dp="http://www.elsevier.com/xml/common/doc-properties/schema" xmlns:cps="http://www.elsevier.com/xml/common/consyn-properties/schema" xmlns:rdf="http://www.w3.org/1999/02/22-rdf-syntax-ns#" xmlns:dct="http://purl.org/dc/terms/" xmlns:prism="http://prismstandard.org/namespaces/basic/2.0/" xmlns:oa="http://vtw.elsevier.com/data/ns/properties/OpenAccess-1/" xmlns:bam="http://vtw.elsevier.com/data/voc/ns/bam-vtw-1/" xmlns:cp="http://vtw.elsevier.com/data/ns/properties/Copyright-1/" xmlns:cja="http://www.elsevier.com/xml/cja/schema" xmlns:ja="http://www.elsevier.com/xml/ja/schema" xmlns:bk="http://www.elsevier.com/xml/bk/schema" xmlns:ce="http://www.elsevier.com/xml/common/schema" xmlns:mml="http://www.w3.org/1998/Math/MathML" xmlns:cals="http://www.elsevier.com/xml/common/cals/schema" xmlns:tb="http://www.elsevier.com/xml/common/table/schema" xmlns:sa="http://www.elsevier.com/xml/common/struct-aff/schema" xmlns:sb="http://www.elsevier.com/xml/common/struct-bib/schema" xmlns:xlink="http://www.w3.org/1999/xlink"><rdf:RDF><rdf:Description rdf:about="http://dx.doi.org/10.1016/j.dib.2021.107684"><dct:format>application/xml</dct:format><dct:title>Data on the effects of ECM rigidity on actomyosin contractility and invadopodia activity in individual versus pairs of head and neck squamous cell carcinoma cells</dct:title><dct:creator>Rachel Jerrell</dct:creator><dct:creator>Mitchell Leih</dct:creator><dct:creator>Aron Parekh</dct:creator><dct:subject><rdf:Bag><rdf:li>Cancer</rdf:li><rdf:li>Invasion</rdf:li><rdf:li>Actomyosin contractility</rdf:li><rdf:li>Invadopodia</rdf:li><rdf:li>Rigidity</rdf:li></rdf:Bag></dct:subject><dct:description>Data in Brief 40 (2022). doi:10.1016/j.dib.2021.107684</dct:description><prism:aggregationType>journal</prism:aggregationType><prism:publicationName>Data in Brief</prism:publicationName><prism:copyright>&#169; 2021 The Authors. Published by Elsevier Inc.</prism:copyright><dct:publisher>Elsevier Inc.</dct:publisher><prism:issn>2352-3409</prism:issn><prism:volume>40</prism:volume><prism:coverDisplayDate>February 2022</prism:coverDisplayDate><prism:doi>10.1016/j.dib.2021.107684</prism:doi><prism:url>http://dx.doi.org/10.1016/j.dib.2021.107684</prism:url><dct:identifier>doi:10.1016/j.dib.2021.107684</dct:identifier><bam:articleNumber>107684</bam:articleNumber><oa:openAccessInformation><oa:openAccessStatus xmlns:xsi="http://www.w3.org/2001/XMLSchema-instance">http://vtw.elsevier.com/data/voc/oa/OpenAccessStatus#Full</oa:openAccessStatus><oa:openAccessEffective xmlns:xsi="http://www.w3.org/2001/XMLSchema-instance">2021-12-04T18:03:48Z</oa:openAccessEffective><oa:sponsor xmlns:xsi="http://www.w3.org/2001/XMLSchema-instance"><oa:sponsorType>http://vtw.elsevier.com/data/voc/oa/SponsorType#Author</oa:sponsorType></oa:sponsor><oa:userLicense xmlns:xsi="http://www.w3.org/2001/XMLSchema-instance">http://creativecommons.org/licenses/by/4.0/</oa:userLicense></oa:openAccessInformation><cp:licenseLine xmlns:xsi="http://www.w3.org/2001/XMLSchema-instance">This is an open access article under the CC BY license.</cp:licenseLine></rdf:Description></rdf:RDF><dp:document-properties><dp:aggregation-type>Journals</dp:aggregation-type><dp:version-number>S300.1</dp:version-number></dp:document-properties><ja:article docsubtype="dat" version="5.6" xml:lang="en"><ja:item-info><ja:jid>DIB</ja:jid><ja:aid>107684</ja:aid><ce:article-number>107684</ce:article-number><ce:pii>S2352-3409(21)00959-8</ce:pii><ce:doi>10.1016/j.dib.2021.107684</ce:doi><ce:copyright type="unknown" year="2021"/></ja:item-info><ja:head><ce:dochead id="dchd0001"><ce:textfn id="dhtxt0001">Data Article</ce:textfn></ce:dochead><ce:title id="tte0002">Data on the effects of ECM rigidity on actomyosin contractility and invadopodia activity in individual versus pairs of head and neck squamous cell carcinoma cells</ce:title><ce:author-group id="aut0001"><ce:author id="au0001" author-id="S2352340921009598-84ab9aa4e9aeb08bc5fb5a85a570caab" orcid="0000-0003-0224-0481"><ce:given-name>Rachel</ce:given-name><ce:surname>Jerrell</ce:surname><ce:contributor-role role="http://credit.niso.org/contributor-roles/investigation">Investigation</ce:contributor-role><ce:contributor-role role="http://credit.niso.org/contributor-roles/visualization">Visualization</ce:contributor-role><ce:cross-ref refid="aff0001"><ce:sup loc="post">a</ce:sup></ce:cross-ref></ce:author><ce:author id="au0002" author-id="S2352340921009598-db0788d83b61e6f163e2a1627b443fe3"><ce:given-name>Mitchell</ce:given-name><ce:surname>Leih</ce:surname><ce:contributor-role role="http://credit.niso.org/contributor-roles/formal-analysis">Formal analysis</ce:contributor-role><ce:cross-ref refid="aff0001"><ce:sup loc="post">a</ce:sup></ce:cross-ref></ce:author><ce:author id="au0003" author-id="S2352340921009598-904507cfa21867f45d372733e990c44e" orcid="0000-0001-6046-6003"><ce:given-name>Aron</ce:given-name><ce:surname>Parekh</ce:surname><ce:contributor-role role="http://credit.niso.org/contributor-roles/formal-analysis">Formal analysis</ce:contributor-role><ce:contributor-role role="http://credit.niso.org/contributor-roles/methodology">Methodology</ce:contributor-role><ce:contributor-role role="http://credit.niso.org/contributor-roles/visualization">Visualization</ce:contributor-role><ce:contributor-role role="http://credit.niso.org/contributor-roles/writing-original-draft">Writing &#x2013; original draft</ce:contributor-role><ce:cross-ref refid="aff0001"><ce:sup loc="post">a</ce:sup></ce:cross-ref><ce:cross-ref refid="aff0002"><ce:sup loc="post">b</ce:sup></ce:cross-ref><ce:cross-ref refid="aff0003"><ce:sup loc="post">c</ce:sup></ce:cross-ref><ce:cross-ref refid="cor0001"><ce:sup loc="post">&#x204e;</ce:sup></ce:cross-ref><ce:e-address id="ead0001" type="email" xlink:href="mailto:aron.parekh@vumc.org">aron.parekh@vumc.org</ce:e-address></ce:author><ce:affiliation id="aff0001" affiliation-id="S2352340921009598-a592b94a573aed12d784ac78f0ae257b"><ce:label>a</ce:label><ce:textfn id="cetextfn0001">Department of Otolaryngology, Vanderbilt University Medical Center, 522 Preston Research Building, 2220 Pierce Avenue, Nashville, TN 37232, USA</ce:textfn><sa:affiliation><sa:organization>Department of Otolaryngology</sa:organization><sa:organization>Vanderbilt University Medical Center</sa:organization><sa:address-line>522 Preston Research Building, 2220 Pierce Avenue</sa:address-line><sa:city>Nashville</sa:city><sa:state>TN</sa:state><sa:postal-code>37232</sa:postal-code><sa:country>USA</sa:country></sa:affiliation><ce:source-text id="staff0001">aDepartment of Otolaryngology, Vanderbilt University Medical Center, 522 Preston Research Building, 2220 Pierce Avenue, Nashville, TN 37232, USA</ce:source-text></ce:affiliation><ce:affiliation id="aff0002" affiliation-id="S2352340921009598-8d0e2e977944651e1e8c6b9d389a04a1"><ce:label>b</ce:label><ce:textfn id="cetextfn0002">Vanderbilt-Ingram Cancer Center, Vanderbilt University Medical Center, USA</ce:textfn><sa:affiliation><sa:organization>Vanderbilt-Ingram Cancer Center</sa:organization><sa:organization>Vanderbilt University Medical Center</sa:organization><sa:country>USA</sa:country></sa:affiliation><ce:source-text id="staff0002">bVanderbilt-Ingram Cancer Center, Vanderbilt University Medical Center, USA</ce:source-text></ce:affiliation><ce:affiliation id="aff0003" affiliation-id="S2352340921009598-4079713ccf51cc81ce73f312710d825a"><ce:label>c</ce:label><ce:textfn id="cetextfn0003">Department of Biomedical Engineering, Vanderbilt University, USA</ce:textfn><sa:affiliation><sa:organization>Department of Biomedical Engineering</sa:organization><sa:organization>Vanderbilt University</sa:organization><sa:country>USA</sa:country></sa:affiliation><ce:source-text id="staff0003">cDepartment of Biomedical Engineering, Vanderbilt University, USA</ce:source-text></ce:affiliation><ce:correspondence id="cor0001"><ce:label>&#x204e;</ce:label><ce:text id="cetext0001">Corresponding author at: Department of Otolaryngology, Vanderbilt University Medical Center, 522 Preston Research Building, 2220 Pierce Avenue, Nashville, TN 37232, USA.</ce:text><sa:affiliation><sa:organization>Department of Otolaryngology</sa:organization><sa:organization>Vanderbilt University Medical Center</sa:organization><sa:address-line>522 Preston Research Building, 2220 Pierce Avenue</sa:address-line><sa:city>Nashville</sa:city><sa:state>TN</sa:state><sa:postal-code>37232</sa:postal-code><sa:country>USA</sa:country></sa:affiliation></ce:correspondence></ce:author-group><ce:date-received day="24" month="5" year="2021"/><ce:date-revised day="29" month="11" year="2021"/><ce:date-accepted day="3" month="12" year="2021"/><ce:abstract id="abs0001" view="all" class="author"><ce:section-title id="cesectitle0001">Abstract</ce:section-title><ce:abstract-sec id="abss0001" view="all"><ce:simple-para id="spara007" view="all">Migration through the extracellular matrix (ECM) is essential for cancer cells to escape the primary tumor and invade neighboring tissues with the potential for metastasis [1]. To penetrate tissue barriers, migrating cancer cells degrade the ECM with actin-rich membrane protrusions called invadopodia [2]. We have previously found that invadopodial ECM degradation is regulated by ECM rigidity in a process mediated by contractile forces in individual head and neck squamous cell carcinoma (HNSCC) cells [3,4]. However, cancer cells often migrate together and interact with each other to alter their actomyosin contractility in response to the biomechanical properties of the ECM [5]. Therefore, we tested whether ECM rigidity promotes biomechanical interactions between cancer cells to enhance proteolytic activity. Using a minimal model of two HNSCC cells in physical contact, we provide data here that actomyosin contractility, invadopodia formation, and ECM degradation increase in response to ECM rigidity when cells are in pairs versus individual cells using traction force and invadopodia assays.</ce:simple-para></ce:abstract-sec></ce:abstract><ce:keywords id="keys0001" view="all" class="keyword"><ce:section-title id="cesectitle0002">Keywords</ce:section-title><ce:keyword id="key0001"><ce:text id="cetext0002">Cancer</ce:text></ce:keyword><ce:keyword id="key0002"><ce:text id="cetext0003">Invasion</ce:text></ce:keyword><ce:keyword id="key0003"><ce:text id="cetext0004">Actomyosin contractility</ce:text></ce:keyword><ce:keyword id="key0004"><ce:text id="cetext0005">Invadopodia</ce:text></ce:keyword><ce:keyword id="key0005"><ce:text id="cetext0006">Rigidity</ce:text></ce:keyword></ce:keywords></ja:head></ja:article></doc:document>
