<doc:document xmlns:doc="http://www.elsevier.com/xml/document/schema" xmlns:dp="http://www.elsevier.com/xml/common/doc-properties/schema" xmlns:cps="http://www.elsevier.com/xml/common/consyn-properties/schema" xmlns:rdf="http://www.w3.org/1999/02/22-rdf-syntax-ns#" xmlns:dct="http://purl.org/dc/terms/" xmlns:prism="http://prismstandard.org/namespaces/basic/2.0/" xmlns:oa="http://vtw.elsevier.com/data/ns/properties/OpenAccess-1/" xmlns:bam="http://vtw.elsevier.com/data/voc/ns/bam-vtw-1/" xmlns:cp="http://vtw.elsevier.com/data/ns/properties/Copyright-1/" xmlns:cja="http://www.elsevier.com/xml/cja/schema" xmlns:ja="http://www.elsevier.com/xml/ja/schema" xmlns:bk="http://www.elsevier.com/xml/bk/schema" xmlns:ce="http://www.elsevier.com/xml/common/schema" xmlns:mml="http://www.w3.org/1998/Math/MathML" xmlns:cals="http://www.elsevier.com/xml/common/cals/schema" xmlns:tb="http://www.elsevier.com/xml/common/table/schema" xmlns:sa="http://www.elsevier.com/xml/common/struct-aff/schema" xmlns:sb="http://www.elsevier.com/xml/common/struct-bib/schema" xmlns:xlink="http://www.w3.org/1999/xlink"><rdf:RDF><rdf:Description rdf:about="http://dx.doi.org/10.1016/j.dib.2021.107539"><dct:format>application/xml</dct:format><dct:title>Physiology of retinal reattachment in humans: Swept source optical coherence tomography imaging data supporting a novel staging system</dct:title><dct:creator>Aditya Bansal</dct:creator><dct:creator>Wei Wei Lee</dct:creator><dct:creator>Tina Felfeli</dct:creator><dct:creator>Rajeev H. Muni</dct:creator><dct:subject><rdf:Bag><rdf:li>Retinal detachment</rdf:li><rdf:li>Retinal reattachment</rdf:li><rdf:li>Stages of retinal reattachment</rdf:li><rdf:li>Physiology of retinal reattachment</rdf:li><rdf:li>Swept-source optical coherence tomography</rdf:li></rdf:Bag></dct:subject><dct:description>Data in Brief 39 (2021). doi:10.1016/j.dib.2021.107539</dct:description><prism:aggregationType>journal</prism:aggregationType><prism:publicationName>Data in Brief</prism:publicationName><prism:copyright>&#169; 2021 The Author(s). Published by Elsevier Inc.</prism:copyright><dct:publisher>Elsevier Inc.</dct:publisher><prism:issn>2352-3409</prism:issn><prism:volume>39</prism:volume><prism:coverDisplayDate>December 2021</prism:coverDisplayDate><prism:doi>10.1016/j.dib.2021.107539</prism:doi><prism:url>http://dx.doi.org/10.1016/j.dib.2021.107539</prism:url><dct:identifier>doi:10.1016/j.dib.2021.107539</dct:identifier><bam:articleNumber>107539</bam:articleNumber><oa:openAccessInformation><oa:openAccessStatus xmlns:xsi="http://www.w3.org/2001/XMLSchema-instance">http://vtw.elsevier.com/data/voc/oa/OpenAccessStatus#Full</oa:openAccessStatus><oa:openAccessEffective xmlns:xsi="http://www.w3.org/2001/XMLSchema-instance">2021-10-29T12:37:20Z</oa:openAccessEffective><oa:sponsor xmlns:xsi="http://www.w3.org/2001/XMLSchema-instance"><oa:sponsorName>CRKN: Canadian Research Knowledge Network2021</oa:sponsorName><oa:sponsorType>http://vtw.elsevier.com/data/voc/oa/SponsorType#FundingBody</oa:sponsorType></oa:sponsor><oa:userLicense xmlns:xsi="http://www.w3.org/2001/XMLSchema-instance">http://creativecommons.org/licenses/by-nc-nd/4.0/</oa:userLicense></oa:openAccessInformation><cp:licenseLine xmlns:xsi="http://www.w3.org/2001/XMLSchema-instance">This is an open access article under the CC BY-NC-ND license.</cp:licenseLine></rdf:Description></rdf:RDF><dp:document-properties><dp:aggregation-type>Journals</dp:aggregation-type><dp:version-number>S300.1</dp:version-number></dp:document-properties><ja:article docsubtype="dat" version="5.6" xml:lang="en"><ja:item-info><ja:jid>DIB</ja:jid><ja:aid>107539</ja:aid><ce:article-number>107539</ce:article-number><ce:pii>S2352-3409(21)00815-5</ce:pii><ce:doi>10.1016/j.dib.2021.107539</ce:doi><ce:document-thread><ce:refers-to-document id="doc0001"><ce:pii>S0002-9394(21)00078-7</ce:pii><ce:doi>10.1016/j.ajo.2021.02.013</ce:doi></ce:refers-to-document></ce:document-thread><ce:copyright type="unknown" year="2021"/></ja:item-info><ja:head><ce:dochead id="dchd0001"><ce:textfn id="dhtxt0001">Data Article</ce:textfn></ce:dochead><ce:title id="tte0002">Physiology of retinal reattachment in humans: Swept source optical coherence tomography imaging data supporting a novel staging system</ce:title><ce:author-group id="aut0001"><ce:author id="au0001" author-id="S2352340921008155-6949692a5eb60afb14d1b9c40d02afed" orcid="0000-0002-2007-1741"><ce:given-name>Aditya</ce:given-name><ce:surname>Bansal</ce:surname><ce:contributor-role role="http://credit.niso.org/contributor-roles/methodology">Methodology</ce:contributor-role><ce:contributor-role role="http://credit.niso.org/contributor-roles/data-curation">Data curation</ce:contributor-role><ce:contributor-role role="http://credit.niso.org/contributor-roles/investigation">Investigation</ce:contributor-role><ce:contributor-role role="http://credit.niso.org/contributor-roles/writing-original-draft">Writing &#x2013; original draft</ce:contributor-role><ce:cross-ref refid="aff0001"><ce:sup loc="post">a</ce:sup></ce:cross-ref><ce:cross-ref refid="aff0002"><ce:sup loc="post">b</ce:sup></ce:cross-ref></ce:author><ce:author id="au0002" author-id="S2352340921008155-f535f9cad4d6bd59c6dabeb0eeaca771" orcid="0000-0002-8252-0418"><ce:given-name>Wei Wei</ce:given-name><ce:surname>Lee</ce:surname><ce:contributor-role role="http://credit.niso.org/contributor-roles/conceptualization">Conceptualization</ce:contributor-role><ce:contributor-role role="http://credit.niso.org/contributor-roles/methodology">Methodology</ce:contributor-role><ce:contributor-role role="http://credit.niso.org/contributor-roles/resources">Resources</ce:contributor-role><ce:cross-ref refid="aff0001"><ce:sup loc="post">a</ce:sup></ce:cross-ref><ce:cross-ref refid="aff0002"><ce:sup loc="post">b</ce:sup></ce:cross-ref></ce:author><ce:author id="au0003" author-id="S2352340921008155-8ba2fb82c097b23ab4360825f9628e01" orcid="0000-0002-0927-3086"><ce:given-name>Tina</ce:given-name><ce:surname>Felfeli</ce:surname><ce:contributor-role role="http://credit.niso.org/contributor-roles/methodology">Methodology</ce:contributor-role><ce:contributor-role role="http://credit.niso.org/contributor-roles/data-curation">Data curation</ce:contributor-role><ce:contributor-role role="http://credit.niso.org/contributor-roles/resources">Resources</ce:contributor-role><ce:cross-ref refid="aff0001"><ce:sup loc="post">a</ce:sup></ce:cross-ref><ce:cross-ref refid="aff0002"><ce:sup loc="post">b</ce:sup></ce:cross-ref><ce:cross-ref refid="aff0003"><ce:sup loc="post">c</ce:sup></ce:cross-ref></ce:author><ce:author id="au0004" author-id="S2352340921008155-637ab27d9869a406a3fa143d6a6b60af"><ce:given-name>Rajeev H.</ce:given-name><ce:surname>Muni</ce:surname><ce:contributor-role role="http://credit.niso.org/contributor-roles/conceptualization">Conceptualization</ce:contributor-role><ce:contributor-role role="http://credit.niso.org/contributor-roles/methodology">Methodology</ce:contributor-role><ce:contributor-role role="http://credit.niso.org/contributor-roles/writing-original-draft">Writing &#x2013; original draft</ce:contributor-role><ce:contributor-role role="http://credit.niso.org/contributor-roles/writing-review-editing">Writing &#x2013; review &amp; editing</ce:contributor-role><ce:contributor-role role="http://credit.niso.org/contributor-roles/supervision">Supervision</ce:contributor-role><ce:cross-ref refid="aff0001"><ce:sup loc="post">a</ce:sup></ce:cross-ref><ce:cross-ref refid="aff0002"><ce:sup loc="post">b</ce:sup></ce:cross-ref><ce:cross-ref refid="aff0004"><ce:sup loc="post">d</ce:sup></ce:cross-ref><ce:cross-ref refid="aff0005"><ce:sup loc="post">e</ce:sup></ce:cross-ref><ce:cross-ref refid="cor0001"><ce:sup loc="post">&#x204e;</ce:sup></ce:cross-ref><ce:e-address id="ead0001" type="email" xlink:href="mailto:rajeev.muni@utoronto.ca">rajeev.muni@utoronto.ca</ce:e-address><ce:e-address id="ea3a" type="social-media" xlink:href="https://twitter.com/RaHMu123">@RaHMu123</ce:e-address></ce:author><ce:affiliation id="aff0001" affiliation-id="S2352340921008155-36b70a9f9056d83f7f152a92715e3f59"><ce:label>a</ce:label><ce:textfn id="cetextfn0001">Department of Ophthalmology, St. Michael's Hospital, Unity Health Toronto, 8th floor, Donnelly Wing, 30 Bond St. Toronto Ontario M5B 1W8, Canada</ce:textfn><sa:affiliation><sa:organization>Department of Ophthalmology</sa:organization><sa:organization>St. Michael's Hospital</sa:organization><sa:organization>Unity Health Toronto</sa:organization><sa:address-line>8th floor, Donnelly Wing, 30 Bond St.</sa:address-line><sa:city>Toronto</sa:city><sa:state>Ontario</sa:state><sa:postal-code>M5B 1W8</sa:postal-code><sa:country>Canada</sa:country></sa:affiliation><ce:source-text id="staff0001">aDepartment of Ophthalmology, St. Michael's Hospital, Unity Health Toronto, 8th floor, Donnelly Wing, 30 Bond St. Toronto Ontario M5B 1W8, Canada</ce:source-text></ce:affiliation><ce:affiliation id="aff0002" affiliation-id="S2352340921008155-1a3c3f1eb050fefebeafcc8cdd1b5bc1"><ce:label>b</ce:label><ce:textfn id="cetextfn0002">Department of Ophthalmology and Vision Sciences, University of Toronto, Toronto, Canada</ce:textfn><sa:affiliation><sa:organization>Department of Ophthalmology and Vision Sciences</sa:organization><sa:organization>University of Toronto</sa:organization><sa:city>Toronto</sa:city><sa:country>Canada</sa:country></sa:affiliation><ce:source-text id="staff0002">bDepartment of Ophthalmology and Vision Sciences, University of Toronto, Toronto, Canada</ce:source-text></ce:affiliation><ce:affiliation id="aff0003" affiliation-id="S2352340921008155-426c685f8bcc0dd3807dfa2a57eb2901"><ce:label>c</ce:label><ce:textfn id="cetextfn0003">Dalla Lana School of Public Health, University of Toronto, Canada</ce:textfn><sa:affiliation><sa:organization>Dalla Lana School of Public Health</sa:organization><sa:organization>University of Toronto</sa:organization><sa:country>Canada</sa:country></sa:affiliation><ce:source-text id="staff0003">cDalla Lana School of Public Health, University of Toronto, Canada</ce:source-text></ce:affiliation><ce:affiliation id="aff0004" affiliation-id="S2352340921008155-c8b8e192a95643a10b24da7fe292d296"><ce:label>d</ce:label><ce:textfn id="cetextfn0004">Kensington Vision and Research Centre, University of Toronto, Canada</ce:textfn><sa:affiliation><sa:organization>Kensington Vision and Research Centre</sa:organization><sa:organization>University of Toronto</sa:organization><sa:country>Canada</sa:country></sa:affiliation><ce:source-text id="staff0004">dKensington Vision and Research Centre, University of Toronto, Canada</ce:source-text></ce:affiliation><ce:affiliation id="aff0005" affiliation-id="S2352340921008155-5687a79ccbdcd8d44ed5291906280fec"><ce:label>e</ce:label><ce:textfn id="cetextfn0005">Keenan Research Centre for Biomedical Science/ Li Ka Shing Knowledge Institute, Toronto, Canada</ce:textfn><sa:affiliation><sa:organization>Keenan Research Centre for Biomedical Science/ Li Ka Shing Knowledge Institute</sa:organization><sa:city>Toronto</sa:city><sa:country>Canada</sa:country></sa:affiliation><ce:source-text id="staff0005">eKeenan Research Centre for Biomedical Science/ Li Ka Shing Knowledge Institute, Toronto, Canada</ce:source-text></ce:affiliation><ce:correspondence id="cor0001"><ce:label>&#x204e;</ce:label><ce:text id="cetext0001">Corresponding author at: Department of Ophthalmology, St. Michael's Hospital, Unity Health Toronto, 8th floor, Donnelly Wing, 30 Bond St. Toronto Ontario M5B 1W8, Canada.</ce:text><sa:affiliation><sa:organization>Department of Ophthalmology</sa:organization><sa:organization>St. Michael's Hospital</sa:organization><sa:organization>Unity Health Toronto</sa:organization><sa:address-line>8th floor, Donnelly Wing, 30 Bond St.</sa:address-line><sa:city>Toronto</sa:city><sa:state>Ontario</sa:state><sa:postal-code>M5B 1W8</sa:postal-code><sa:country>Canada</sa:country></sa:affiliation></ce:correspondence></ce:author-group><ce:date-received day="30" month="8" year="2021"/><ce:date-revised day="17" month="10" year="2021"/><ce:date-accepted day="28" month="10" year="2021"/><ce:abstract id="abs0001" view="all" class="author"><ce:section-title id="cesectitle0001">Abstract</ce:section-title><ce:abstract-sec id="abss0001" view="all"><ce:simple-para id="spara006" view="all">This article presents high-resolution swept source optical coherence tomography (SS-OCT) imaging data used to describe the physiology of retinal reattachment in humans. SS-OCT imaging was performed at baseline and every 2&#160;h for the first 6&#160;h and at frequent intervals thereafter up to 6 weeks following the injection of intravitreal gas in eyes undergoing pneumatic retinopexy for rhegmatogenous retinal detachment. Imaging data presented in this article is related to the research paper titled &#x201c;<ce:italic>Real-Time in Vivo Assessment of Retinal Reattachment in Humans using Swept-Source Optical Coherence Tomography&#x201d;</ce:italic> (Bansal et&#160;al., 2021). SS-OCT images were assessed longitudinally and used to devise a novel staging system that describes the physiology of retinal reattachment. Multiple examples of each stage and the transition from one stage to the next are provided. SS-OCT images were also assessed to determine the timing associated with each stage, and the anatomic abnormalities, such as outer retinal folds and subretinal fluid blebs that occured as a result of delayed progression through certain stages.</ce:simple-para></ce:abstract-sec></ce:abstract><ce:keywords class="abr" id="pc_MWyA9t8gXy5ejtyeQkmpVxeHVAAPYc0m" view="all"><ce:section-title id="cesectitle0003a">Abbreviations</ce:section-title><ce:keyword id="pc_6izym4791z"><ce:text>SS-OCT</ce:text><ce:keyword id="pc_M8Kn7AJBb6"><ce:text>Swept Source Optical Coherence Tomography</ce:text></ce:keyword></ce:keyword><ce:keyword id="pc_sjwZH1OnTQ"><ce:text>RRD</ce:text><ce:keyword id="pc_aWNEzgFs4l"><ce:text>Rhegmatogenous Retinal Detachment</ce:text></ce:keyword></ce:keyword><ce:keyword id="pc_bT8l1rZzRQ"><ce:text>PnR</ce:text><ce:keyword id="pc_gz5n7hFsYR"><ce:text>Pneumatic Retinopexy</ce:text></ce:keyword></ce:keyword><ce:keyword id="pc_RR97IQ8XRI"><ce:text>RPE</ce:text><ce:keyword id="pc_uSADsz4d5R"><ce:text>Retinal Pigment Epitehlium</ce:text></ce:keyword></ce:keyword><ce:keyword id="pc_HqGdnn6OX8"><ce:text>ELM</ce:text><ce:keyword id="pc_fzYgtUaCgj"><ce:text>External Limiting Membrane</ce:text></ce:keyword></ce:keyword><ce:keyword id="pc_ZhFYH5HMFj"><ce:text>EZ</ce:text><ce:keyword id="pc_iWoOBnpoOQ"><ce:text>Ellipsoid Zone</ce:text></ce:keyword></ce:keyword></ce:keywords><ce:keywords id="keys0001" view="all" class="keyword"><ce:section-title id="cesectitle0002">Keywords</ce:section-title><ce:keyword id="key0001"><ce:text id="cetext0002">Retinal detachment</ce:text></ce:keyword><ce:keyword id="key0002"><ce:text id="cetext0003">Retinal reattachment</ce:text></ce:keyword><ce:keyword id="key0003"><ce:text id="cetext0004">Stages of retinal reattachment</ce:text></ce:keyword><ce:keyword id="key0004"><ce:text id="cetext0005">Physiology of retinal reattachment</ce:text></ce:keyword><ce:keyword id="key0005"><ce:text id="cetext0006">Swept-source optical coherence tomography</ce:text></ce:keyword></ce:keywords></ja:head></ja:article></doc:document>
