<doc:document xmlns:doc="http://www.elsevier.com/xml/document/schema" xmlns:dp="http://www.elsevier.com/xml/common/doc-properties/schema" xmlns:cps="http://www.elsevier.com/xml/common/consyn-properties/schema" xmlns:rdf="http://www.w3.org/1999/02/22-rdf-syntax-ns#" xmlns:dct="http://purl.org/dc/terms/" xmlns:prism="http://prismstandard.org/namespaces/basic/2.0/" xmlns:oa="http://vtw.elsevier.com/data/ns/properties/OpenAccess-1/" xmlns:bam="http://vtw.elsevier.com/data/voc/ns/bam-vtw-1/" xmlns:cp="http://vtw.elsevier.com/data/ns/properties/Copyright-1/" xmlns:cja="http://www.elsevier.com/xml/cja/schema" xmlns:ja="http://www.elsevier.com/xml/ja/schema" xmlns:bk="http://www.elsevier.com/xml/bk/schema" xmlns:ce="http://www.elsevier.com/xml/common/schema" xmlns:mml="http://www.w3.org/1998/Math/MathML" xmlns:cals="http://www.elsevier.com/xml/common/cals/schema" xmlns:tb="http://www.elsevier.com/xml/common/table/schema" xmlns:sa="http://www.elsevier.com/xml/common/struct-aff/schema" xmlns:sb="http://www.elsevier.com/xml/common/struct-bib/schema" xmlns:xlink="http://www.w3.org/1999/xlink"><rdf:RDF><rdf:Description rdf:about="http://dx.doi.org/10.1016/j.dib.2021.107495"><dct:format>application/xml</dct:format><dct:title>Plasma proteomic data in bipolar II disorders and major depressive disorders</dct:title><dct:creator>Hyunju Lee</dct:creator><dct:creator>Sang Jin Rhee</dct:creator><dct:creator>Jayoun Kim</dct:creator><dct:creator>Yunna Lee</dct:creator><dct:creator>Hyeyoung Kim</dct:creator><dct:creator>Junhee Lee</dct:creator><dct:creator>Kangeun Lee</dct:creator><dct:creator>Hyunsuk Shin</dct:creator><dct:creator>Hyeyoon Kim</dct:creator><dct:creator>Tae Young Lee</dct:creator><dct:creator>Minah Kim</dct:creator><dct:creator>Eun Young Kim</dct:creator><dct:creator>Se Hyun Kim</dct:creator><dct:creator>Yong Min Ahn</dct:creator><dct:creator>Jun Soo Kwon</dct:creator><dct:creator>Dohyun Han</dct:creator><dct:creator>Kyooseob Ha</dct:creator><dct:subject><rdf:Bag><rdf:li>Bipolar II disorder</rdf:li><rdf:li>Major depressive disorder</rdf:li><rdf:li>Liquid chromatography-tandem mass spectrometry (LC-MS)</rdf:li><rdf:li>Symptom severity</rdf:li><rdf:li>Proteomics</rdf:li></rdf:Bag></dct:subject><dct:description>Data in Brief 39 (2021). doi:10.1016/j.dib.2021.107495</dct:description><prism:aggregationType>journal</prism:aggregationType><prism:publicationName>Data in Brief</prism:publicationName><prism:copyright>&#169; 2021 The Authors. Published by Elsevier Inc.</prism:copyright><dct:publisher>Elsevier Inc.</dct:publisher><prism:issn>2352-3409</prism:issn><prism:volume>39</prism:volume><prism:coverDisplayDate>December 2021</prism:coverDisplayDate><prism:doi>10.1016/j.dib.2021.107495</prism:doi><prism:url>http://dx.doi.org/10.1016/j.dib.2021.107495</prism:url><dct:identifier>doi:10.1016/j.dib.2021.107495</dct:identifier><bam:articleNumber>107495</bam:articleNumber><oa:openAccessInformation><oa:openAccessStatus xmlns:xsi="http://www.w3.org/2001/XMLSchema-instance">http://vtw.elsevier.com/data/voc/oa/OpenAccessStatus#Full</oa:openAccessStatus><oa:openAccessEffective xmlns:xsi="http://www.w3.org/2001/XMLSchema-instance">2021-10-16T19:15:13Z</oa:openAccessEffective><oa:sponsor xmlns:xsi="http://www.w3.org/2001/XMLSchema-instance"><oa:sponsorType>http://vtw.elsevier.com/data/voc/oa/SponsorType#Author</oa:sponsorType></oa:sponsor><oa:userLicense xmlns:xsi="http://www.w3.org/2001/XMLSchema-instance">http://creativecommons.org/licenses/by/4.0/</oa:userLicense></oa:openAccessInformation><cp:licenseLine xmlns:xsi="http://www.w3.org/2001/XMLSchema-instance">This is an open access article under the CC BY license.</cp:licenseLine></rdf:Description></rdf:RDF><dp:document-properties><dp:aggregation-type>Journals</dp:aggregation-type><dp:version-number>S300.1</dp:version-number></dp:document-properties><ja:article docsubtype="dat" version="5.6" xml:lang="en"><ja:item-info><ja:jid>DIB</ja:jid><ja:aid>107495</ja:aid><ce:article-number>107495</ce:article-number><ce:pii>S2352-3409(21)00776-9</ce:pii><ce:doi>10.1016/j.dib.2021.107495</ce:doi><ce:document-thread><ce:refers-to-document id="ref0001"><ce:pii>S0022-3956(21)00474-X</ce:pii><ce:doi>10.1016/j.jpsychires.2021.07.041</ce:doi></ce:refers-to-document></ce:document-thread><ce:copyright type="unknown" year="2021"/></ja:item-info><ja:head><ce:dochead id="dchd0001"><ce:textfn id="dhtxt0001">Data Article</ce:textfn></ce:dochead><ce:title id="tte0002">Plasma proteomic data in bipolar II disorders and major depressive disorders</ce:title><ce:author-group id="aut0001"><ce:author id="au0001" author-id="S2352340921007769-469dbd288fcea849fb37e3374c65244b" orcid="0000-0002-4237-070X"><ce:given-name>Hyunju</ce:given-name><ce:surname>Lee</ce:surname><ce:contributor-role role="http://credit.niso.org/contributor-roles/data-curation">Data curation</ce:contributor-role><ce:contributor-role role="http://credit.niso.org/contributor-roles/conceptualization">Conceptualization</ce:contributor-role><ce:contributor-role role="http://credit.niso.org/contributor-roles/formal-analysis">Formal analysis</ce:contributor-role><ce:contributor-role role="http://credit.niso.org/contributor-roles/writing-original-draft">Writing &#x2013; original draft</ce:contributor-role><ce:cross-ref refid="aff0001"><ce:sup loc="post">a</ce:sup></ce:cross-ref><ce:cross-ref refid="aff0002"><ce:sup loc="post">b</ce:sup></ce:cross-ref></ce:author><ce:author id="au0002" author-id="S2352340921007769-00bc6806b2be6a4780a130aa16cfe858" orcid="0000-0001-6221-5953"><ce:given-name>Sang Jin</ce:given-name><ce:surname>Rhee</ce:surname><ce:contributor-role role="http://credit.niso.org/contributor-roles/conceptualization">Conceptualization</ce:contributor-role><ce:contributor-role role="http://credit.niso.org/contributor-roles/methodology">Methodology</ce:contributor-role><ce:contributor-role role="http://credit.niso.org/contributor-roles/writing-review-editing">Writing &#x2013; review &amp; editing</ce:contributor-role><ce:cross-ref refid="aff0001"><ce:sup loc="post">a</ce:sup></ce:cross-ref></ce:author><ce:author id="au0003" author-id="S2352340921007769-fcc6ebf15db65bf461b76a48a8b03f41"><ce:given-name>Jayoun</ce:given-name><ce:surname>Kim</ce:surname><ce:contributor-role role="http://credit.niso.org/contributor-roles/formal-analysis">Formal analysis</ce:contributor-role><ce:contributor-role role="http://credit.niso.org/contributor-roles/methodology">Methodology</ce:contributor-role><ce:contributor-role role="http://credit.niso.org/contributor-roles/writing-review-editing">Writing &#x2013; review &amp; editing</ce:contributor-role><ce:cross-ref refid="aff0003"><ce:sup loc="post">c</ce:sup></ce:cross-ref></ce:author><ce:author id="au0004" author-id="S2352340921007769-f1041fe4dad509f5e0d83bac94cfd9f7"><ce:given-name>Yunna</ce:given-name><ce:surname>Lee</ce:surname><ce:contributor-role role="http://credit.niso.org/contributor-roles/conceptualization">Conceptualization</ce:contributor-role><ce:contributor-role role="http://credit.niso.org/contributor-roles/methodology">Methodology</ce:contributor-role><ce:contributor-role role="http://credit.niso.org/contributor-roles/writing-review-editing">Writing &#x2013; review &amp; editing</ce:contributor-role><ce:cross-ref refid="aff0004"><ce:sup loc="post">d</ce:sup></ce:cross-ref></ce:author><ce:author id="au0005" author-id="S2352340921007769-fe769ebb8ad6439f8b7fcc8fcff479e1" orcid="0000-0002-2313-8892"><ce:given-name>Hyeyoung</ce:given-name><ce:surname>Kim</ce:surname><ce:contributor-role role="http://credit.niso.org/contributor-roles/conceptualization">Conceptualization</ce:contributor-role><ce:contributor-role role="http://credit.niso.org/contributor-roles/methodology">Methodology</ce:contributor-role><ce:contributor-role role="http://credit.niso.org/contributor-roles/writing-review-editing">Writing &#x2013; review &amp; editing</ce:contributor-role><ce:cross-ref refid="aff0005"><ce:sup loc="post">e</ce:sup></ce:cross-ref></ce:author><ce:author id="au0006" author-id="S2352340921007769-cc003e797b549bffbc1d2f7b949e5dff"><ce:given-name>Junhee</ce:given-name><ce:surname>Lee</ce:surname><ce:contributor-role role="http://credit.niso.org/contributor-roles/conceptualization">Conceptualization</ce:contributor-role><ce:contributor-role role="http://credit.niso.org/contributor-roles/methodology">Methodology</ce:contributor-role><ce:cross-ref refid="aff0001"><ce:sup loc="post">a</ce:sup></ce:cross-ref></ce:author><ce:author id="au0007" author-id="S2352340921007769-c5e1bebcc08cba57b59ccbf896c5144b"><ce:given-name>Kangeun</ce:given-name><ce:surname>Lee</ce:surname><ce:contributor-role role="http://credit.niso.org/contributor-roles/data-curation">Data curation</ce:contributor-role><ce:cross-ref refid="aff0001"><ce:sup loc="post">a</ce:sup></ce:cross-ref></ce:author><ce:author id="au0008" author-id="S2352340921007769-401eb096bf9d5bf5931e282b1ae4d8fe"><ce:given-name>Hyunsuk</ce:given-name><ce:surname>Shin</ce:surname><ce:contributor-role role="http://credit.niso.org/contributor-roles/methodology">Methodology</ce:contributor-role><ce:contributor-role role="http://credit.niso.org/contributor-roles/resources">Resources</ce:contributor-role><ce:contributor-role role="http://credit.niso.org/contributor-roles/investigation">Investigation</ce:contributor-role><ce:cross-ref refid="aff0006"><ce:sup loc="post">f</ce:sup></ce:cross-ref></ce:author><ce:author id="au0009" author-id="S2352340921007769-bde880148b131a7160dc9d8d1205e883"><ce:given-name>Hyeyoon</ce:given-name><ce:surname>Kim</ce:surname><ce:contributor-role role="http://credit.niso.org/contributor-roles/methodology">Methodology</ce:contributor-role><ce:contributor-role role="http://credit.niso.org/contributor-roles/resources">Resources</ce:contributor-role><ce:contributor-role role="http://credit.niso.org/contributor-roles/investigation">Investigation</ce:contributor-role><ce:cross-ref refid="aff0006"><ce:sup loc="post">f</ce:sup></ce:cross-ref><ce:cross-ref refid="aff0007"><ce:sup loc="post">g</ce:sup></ce:cross-ref></ce:author><ce:author id="au0010" author-id="S2352340921007769-f2656c6f91c6f86ce4714712110faa10"><ce:given-name>Tae Young</ce:given-name><ce:surname>Lee</ce:surname><ce:contributor-role role="http://credit.niso.org/contributor-roles/conceptualization">Conceptualization</ce:contributor-role><ce:contributor-role role="http://credit.niso.org/contributor-roles/methodology">Methodology</ce:contributor-role><ce:cross-ref refid="aff0008"><ce:sup loc="post">h</ce:sup></ce:cross-ref></ce:author><ce:author id="au0011" author-id="S2352340921007769-15b32bd21072fe04bddf096380053e23" orcid="0000-0001-8668-0817"><ce:given-name>Minah</ce:given-name><ce:surname>Kim</ce:surname><ce:contributor-role role="http://credit.niso.org/contributor-roles/conceptualization">Conceptualization</ce:contributor-role><ce:contributor-role role="http://credit.niso.org/contributor-roles/methodology">Methodology</ce:contributor-role><ce:cross-ref refid="aff0001"><ce:sup loc="post">a</ce:sup></ce:cross-ref></ce:author><ce:author id="au0012" author-id="S2352340921007769-997d1cfc26f1c6ec651a29fb3f8b3f5c"><ce:given-name>Eun Young</ce:given-name><ce:surname>Kim</ce:surname><ce:contributor-role role="http://credit.niso.org/contributor-roles/conceptualization">Conceptualization</ce:contributor-role><ce:contributor-role role="http://credit.niso.org/contributor-roles/methodology">Methodology</ce:contributor-role><ce:cross-ref refid="aff0009"><ce:sup loc="post">i</ce:sup></ce:cross-ref></ce:author><ce:author id="au0013" author-id="S2352340921007769-979aecee12a72ba7898cfbed2cc39e9f"><ce:given-name>Se Hyun</ce:given-name><ce:surname>Kim</ce:surname><ce:contributor-role role="http://credit.niso.org/contributor-roles/conceptualization">Conceptualization</ce:contributor-role><ce:contributor-role role="http://credit.niso.org/contributor-roles/methodology">Methodology</ce:contributor-role><ce:cross-ref refid="aff0001"><ce:sup loc="post">a</ce:sup></ce:cross-ref></ce:author><ce:author id="au0014" author-id="S2352340921007769-e1174d6b360eb62817040a60079cc634" orcid="0000-0002-4458-797X"><ce:given-name>Yong Min</ce:given-name><ce:surname>Ahn</ce:surname><ce:contributor-role role="http://credit.niso.org/contributor-roles/conceptualization">Conceptualization</ce:contributor-role><ce:contributor-role role="http://credit.niso.org/contributor-roles/methodology">Methodology</ce:contributor-role><ce:contributor-role role="http://credit.niso.org/contributor-roles/writing-review-editing">Writing &#x2013; review &amp; editing</ce:contributor-role><ce:cross-ref refid="aff0001"><ce:sup loc="post">a</ce:sup></ce:cross-ref><ce:cross-ref refid="aff0002"><ce:sup loc="post">b</ce:sup></ce:cross-ref><ce:cross-ref refid="aff0010"><ce:sup loc="post">j</ce:sup></ce:cross-ref></ce:author><ce:author id="au0015" author-id="S2352340921007769-f533d7ca42116e9ff73764cdb59884ec"><ce:given-name>Jun Soo</ce:given-name><ce:surname>Kwon</ce:surname><ce:contributor-role role="http://credit.niso.org/contributor-roles/conceptualization">Conceptualization</ce:contributor-role><ce:contributor-role role="http://credit.niso.org/contributor-roles/methodology">Methodology</ce:contributor-role><ce:cross-ref refid="aff0001"><ce:sup loc="post">a</ce:sup></ce:cross-ref><ce:cross-ref refid="aff0002"><ce:sup loc="post">b</ce:sup></ce:cross-ref><ce:cross-ref refid="aff0010"><ce:sup loc="post">j</ce:sup></ce:cross-ref></ce:author><ce:author id="au0016" author-id="S2352340921007769-c1ed24091963f34fbbdfd3b160b453ce" orcid="0000-0002-0841-1598"><ce:given-name>Dohyun</ce:given-name><ce:surname>Han</ce:surname><ce:contributor-role role="http://credit.niso.org/contributor-roles/conceptualization">Conceptualization</ce:contributor-role><ce:contributor-role role="http://credit.niso.org/contributor-roles/resources">Resources</ce:contributor-role><ce:contributor-role role="http://credit.niso.org/contributor-roles/investigation">Investigation</ce:contributor-role><ce:contributor-role role="http://credit.niso.org/contributor-roles/funding-acquisition">Funding acquisition</ce:contributor-role><ce:contributor-role role="http://credit.niso.org/contributor-roles/supervision">Supervision</ce:contributor-role><ce:cross-ref refid="aff0006"><ce:sup loc="post">f</ce:sup></ce:cross-ref><ce:cross-ref refid="aff0011"><ce:sup loc="post">k</ce:sup></ce:cross-ref><ce:cross-ref refid="cor0001"><ce:sup loc="post">&#x204e;</ce:sup></ce:cross-ref><ce:e-address id="ead0001" type="email" xlink:href="mailto:hdh03@snu.ac.kr">hdh03@snu.ac.kr</ce:e-address></ce:author><ce:author id="au0017" author-id="S2352340921007769-b4f28ef7fe7e645652dc6fc2a5631071"><ce:given-name>Kyooseob</ce:given-name><ce:surname>Ha</ce:surname><ce:contributor-role role="http://credit.niso.org/contributor-roles/conceptualization">Conceptualization</ce:contributor-role><ce:contributor-role role="http://credit.niso.org/contributor-roles/methodology">Methodology</ce:contributor-role><ce:contributor-role role="http://credit.niso.org/contributor-roles/resources">Resources</ce:contributor-role><ce:contributor-role role="http://credit.niso.org/contributor-roles/funding-acquisition">Funding acquisition</ce:contributor-role><ce:contributor-role role="http://credit.niso.org/contributor-roles/supervision">Supervision</ce:contributor-role><ce:cross-ref refid="aff0001"><ce:sup loc="post">a</ce:sup></ce:cross-ref><ce:cross-ref refid="aff0002"><ce:sup loc="post">b</ce:sup></ce:cross-ref><ce:cross-ref refid="aff0010"><ce:sup loc="post">j</ce:sup></ce:cross-ref><ce:cross-ref refid="cor0002"><ce:sup loc="post">&#x204e;&#x204e;</ce:sup></ce:cross-ref><ce:e-address id="ead0003" type="email" xlink:href="mailto:kyooha@snu.ac.kr">kyooha@snu.ac.kr</ce:e-address></ce:author><ce:affiliation id="aff0001" affiliation-id="S2352340921007769-08645279120d0a4c2b23592deaace60b"><ce:label>a</ce:label><ce:textfn id="cetextfn0001">Department of Neuropsychiatry, Seoul National University Hospital, Seoul, Republic of Korea</ce:textfn><sa:affiliation><sa:organization>Department of Neuropsychiatry</sa:organization><sa:organization>Seoul National University Hospital</sa:organization><sa:city>Seoul</sa:city><sa:country>Republic of Korea</sa:country></sa:affiliation><ce:source-text id="staff0001">aDepartment of Neuropsychiatry, Seoul National University Hospital, Seoul, Republic of Korea</ce:source-text></ce:affiliation><ce:affiliation id="aff0002" affiliation-id="S2352340921007769-331ab635d92e710eff521c2e8dd61bc3"><ce:label>b</ce:label><ce:textfn id="cetextfn0002">Department of Psychiatry and Behavioral Science, Seoul National University College of Medicine, Seoul, Republic of Korea</ce:textfn><sa:affiliation><sa:organization>Department of Psychiatry and Behavioral Science</sa:organization><sa:organization>Seoul National University College of Medicine</sa:organization><sa:city>Seoul</sa:city><sa:country>Republic of Korea</sa:country></sa:affiliation><ce:source-text id="staff0002">bDepartment of Psychiatry and Behavioral Science, Seoul National University College of Medicine, Seoul, Republic of Korea</ce:source-text></ce:affiliation><ce:affiliation id="aff0003" affiliation-id="S2352340921007769-ad40f83d6731401b7c81d7ee38dc8cbb"><ce:label>c</ce:label><ce:textfn id="cetextfn0003">Medical Research Collaborating Center, Seoul National University Hospital, Seoul, Republic of Korea</ce:textfn><sa:affiliation><sa:organization>Medical Research Collaborating Center</sa:organization><sa:organization>Seoul National University Hospital</sa:organization><sa:city>Seoul</sa:city><sa:country>Republic of Korea</sa:country></sa:affiliation><ce:source-text id="staff0003">cMedical Research Collaborating Center, Seoul National University Hospital, Seoul, Republic of Korea</ce:source-text></ce:affiliation><ce:affiliation id="aff0004" affiliation-id="S2352340921007769-101a13de08e76d4e5a20e2fd4e215991"><ce:label>d</ce:label><ce:textfn id="cetextfn0004">Department of Neuropsychiatry, Kosin University Gospel Hospital, Busan, Republic of Korea</ce:textfn><sa:affiliation><sa:organization>Department of Neuropsychiatry</sa:organization><sa:organization>Kosin University Gospel Hospital</sa:organization><sa:city>Busan</sa:city><sa:country>Republic of Korea</sa:country></sa:affiliation><ce:source-text id="staff0004">dDepartment of Neuropsychiatry, Kosin University Gospel Hospital, Busan, Republic of Korea</ce:source-text></ce:affiliation><ce:affiliation id="aff0005" affiliation-id="S2352340921007769-90398cdf82e9bfecf7ab10cee6052a91"><ce:label>e</ce:label><ce:textfn id="cetextfn0005">Department of Psychiatry, Inha University Hospital, Incheon, Republic of Korea</ce:textfn><sa:affiliation><sa:organization>Department of Psychiatry</sa:organization><sa:organization>Inha University Hospital</sa:organization><sa:city>Incheon</sa:city><sa:country>Republic of Korea</sa:country></sa:affiliation><ce:source-text id="staff0005">eDepartment of Psychiatry, Inha University Hospital, Incheon, Republic of Korea</ce:source-text></ce:affiliation><ce:affiliation id="aff0006" affiliation-id="S2352340921007769-02ac0c3ef9535aea6468b26224a05ea1"><ce:label>f</ce:label><ce:textfn id="cetextfn0006">Proteomics Core Facility, Biomedical Research Institute, Seoul National University Hospital, Seoul, Republic of Korea</ce:textfn><sa:affiliation><sa:organization>Proteomics Core Facility</sa:organization><sa:organization>Biomedical Research Institute</sa:organization><sa:organization>Seoul National University Hospital</sa:organization><sa:city>Seoul</sa:city><sa:country>Republic of Korea</sa:country></sa:affiliation><ce:source-text id="staff0006">fProteomics Core Facility, Biomedical Research Institute, Seoul National University Hospital, Seoul, Republic of Korea</ce:source-text></ce:affiliation><ce:affiliation id="aff0007" affiliation-id="S2352340921007769-aa4544fa4bdf2329804c9b36e0ecd1c4"><ce:label>g</ce:label><ce:textfn id="cetextfn0007">Department of Pathology, Seoul National University College of Medicine, Seoul, Republic of Korea</ce:textfn><sa:affiliation><sa:organization>Department of Pathology</sa:organization><sa:organization>Seoul National University College of Medicine</sa:organization><sa:city>Seoul</sa:city><sa:country>Republic of Korea</sa:country></sa:affiliation><ce:source-text id="staff0007">gDepartment of Pathology, Seoul National University College of Medicine, Seoul, Republic of Korea</ce:source-text></ce:affiliation><ce:affiliation id="aff0008" affiliation-id="S2352340921007769-8e2019a44fd267c69b1d839e25fb6092"><ce:label>h</ce:label><ce:textfn id="cetextfn0008">Department of Neuropsychiatry, Pusan National University Yangsan Hospital, Yangsan, Republic of Korea</ce:textfn><sa:affiliation><sa:organization>Department of Neuropsychiatry</sa:organization><sa:organization>Pusan National University Yangsan Hospital</sa:organization><sa:city>Yangsan</sa:city><sa:country>Republic of Korea</sa:country></sa:affiliation><ce:source-text id="staff0008">hDepartment of Neuropsychiatry, Pusan National University Yangsan Hospital, Yangsan, Republic of Korea</ce:source-text></ce:affiliation><ce:affiliation id="aff0009" affiliation-id="S2352340921007769-c9765f206612d6d916a1f855e60c8e9e"><ce:label>i</ce:label><ce:textfn id="cetextfn0009">Mental Health Center, Seoul National University Health Care Center. Department of Human Systems Medicine, Seoul National University College of Medicine</ce:textfn><sa:affiliation><sa:organization>Mental Health Center</sa:organization><sa:organization>Seoul National University Health Care Center. Department of Human Systems Medicine</sa:organization><sa:organization>Seoul National University College of Medicine</sa:organization></sa:affiliation><ce:source-text id="staff0009">iMental Health Center, Seoul National University Health Care Center. Department of Human Systems Medicine, Seoul National University College of Medicine</ce:source-text></ce:affiliation><ce:affiliation id="aff0010" affiliation-id="S2352340921007769-c0bb1ae1497abc227bf82634b6964fd3"><ce:label>j</ce:label><ce:textfn id="cetextfn0010">Seoul National University Medical Research Center, Institute of Human Behavioral Medicine, Seoul, Republic of Korea</ce:textfn><sa:affiliation><sa:organization>Seoul National University Medical Research Center</sa:organization><sa:organization>Institute of Human Behavioral Medicine</sa:organization><sa:city>Seoul</sa:city><sa:country>Republic of Korea</sa:country></sa:affiliation><ce:source-text id="staff0010">jSeoul National University Medical Research Center, Institute of Human Behavioral Medicine, Seoul, Republic of Korea</ce:source-text></ce:affiliation><ce:affiliation id="aff0011" affiliation-id="S2352340921007769-2edf2958166561c5c08cd228e53bbcdc"><ce:label>k</ce:label><ce:textfn>Transdisciplinary Department of Medicine &amp; Advanced Technology, Seoul National University Hospital, Seoul, Republic of Korea</ce:textfn><sa:affiliation><sa:organization>Transdisciplinary Department of Medicine &amp; Advanced Technology</sa:organization><sa:organization>Seoul National University Hospital</sa:organization><sa:city>Seoul</sa:city><sa:country>Republic of Korea</sa:country></sa:affiliation><ce:source-text id="staff0011">Transdisciplinary Department of Medicine &amp; Advanced Technology, Seoul National University Hospital, Seoul, Republic of Korea</ce:source-text></ce:affiliation><ce:correspondence id="cor0001"><ce:label>&#x204e;</ce:label><ce:text id="cetext0002a">Corresponding author: Transdisciplinary Department of Medicine &amp; Advanced Technology, Seoul National University Hospital, Seoul, Republic of Korea.</ce:text><sa:affiliation><sa:organization>Transdisciplinary Department of Medicine &amp; Advanced Technology</sa:organization><sa:organization>Seoul National University Hospital</sa:organization><sa:city>Seoul</sa:city><sa:country>Republic of Korea</sa:country></sa:affiliation></ce:correspondence><ce:correspondence id="cor0002"><ce:label>&#x204e;&#x204e;</ce:label><ce:text id="cetext0002">Corresponding author at: Department of Neuropsychiatry, Seoul National University Hospital, Seoul, Republic of Korea.</ce:text><sa:affiliation><sa:organization>Department of Neuropsychiatry</sa:organization><sa:organization>Seoul National University Hospital</sa:organization><sa:city>Seoul</sa:city><sa:country>Republic of Korea</sa:country></sa:affiliation></ce:correspondence></ce:author-group><ce:date-received day="4" month="8" year="2021"/><ce:date-revised day="30" month="9" year="2021"/><ce:date-accepted day="15" month="10" year="2021"/><ce:abstract id="abs0001" view="all" class="author"><ce:section-title id="cesectitle0001">Abstract</ce:section-title><ce:abstract-sec id="abss0001" view="all"><ce:simple-para id="spara001" view="all">The proteomics data included in this article supplement the research article titled &#x201c;Predictive protein markers for the severity of depression in mood disorders: A preliminary trans-diagnostic approach study (manuscript ID: JPSYCHIATRES-D-20-00437).&#x201d; Plasma protein was analyzed using liquid chromatography-tandem mass spectrometry (LC-MS/MS). This data article included 370 plasma protein profiles expressed in patients with bipolar II disorder (BD-II) and major depressive disorder (MDD). The tables present the comparison of protein expressions between BD-II and MDD, and the relationship between the severity of the depressive symptoms and protein expression. In addition, details of results adjusting the use of each psychotropic medication (antipsychotics, mood stabilizers, and antidepressants) for 20 proteins that showed a significant relationship with the severity of the depressive symptom were presented in the table. Results of the bioinformatics analysis of proteins, which were significantly related to the severity of depressive symptom, are presented. The blood protein profiles and the results of the analyses presented in this data article provide detailed information on the proteins associated with mood disorders, and could be used as the basis for further mass spectrometry studies in psychiatric disorders.</ce:simple-para></ce:abstract-sec></ce:abstract><ce:keywords id="keys0001" view="all" class="keyword"><ce:section-title id="cesectitle0002">Keywords</ce:section-title><ce:keyword id="key0001"><ce:text id="cetext0003">Bipolar II disorder</ce:text></ce:keyword><ce:keyword id="key0002"><ce:text id="cetext0004">Major depressive disorder</ce:text></ce:keyword><ce:keyword id="key0003"><ce:text id="cetext0005">Liquid chromatography-tandem mass spectrometry (LC-MS)</ce:text></ce:keyword><ce:keyword id="key0004"><ce:text id="cetext0006">Symptom severity</ce:text></ce:keyword><ce:keyword id="key0005"><ce:text id="cetext0007">Proteomics</ce:text></ce:keyword></ce:keywords></ja:head></ja:article></doc:document>
