<doc:document xmlns:doc="http://www.elsevier.com/xml/document/schema" xmlns:dp="http://www.elsevier.com/xml/common/doc-properties/schema" xmlns:cps="http://www.elsevier.com/xml/common/consyn-properties/schema" xmlns:rdf="http://www.w3.org/1999/02/22-rdf-syntax-ns#" xmlns:dct="http://purl.org/dc/terms/" xmlns:prism="http://prismstandard.org/namespaces/basic/2.0/" xmlns:oa="http://vtw.elsevier.com/data/ns/properties/OpenAccess-1/" xmlns:bam="http://vtw.elsevier.com/data/voc/ns/bam-vtw-1/" xmlns:cp="http://vtw.elsevier.com/data/ns/properties/Copyright-1/" xmlns:cja="http://www.elsevier.com/xml/cja/schema" xmlns:ja="http://www.elsevier.com/xml/ja/schema" xmlns:bk="http://www.elsevier.com/xml/bk/schema" xmlns:ce="http://www.elsevier.com/xml/common/schema" xmlns:mml="http://www.w3.org/1998/Math/MathML" xmlns:cals="http://www.elsevier.com/xml/common/cals/schema" xmlns:tb="http://www.elsevier.com/xml/common/table/schema" xmlns:sa="http://www.elsevier.com/xml/common/struct-aff/schema" xmlns:sb="http://www.elsevier.com/xml/common/struct-bib/schema" xmlns:xlink="http://www.w3.org/1999/xlink"><rdf:RDF><rdf:Description rdf:about="http://dx.doi.org/10.1016/j.dib.2021.107734"><dct:format>application/xml</dct:format><dct:title>Perceived value interviews and socio-economic survey data for communities in rural Uganda</dct:title><dct:creator>Stephanie Hirmer</dct:creator><dct:creator>Alycia Leonard</dct:creator><dct:creator>Sofia Conforti</dct:creator><dct:creator>Costanza Conforti</dct:creator><dct:subject><rdf:Bag><rdf:li>Needs assessment</rdf:li><rdf:li>Value data</rdf:li><rdf:li>Perception</rdf:li><rdf:li>Beneficiaries</rdf:li><rdf:li>Developing Countries</rdf:li><rdf:li>Sub-Saharan Africa</rdf:li></rdf:Bag></dct:subject><dct:description>Data in Brief, Journal Pre-proof. doi:10.1016/j.dib.2021.107734</dct:description><prism:aggregationType>journal</prism:aggregationType><prism:publicationName>Data in Brief</prism:publicationName><prism:copyright>&#169; 2021 The Author(s). Published by Elsevier Inc.</prism:copyright><dct:publisher>Elsevier Inc.</dct:publisher><prism:issn>2352-3409</prism:issn><prism:doi>10.1016/j.dib.2021.107734</prism:doi><prism:url>http://dx.doi.org/10.1016/j.dib.2021.107734</prism:url><dct:identifier>doi:10.1016/j.dib.2021.107734</dct:identifier><bam:articleNumber>107734</bam:articleNumber><oa:openAccessInformation><oa:openAccessStatus xmlns:xsi="http://www.w3.org/2001/XMLSchema-instance">http://vtw.elsevier.com/data/voc/oa/OpenAccessStatus#Full</oa:openAccessStatus><oa:openAccessEffective xmlns:xsi="http://www.w3.org/2001/XMLSchema-instance">2021-12-17T17:04:12Z</oa:openAccessEffective><oa:sponsor xmlns:xsi="http://www.w3.org/2001/XMLSchema-instance"><oa:sponsorName>Loughborough Energy Project-Institution + Funder-2021</oa:sponsorName><oa:sponsorType>http://vtw.elsevier.com/data/voc/oa/SponsorType#FundingBody</oa:sponsorType></oa:sponsor><oa:userLicense xmlns:xsi="http://www.w3.org/2001/XMLSchema-instance">http://creativecommons.org/licenses/by/4.0/</oa:userLicense></oa:openAccessInformation><cp:licenseLine xmlns:xsi="http://www.w3.org/2001/XMLSchema-instance">This is an open access article under the CC BY license.</cp:licenseLine></rdf:Description></rdf:RDF><dp:document-properties><dp:aggregation-type>Journals</dp:aggregation-type><dp:version-number>S5.1</dp:version-number></dp:document-properties><ja:article docsubtype="dat" version="5.6" xml:lang="en"><ja:item-info><ja:jid>DIB</ja:jid><ja:aid>107734</ja:aid><ce:article-number>107734</ce:article-number><ce:pii>S2352-3409(21)01009-X</ce:pii><ce:doi>10.1016/j.dib.2021.107734</ce:doi><ce:document-thread><ce:refers-to-document id="ref0001"><ce:pii>S2214-6296(21)00466-7</ce:pii><ce:doi>10.1016/j.erss.2021.102379</ce:doi></ce:refers-to-document></ce:document-thread><ce:copyright type="unknown" year="2021"/></ja:item-info><ja:head><ce:dochead id="dchd0001"><ce:textfn id="dhtxt0001">Data Article</ce:textfn></ce:dochead><ce:title id="tte0002">Perceived value interviews and socio-economic survey data for communities in rural Uganda</ce:title><ce:author-group id="aut0001"><ce:author id="au0001" author-id="S235234092101009X-fefffd4534e8ed5e1734e3cfa68debd1" orcid="0000-0001-7628-9259"><ce:given-name>Stephanie</ce:given-name><ce:surname>Hirmer</ce:surname><ce:cross-ref refid="aff0001"><ce:sup loc="post">1</ce:sup></ce:cross-ref><ce:cross-ref refid="aff0002"><ce:sup loc="post">2</ce:sup></ce:cross-ref><ce:cross-ref refid="cor0001"><ce:sup loc="post">&#x204e;</ce:sup></ce:cross-ref><ce:e-address id="ead0001" type="email" xlink:href="mailto:stephanie.hirmer@eng.ox.ac.uk">stephanie.hirmer@eng.ox.ac.uk</ce:e-address></ce:author><ce:author id="au0002" author-id="S235234092101009X-ebd377417aab155cfcfcaf0cef633388"><ce:given-name>Alycia</ce:given-name><ce:surname>Leonard</ce:surname><ce:cross-ref refid="aff0001"><ce:sup loc="post">1</ce:sup></ce:cross-ref></ce:author><ce:author id="au0003" author-id="S235234092101009X-f2e58472d3ee0b22cf51fd2a6bb5977a"><ce:given-name>Sofia</ce:given-name><ce:surname>Conforti</ce:surname><ce:cross-ref refid="aff0003"><ce:sup loc="post">3</ce:sup></ce:cross-ref></ce:author><ce:author id="au0004" author-id="S235234092101009X-a78f4f4f3224096474f44085bd6ef412"><ce:given-name>Costanza</ce:given-name><ce:surname>Conforti</ce:surname><ce:cross-ref refid="aff0004"><ce:sup loc="post">4</ce:sup></ce:cross-ref><ce:cross-ref refid="cor0001"><ce:sup loc="post">&#x204e;</ce:sup></ce:cross-ref><ce:e-address id="ead0002" type="email" xlink:href="mailto:cc918@cam.ac.uk">cc918@cam.ac.uk</ce:e-address></ce:author><ce:affiliation id="aff0001" affiliation-id="S235234092101009X-0b95a7994d3870ccaa45e725283ca5c3"><ce:label>1</ce:label><ce:textfn id="cetextfn0001">Energy and Power Group, University of Oxford</ce:textfn><sa:affiliation><sa:organization>Energy and Power Group</sa:organization><sa:organization>University of Oxford</sa:organization></sa:affiliation><ce:source-text id="staff0001">1Energy and Power Group, University of Oxford</ce:source-text></ce:affiliation><ce:affiliation id="aff0002" affiliation-id="S235234092101009X-c6b7386cd878d30ad3c7fc4faee96bc6"><ce:label>2</ce:label><ce:textfn id="cetextfn0002">Rural Senses, Oxford</ce:textfn><sa:affiliation><sa:organization>Rural Senses</sa:organization><sa:city>Oxford</sa:city></sa:affiliation><ce:source-text id="staff0002">2Rural Senses, Oxford</ce:source-text></ce:affiliation><ce:affiliation id="aff0003" affiliation-id="S235234092101009X-67aa4e4cc62ac7272f43082420ba4b06"><ce:label>3</ce:label><ce:textfn id="cetextfn0003">University of Bologna</ce:textfn><sa:affiliation><sa:organization>University of Bologna</sa:organization></sa:affiliation><ce:source-text id="staff0003">3University of Bologna</ce:source-text></ce:affiliation><ce:affiliation id="aff0004" affiliation-id="S235234092101009X-d7d74eef4bf2bdb261a4bbf0b5031684"><ce:label>4</ce:label><ce:textfn id="cetextfn0004">Language Technology Lab, University of Cambridge</ce:textfn><sa:affiliation><sa:organization>Language Technology Lab</sa:organization><sa:organization>University of Cambridge</sa:organization></sa:affiliation><ce:source-text id="staff0004">4Language Technology Lab, University of Cambridge</ce:source-text></ce:affiliation><ce:correspondence id="cor0001"><ce:label>&#x204e;</ce:label><ce:text id="cetext0001">Corresponding authors. Stephanie Hirmer and Costanza Conforti</ce:text></ce:correspondence></ce:author-group><ce:date-received day="1" month="12" year="2021"/><ce:date-revised day="14" month="12" year="2021"/><ce:date-accepted day="16" month="12" year="2021"/><ce:abstract id="abs0001" view="all" class="author"><ce:section-title id="cesectitle0001">Abstract</ce:section-title><ce:abstract-sec id="abss0001" view="all"><ce:simple-para id="spara009" view="all">This article describes a dataset of perceived values and socioeconomic indicators collected in rural Ugandan communities. The data were collected in interviews which employed: (1) the User-Perceived Value game, which solicits verbal data using graphical prompts and &#x2018;why&#x2019;-probing; and (2) socio-economic surveys, which collected demographic data. The dataset constitutes 119 interviews conducted between 2014 and 2015 in seven rural Ugandan villages. Interviews were conducted in various settings (e.g. individual/group, women/men/mixed) and in seven different local languages (which were subsequently translated into English). These interviews were part of a research project aiming to better understand what is important to rural communities in Uganda, and to investigate decision-making as a function of different demographics. This dataset can be used by researchers and practitioners in various fields such as sustainable development (e.g. to analyze how development initiatives may be designed to match community values) and natural language processing (e.g. to automatically perform perceived value classification from the expert-annotated interviews).</ce:simple-para></ce:abstract-sec></ce:abstract><ce:keywords id="keys0001" view="all" class="keyword"><ce:section-title id="cesectitle0002">Keywords</ce:section-title><ce:keyword id="key0001"><ce:text id="cetext0002">Needs assessment</ce:text></ce:keyword><ce:keyword id="key0002"><ce:text id="cetext0003">Value data</ce:text></ce:keyword><ce:keyword id="key0003"><ce:text id="cetext0004">Perception</ce:text></ce:keyword><ce:keyword id="key0004"><ce:text id="cetext0005">Beneficiaries</ce:text></ce:keyword><ce:keyword id="key0005"><ce:text id="cetext0006">Developing Countries</ce:text></ce:keyword><ce:keyword id="key0006"><ce:text id="cetext0007">Sub-Saharan Africa</ce:text></ce:keyword></ce:keywords></ja:head></ja:article></doc:document>
