<doc:document xmlns:doc="http://www.elsevier.com/xml/document/schema" xmlns:dp="http://www.elsevier.com/xml/common/doc-properties/schema" xmlns:cps="http://www.elsevier.com/xml/common/consyn-properties/schema" xmlns:rdf="http://www.w3.org/1999/02/22-rdf-syntax-ns#" xmlns:dct="http://purl.org/dc/terms/" xmlns:prism="http://prismstandard.org/namespaces/basic/2.0/" xmlns:oa="http://vtw.elsevier.com/data/ns/properties/OpenAccess-1/" xmlns:bam="http://vtw.elsevier.com/data/voc/ns/bam-vtw-1/" xmlns:cp="http://vtw.elsevier.com/data/ns/properties/Copyright-1/" xmlns:cja="http://www.elsevier.com/xml/cja/schema" xmlns:ja="http://www.elsevier.com/xml/ja/schema" xmlns:bk="http://www.elsevier.com/xml/bk/schema" xmlns:ce="http://www.elsevier.com/xml/common/schema" xmlns:mml="http://www.w3.org/1998/Math/MathML" xmlns:cals="http://www.elsevier.com/xml/common/cals/schema" xmlns:tb="http://www.elsevier.com/xml/common/table/schema" xmlns:sa="http://www.elsevier.com/xml/common/struct-aff/schema" xmlns:sb="http://www.elsevier.com/xml/common/struct-bib/schema" xmlns:xlink="http://www.w3.org/1999/xlink"><rdf:RDF><rdf:Description rdf:about="http://dx.doi.org/10.1016/j.dib.2021.107762"><dct:format>application/xml</dct:format><dct:title>Hydrogeophysical monitoring of intense rainfall infiltration in the karst critical zone: A unique electrical resistivity tomography data set</dct:title><dct:creator>Simon D. Carri&#232;re</dct:creator><dct:creator>Konstantinos Chalikakis</dct:creator><dct:subject><rdf:Bag><rdf:li>Hydrogeophysics</rdf:li><rdf:li>Recharge monitoring</rdf:li><rdf:li>Critical zone</rdf:li><rdf:li>Karst</rdf:li><rdf:li>Mediterranean</rdf:li></rdf:Bag></dct:subject><dct:description>Data in Brief 40 (2022). doi:10.1016/j.dib.2021.107762</dct:description><prism:aggregationType>journal</prism:aggregationType><prism:publicationName>Data in Brief</prism:publicationName><prism:copyright>&#169; 2021 The Author(s). Published by Elsevier Inc.</prism:copyright><dct:publisher>Elsevier Inc.</dct:publisher><prism:issn>2352-3409</prism:issn><prism:volume>40</prism:volume><prism:coverDisplayDate>February 2022</prism:coverDisplayDate><prism:doi>10.1016/j.dib.2021.107762</prism:doi><prism:url>http://dx.doi.org/10.1016/j.dib.2021.107762</prism:url><dct:identifier>doi:10.1016/j.dib.2021.107762</dct:identifier><bam:articleNumber>107762</bam:articleNumber><oa:openAccessInformation><oa:openAccessStatus xmlns:xsi="http://www.w3.org/2001/XMLSchema-instance">http://vtw.elsevier.com/data/voc/oa/OpenAccessStatus#Full</oa:openAccessStatus><oa:openAccessEffective xmlns:xsi="http://www.w3.org/2001/XMLSchema-instance">2021-12-23T13:55:47Z</oa:openAccessEffective><oa:sponsor xmlns:xsi="http://www.w3.org/2001/XMLSchema-instance"><oa:sponsorName>France: LE Tracking</oa:sponsorName><oa:sponsorType>http://vtw.elsevier.com/data/voc/oa/SponsorType#FundingBody</oa:sponsorType></oa:sponsor><oa:userLicense xmlns:xsi="http://www.w3.org/2001/XMLSchema-instance">http://creativecommons.org/licenses/by-nc-nd/4.0/</oa:userLicense></oa:openAccessInformation><cp:licenseLine xmlns:xsi="http://www.w3.org/2001/XMLSchema-instance">This is an open access article under the CC BY-NC-ND license.</cp:licenseLine></rdf:Description></rdf:RDF><dp:document-properties><dp:aggregation-type>Journals</dp:aggregation-type><dp:version-number>S300.1</dp:version-number></dp:document-properties><ja:article docsubtype="dat" version="5.6" xml:lang="en"><ja:item-info><ja:jid>DIB</ja:jid><ja:aid>107762</ja:aid><ce:article-number>107762</ce:article-number><ce:pii>S2352-3409(21)01036-2</ce:pii><ce:doi>10.1016/j.dib.2021.107762</ce:doi><ce:document-thread><ce:refers-to-document id="doc0001"><ce:pii>S0048-9697(19)34230-5</ce:pii><ce:doi>10.1016/j.scitotenv.2019.134247</ce:doi></ce:refers-to-document></ce:document-thread><ce:copyright type="unknown" year="2021"/></ja:item-info><ja:head><ce:dochead id="dchd0001"><ce:textfn id="dhtxt0001">Data Article</ce:textfn></ce:dochead><ce:title id="tte0002">Hydrogeophysical monitoring of intense rainfall infiltration in the karst critical zone: A unique electrical resistivity tomography data set</ce:title><ce:author-group id="aut0001"><ce:author id="au0001" author-id="S2352340921010362-1cf3b27fb5ad351cbf82d2ec80e7b3bb" orcid="0000-0001-6998-4544"><ce:given-name>Simon D.</ce:given-name><ce:surname>Carri&#232;re</ce:surname><ce:contributor-role role="http://credit.niso.org/contributor-roles/conceptualization">Conceptualization</ce:contributor-role><ce:contributor-role role="http://credit.niso.org/contributor-roles/methodology">Methodology</ce:contributor-role><ce:contributor-role role="http://credit.niso.org/contributor-roles/funding-acquisition">Funding acquisition</ce:contributor-role><ce:contributor-role role="http://credit.niso.org/contributor-roles/data-curation">Data curation</ce:contributor-role><ce:contributor-role role="http://credit.niso.org/contributor-roles/writing-original-draft">Writing &#x2013; original draft</ce:contributor-role><ce:cross-ref refid="aff0001"><ce:sup loc="post">a</ce:sup></ce:cross-ref><ce:cross-ref refid="cor0001"><ce:sup loc="post">&#x204e;</ce:sup></ce:cross-ref><ce:e-address id="ead0001" type="email" xlink:href="mailto:simon.carriere@upmc.fr">simon.carriere@upmc.fr</ce:e-address></ce:author><ce:author id="au0002" author-id="S2352340921010362-6ec84085e0eb10f069320a914d005b21" orcid="0000-0002-6929-636X"><ce:given-name>Konstantinos</ce:given-name><ce:surname>Chalikakis</ce:surname><ce:contributor-role role="http://credit.niso.org/contributor-roles/conceptualization">Conceptualization</ce:contributor-role><ce:contributor-role role="http://credit.niso.org/contributor-roles/methodology">Methodology</ce:contributor-role><ce:contributor-role role="http://credit.niso.org/contributor-roles/data-curation">Data curation</ce:contributor-role><ce:contributor-role role="http://credit.niso.org/contributor-roles/writing-review-editing">Writing &#x2013; review &amp; editing</ce:contributor-role><ce:cross-ref refid="aff0002"><ce:sup loc="post">b</ce:sup></ce:cross-ref></ce:author><ce:affiliation id="aff0001" affiliation-id="S2352340921010362-508852e239f0bcfaf5b5f60c55e6a476"><ce:label>a</ce:label><ce:textfn id="cetextfn0001">Sorbonne Universit&#233;, UMR 7619 METIS (UPMC/CNRS/EPHE), 4 place Jussieu, Paris 75005, France</ce:textfn><sa:affiliation><sa:organization>Sorbonne Universit&#233;</sa:organization><sa:organization>UMR 7619 METIS (UPMC/CNRS/EPHE)</sa:organization><sa:address-line>4 place Jussieu</sa:address-line><sa:city>Paris</sa:city><sa:postal-code>75005</sa:postal-code><sa:country>France</sa:country></sa:affiliation><ce:source-text id="staff0001">aSorbonne Universit&#233;, UMR 7619 METIS (UPMC/CNRS/EPHE), 4 place Jussieu, Paris 75005, France</ce:source-text></ce:affiliation><ce:affiliation id="aff0002" affiliation-id="S2352340921010362-3ad1671e7bcca9571c5ef720daf9c22a"><ce:label>b</ce:label><ce:textfn id="cetextfn0002">Avignon Universit&#233;, UMR 1114 EMMAH (AU/INRAE), 301 rue Baruch de Spinoza, BP 21239 84911, Avignon Cedex 9, France</ce:textfn><sa:affiliation><sa:organization>Avignon Universit&#233;</sa:organization><sa:organization>UMR 1114 EMMAH (AU/INRAE)</sa:organization><sa:address-line>301 rue Baruch de Spinoza, BP 21239 84911</sa:address-line><sa:city>Avignon</sa:city><sa:postal-code>Cedex 9</sa:postal-code><sa:country>France</sa:country></sa:affiliation><ce:source-text id="staff0002">bAvignon Universit&#233;, UMR 1114 EMMAH (AU/INRAE), 301 rue Baruch de Spinoza, BP 21239 84911, Avignon Cedex 9, France</ce:source-text></ce:affiliation><ce:correspondence id="cor0001"><ce:label>&#x204e;</ce:label><ce:text id="cetext0001">Corresponding author.</ce:text></ce:correspondence></ce:author-group><ce:date-received day="15" month="10" year="2021"/><ce:date-revised day="22" month="12" year="2021"/><ce:date-accepted day="23" month="12" year="2021"/><ce:abstract id="abs0001" view="all" class="author"><ce:section-title id="cesectitle0001">Abstract</ce:section-title><ce:abstract-sec id="abss0001" view="all"><ce:simple-para id="spara005" view="all">The common hydrogeological concepts assume that water mostly enters and flows in fractured and karstified media through preferential pathways related to discontinuities. But it is difficult to locate discontinuities and even more to relate those to possible or effective water routes, particularly when soil or scree covers near surface features. When and where does water flow underground? How fast? Are we able to monitor the infiltration processes? A unique large scale Electrical Resistivity Tomography (ERT) surface based time-lapse experiment was carried out in fractured and karstified carbonate rock during a typical Mediterranean autumn rainy episode (230mm of rain over 17 days). 120 ERT time-lapse sections were measured over the same profile during and after this event (30 days). The gradient array was chosen for his robustness and rapidity. The site is covered by typical Mediterranean forest and is a good example of the surface conditions found in Mediterranean karst. There is no major karstification features (i.e. cave, sinkhole) or major tectonic accident (i.e. fault). In a previous paper, several commercial and research inversion software were tested on this dataset. This processing highlighted some limitations in inversion process. At the actual stage, apparent resistivity data provides insight about recharge/discharge processes that are almost valuable as the inverted resistivity results. Due to his quality, the availability of this unique dataset acquired under natural conditions will allow to the scientific and engineer community exploring advances and limits of ERT approach and to test new software or new data processing strategy.</ce:simple-para></ce:abstract-sec></ce:abstract><ce:keywords id="keys0001" view="all" class="keyword"><ce:section-title id="cesectitle0002">Keywords</ce:section-title><ce:keyword id="key0001"><ce:text id="cetext0002">Hydrogeophysics</ce:text></ce:keyword><ce:keyword id="key0001a"><ce:text id="cetext0002a">Recharge monitoring</ce:text></ce:keyword><ce:keyword id="key0001b"><ce:text id="cetext0002b">Critical zone</ce:text></ce:keyword><ce:keyword id="key0001c"><ce:text id="cetext0002c">Karst</ce:text></ce:keyword><ce:keyword id="key0001d"><ce:text id="cetext0002d">Mediterranean</ce:text></ce:keyword></ce:keywords></ja:head></ja:article></doc:document>
