<doc:document xmlns:doc="http://www.elsevier.com/xml/document/schema" xmlns:dp="http://www.elsevier.com/xml/common/doc-properties/schema" xmlns:cps="http://www.elsevier.com/xml/common/consyn-properties/schema" xmlns:rdf="http://www.w3.org/1999/02/22-rdf-syntax-ns#" xmlns:dct="http://purl.org/dc/terms/" xmlns:prism="http://prismstandard.org/namespaces/basic/2.0/" xmlns:oa="http://vtw.elsevier.com/data/ns/properties/OpenAccess-1/" xmlns:bam="http://vtw.elsevier.com/data/voc/ns/bam-vtw-1/" xmlns:cp="http://vtw.elsevier.com/data/ns/properties/Copyright-1/" xmlns:cja="http://www.elsevier.com/xml/cja/schema" xmlns:ja="http://www.elsevier.com/xml/ja/schema" xmlns:bk="http://www.elsevier.com/xml/bk/schema" xmlns:ce="http://www.elsevier.com/xml/common/schema" xmlns:mml="http://www.w3.org/1998/Math/MathML" xmlns:cals="http://www.elsevier.com/xml/common/cals/schema" xmlns:tb="http://www.elsevier.com/xml/common/table/schema" xmlns:sa="http://www.elsevier.com/xml/common/struct-aff/schema" xmlns:sb="http://www.elsevier.com/xml/common/struct-bib/schema" xmlns:xlink="http://www.w3.org/1999/xlink"><rdf:RDF><rdf:Description rdf:about="http://dx.doi.org/10.1016/j.dib.2021.107541"><dct:format>application/xml</dct:format><dct:title>A dataset on multi-trait selection approaches for screening desirable wild relatives of wheat</dct:title><dct:creator>Alireza Pour-Aboughadareh</dct:creator><dct:creator>Peter Poczai</dct:creator><dct:subject><rdf:Bag><rdf:li>Crop wild relatives</rdf:li><rdf:li>Drought stress</rdf:li><rdf:li>MGIDI index</rdf:li><rdf:li>Physiological trait</rdf:li><rdf:li>Root system features</rdf:li></rdf:Bag></dct:subject><dct:description>Data in Brief 39 (2021). doi:10.1016/j.dib.2021.107541</dct:description><prism:aggregationType>journal</prism:aggregationType><prism:publicationName>Data in Brief</prism:publicationName><prism:copyright>&#169; 2021 The Authors. Published by Elsevier Inc.</prism:copyright><dct:publisher>Elsevier Inc.</dct:publisher><prism:issn>2352-3409</prism:issn><prism:volume>39</prism:volume><prism:coverDisplayDate>December 2021</prism:coverDisplayDate><prism:doi>10.1016/j.dib.2021.107541</prism:doi><prism:url>http://dx.doi.org/10.1016/j.dib.2021.107541</prism:url><dct:identifier>doi:10.1016/j.dib.2021.107541</dct:identifier><bam:articleNumber>107541</bam:articleNumber><oa:openAccessInformation><oa:openAccessStatus xmlns:xsi="http://www.w3.org/2001/XMLSchema-instance">http://vtw.elsevier.com/data/voc/oa/OpenAccessStatus#Full</oa:openAccessStatus><oa:openAccessEffective xmlns:xsi="http://www.w3.org/2001/XMLSchema-instance">2021-10-29T13:08:56Z</oa:openAccessEffective><oa:sponsor xmlns:xsi="http://www.w3.org/2001/XMLSchema-instance"><oa:sponsorType>http://vtw.elsevier.com/data/voc/oa/SponsorType#Author</oa:sponsorType></oa:sponsor><oa:userLicense xmlns:xsi="http://www.w3.org/2001/XMLSchema-instance">http://creativecommons.org/licenses/by/4.0/</oa:userLicense></oa:openAccessInformation><cp:licenseLine xmlns:xsi="http://www.w3.org/2001/XMLSchema-instance">This is an open access article under the CC BY license.</cp:licenseLine></rdf:Description></rdf:RDF><dp:document-properties><dp:aggregation-type>Journals</dp:aggregation-type><dp:version-number>S300.1</dp:version-number></dp:document-properties><ja:article docsubtype="dat" version="5.6" xml:lang="en"><ja:item-info><ja:jid>DIB</ja:jid><ja:aid>107541</ja:aid><ce:article-number>107541</ce:article-number><ce:pii>S2352-3409(21)00817-9</ce:pii><ce:doi>10.1016/j.dib.2021.107541</ce:doi><ce:copyright type="other" year="2021">The Authors</ce:copyright></ja:item-info><ja:head><ce:dochead id="dchd0001"><ce:textfn id="dhtxt0001">Data Article</ce:textfn></ce:dochead><ce:title id="tte0002">A dataset on multi-trait selection approaches for screening desirable wild relatives of wheat</ce:title><ce:author-group id="aut0001"><ce:author id="au0001" author-id="S2352340921008179-4c91caf111cea03fb728fce878613418"><ce:given-name>Alireza</ce:given-name><ce:surname>Pour-Aboughadareh</ce:surname><ce:contributor-role role="http://credit.niso.org/contributor-roles/conceptualization">Conceptualization</ce:contributor-role><ce:contributor-role role="http://credit.niso.org/contributor-roles/methodology">Methodology</ce:contributor-role><ce:contributor-role role="http://credit.niso.org/contributor-roles/software">Software</ce:contributor-role><ce:contributor-role role="http://credit.niso.org/contributor-roles/data-curation">Data curation</ce:contributor-role><ce:contributor-role role="http://credit.niso.org/contributor-roles/writing-original-draft">Writing &#x2013; original draft</ce:contributor-role><ce:contributor-role role="http://credit.niso.org/contributor-roles/investigation">Investigation</ce:contributor-role><ce:cross-ref refid="aff0001"><ce:sup loc="post">a</ce:sup></ce:cross-ref><ce:cross-ref refid="cor0001"><ce:sup loc="post">&#x204e;</ce:sup></ce:cross-ref><ce:e-address id="ead0001" type="email" xlink:href="mailto:a.poraboghadareh@edu.ikiu.ac.ir">a.poraboghadareh@edu.ikiu.ac.ir</ce:e-address></ce:author><ce:author id="au0002" author-id="S2352340921008179-610dade82524ab7d346ffef91c106487" orcid="0000-0002-0107-1068"><ce:given-name>Peter</ce:given-name><ce:surname>Poczai</ce:surname><ce:contributor-role role="http://credit.niso.org/contributor-roles/visualization">Visualization</ce:contributor-role><ce:contributor-role role="http://credit.niso.org/contributor-roles/writing-review-editing">Writing &#x2013; review &amp; editing</ce:contributor-role><ce:cross-ref refid="aff0002"><ce:sup loc="post">b</ce:sup></ce:cross-ref><ce:cross-ref refid="cor0001"><ce:sup loc="post">&#x204e;</ce:sup></ce:cross-ref><ce:e-address id="ead0002" type="email" xlink:href="mailto:peter.poczai@helsinki.fi">peter.poczai@helsinki.fi</ce:e-address></ce:author><ce:affiliation id="aff0001" affiliation-id="S2352340921008179-df084097d45f259f62a1e6a274ebe2d2"><ce:label>a</ce:label><ce:textfn id="cetextfn0001">Seed and Plant Improvement Institute, Agricultural Research, Education and Extension Organization (AREEO), Karaj 3183964653, Iran</ce:textfn><sa:affiliation><sa:organization>Seed and Plant Improvement Institute</sa:organization><sa:organization>Agricultural Research, Education and Extension Organization (AREEO)</sa:organization><sa:city>Karaj</sa:city><sa:postal-code>3183964653</sa:postal-code><sa:country>Iran</sa:country></sa:affiliation><ce:source-text id="staff0001">aSeed and Plant Improvement Institute, Agricultural Research, Education and Extension Organization (AREEO), Karaj 3183964653, Iran</ce:source-text></ce:affiliation><ce:affiliation id="aff0002" affiliation-id="S2352340921008179-d803952e8ff618131ba6723754a9d23e"><ce:label>b</ce:label><ce:textfn id="cetextfn0002">Botany Unit, Finnish Museum of Natural History, University of Helsinki, P.O. Box 7, Helsinki FI&#x2010;00014, Finland</ce:textfn><sa:affiliation><sa:organization>Botany Unit</sa:organization><sa:organization>Finnish Museum of Natural History</sa:organization><sa:organization>University of Helsinki</sa:organization><sa:address-line>P.O. Box 7</sa:address-line><sa:city>Helsinki</sa:city><sa:postal-code>FI&#x2010;00014</sa:postal-code><sa:country>Finland</sa:country></sa:affiliation><ce:source-text id="staff0002">bBotany Unit, Finnish Museum of Natural History, University of Helsinki, P.O. Box 7, Helsinki FI&#x2010;00014, Finland</ce:source-text></ce:affiliation><ce:correspondence id="cor0001"><ce:label>&#x204e;</ce:label><ce:text id="cetext0001">Corresponding authors.</ce:text></ce:correspondence></ce:author-group><ce:date-received day="3" month="6" year="2021"/><ce:date-revised day="22" month="10" year="2021"/><ce:date-accepted day="28" month="10" year="2021"/><ce:abstract id="abs0001" view="all" class="author"><ce:section-title id="cesectitle0001">Abstract</ce:section-title><ce:abstract-sec id="abss0001" view="all"><ce:simple-para id="spara009" view="all">Wild relatives of common wheat are an extraordinary source of tolerance to various environmental stresses. The dataset herein presents the effect of water-deficit stress on a core collection of landraces and wild relatives of wheat (including 180 samples belonging to four <ce:italic>Triticum</ce:italic> and eight <ce:italic>Aegilops</ce:italic> species [<ce:italic>T. boeoticum</ce:italic> Bioss., <ce:italic>T. urartu</ce:italic> Gandilyan., <ce:italic>T. durum</ce:italic> Def., <ce:italic>T. aestivum</ce:italic> L., <ce:italic>Ae. speltoides</ce:italic> Tausch., <ce:italic>Ae. tauschii</ce:italic> Coss., <ce:italic>Ae. caudata</ce:italic> L., <ce:italic>Ae. umbellulata</ce:italic> Zhuk., <ce:italic>Ae. neglecta</ce:italic> L., <ce:italic>Ae. cylindrica</ce:italic> Host., <ce:italic>Ae. crassa</ce:italic> Boiss., and <ce:italic>Ae. triuncialis</ce:italic>]) in terms of several physiological traits, root and shoot biomasses, and features of root system architecture (RSA). All genetic materials were subjected to water-stress treatment using a pot experiment under greenhouse conditions. To screen the most tolerant accessions, three selection indices, such as Smith and Hazel (SH), factor analysis and ideotype&#x2010;design (FAI), and the multi-trait genotype-ideotype distance index (MGIDI) were computed. The obtained data can highlight the role of some features of RSA in increasing water-deficit tolerance in some wild relatives of wheat. Moreover, the use of selection indices in the early stage of growth can be highlighted for future research.</ce:simple-para></ce:abstract-sec></ce:abstract><ce:keywords id="keys0001" view="all" class="keyword"><ce:section-title id="cesectitle0002">Keywords</ce:section-title><ce:keyword id="key0001"><ce:text id="cetext0002">Crop wild relatives</ce:text></ce:keyword><ce:keyword id="key0002"><ce:text id="cetext0003">Drought stress</ce:text></ce:keyword><ce:keyword id="key0003"><ce:text id="cetext0004">MGIDI index</ce:text></ce:keyword><ce:keyword id="key0004"><ce:text id="cetext0005">Physiological trait</ce:text></ce:keyword><ce:keyword id="key0005"><ce:text id="cetext0006">Root system features</ce:text></ce:keyword></ce:keywords></ja:head></ja:article></doc:document>
