<doc:document xmlns:doc="http://www.elsevier.com/xml/document/schema" xmlns:dp="http://www.elsevier.com/xml/common/doc-properties/schema" xmlns:cps="http://www.elsevier.com/xml/common/consyn-properties/schema" xmlns:rdf="http://www.w3.org/1999/02/22-rdf-syntax-ns#" xmlns:dct="http://purl.org/dc/terms/" xmlns:prism="http://prismstandard.org/namespaces/basic/2.0/" xmlns:oa="http://vtw.elsevier.com/data/ns/properties/OpenAccess-1/" xmlns:bam="http://vtw.elsevier.com/data/voc/ns/bam-vtw-1/" xmlns:cp="http://vtw.elsevier.com/data/ns/properties/Copyright-1/" xmlns:cja="http://www.elsevier.com/xml/cja/schema" xmlns:ja="http://www.elsevier.com/xml/ja/schema" xmlns:bk="http://www.elsevier.com/xml/bk/schema" xmlns:ce="http://www.elsevier.com/xml/common/schema" xmlns:mml="http://www.w3.org/1998/Math/MathML" xmlns:cals="http://www.elsevier.com/xml/common/cals/schema" xmlns:tb="http://www.elsevier.com/xml/common/table/schema" xmlns:sa="http://www.elsevier.com/xml/common/struct-aff/schema" xmlns:sb="http://www.elsevier.com/xml/common/struct-bib/schema" xmlns:xlink="http://www.w3.org/1999/xlink"><rdf:RDF><rdf:Description rdf:about="http://dx.doi.org/10.1016/j.dib.2022.107842"><dct:format>application/xml</dct:format><dct:title>Dataset for effects of the transition from dry forest to pasture on diversity and structure of bacterial communities in Northeastern Brazil</dct:title><dct:creator>Diogo Paes da Costa</dct:creator><dct:creator>Ademir S&#233;rgio Ferreira Araujo</dct:creator><dct:creator>Arthur Prud&#234;ncio de Araujo Pereira</dct:creator><dct:creator>Lucas William Mendes</dct:creator><dct:creator>Rafaela Felix da Fran&#231;a</dct:creator><dct:creator>Thallyta das Gra&#231;as Esp&#237;ndola da Silva</dct:creator><dct:creator>Julyana Braga de Oliveira</dct:creator><dct:creator>Jenifer Sthephanie Araujo</dct:creator><dct:creator>Gustavo Pereira Duda</dct:creator><dct:creator>R&#244;mulo Sim&#245;es Cezar Menezes</dct:creator><dct:creator>Erika Valente de Medeiros</dct:creator><dct:subject><rdf:Bag><rdf:li>Caatinga biome</rdf:li><rdf:li>Tropical soil</rdf:li><rdf:li>Microbial ecology</rdf:li><rdf:li>16S rRNA</rdf:li><rdf:li>NDVI</rdf:li></rdf:Bag></dct:subject><dct:description>Data in Brief 41 (2022). doi:10.1016/j.dib.2022.107842</dct:description><prism:aggregationType>journal</prism:aggregationType><prism:publicationName>Data in Brief</prism:publicationName><prism:copyright>&#169; 2022 Published by Elsevier Inc.</prism:copyright><dct:publisher>Elsevier Inc.</dct:publisher><prism:issn>2352-3409</prism:issn><prism:volume>41</prism:volume><prism:coverDisplayDate>April 2022</prism:coverDisplayDate><prism:doi>10.1016/j.dib.2022.107842</prism:doi><prism:url>http://dx.doi.org/10.1016/j.dib.2022.107842</prism:url><dct:identifier>doi:10.1016/j.dib.2022.107842</dct:identifier><bam:articleNumber>107842</bam:articleNumber><oa:openAccessInformation><oa:openAccessStatus xmlns:xsi="http://www.w3.org/2001/XMLSchema-instance">http://vtw.elsevier.com/data/voc/oa/OpenAccessStatus#Full</oa:openAccessStatus><oa:openAccessEffective xmlns:xsi="http://www.w3.org/2001/XMLSchema-instance">2022-01-16T15:39:31Z</oa:openAccessEffective><oa:sponsor xmlns:xsi="http://www.w3.org/2001/XMLSchema-instance"><oa:sponsorType>http://vtw.elsevier.com/data/voc/oa/SponsorType#ElsevierWaived</oa:sponsorType></oa:sponsor><oa:userLicense xmlns:xsi="http://www.w3.org/2001/XMLSchema-instance">http://creativecommons.org/licenses/by/4.0/</oa:userLicense></oa:openAccessInformation><cp:licenseLine xmlns:xsi="http://www.w3.org/2001/XMLSchema-instance">This is an open access article under the CC BY license.</cp:licenseLine></rdf:Description></rdf:RDF><dp:document-properties><dp:aggregation-type>Journals</dp:aggregation-type><dp:version-number>S250.1</dp:version-number></dp:document-properties><ja:article docsubtype="dat" version="5.6" xml:lang="en"><ja:item-info><ja:jid>DIB</ja:jid><ja:aid>107842</ja:aid><ce:article-number>107842</ce:article-number><ce:pii>S2352-3409(22)00054-3</ce:pii><ce:doi>10.1016/j.dib.2022.107842</ce:doi><ce:document-thread><ce:refers-to-document id="ref0001"><ce:pii>S0048-9697(21)07019-4</ce:pii><ce:doi>10.1016/j.scitotenv.2021.151943</ce:doi></ce:refers-to-document></ce:document-thread><ce:copyright type="unknown" year="2022"/></ja:item-info><ja:head><ce:dochead id="dchd0001"><ce:textfn id="dhtxt0001">Data Article</ce:textfn></ce:dochead><ce:title id="tte0002">Dataset for effects of the transition from dry forest to pasture on diversity and structure of bacterial communities in Northeastern Brazil</ce:title><ce:author-group id="aut0001"><ce:author id="au0001" author-id="S2352340922000543-04cb46388c0f97097868585f63d5a73c"><ce:given-name>Diogo Paes da</ce:given-name><ce:surname>Costa</ce:surname><ce:cross-ref refid="aff0001"><ce:sup loc="post">a</ce:sup></ce:cross-ref><ce:cross-ref refid="cor0001"><ce:sup loc="post">&#x204e;</ce:sup></ce:cross-ref><ce:e-address id="ead0001" type="email" xlink:href="mailto:diogopaes1@gmail.com">diogopaes1@gmail.com</ce:e-address><ce:e-address id="ead0002" type="email" xlink:href="mailto:diogopaes@alumni.usp.br">diogopaes@alumni.usp.br</ce:e-address></ce:author><ce:author id="au0002" author-id="S2352340922000543-d44bdea4afa33eaf68b0dfe6e582bcfa"><ce:given-name>Ademir S&#233;rgio Ferreira</ce:given-name><ce:surname>Araujo</ce:surname><ce:cross-ref refid="aff0002"><ce:sup loc="post">b</ce:sup></ce:cross-ref><ce:e-address id="crf0003a" type="email" xlink:href="mailto:asfaruaj@yahoo.com.br">asfaruaj@yahoo.com.br</ce:e-address></ce:author><ce:author id="au0003" author-id="S2352340922000543-df91e0d3d707380dc7dcde5f6c878d3d"><ce:given-name>Arthur Prud&#234;ncio de Araujo</ce:given-name><ce:surname>Pereira</ce:surname><ce:cross-ref refid="aff0003"><ce:sup loc="post">c</ce:sup></ce:cross-ref><ce:e-address id="crf0003b" type="email" xlink:href="mailto:arthur.prudencio@ufc.br">arthur.prudencio@ufc.br</ce:e-address></ce:author><ce:author id="au0004" author-id="S2352340922000543-39d454ab952a6b285e40db0bf1c63b7e"><ce:given-name>Lucas William</ce:given-name><ce:surname>Mendes</ce:surname><ce:cross-ref refid="aff0004"><ce:sup loc="post">d</ce:sup></ce:cross-ref><ce:e-address id="crf0003c" type="email" xlink:href="mailto:lucaswmendes@gmail.com">lucaswmendes@gmail.com</ce:e-address></ce:author><ce:author id="au0005" author-id="S2352340922000543-d1a1118abab93b14412965ef2174c92d"><ce:given-name>Rafaela Felix da</ce:given-name><ce:surname>Fran&#231;a</ce:surname><ce:cross-ref refid="aff0005"><ce:sup loc="post">e</ce:sup></ce:cross-ref><ce:e-address id="crf0003d" type="email" xlink:href="mailto:rafaelaf-f@hotmail.com">rafaelaf-f@hotmail.com</ce:e-address></ce:author><ce:author id="au0006" author-id="S2352340922000543-9ec22f9c24d3e1c9bc88b0a9b510bbc0"><ce:given-name>Thallyta das Gra&#231;as Esp&#237;ndola da</ce:given-name><ce:surname>Silva</ce:surname><ce:cross-ref refid="aff0001"><ce:sup loc="post">a</ce:sup></ce:cross-ref><ce:e-address id="crf0003e" type="email" xlink:href="mailto:thallyta.espindola@outlook.com">thallyta.espindola@outlook.com</ce:e-address></ce:author><ce:author id="au0007" author-id="S2352340922000543-2b140c5b88e76d64aa9d72e64e84410a"><ce:given-name>Julyana Braga de</ce:given-name><ce:surname>Oliveira</ce:surname><ce:cross-ref refid="aff0001"><ce:sup loc="post">a</ce:sup></ce:cross-ref><ce:e-address id="crf0003f" type="email" xlink:href="mailto:jully_bragaa@live.com">jully_bragaa@live.com</ce:e-address></ce:author><ce:author id="au0008" author-id="S2352340922000543-2079a084077ace29969f3df05a21aaa9"><ce:given-name>Jenifer Sthephanie</ce:given-name><ce:surname>Araujo</ce:surname><ce:cross-ref refid="aff0001"><ce:sup loc="post">a</ce:sup></ce:cross-ref><ce:e-address id="crf0003g" type="email" xlink:href="mailto:jenifersthephanie12@hotmail.com">jenifersthephanie12@hotmail.com</ce:e-address></ce:author><ce:author id="au0009" author-id="S2352340922000543-6fe1d7b408014c6c67c60bfb18dac90b"><ce:given-name>Gustavo Pereira</ce:given-name><ce:surname>Duda</ce:surname><ce:cross-ref refid="aff0001"><ce:sup loc="post">a</ce:sup></ce:cross-ref><ce:e-address id="crf0003h" type="email" xlink:href="mailto:gustavo.duda@ufape.edu.br">gustavo.duda@ufape.edu.br</ce:e-address></ce:author><ce:author id="au0010" author-id="S2352340922000543-aefe090a5a44b68d81746cb6b42e7ecb"><ce:given-name>R&#244;mulo Sim&#245;es Cezar</ce:given-name><ce:surname>Menezes</ce:surname><ce:cross-ref refid="aff0006"><ce:sup loc="post">f</ce:sup></ce:cross-ref><ce:e-address id="crf0003i" type="email" xlink:href="mailto:romulo.menezes@ufpe.br">romulo.menezes@ufpe.br</ce:e-address></ce:author><ce:author id="au0011" author-id="S2352340922000543-886a357b7a124aae258c3be322431ee5"><ce:given-name>Erika Valente de</ce:given-name><ce:surname>Medeiros</ce:surname><ce:cross-ref refid="aff0001"><ce:sup loc="post">a</ce:sup></ce:cross-ref><ce:e-address id="crf0003j" type="email" xlink:href="mailto:erika.valente@ufape.edu.br">erika.valente@ufape.edu.br</ce:e-address></ce:author><ce:affiliation id="aff0001" affiliation-id="S2352340922000543-83e25d23f705a6606cd67db8f1a66e52"><ce:label>a</ce:label><ce:textfn id="cetextfn0001">Microbiology and Enzimology Lab., Federal University of Agreste Pernambuco, 55292-270 Garanhuns, PE, Brazil</ce:textfn><sa:affiliation><sa:organization>Microbiology and Enzimology Lab.</sa:organization><sa:organization>Federal University of Agreste Pernambuco</sa:organization><sa:city>Garanhuns</sa:city><sa:state>PE</sa:state><sa:postal-code>55292-270</sa:postal-code><sa:country>Brazil</sa:country></sa:affiliation><ce:source-text id="staff0001">aMicrobiology and Enzimology Lab., Federal University of Agreste Pernambuco, 55292-270 Garanhuns, PE, Brazil</ce:source-text></ce:affiliation><ce:affiliation id="aff0002" affiliation-id="S2352340922000543-c154782f414e2374b008e7c75e4df897"><ce:label>b</ce:label><ce:textfn id="cetextfn0002">Soil Quality Lab., Agricultural Science Center, Federal University of Piau&#237;, 64049-550 Teresina, PI, Brazil</ce:textfn><sa:affiliation><sa:organization>Soil Quality Lab.</sa:organization><sa:organization>Agricultural Science Center</sa:organization><sa:organization>Federal University of Piau&#237;</sa:organization><sa:city>Teresina</sa:city><sa:state>PI</sa:state><sa:postal-code>64049-550</sa:postal-code><sa:country>Brazil</sa:country></sa:affiliation><ce:source-text id="staff0002">bSoil Quality Lab., Agricultural Science Center, Federal University of Piau&#237;, 64049-550 Teresina, PI, Brazil</ce:source-text></ce:affiliation><ce:affiliation id="aff0003" affiliation-id="S2352340922000543-f26422337c89b1ece2abfabb63a01b5c"><ce:label>c</ce:label><ce:textfn id="cetextfn0003">Microbial Ecology and Biotechnology Lab., Federal University of Cear&#225;, 60020-181 Fortaleza, CE, Brazil</ce:textfn><sa:affiliation><sa:organization>Microbial Ecology and Biotechnology Lab.</sa:organization><sa:organization>Federal University of Cear&#225;</sa:organization><sa:city>Fortaleza</sa:city><sa:state>CE</sa:state><sa:postal-code>60020-181</sa:postal-code><sa:country>Brazil</sa:country></sa:affiliation><ce:source-text id="staff0003">cMicrobial Ecology and Biotechnology Lab., Federal University of Cear&#225;, 60020-181 Fortaleza, CE, Brazil</ce:source-text></ce:affiliation><ce:affiliation id="aff0004" affiliation-id="S2352340922000543-9e9a751e14f6a45cc8dced95f8cfced8"><ce:label>d</ce:label><ce:textfn id="cetextfn0004">Center for Nuclear Energy in Agriculture, University of Sao Paulo, 13400-970 Piracicaba, SP, Brazil</ce:textfn><sa:affiliation><sa:organization>Center for Nuclear Energy in Agriculture</sa:organization><sa:organization>University of Sao Paulo</sa:organization><sa:city>Piracicaba</sa:city><sa:state>SP</sa:state><sa:postal-code>13400-970</sa:postal-code><sa:country>Brazil</sa:country></sa:affiliation><ce:source-text id="staff0004">dCenter for Nuclear Energy in Agriculture, University of Sao Paulo, 13400-970 Piracicaba, SP, Brazil</ce:source-text></ce:affiliation><ce:affiliation id="aff0005" affiliation-id="S2352340922000543-3bb2a440631e2694c45b12e1c11747e1"><ce:label>e</ce:label><ce:textfn id="cetextfn0005">Department of Soils, Federal Rural University of Rio de Janeiro, 23890-000 Serop&#233;dica, RJ, Brazil</ce:textfn><sa:affiliation><sa:organization>Department of Soils</sa:organization><sa:organization>Federal Rural University of Rio de Janeiro</sa:organization><sa:city>Serop&#233;dica</sa:city><sa:state>RJ</sa:state><sa:postal-code>23890-000</sa:postal-code><sa:country>Brazil</sa:country></sa:affiliation><ce:source-text id="staff0005">eDepartment of Soils, Federal Rural University of Rio de Janeiro, 23890-000 Serop&#233;dica, RJ, Brazil</ce:source-text></ce:affiliation><ce:affiliation id="aff0006" affiliation-id="S2352340922000543-e368f8d08971829b39cd330557a9c05f"><ce:label>f</ce:label><ce:textfn id="cetextfn0006">Department of Nuclear Energy, Federal University of Pernambuco, 50740-540 Recife, PE, Brazil</ce:textfn><sa:affiliation><sa:organization>Department of Nuclear Energy</sa:organization><sa:organization>Federal University of Pernambuco</sa:organization><sa:city>Recife</sa:city><sa:state>PE</sa:state><sa:postal-code>50740-540</sa:postal-code><sa:country>Brazil</sa:country></sa:affiliation><ce:source-text id="staff0006">fDepartment of Nuclear Energy, Federal University of Pernambuco, 50740-540 Recife, PE, Brazil</ce:source-text></ce:affiliation><ce:correspondence id="cor0001"><ce:label>&#x204e;</ce:label><ce:text id="cetext0001">Corresponding author.</ce:text></ce:correspondence></ce:author-group><ce:date-received day="9" month="12" year="2021"/><ce:date-revised day="6" month="1" year="2022"/><ce:date-accepted day="14" month="1" year="2022"/><ce:abstract id="abs0001" view="all" class="author"><ce:section-title id="cesectitle0001">Abstract</ce:section-title><ce:abstract-sec id="abss0001" view="all"><ce:simple-para id="spara020" view="all">The data included in this article supplement the research article titled &#x201c;Forest-to-pasture conversion modifies the soil bacterial community in Brazilian dry forest Caatinga (manuscript ID: STOTEN-D-21-19067R1)&#x201d;. This data article included the analysis of 18 chemical variables in 36 composite samples (included 4 replicates) of soils from the Microregion of Garanhuns (Northeast Brazil) and also partial 16S rRNA gene sequences from genomic DNA extracted from 27 of these samples (included 3 best quality replicates) for paired-end sequencing (up to 2&#160;&#215;&#160;300 bp) in Illumina MiSeq platform (NCBI - BioProject accession: PRJNA753707). Soils were collected in August 2018 in a tropical subhumid region from the Brazilian Caatinga, along with 27 composite samples from the aboveground part of pastures to determine nutritional quality based on leaf N content. The analysis of variance (ANOVA) and post-hoc tests of environmental data and the main alpha-diversity indices based on linear mixed models (LMM) were represented in the tables. In this case, the collection region (C1 &#x2013; Brej&#227;o, C2 &#x2013; Garanhuns, and C3 &#x2013; S&#227;o Jo&#227;o) was the random-effect variable and adjacent habitats formed by a forest (FO) and two pastures (PA and PB succeeded by this forest) composed the fixed-effect variable (land cover), both nested within C. In addition, a table with similarity percentages breakdown (SIMPER) was also shown, a procedure to assess the average percent contribution of individual phyla and bacterial classes. The figures showed the details of the study location, sampling procedure, vegetation status through the Normalized Difference Vegetation Index (NDVI), in addition to the general abundance and composition of the main bacterial phyla.</ce:simple-para></ce:abstract-sec></ce:abstract><ce:keywords id="keys0001" view="all" class="keyword"><ce:section-title id="cesectitle0002">Keywords</ce:section-title><ce:keyword id="key0001"><ce:text id="cetext5002">Caatinga biome</ce:text></ce:keyword><ce:keyword id="key0002"><ce:text id="cetext6002">Tropical soil</ce:text></ce:keyword><ce:keyword id="key0003"><ce:text id="cetext7002">Microbial ecology</ce:text></ce:keyword><ce:keyword id="key0004"><ce:text id="cetext8002">16S rRNA</ce:text></ce:keyword><ce:keyword id="key0005"><ce:text id="cetext9003">NDVI</ce:text></ce:keyword></ce:keywords></ja:head></ja:article></doc:document>
