<doc:document xmlns:doc="http://www.elsevier.com/xml/document/schema" xmlns:dp="http://www.elsevier.com/xml/common/doc-properties/schema" xmlns:cps="http://www.elsevier.com/xml/common/consyn-properties/schema" xmlns:rdf="http://www.w3.org/1999/02/22-rdf-syntax-ns#" xmlns:dct="http://purl.org/dc/terms/" xmlns:prism="http://prismstandard.org/namespaces/basic/2.0/" xmlns:oa="http://vtw.elsevier.com/data/ns/properties/OpenAccess-1/" xmlns:bam="http://vtw.elsevier.com/data/voc/ns/bam-vtw-1/" xmlns:cp="http://vtw.elsevier.com/data/ns/properties/Copyright-1/" xmlns:cja="http://www.elsevier.com/xml/cja/schema" xmlns:ja="http://www.elsevier.com/xml/ja/schema" xmlns:bk="http://www.elsevier.com/xml/bk/schema" xmlns:ce="http://www.elsevier.com/xml/common/schema" xmlns:mml="http://www.w3.org/1998/Math/MathML" xmlns:cals="http://www.elsevier.com/xml/common/cals/schema" xmlns:tb="http://www.elsevier.com/xml/common/table/schema" xmlns:sa="http://www.elsevier.com/xml/common/struct-aff/schema" xmlns:sb="http://www.elsevier.com/xml/common/struct-bib/schema" xmlns:xlink="http://www.w3.org/1999/xlink"><rdf:RDF><rdf:Description rdf:about="http://dx.doi.org/10.1016/j.dib.2021.107554"><dct:format>application/xml</dct:format><dct:title>Cities and armed conflict: A systematic urban-rural coding of UCDP conflict events data</dct:title><dct:creator>Emma Elfversson</dct:creator><dct:subject><rdf:Bag><rdf:li>Cities</rdf:li><rdf:li>Armed conflict</rdf:li><rdf:li>Urban violence</rdf:li><rdf:li>Conflict events</rdf:li><rdf:li>Political violence</rdf:li></rdf:Bag></dct:subject><dct:description>Data in Brief 39 (2021). doi:10.1016/j.dib.2021.107554</dct:description><prism:aggregationType>journal</prism:aggregationType><prism:publicationName>Data in Brief</prism:publicationName><prism:copyright>&#169; 2021 The Author(s). Published by Elsevier Inc.</prism:copyright><dct:publisher>Elsevier Inc.</dct:publisher><prism:issn>2352-3409</prism:issn><prism:volume>39</prism:volume><prism:coverDisplayDate>December 2021</prism:coverDisplayDate><prism:doi>10.1016/j.dib.2021.107554</prism:doi><prism:url>http://dx.doi.org/10.1016/j.dib.2021.107554</prism:url><dct:identifier>doi:10.1016/j.dib.2021.107554</dct:identifier><bam:articleNumber>107554</bam:articleNumber><oa:openAccessInformation><oa:openAccessStatus xmlns:xsi="http://www.w3.org/2001/XMLSchema-instance">http://vtw.elsevier.com/data/voc/oa/OpenAccessStatus#Full</oa:openAccessStatus><oa:openAccessEffective xmlns:xsi="http://www.w3.org/2001/XMLSchema-instance">2021-11-03T11:50:28Z</oa:openAccessEffective><oa:sponsor xmlns:xsi="http://www.w3.org/2001/XMLSchema-instance"><oa:sponsorName>Sweden Institutes</oa:sponsorName><oa:sponsorType>http://vtw.elsevier.com/data/voc/oa/SponsorType#FundingBody</oa:sponsorType></oa:sponsor><oa:userLicense xmlns:xsi="http://www.w3.org/2001/XMLSchema-instance">http://creativecommons.org/licenses/by/4.0/</oa:userLicense></oa:openAccessInformation><cp:licenseLine xmlns:xsi="http://www.w3.org/2001/XMLSchema-instance">This is an open access article under the CC BY license.</cp:licenseLine></rdf:Description></rdf:RDF><dp:document-properties><dp:aggregation-type>Journals</dp:aggregation-type><dp:version-number>S300.1</dp:version-number></dp:document-properties><ja:article docsubtype="dat" version="5.6" xml:lang="en"><ja:item-info><ja:jid>DIB</ja:jid><ja:aid>107554</ja:aid><ce:article-number>107554</ce:article-number><ce:pii>S2352-3409(21)00830-1</ce:pii><ce:doi>10.1016/j.dib.2021.107554</ce:doi><ce:document-thread><ce:refers-to-document id="ref0001"><ce:pii>S0264-2751(21)00256-0</ce:pii><ce:doi>10.1016/j.cities.2021.103356</ce:doi></ce:refers-to-document></ce:document-thread><ce:copyright type="unknown" year="2021"/></ja:item-info><ja:head><ce:dochead id="dchd0001"><ce:textfn id="dhtxt0001">Data Article</ce:textfn></ce:dochead><ce:title id="tte0002">Cities and armed conflict: A systematic urban-rural coding of UCDP conflict events data</ce:title><ce:author-group id="aut0001"><ce:author id="au0001" author-id="S2352340921008301-7f7bc64297922ee130e0c78ab186b68e" orcid="0000-0001-5673-9056"><ce:given-name>Emma</ce:given-name><ce:surname>Elfversson</ce:surname><ce:e-address id="ead0001" type="email" xlink:href="mailto:emma.elfversson@pcr.uu.se">emma.elfversson@pcr.uu.se</ce:e-address><ce:e-address id="ea3" type="social-media" xlink:href="https://twitter.com/emmaelfversson">@emmaelfversson</ce:e-address></ce:author><ce:affiliation id="aff0001" affiliation-id="S2352340921008301-0de79dbc394d1c275005b8a4f52b8085"><ce:textfn id="cetextfn0001">Department of Peace and Conflict Research, Uppsala University, Box 514, Uppsala 751 20, Sweden</ce:textfn><sa:affiliation><sa:organization>Department of Peace and Conflict Research</sa:organization><sa:organization>Uppsala University</sa:organization><sa:address-line>Box 514</sa:address-line><sa:city>Uppsala</sa:city><sa:postal-code>751 20</sa:postal-code><sa:country>Sweden</sa:country></sa:affiliation><ce:source-text id="staff0001">Department of Peace and Conflict Research, Uppsala University, Box 514, Uppsala 751 20, Sweden</ce:source-text></ce:affiliation></ce:author-group><ce:date-received day="9" month="9" year="2021"/><ce:date-revised day="1" month="11" year="2021"/><ce:date-accepted day="2" month="11" year="2021"/><ce:abstract id="abs0001" view="all" class="author"><ce:section-title id="cesectitle0001">Abstract</ce:section-title><ce:abstract-sec id="abss0001" view="all"><ce:simple-para id="spara006" view="all">This data article provides a descriptive overview of the Cities and Armed Conflict Events (CACE) dataset and the data collection methods. The dataset provides a systematic coding of armed conflict events taking place in cities and outside cities across the globe. It constitutes an extension of the Uppsala Conflict Data Program (UCDP) Georeferenced Events Dataset (GED) version 18.1 and covers 1989&#x2013;2017. To identify which events of armed conflict took place in cities, the data was manually matched to to data from the United Nations Statistics Division (UNSD). The dataset enables systematic analysis of urban-rural patterns in armed conflict, as illustrated by Elfversson &amp; H&#246;glund [1]. While existing methods for analysing such patterns frequently rely on matching conflict data to spatial grids combined with population density, the data presented here with higher validity captures whether violent events take place in cities.</ce:simple-para></ce:abstract-sec></ce:abstract><ce:keywords id="keys0001" view="all" class="keyword"><ce:section-title id="cesectitle0002">Keywords</ce:section-title><ce:keyword id="key0001"><ce:text id="cetext0001">Cities</ce:text></ce:keyword><ce:keyword id="key0002"><ce:text id="cetext0002">Armed conflict</ce:text></ce:keyword><ce:keyword id="key0003"><ce:text id="cetext0003">Urban violence</ce:text></ce:keyword><ce:keyword id="key0004"><ce:text id="cetext0004">Conflict events</ce:text></ce:keyword><ce:keyword id="key0005"><ce:text id="cetext0005">Political violence</ce:text></ce:keyword></ce:keywords></ja:head></ja:article></doc:document>
