<doc:document xmlns:doc="http://www.elsevier.com/xml/document/schema" xmlns:dp="http://www.elsevier.com/xml/common/doc-properties/schema" xmlns:cps="http://www.elsevier.com/xml/common/consyn-properties/schema" xmlns:rdf="http://www.w3.org/1999/02/22-rdf-syntax-ns#" xmlns:dct="http://purl.org/dc/terms/" xmlns:prism="http://prismstandard.org/namespaces/basic/2.0/" xmlns:oa="http://vtw.elsevier.com/data/ns/properties/OpenAccess-1/" xmlns:bam="http://vtw.elsevier.com/data/voc/ns/bam-vtw-1/" xmlns:cp="http://vtw.elsevier.com/data/ns/properties/Copyright-1/" xmlns:cja="http://www.elsevier.com/xml/cja/schema" xmlns:ja="http://www.elsevier.com/xml/ja/schema" xmlns:bk="http://www.elsevier.com/xml/bk/schema" xmlns:ce="http://www.elsevier.com/xml/common/schema" xmlns:mml="http://www.w3.org/1998/Math/MathML" xmlns:cals="http://www.elsevier.com/xml/common/cals/schema" xmlns:tb="http://www.elsevier.com/xml/common/table/schema" xmlns:sa="http://www.elsevier.com/xml/common/struct-aff/schema" xmlns:sb="http://www.elsevier.com/xml/common/struct-bib/schema" xmlns:xlink="http://www.w3.org/1999/xlink"><rdf:RDF><rdf:Description rdf:about="http://dx.doi.org/10.1016/j.jclepro.2021.128657"><dct:format>application/xml</dct:format><dct:title>Data-driven comparative analysis of national adaptation pathways for Sustainable Development Goals</dct:title><dct:creator>Viktor Sebesty&#233;n</dct:creator><dct:creator>J&#225;nos Abonyi</dct:creator><dct:subject><rdf:Bag><rdf:li>Sustainable Development Goals</rdf:li><rdf:li>Adaptation pathways</rdf:li><rdf:li>Frequent itemset mining</rdf:li><rdf:li>Distribution of the SDG indicators</rdf:li></rdf:Bag></dct:subject><dct:description>Journal of Cleaner Production 319 (2021). doi:10.1016/j.jclepro.2021.128657</dct:description><prism:aggregationType>journal</prism:aggregationType><prism:publicationName>Journal of Cleaner Production</prism:publicationName><prism:copyright>&#169; 2021 Published by Elsevier Ltd.</prism:copyright><dct:publisher>Elsevier Ltd</dct:publisher><prism:issn>0959-6526</prism:issn><prism:volume>319</prism:volume><prism:coverDisplayDate>15 October 2021</prism:coverDisplayDate><prism:coverDate>2021-10-15</prism:coverDate><prism:doi>10.1016/j.jclepro.2021.128657</prism:doi><prism:url>http://dx.doi.org/10.1016/j.jclepro.2021.128657</prism:url><dct:identifier>doi:10.1016/j.jclepro.2021.128657</dct:identifier><bam:articleNumber>128657</bam:articleNumber></rdf:Description></rdf:RDF><dp:document-properties><dp:aggregation-type>Journals</dp:aggregation-type><dp:version-number>S300.1</dp:version-number></dp:document-properties><ja:article docsubtype="fla" version="5.6" xml:lang="en"><ja:item-info><ja:jid>JCLP</ja:jid><ja:aid>128657</ja:aid><ce:article-number>128657</ce:article-number><ce:pii>S0959-6526(21)02858-4</ce:pii><ce:doi>10.1016/j.jclepro.2021.128657</ce:doi><ce:copyright type="unknown" year="2021"/></ja:item-info><ja:head><ce:title id="d1e284">Data-driven comparative analysis of national adaptation pathways for Sustainable Development Goals</ce:title><ce:author-group id="d1e287"><ce:author id="au000001" author-id="S0959652621028584-0b8261c43b7dcc67497d80bb322598b4" orcid="0000-0003-0670-9195"><ce:given-name>Viktor</ce:given-name><ce:surname>Sebesty&#233;n</ce:surname><ce:contributor-role role="http://credit.niso.org/contributor-roles/conceptualization">Conceptualization</ce:contributor-role><ce:contributor-role role="http://credit.niso.org/contributor-roles/methodology">Methodology</ce:contributor-role><ce:contributor-role role="http://credit.niso.org/contributor-roles/validation">Validation</ce:contributor-role><ce:contributor-role role="http://credit.niso.org/contributor-roles/investigation">Investigation</ce:contributor-role><ce:contributor-role role="http://credit.niso.org/contributor-roles/data-curation">Data curation</ce:contributor-role><ce:contributor-role role="http://credit.niso.org/contributor-roles/writing-original-draft">Writing &#x2013; original draft</ce:contributor-role><ce:contributor-role role="http://credit.niso.org/contributor-roles/writing-review-editing">Writing &#x2013; review &amp; editing</ce:contributor-role><ce:contributor-role role="http://credit.niso.org/contributor-roles/visualization">Visualization</ce:contributor-role><ce:contributor-role role="http://credit.niso.org/contributor-roles/project-administration">Project administration</ce:contributor-role><ce:contributor-role role="http://credit.niso.org/contributor-roles/funding-acquisition">Funding acquisition</ce:contributor-role><ce:cross-ref refid="aff1"><ce:sup loc="post">a</ce:sup></ce:cross-ref><ce:cross-ref refid="aff2"><ce:sup loc="post">b</ce:sup></ce:cross-ref><ce:cross-ref refid="cor1"><ce:sup loc="post">&#x204e;</ce:sup></ce:cross-ref><ce:e-address id="ea1" type="email" xlink:href="mailto:sebestyenv@almos.uni-pannon.hu">sebestyenv@almos.uni-pannon.hu</ce:e-address></ce:author><ce:author id="au000002" author-id="S0959652621028584-08066d74d3846eb7f89010744460c7cb"><ce:given-name>J&#225;nos</ce:given-name><ce:surname>Abonyi</ce:surname><ce:contributor-role role="http://credit.niso.org/contributor-roles/methodology">Methodology</ce:contributor-role><ce:contributor-role role="http://credit.niso.org/contributor-roles/software">Software</ce:contributor-role><ce:contributor-role role="http://credit.niso.org/contributor-roles/formal-analysis">Formal analysis</ce:contributor-role><ce:contributor-role role="http://credit.niso.org/contributor-roles/resources">Resources</ce:contributor-role><ce:contributor-role role="http://credit.niso.org/contributor-roles/data-curation">Data curation</ce:contributor-role><ce:contributor-role role="http://credit.niso.org/contributor-roles/writing-original-draft">Writing &#x2013; original draft</ce:contributor-role><ce:contributor-role role="http://credit.niso.org/contributor-roles/writing-review-editing">Writing &#x2013; review &amp; editing</ce:contributor-role><ce:contributor-role role="http://credit.niso.org/contributor-roles/supervision">Supervision</ce:contributor-role><ce:cross-ref refid="aff2"><ce:sup loc="post">b</ce:sup></ce:cross-ref></ce:author><ce:affiliation affiliation-id="S0959652621028584-20363c08868e693fbac8f408a1ece168" id="aff1"><ce:label>a</ce:label><ce:textfn>Sustainability Solutions Research Lab, University of Pannonia, Egyetem str. 10, H8200 Veszpr&#233;m, Hungary</ce:textfn><sa:affiliation><sa:organization>Sustainability Solutions Research Lab, University of Pannonia</sa:organization><sa:address-line>Egyetem str. 10</sa:address-line><sa:city>Veszpr&#233;m</sa:city><sa:postal-code>H8200</sa:postal-code><sa:country>Hungary</sa:country></sa:affiliation><ce:source-text id="afs58">Sustainability Solutions Research Lab, University of Pannonia, Egyetem str. 10, H8200 Veszprem, Hungary</ce:source-text></ce:affiliation><ce:affiliation affiliation-id="S0959652621028584-b9e84ff5bedf47c32415badf2c1b8cd3" id="aff2"><ce:label>b</ce:label><ce:textfn>MTA-PE &#x201c;Lend&#252;let&#x201d; Complex Systems Monitoring Research Group, University of Pannonia, Egyetem str. 10, H8200 Veszpr&#233;m, Hungary</ce:textfn><sa:affiliation><sa:organization>MTA-PE &#x201c;Lend&#252;let&#x201d; Complex Systems Monitoring Research Group, University of Pannonia</sa:organization><sa:address-line>Egyetem str. 10</sa:address-line><sa:city>Veszpr&#233;m</sa:city><sa:postal-code>H8200</sa:postal-code><sa:country>Hungary</sa:country></sa:affiliation><ce:source-text id="afs59">MTA-PE Lendulet Complex Systems Monitoring Research Group, University of Pannonia, Egyetem str. 10, H8200 Veszprem, Hungary</ce:source-text></ce:affiliation><ce:correspondence id="cor1"><ce:label>&#x204e;</ce:label><ce:text>Corresponding author.</ce:text></ce:correspondence></ce:author-group><ce:date-received day="28" month="12" year="2020"/><ce:date-revised day="9" month="8" year="2021"/><ce:date-accepted day="12" month="8" year="2021"/><ce:miscellaneous id="d1e394">Handling Editor: Jiri Jaromir Kleme</ce:miscellaneous><ce:abstract class="author" view="all" id="d1e396"><ce:section-title id="d1e397">Abstract</ce:section-title><ce:abstract-sec view="all" id="d1e399"><ce:simple-para view="all" id="d1e400">Since the declaration of Sustainable Development Goals (SDGs) in 2015, countries have begun developing and strategizing their national pathways for effective implementation of the 2030 Agenda. The sustainable development targets set out how the world&#x2019;s nations must move forward so that sustainable development is not an ideal vision but a workable, comprehensive environmental, economic, and social policy. This work aims to analyze the state of progress towards achieving sustainable development goals for each country. In addition to the static presentation of the achievements that countries can present, the changes over time are also compared, allowing countries to be grouped according to the current states. A sophisticated SDG performance measurement tool has been developed to support this analysis, which automatically processes the entire UN Global SDG Indicators database with exploratory data analysis, frequent item mining, and network analysis supported. Based on the trend analysis of the percentiles, the values of the indicators achievable by 2030 are also derived. The analyzes were performed based on the time-series data of 1319 disaggregated official SDG indicators.</ce:simple-para><ce:simple-para view="all" id="d1e402">Most of the world countries have achieved the greatest success in SDG12 and SDG10 since the declaration of the 2030 Agenda. In the field of climate change (SDG13), 26 countries can count on significant achievements. However, SDG6, SDG2, and SDG1 face significant challenges globally, as they have typically seen minor progress in recent years. Examined at the indicator level, indicators 1.4.1, 5.6.2, 6.b.1, 10.7.2, and 15.4.2 improved in all countries of the world, while indicators 2.a.1, 9.4.1, 2.1.1, 2.1. and 12.b.1 have deteriorated predominantly. According to the forecast for 2030, Australia and the United States can reduce their per capita <mml:math display="inline" id="d1e405" altimg="si1.svg"><mml:mrow><mml:mi>C</mml:mi><mml:msub><mml:mrow><mml:mi>O</mml:mi></mml:mrow><mml:mrow><mml:mn>2</mml:mn></mml:mrow></mml:msub></mml:mrow></mml:math> emissions, while some countries in Africa, Asia, and the Middle East are expected to increase their emissions.</ce:simple-para></ce:abstract-sec></ce:abstract><ce:keywords class="keyword" view="all" id="d1e417"><ce:section-title id="d1e418">Keywords</ce:section-title><ce:keyword id="d1e420"><ce:text>Sustainable Development Goals</ce:text></ce:keyword><ce:keyword id="d1e423"><ce:text>Adaptation pathways</ce:text></ce:keyword><ce:keyword id="d1e426"><ce:text>Frequent itemset mining</ce:text></ce:keyword><ce:keyword id="d1e429"><ce:text>Distribution of the SDG indicators</ce:text></ce:keyword></ce:keywords></ja:head></ja:article></doc:document>
