<doc:document xmlns:doc="http://www.elsevier.com/xml/document/schema" xmlns:dp="http://www.elsevier.com/xml/common/doc-properties/schema" xmlns:cps="http://www.elsevier.com/xml/common/consyn-properties/schema" xmlns:rdf="http://www.w3.org/1999/02/22-rdf-syntax-ns#" xmlns:dct="http://purl.org/dc/terms/" xmlns:prism="http://prismstandard.org/namespaces/basic/2.0/" xmlns:oa="http://vtw.elsevier.com/data/ns/properties/OpenAccess-1/" xmlns:bam="http://vtw.elsevier.com/data/voc/ns/bam-vtw-1/" xmlns:cp="http://vtw.elsevier.com/data/ns/properties/Copyright-1/" xmlns:cja="http://www.elsevier.com/xml/cja/schema" xmlns:ja="http://www.elsevier.com/xml/ja/schema" xmlns:bk="http://www.elsevier.com/xml/bk/schema" xmlns:ce="http://www.elsevier.com/xml/common/schema" xmlns:mml="http://www.w3.org/1998/Math/MathML" xmlns:cals="http://www.elsevier.com/xml/common/cals/schema" xmlns:tb="http://www.elsevier.com/xml/common/table/schema" xmlns:sa="http://www.elsevier.com/xml/common/struct-aff/schema" xmlns:sb="http://www.elsevier.com/xml/common/struct-bib/schema" xmlns:xlink="http://www.w3.org/1999/xlink"><rdf:RDF><rdf:Description rdf:about="http://dx.doi.org/10.1016/j.dib.2021.107574"><dct:format>application/xml</dct:format><dct:title>Datasets for corporate social responsibility index of Jordanian industrial and service sector firms</dct:title><dct:creator>Moawiah Awad Alghizzawi</dct:creator><dct:creator>Mayada A. Youssef</dct:creator><dct:creator>Mohammed Abu Zraiq</dct:creator><dct:subject><rdf:Bag><rdf:li>Corporate social responsibility</rdf:li><rdf:li>Amman stock exchange</rdf:li><rdf:li>Industrial sector</rdf:li><rdf:li>Service sector</rdf:li><rdf:li>Jordan</rdf:li></rdf:Bag></dct:subject><dct:description>Data in Brief 39 (2021). doi:10.1016/j.dib.2021.107574</dct:description><prism:aggregationType>journal</prism:aggregationType><prism:publicationName>Data in Brief</prism:publicationName><prism:copyright>&#169; 2021 The Authors. Published by Elsevier Inc.</prism:copyright><dct:publisher>Elsevier Inc.</dct:publisher><prism:issn>2352-3409</prism:issn><prism:volume>39</prism:volume><prism:coverDisplayDate>December 2021</prism:coverDisplayDate><prism:doi>10.1016/j.dib.2021.107574</prism:doi><prism:url>http://dx.doi.org/10.1016/j.dib.2021.107574</prism:url><dct:identifier>doi:10.1016/j.dib.2021.107574</dct:identifier><bam:articleNumber>107574</bam:articleNumber><oa:openAccessInformation><oa:openAccessStatus xmlns:xsi="http://www.w3.org/2001/XMLSchema-instance">http://vtw.elsevier.com/data/voc/oa/OpenAccessStatus#Full</oa:openAccessStatus><oa:openAccessEffective xmlns:xsi="http://www.w3.org/2001/XMLSchema-instance">2021-11-10T13:17:10Z</oa:openAccessEffective><oa:sponsor xmlns:xsi="http://www.w3.org/2001/XMLSchema-instance"><oa:sponsorType>http://vtw.elsevier.com/data/voc/oa/SponsorType#Author</oa:sponsorType></oa:sponsor><oa:userLicense xmlns:xsi="http://www.w3.org/2001/XMLSchema-instance">http://creativecommons.org/licenses/by/4.0/</oa:userLicense></oa:openAccessInformation><cp:licenseLine xmlns:xsi="http://www.w3.org/2001/XMLSchema-instance">This is an open access article under the CC BY license.</cp:licenseLine></rdf:Description></rdf:RDF><dp:document-properties><dp:aggregation-type>Journals</dp:aggregation-type><dp:version-number>S300.1</dp:version-number></dp:document-properties><ja:article docsubtype="dat" version="5.6" xml:lang="en"><ja:item-info><ja:jid>DIB</ja:jid><ja:aid>107574</ja:aid><ce:article-number>107574</ce:article-number><ce:pii>S2352-3409(21)00849-0</ce:pii><ce:doi>10.1016/j.dib.2021.107574</ce:doi><ce:copyright type="unknown" year="2021"/></ja:item-info><ja:head><ce:dochead id="dchd0001"><ce:textfn id="dhtxt0001">Data Article</ce:textfn></ce:dochead><ce:title id="tte0002">Datasets for corporate social responsibility index of Jordanian industrial and service sector firms</ce:title><ce:author-group id="aut0001"><ce:author id="au0001" author-id="S2352340921008490-7f6c43dd4ad3116dba38b08a4adb6a83" orcid="0000-0001-5003-870X"><ce:given-name>Moawiah Awad</ce:given-name><ce:surname>Alghizzawi</ce:surname><ce:contributor-role role="http://credit.niso.org/contributor-roles/conceptualization">Conceptualization</ce:contributor-role><ce:contributor-role role="http://credit.niso.org/contributor-roles/methodology">Methodology</ce:contributor-role><ce:contributor-role role="http://credit.niso.org/contributor-roles/data-curation">Data curation</ce:contributor-role><ce:contributor-role role="http://credit.niso.org/contributor-roles/software">Software</ce:contributor-role><ce:contributor-role role="http://credit.niso.org/contributor-roles/writing-original-draft">Writing &#x2013; original draft</ce:contributor-role><ce:cross-ref refid="aff0001"><ce:sup loc="post">a</ce:sup></ce:cross-ref></ce:author><ce:author id="au0002" author-id="S2352340921008490-e032d4c67472ca5477e5e2669afc16e7" orcid="0000-0003-2193-2512"><ce:given-name>Mayada A.</ce:given-name><ce:surname>Youssef</ce:surname><ce:contributor-role role="http://credit.niso.org/contributor-roles/supervision">Supervision</ce:contributor-role><ce:contributor-role role="http://credit.niso.org/contributor-roles/writing-review-editing">Writing &#x2013; review &amp; editing</ce:contributor-role><ce:contributor-role role="http://credit.niso.org/contributor-roles/funding-acquisition">Funding acquisition</ce:contributor-role><ce:cross-ref refid="aff0001"><ce:sup loc="post">a</ce:sup></ce:cross-ref><ce:cross-ref refid="cor0001"><ce:sup loc="post">&#x204e;</ce:sup></ce:cross-ref><ce:e-address id="ead0001" type="email" xlink:href="mailto:mayada_youssef@uaeu.ac.ae">mayada_youssef@uaeu.ac.ae</ce:e-address></ce:author><ce:author id="au0003" author-id="S2352340921008490-77dd35dfbeec5c96cdc64f5f22b90fc0"><ce:given-name>Mohammed</ce:given-name><ce:surname>Abu Zraiq</ce:surname><ce:contributor-role role="http://credit.niso.org/contributor-roles/conceptualization">Conceptualization</ce:contributor-role><ce:contributor-role role="http://credit.niso.org/contributor-roles/methodology">Methodology</ce:contributor-role><ce:contributor-role role="http://credit.niso.org/contributor-roles/software">Software</ce:contributor-role><ce:contributor-role role="http://credit.niso.org/contributor-roles/data-curation">Data curation</ce:contributor-role><ce:contributor-role role="http://credit.niso.org/contributor-roles/writing-original-draft">Writing &#x2013; original draft</ce:contributor-role><ce:cross-ref refid="aff0002"><ce:sup loc="post">b</ce:sup></ce:cross-ref></ce:author><ce:affiliation id="aff0001" affiliation-id="S2352340921008490-a3aa0dcf564416e8b6f5bdee226860d5"><ce:label>a</ce:label><ce:textfn id="cetextfn0001">Department of Accounting and Finance, United Arab Emirates University, Abu Dhabi, Al-Ain, United Arab Emirates</ce:textfn><sa:affiliation><sa:organization>Department of Accounting and Finance</sa:organization><sa:organization>United Arab Emirates University</sa:organization><sa:city>Abu Dhabi</sa:city><sa:state>Al-Ain</sa:state><sa:country>United Arab Emirates</sa:country></sa:affiliation><ce:source-text id="staff0001">aDepartment of Accounting and Finance, United Arab Emirates University, Abu Dhabi, Al-Ain, United Arab Emirates</ce:source-text></ce:affiliation><ce:affiliation id="aff0002" affiliation-id="S2352340921008490-7debb91ed8a12e285ff8312b25a7465d"><ce:label>b</ce:label><ce:textfn id="cetextfn0002">Faculty of Economics and Muamalat, Universiti Sains Islam Malaysia, Nilai, Negeri Sembilan 71800, Malaysia</ce:textfn><sa:affiliation><sa:organization>Faculty of Economics and Muamalat</sa:organization><sa:organization>Universiti Sains Islam Malaysia,</sa:organization><sa:city>Nilai</sa:city><sa:state>Negeri Sembilan</sa:state><sa:postal-code>71800</sa:postal-code><sa:country>Malaysia</sa:country></sa:affiliation><ce:source-text id="staff0002">bFaculty of Economics and Muamalat, Universiti Sains Islam Malaysia, Nilai, Negeri Sembilan 71800, Malaysia</ce:source-text></ce:affiliation><ce:correspondence id="cor0001"><ce:label>&#x204e;</ce:label><ce:text id="cetext0001">Corresponding author.</ce:text></ce:correspondence></ce:author-group><ce:date-received day="29" month="9" year="2021"/><ce:date-revised day="8" month="11" year="2021"/><ce:date-accepted day="9" month="11" year="2021"/><ce:abstract id="abs0001" view="all" class="author"><ce:section-title id="cesectitle0001">Abstract</ce:section-title><ce:abstract-sec id="abss0001" view="all"><ce:simple-para id="spara007" view="all">Detailed data concerning firm-level corporate social responsibility initiatives enforced by the Jordan Securities Commission (JSC) were covered in the present study. Panel data from 100 Jordanian firms listed on the Amman Stock Exchange (ASE)&#160;in the service&#160;and industrial&#160;sectors were utilised in this research. The study was undertaken&#160;between 2017 and 2018. Beside, data retrieved from the firms' annual reports are presented in this study. The official website of ASE and the websites of each firm involved were sources for the downloaded annual reports. The data was used efficiently by the researchers to establish and compute a corporate social responsibility index involving internal attributes. The corporate social responsibility index comprised three unique attributes, notably "Philanthropy, Community and Environment". Thus, the unweighted corporate social responsibility has an essential feature of "easy for replicable and modifiable" that enabled the researchers to evaluate firms according to an aggregate index score.</ce:simple-para></ce:abstract-sec></ce:abstract><ce:keywords id="keys0001" view="all" class="keyword"><ce:section-title id="cesectitle0002">Keywords</ce:section-title><ce:keyword id="key0001"><ce:text id="cetext0002">Corporate social responsibility</ce:text></ce:keyword><ce:keyword id="key0002"><ce:text id="cetext0003">Amman stock exchange</ce:text></ce:keyword><ce:keyword id="key0003"><ce:text id="cetext0004">Industrial sector</ce:text></ce:keyword><ce:keyword id="key0004"><ce:text id="cetext0005">Service sector</ce:text></ce:keyword><ce:keyword id="key0005"><ce:text id="cetext0006">Jordan</ce:text></ce:keyword></ce:keywords></ja:head></ja:article></doc:document>
