<doc:document xmlns:doc="http://www.elsevier.com/xml/document/schema" xmlns:dp="http://www.elsevier.com/xml/common/doc-properties/schema" xmlns:cps="http://www.elsevier.com/xml/common/consyn-properties/schema" xmlns:rdf="http://www.w3.org/1999/02/22-rdf-syntax-ns#" xmlns:dct="http://purl.org/dc/terms/" xmlns:prism="http://prismstandard.org/namespaces/basic/2.0/" xmlns:oa="http://vtw.elsevier.com/data/ns/properties/OpenAccess-1/" xmlns:bam="http://vtw.elsevier.com/data/voc/ns/bam-vtw-1/" xmlns:cp="http://vtw.elsevier.com/data/ns/properties/Copyright-1/" xmlns:cja="http://www.elsevier.com/xml/cja/schema" xmlns:ja="http://www.elsevier.com/xml/ja/schema" xmlns:bk="http://www.elsevier.com/xml/bk/schema" xmlns:ce="http://www.elsevier.com/xml/common/schema" xmlns:mml="http://www.w3.org/1998/Math/MathML" xmlns:cals="http://www.elsevier.com/xml/common/cals/schema" xmlns:tb="http://www.elsevier.com/xml/common/table/schema" xmlns:sa="http://www.elsevier.com/xml/common/struct-aff/schema" xmlns:sb="http://www.elsevier.com/xml/common/struct-bib/schema" xmlns:xlink="http://www.w3.org/1999/xlink"><rdf:RDF><rdf:Description rdf:about="http://dx.doi.org/10.1016/j.bbadva.2022.100041"><dct:format>application/xml</dct:format><dct:title>Does Microsecond Active-Site Dynamics Primarily control Proteolytic Activity of Bromelain? Clues from Single Molecular Level Study with a Denaturant, a Stabilizer and a Macromolecular Crowder</dct:title><dct:creator>Nilimesh Das</dct:creator><dct:creator>Sandeep Yadav</dct:creator><dct:creator>Kuldeep Singh Negi</dct:creator><dct:creator>Ejaj Tarif</dct:creator><dct:creator>Pratik Sen</dct:creator><dct:subject><rdf:Bag><rdf:li>Bromelain</rdf:li><rdf:li>Activity</rdf:li><rdf:li>Conformational dynamics</rdf:li><rdf:li>Structure</rdf:li><rdf:li>Crowder</rdf:li><rdf:li>GnHCl</rdf:li><rdf:li>Sucrose</rdf:li></rdf:Bag></dct:subject><dct:description>BBA Advances 2 (2022). doi:10.1016/j.bbadva.2022.100041</dct:description><prism:aggregationType>journal</prism:aggregationType><prism:publicationName>BBA Advances</prism:publicationName><prism:copyright>&#169; 2022 The Author(s). Published by Elsevier B.V.</prism:copyright><dct:publisher>Elsevier B.V.</dct:publisher><prism:issn>2667-1603</prism:issn><prism:volume>2</prism:volume><prism:coverDisplayDate>2022</prism:coverDisplayDate><prism:doi>10.1016/j.bbadva.2022.100041</prism:doi><prism:url>http://dx.doi.org/10.1016/j.bbadva.2022.100041</prism:url><dct:identifier>doi:10.1016/j.bbadva.2022.100041</dct:identifier><bam:articleNumber>100041</bam:articleNumber><oa:openAccessInformation><oa:openAccessStatus xmlns:xsi="http://www.w3.org/2001/XMLSchema-instance">http://vtw.elsevier.com/data/voc/oa/OpenAccessStatus#Full</oa:openAccessStatus><oa:openAccessEffective xmlns:xsi="http://www.w3.org/2001/XMLSchema-instance">2022-01-10T22:45:56Z</oa:openAccessEffective><oa:sponsor xmlns:xsi="http://www.w3.org/2001/XMLSchema-instance"><oa:sponsorName>India: LE Tracking</oa:sponsorName><oa:sponsorType>http://vtw.elsevier.com/data/voc/oa/SponsorType#FundingBody</oa:sponsorType></oa:sponsor><oa:userLicense xmlns:xsi="http://www.w3.org/2001/XMLSchema-instance">http://creativecommons.org/licenses/by-nc-nd/4.0/</oa:userLicense></oa:openAccessInformation><cp:licenseLine xmlns:xsi="http://www.w3.org/2001/XMLSchema-instance">This is an open access article under the CC BY-NC-ND license.</cp:licenseLine></rdf:Description></rdf:RDF><dp:document-properties><dp:aggregation-type>Journals</dp:aggregation-type><dp:version-number>S250.1</dp:version-number></dp:document-properties><ja:article docsubtype="fla" version="5.6" xml:lang="en"><ja:item-info><ja:jid>BBADVA</ja:jid><ja:aid>100041</ja:aid><ce:article-number>100041</ce:article-number><ce:pii>S2667-1603(22)00002-3</ce:pii><ce:doi>10.1016/j.bbadva.2022.100041</ce:doi><ce:copyright type="other" year="2022">The Author(s)</ce:copyright></ja:item-info><ja:head><ce:title id="tte0002"><ce:bold>Does Microsecond Active-Site Dynamics Primarily control Proteolytic Activity of Bromelain? Clues from Single Molecular Level Study with a Denaturant, a Stabilizer and a Macromolecular Crowder</ce:bold></ce:title><ce:author-group id="aut0001"><ce:author id="au0001" author-id="S2667160322000023-7579fceef239e11117a2f0c55bea14c5"><ce:given-name>Nilimesh</ce:given-name><ce:surname>Das</ce:surname><ce:cross-ref refid="cor0001"><ce:sup loc="post">&#x204e;</ce:sup></ce:cross-ref><ce:e-address id="ead0001" type="email" xlink:href="mailto:nilimesh@iitk.ac.in">nilimesh@iitk.ac.in</ce:e-address></ce:author><ce:author id="au0002" author-id="S2667160322000023-f2e272e59aff2945026886366bd1fef0"><ce:given-name>Sandeep</ce:given-name><ce:surname>Yadav</ce:surname></ce:author><ce:author id="au0003" author-id="S2667160322000023-bbaa2d5a0e4acb11a7835eb99831a6cc"><ce:given-name>Kuldeep Singh</ce:given-name><ce:surname>Negi</ce:surname></ce:author><ce:author id="au0004" author-id="S2667160322000023-913ccec0790c3f99192c0c26b2b2ce48"><ce:given-name>Ejaj</ce:given-name><ce:surname>Tarif</ce:surname></ce:author><ce:author id="au0005" author-id="S2667160322000023-23f031960927de8784fea4c94b6c58e1"><ce:given-name>Pratik</ce:given-name><ce:surname>Sen</ce:surname><ce:cross-ref refid="cor0001"><ce:sup loc="post">&#x204e;</ce:sup></ce:cross-ref><ce:e-address id="ead0002" type="email" xlink:href="mailto:psen@iitk.ac.in">psen@iitk.ac.in</ce:e-address></ce:author><ce:affiliation id="aff0001" affiliation-id="S2667160322000023-0bf397ceb3a30b53badb3a534d7c0862"><ce:textfn id="cetextfn0001">Department of Chemistry, Indian Institute of Technology Kanpur, Kanpur 208 016, UP, India</ce:textfn><sa:affiliation><sa:organization>Department of Chemistry</sa:organization><sa:organization>Indian Institute of Technology Kanpur</sa:organization><sa:city>Kanpur</sa:city><sa:state>UP</sa:state><sa:postal-code>208 016</sa:postal-code><sa:country>India</sa:country></sa:affiliation><ce:source-text id="staff0001">Department of Chemistry, Indian Institute of Technology Kanpur, Kanpur 208 016, UP, India</ce:source-text></ce:affiliation><ce:correspondence id="cor0001"><ce:label>&#x204e;</ce:label><ce:text id="cetext0001">Corresponding authors.</ce:text></ce:correspondence></ce:author-group><ce:date-received day="15" month="10" year="2021"/><ce:date-revised day="13" month="12" year="2021"/><ce:date-accepted day="10" month="1" year="2022"/><ce:abstract id="abs0001" class="author-highlights" view="all"><ce:section-title id="cesectitle0001">Highlights</ce:section-title><ce:abstract-sec id="abss0001" view="all"><ce:simple-para id="spara010" view="all"><ce:list id="celist0001"><ce:list-item id="celistitem0001"><ce:label>&#x2022;</ce:label><ce:para id="para0001" view="all">Dynamic nature is a crucial factor for optimal enzyme activity.</ce:para></ce:list-item><ce:list-item id="celistitem0002"><ce:label>&#x2022;</ce:label><ce:para id="para0002" view="all">Due to enormous complexity, it is difficult to directly correlate enzyme dynamics and activity.</ce:para></ce:list-item><ce:list-item id="celistitem0003"><ce:label>&#x2022;</ce:label><ce:para id="para0003" view="all">This question is addressed here taking an industrially crucial proteolytic enzyme, bromelain.</ce:para></ce:list-item><ce:list-item id="celistitem0004"><ce:label>&#x2022;</ce:label><ce:para id="para0004" view="all">We contemplated and correlated the structure, dynamics and activity of bromelain in versatile chemicals.</ce:para></ce:list-item><ce:list-item id="celistitem0005"><ce:label>&#x2022;</ce:label><ce:para id="para0005" view="all">In all the cases, a robust relationship between active-site dynamics and activity emerges.</ce:para></ce:list-item><ce:list-item id="celistitem0006"><ce:label>&#x2022;</ce:label><ce:para id="para0006" view="all">Microsecond active-site dynamics is probably a key factor for activity.</ce:para></ce:list-item></ce:list></ce:simple-para></ce:abstract-sec></ce:abstract><ce:abstract id="abs0002" view="all" class="author"><ce:section-title id="cesectitle0002">Abstract</ce:section-title><ce:abstract-sec id="abss0002" view="all"><ce:simple-para id="spara011" view="all">Proteins are dynamic entity with various molecular motions at different timescale and length scale. Molecular motions are crucial for the optimal function of an enzyme. It seems intuitive that these motions are crucial for optimal enzyme activity. However, it is not easy to directly correlate an enzyme's dynamics and activity due to biosystems' enormous complexity. amongst many factors, structure and dynamics are two prime aspects that combinedly control the activity. Therefore, having a direct correlation between protein dynamics and activity is not straightforward. Herein, we observed and correlated the structural, functional, and dynamical responses of an industrially crucial proteolytic enzyme, bromelain with three versatile classes of chemicals: GnHCl (protein denaturant), sucrose (protein stabilizer), and Ficoll-70 (macromolecular crowder). The only free cysteine (Cys-25 at the active-site) of bromelain has been tagged with a cysteine-specific dye to unveil the structural and dynamical changes through various spectroscopic studies both at bulk and at the single molecular level. Proteolytic activity is carried out using casein as the substrate. GnHCl and sucrose shows remarkable structure-dynamics-activity relationships. Interestingly, with Ficoll-70, structure and activity are not correlated. However, microsecond dynamics and activity are beautifully correlated in this case also. Overall, our result demonstrates that bromelain dynamics in the microsecond timescale around the active-site is probably a key factor in controlling its proteolytic activity.</ce:simple-para></ce:abstract-sec></ce:abstract><ce:abstract id="abs0003" class="graphical" view="all"><ce:section-title id="cesectitle0003">Graphical abstract</ce:section-title><ce:abstract-sec id="abss0003" view="all"><ce:simple-para id="spara012" view="all">Protein dynamics in the microsecond timescale around the active-site of a plant enzyme, bromelain control its proteolytic activity. [Display omitted] </ce:simple-para></ce:abstract-sec></ce:abstract><ce:keywords id="keys0001" view="all" class="keyword"><ce:section-title id="cesectitle0004">Keywords</ce:section-title><ce:keyword id="key0001"><ce:text id="cetext0003">Bromelain</ce:text></ce:keyword><ce:keyword id="key0002"><ce:text id="cetext0004">Activity</ce:text></ce:keyword><ce:keyword id="key0003"><ce:text id="cetext0005">Conformational dynamics</ce:text></ce:keyword><ce:keyword id="key0004"><ce:text id="cetext0006">Structure</ce:text></ce:keyword><ce:keyword id="key0005"><ce:text id="cetext0007">Crowder</ce:text></ce:keyword><ce:keyword id="key0006"><ce:text id="cetext0008">GnHCl</ce:text></ce:keyword><ce:keyword id="key0007"><ce:text id="cetext0009">Sucrose</ce:text></ce:keyword></ce:keywords></ja:head></ja:article></doc:document>
