<doc:document xmlns:doc="http://www.elsevier.com/xml/document/schema" xmlns:dp="http://www.elsevier.com/xml/common/doc-properties/schema" xmlns:cps="http://www.elsevier.com/xml/common/consyn-properties/schema" xmlns:rdf="http://www.w3.org/1999/02/22-rdf-syntax-ns#" xmlns:dct="http://purl.org/dc/terms/" xmlns:prism="http://prismstandard.org/namespaces/basic/2.0/" xmlns:oa="http://vtw.elsevier.com/data/ns/properties/OpenAccess-1/" xmlns:bam="http://vtw.elsevier.com/data/voc/ns/bam-vtw-1/" xmlns:cp="http://vtw.elsevier.com/data/ns/properties/Copyright-1/" xmlns:cja="http://www.elsevier.com/xml/cja/schema" xmlns:ja="http://www.elsevier.com/xml/ja/schema" xmlns:bk="http://www.elsevier.com/xml/bk/schema" xmlns:ce="http://www.elsevier.com/xml/common/schema" xmlns:mml="http://www.w3.org/1998/Math/MathML" xmlns:cals="http://www.elsevier.com/xml/common/cals/schema" xmlns:tb="http://www.elsevier.com/xml/common/table/schema" xmlns:sa="http://www.elsevier.com/xml/common/struct-aff/schema" xmlns:sb="http://www.elsevier.com/xml/common/struct-bib/schema" xmlns:xlink="http://www.w3.org/1999/xlink"><rdf:RDF><rdf:Description rdf:about="http://dx.doi.org/10.1016/j.dib.2021.107601"><dct:format>application/xml</dct:format><dct:title>Human and faunal stable and radiogenic isotope data from four Bahraini and three Jordanian assemblages c. 5300 B.C. to 1500 AD</dct:title><dct:creator>Damien Huffer</dct:creator><dct:subject><rdf:Bag><rdf:li>Stable isotopes</rdf:li><rdf:li>Radiogenic isotopes</rdf:li><rdf:li>Bahrain</rdf:li><rdf:li>Jordan</rdf:li><rdf:li>Bronze age</rdf:li><rdf:li>Iron age</rdf:li><rdf:li>Late Roman period</rdf:li><rdf:li>Islamic period</rdf:li></rdf:Bag></dct:subject><dct:description>Data in Brief 39 (2021). doi:10.1016/j.dib.2021.107601</dct:description><prism:aggregationType>journal</prism:aggregationType><prism:publicationName>Data in Brief</prism:publicationName><prism:copyright>&#169; 2021 The Author(s). Published by Elsevier Inc.</prism:copyright><dct:publisher>Elsevier Inc.</dct:publisher><prism:issn>2352-3409</prism:issn><prism:volume>39</prism:volume><prism:coverDisplayDate>December 2021</prism:coverDisplayDate><prism:doi>10.1016/j.dib.2021.107601</prism:doi><prism:url>http://dx.doi.org/10.1016/j.dib.2021.107601</prism:url><dct:identifier>doi:10.1016/j.dib.2021.107601</dct:identifier><bam:articleNumber>107601</bam:articleNumber><oa:openAccessInformation><oa:openAccessStatus xmlns:xsi="http://www.w3.org/2001/XMLSchema-instance">http://vtw.elsevier.com/data/voc/oa/OpenAccessStatus#Full</oa:openAccessStatus><oa:openAccessEffective xmlns:xsi="http://www.w3.org/2001/XMLSchema-instance">2021-11-17T19:22:48Z</oa:openAccessEffective><oa:sponsor xmlns:xsi="http://www.w3.org/2001/XMLSchema-instance"><oa:sponsorName>Australian and New Zealand Institutes</oa:sponsorName><oa:sponsorType>http://vtw.elsevier.com/data/voc/oa/SponsorType#ElsevierWaived</oa:sponsorType></oa:sponsor><oa:userLicense xmlns:xsi="http://www.w3.org/2001/XMLSchema-instance">http://creativecommons.org/licenses/by-nc-nd/4.0/</oa:userLicense></oa:openAccessInformation><cp:licenseLine xmlns:xsi="http://www.w3.org/2001/XMLSchema-instance">This is an open access article under the CC BY-NC-ND license.</cp:licenseLine></rdf:Description></rdf:RDF><dp:document-properties><dp:aggregation-type>Journals</dp:aggregation-type><dp:version-number>S300.1</dp:version-number></dp:document-properties><ja:simple-article docsubtype="dat" xml:lang="en" version="5.6"><ja:item-info><ja:jid>DIB</ja:jid><ja:aid>107601</ja:aid><ce:article-number>107601</ce:article-number><ce:pii>S2352-3409(21)00876-3</ce:pii><ce:doi>10.1016/j.dib.2021.107601</ce:doi><ce:copyright type="other" year="2021">The Author(s)</ce:copyright></ja:item-info><ja:simple-head><ce:dochead id="dchd0001"><ce:textfn id="dhtxt0001">Data Article</ce:textfn></ce:dochead><ce:title id="tte0002">Human and faunal stable and radiogenic isotope data from four Bahraini and three Jordanian assemblages <ce:italic>c.</ce:italic> 5300 B.C. to 1500 AD</ce:title><ce:author-group id="aut0001"><ce:author id="au0001" author-id="S2352340921008763-8c1c8b43e530b54848fb62ca1e2e00e8" orcid="0000-0003-4027-1772"><ce:given-name>Damien</ce:given-name><ce:surname>Huffer</ce:surname><ce:cross-ref refid="aff0001"><ce:sup loc="post">a</ce:sup></ce:cross-ref><ce:cross-ref refid="aff0002"><ce:sup loc="post">b</ce:sup></ce:cross-ref><ce:e-address id="ead0001" type="email" xlink:href="mailto:d.huffer@uq.edu.au">d.huffer@uq.edu.au</ce:e-address><ce:e-address id="ea3" type="social-media" xlink:href="https://twitter.com/DamienHuffer">@DamienHuffer</ce:e-address></ce:author><ce:affiliation id="aff0001" affiliation-id="S2352340921008763-6019e545fb5237cb3c764c71c643f425"><ce:label>a</ce:label><ce:textfn id="cetextfn0001">Honourary Adjunct Research Professor, Department of History, Carleton University, Ottawa, ON K1S 5B6, Canada</ce:textfn><sa:affiliation><sa:organization>Honourary Adjunct Research Professor</sa:organization><sa:organization>Department of History</sa:organization><sa:organization>Carleton University</sa:organization><sa:city>Ottawa</sa:city><sa:state>ON</sa:state><sa:postal-code>K1S 5B6</sa:postal-code><sa:country>Canada</sa:country></sa:affiliation><ce:source-text id="staff0001">aHonourary Adjunct Research Professor, Department of History, Carleton University, Ottawa, ON K1S 5B6, Canada</ce:source-text></ce:affiliation><ce:affiliation id="aff0002" affiliation-id="S2352340921008763-2d8ee3b925083f1dbc0603f57ca82739"><ce:label>b</ce:label><ce:textfn id="cetextfn0002">Honourary Research Associate, School of Social Sciences, University of Queensland, St. Lucia, QLD 4072, Australia</ce:textfn><sa:affiliation><sa:organization>Honourary Research Associate</sa:organization><sa:organization>School of Social Sciences</sa:organization><sa:organization>University of Queensland</sa:organization><sa:city>St. Lucia</sa:city><sa:state>QLD</sa:state><sa:postal-code>4072</sa:postal-code><sa:country>Australia</sa:country></sa:affiliation><ce:source-text id="staff0002">bHonourary Research Associate, School of Social Sciences, University of Queensland, St. Lucia, QLD 4072, Australia</ce:source-text></ce:affiliation></ce:author-group><ce:date-received day="28" month="7" year="2021"/><ce:date-revised day="11" month="10" year="2021"/><ce:date-accepted day="16" month="11" year="2021"/><ce:abstract id="abs0001" view="all" class="author"><ce:section-title id="cesectitle0001">Abstract</ce:section-title><ce:abstract-sec id="abss0001" view="all"><ce:simple-para id="spara005" view="all">This dataset presents carbon, nitrogen, oxygen (carbonates and phosphates) and strontium data from human and faunal remains from that portion of seven assemblages from Jordan and Bahrain currently curated at the Smithsonian Institution's National Museum of Natural History. Human remains from Bahraini assemblages include the Middle Islamic Period (<ce:italic>c.</ce:italic> 1,400-1,500 AD) cemetery associated with the Qal'at al-Bahrain fort (n=49) and the Early Dilmun City IIa-c Period (<ce:italic>c.</ce:italic> 2,350-1,800 BC) assemblages of Saar (n=31), Buri North (n=41) and Buri South (n=17). The Saar assemblage, at the time of sampling at the Smithsonian Institution, also included individuals recovered from isolated tombs outside the Saar mound field, with distinct alphanumeric or name designations. The Buri assemblage (also known as Hamad Town) also contained one individual labeled BE (Buri East). Assemblages from Jordan include Early Bronze Age IB (<ce:italic>c.</ce:italic> 3,550-3,150 BC) Bab edh Dhra (91 individuals selected of a total MNI of 274), the Iron Age IA (<ce:italic>c.</ce:italic> 1,250-1,100 BC) commingled cave burial assemblage from the Ba'Qa Valley (n=63), and the Late Roman (<ce:italic>c.</ce:italic> 200-300 AD) assemblage from Zabayir Zahir edh-Diyab, also known as the Queen Alia International Airport assemblage (n=69). Not all individuals from whom a bone sample was taken had a suitable tooth to sample as well. A cumulative total of 13 faunal samples (bone and teeth; cattle and sheep) were also obtained from the Bahraini assemblages, all but two from the Bronze Age assemblages. Results in general are consistent with those from other assemblages from both locations regardless of time period, but they also complement and expand what is known about long-distance migration and dietary diversity and resilience across time within marginal desert environments (e.g., [11]; [16]; [7,8]).</ce:simple-para></ce:abstract-sec></ce:abstract><ce:keywords id="keys0001" view="all" class="keyword"><ce:section-title id="cesectitle0002">Keywords</ce:section-title><ce:keyword id="key0001"><ce:text id="cetext0001">Stable isotopes</ce:text></ce:keyword><ce:keyword id="key0002"><ce:text id="cetext0002">Radiogenic isotopes</ce:text></ce:keyword><ce:keyword id="key0003"><ce:text id="cetext0003">Bahrain</ce:text></ce:keyword><ce:keyword id="key0004"><ce:text id="cetext0004">Jordan</ce:text></ce:keyword><ce:keyword id="key0005"><ce:text id="cetext0005">Bronze age</ce:text></ce:keyword><ce:keyword id="key0006"><ce:text id="cetext0006">Iron age</ce:text></ce:keyword><ce:keyword id="key0007"><ce:text id="cetext0007">Late Roman period</ce:text></ce:keyword><ce:keyword id="key0008"><ce:text id="cetext0008">Islamic period</ce:text></ce:keyword></ce:keywords></ja:simple-head></ja:simple-article></doc:document>
