<doc:document xmlns:doc="http://www.elsevier.com/xml/document/schema" xmlns:dp="http://www.elsevier.com/xml/common/doc-properties/schema" xmlns:cps="http://www.elsevier.com/xml/common/consyn-properties/schema" xmlns:rdf="http://www.w3.org/1999/02/22-rdf-syntax-ns#" xmlns:dct="http://purl.org/dc/terms/" xmlns:prism="http://prismstandard.org/namespaces/basic/2.0/" xmlns:oa="http://vtw.elsevier.com/data/ns/properties/OpenAccess-1/" xmlns:bam="http://vtw.elsevier.com/data/voc/ns/bam-vtw-1/" xmlns:cp="http://vtw.elsevier.com/data/ns/properties/Copyright-1/" xmlns:cja="http://www.elsevier.com/xml/cja/schema" xmlns:ja="http://www.elsevier.com/xml/ja/schema" xmlns:bk="http://www.elsevier.com/xml/bk/schema" xmlns:ce="http://www.elsevier.com/xml/common/schema" xmlns:mml="http://www.w3.org/1998/Math/MathML" xmlns:cals="http://www.elsevier.com/xml/common/cals/schema" xmlns:tb="http://www.elsevier.com/xml/common/table/schema" xmlns:sa="http://www.elsevier.com/xml/common/struct-aff/schema" xmlns:sb="http://www.elsevier.com/xml/common/struct-bib/schema" xmlns:xlink="http://www.w3.org/1999/xlink"><rdf:RDF><rdf:Description rdf:about="http://dx.doi.org/10.1016/j.dib.2022.107865"><dct:format>application/xml</dct:format><dct:title>Historical-crack18-19: A dataset of annotated images for non-invasive surface crack detection in historical buildings</dct:title><dct:creator>Esraa Elhariri</dct:creator><dct:creator>Nashwa El-Bendary</dct:creator><dct:creator>Shereen A. Taie</dct:creator><dct:subject><rdf:Bag><rdf:li>Crack severity recognition</rdf:li><rdf:li>Crack</rdf:li><rdf:li>Historical buildings</rdf:li><rdf:li>Deep learning</rdf:li><rdf:li>Machine learning</rdf:li><rdf:li>Data augmentation</rdf:li></rdf:Bag></dct:subject><dct:description>Data in Brief, Uncorrected proof. doi:10.1016/j.dib.2022.107865</dct:description><prism:aggregationType>journal</prism:aggregationType><prism:publicationName>Data in Brief</prism:publicationName><prism:copyright>&#169; 2022 The Author(s). Published by Elsevier Inc.</prism:copyright><dct:publisher>Elsevier Inc.</dct:publisher><prism:issn>2352-3409</prism:issn><prism:doi>10.1016/j.dib.2022.107865</prism:doi><prism:url>http://dx.doi.org/10.1016/j.dib.2022.107865</prism:url><dct:identifier>doi:10.1016/j.dib.2022.107865</dct:identifier><bam:articleNumber>107865</bam:articleNumber><oa:openAccessInformation><oa:openAccessStatus xmlns:xsi="http://www.w3.org/2001/XMLSchema-instance">http://vtw.elsevier.com/data/voc/oa/OpenAccessStatus#Full</oa:openAccessStatus><oa:openAccessEffective xmlns:xsi="http://www.w3.org/2001/XMLSchema-instance">2022-01-20T13:26:34Z</oa:openAccessEffective><oa:sponsor xmlns:xsi="http://www.w3.org/2001/XMLSchema-instance"><oa:sponsorType>http://vtw.elsevier.com/data/voc/oa/SponsorType#Author</oa:sponsorType></oa:sponsor><oa:userLicense xmlns:xsi="http://www.w3.org/2001/XMLSchema-instance">http://creativecommons.org/licenses/by/4.0/</oa:userLicense></oa:openAccessInformation><cp:licenseLine xmlns:xsi="http://www.w3.org/2001/XMLSchema-instance">This is an open access article under the CC BY license.</cp:licenseLine></rdf:Description></rdf:RDF><dp:document-properties><dp:aggregation-type>Journals</dp:aggregation-type><dp:version-number>S100.1</dp:version-number></dp:document-properties><ja:article docsubtype="dat" version="5.6" xml:lang="en"><ja:item-info><ja:jid>DIB</ja:jid><ja:aid>107865</ja:aid><ce:article-number>107865</ce:article-number><ce:pii>S2352-3409(22)00077-4</ce:pii><ce:doi>10.1016/j.dib.2022.107865</ce:doi><ce:copyright type="unknown" year="2022"/></ja:item-info><ja:head><ce:dochead id="dchd0001"><ce:textfn id="dhtxt0001">Data Article</ce:textfn></ce:dochead><ce:title id="tte0002">Historical-crack18-19: A dataset of annotated images for non-invasive surface crack detection in historical buildings</ce:title><ce:author-group id="aut0001"><ce:author id="au0001" author-id="S2352340922000774-4786f51eea34bfe7a876ebf0c7db606d" orcid="0000-0003-2362-1574"><ce:given-name>Esraa</ce:given-name><ce:surname>Elhariri</ce:surname><ce:cross-ref refid="aff0001"><ce:sup loc="post">a</ce:sup></ce:cross-ref><ce:cross-ref refid="cor0001"><ce:sup loc="post">&#x2217;</ce:sup></ce:cross-ref><ce:e-address id="ead0001" type="email" xlink:href="mailto:emh00@fayoum.edu.eg">emh00@fayoum.edu.eg</ce:e-address></ce:author><ce:author id="au0002" author-id="S2352340922000774-6561056def21ce84f830e2f97b3ccfb8"><ce:given-name>Nashwa</ce:given-name><ce:surname>El-Bendary</ce:surname><ce:cross-ref refid="aff0002"><ce:sup loc="post">b</ce:sup></ce:cross-ref></ce:author><ce:author id="au0003" author-id="S2352340922000774-5777c32d33460fc53243e549caaf7ada"><ce:given-name>Shereen A.</ce:given-name><ce:surname>Taie</ce:surname><ce:cross-ref refid="aff0001"><ce:sup loc="post">a</ce:sup></ce:cross-ref><ce:cross-ref refid="aff0003"><ce:sup loc="post">c</ce:sup></ce:cross-ref></ce:author><ce:affiliation id="aff0001" affiliation-id="S2352340922000774-aee5112a86451762690871d6ce9f7cd4"><ce:label>a</ce:label><ce:textfn id="cetextfn0001">Faculty of Computers and Information, Fayoum University, Fayoum - Egypt</ce:textfn><sa:affiliation><sa:organization>Faculty of Computers and Information</sa:organization><sa:organization>Fayoum University</sa:organization><sa:city>Fayoum</sa:city><sa:country>Egypt</sa:country></sa:affiliation><ce:source-text id="staff0001">aFaculty of Computers and Information, Fayoum University, Fayoum - Egypt</ce:source-text></ce:affiliation><ce:affiliation id="aff0002" affiliation-id="S2352340922000774-0b7394c25fcfc4502e4cf1f7d344f3ab"><ce:label>b</ce:label><ce:textfn id="cetextfn0002">College of Computing and Information Technology, Arab Academy for Science, Technology and Maritime Transport (AASTMT), Aswan - Egypt</ce:textfn><sa:affiliation><sa:organization>College of Computing and Information Technology</sa:organization><sa:organization>Arab Academy for Science</sa:organization><sa:organization>Technology and Maritime Transport (AASTMT)</sa:organization><sa:city>Aswan</sa:city><sa:country>Egypt</sa:country></sa:affiliation><ce:source-text id="staff0002">bCollege of Computing and Information Technology, Arab Academy for Science, Technology and Maritime Transport (AASTMT), Aswan - Egypt</ce:source-text></ce:affiliation><ce:affiliation id="aff0003" affiliation-id="S2352340922000774-21c7a6eaca273fbc12184d7bce105b77"><ce:label>c</ce:label><ce:textfn id="cetextfn0003">Faculty of Computers and Information, Misr University for Science and Technology, 6 October, Giza - Egypt</ce:textfn><sa:affiliation><sa:organization>Faculty of Computers and Information</sa:organization><sa:organization>Misr University for Science and Technology</sa:organization><sa:organization>6 October</sa:organization><sa:city>Giza</sa:city><sa:country>Egypt</sa:country></sa:affiliation><ce:source-text id="staff0003">cFaculty of Computers and Information, Misr University for Science and Technology, 6 October, Giza - Egypt</ce:source-text></ce:affiliation><ce:correspondence id="cor0001"><ce:label>&#x2217;</ce:label><ce:text id="cetext0001">Corresponding author.</ce:text></ce:correspondence></ce:author-group><ce:date-received day="8" month="11" year="2021"/><ce:date-revised day="18" month="1" year="2022"/><ce:date-accepted day="19" month="1" year="2022"/><ce:abstract id="abs0001" view="all" class="author"><ce:section-title id="cesectitle0001">Abstract</ce:section-title><ce:abstract-sec id="abss0001" view="all"><ce:simple-para id="spara004" view="all">For every country, historical heritage is a necessary component of its identity and people. It plays an important role in the development of internal tourism, where it contributes to the sustainable economic growth and development of developing countries. This emerges the importance of heritage preservation. The protection of historical heritage is considered one of the biggest challenges for every society. The article describes an annotated benchmark image dataset for training and validation of crack detection, severity recognition, and segmentation systems based on Machine learning (ML) and Deep Learning (DL) for a historical building. The presented dataset contains about 40 raw images collected from an ancient mosque (Masjid). HistoricalCrack18-19 contains over 3886 images [757 for crack and 3139 for non-crack] walls. According to the nature of the domain where the dataset was collected, many challenges are composed for crack detection systems in historical buildings like illumination, crack-like, separators, dust, blurring, and deep texture, etc. The images are annotated with the help of an expert. HistoricalCrack18-19 is freely available at: <ce:inter-ref id="interref0001" xlink:href="https://data.mendeley.com/datasets/xfk99kpmj9/1" xlink:type="simple">https://data.mendeley.com/datasets/xfk99kpmj9/1</ce:inter-ref>.</ce:simple-para></ce:abstract-sec></ce:abstract><ce:keywords id="keys0001" view="all" class="keyword"><ce:section-title id="cesectitle0002">Keywords</ce:section-title><ce:keyword id="key0001"><ce:text id="cetext0002">Crack severity recognition</ce:text></ce:keyword><ce:keyword id="key0002"><ce:text id="cetext0003">Crack</ce:text></ce:keyword><ce:keyword id="key0003"><ce:text id="cetext0004">Historical buildings</ce:text></ce:keyword><ce:keyword id="key0004"><ce:text id="cetext0005">Deep learning</ce:text></ce:keyword><ce:keyword id="key0005"><ce:text id="cetext0006">Machine learning</ce:text></ce:keyword><ce:keyword id="key0006"><ce:text id="cetext0007">Data augmentation</ce:text></ce:keyword></ce:keywords></ja:head></ja:article></doc:document>
