<doc:document xmlns:doc="http://www.elsevier.com/xml/document/schema" xmlns:dp="http://www.elsevier.com/xml/common/doc-properties/schema" xmlns:cps="http://www.elsevier.com/xml/common/consyn-properties/schema" xmlns:rdf="http://www.w3.org/1999/02/22-rdf-syntax-ns#" xmlns:dct="http://purl.org/dc/terms/" xmlns:prism="http://prismstandard.org/namespaces/basic/2.0/" xmlns:oa="http://vtw.elsevier.com/data/ns/properties/OpenAccess-1/" xmlns:bam="http://vtw.elsevier.com/data/voc/ns/bam-vtw-1/" xmlns:cp="http://vtw.elsevier.com/data/ns/properties/Copyright-1/" xmlns:cja="http://www.elsevier.com/xml/cja/schema" xmlns:ja="http://www.elsevier.com/xml/ja/schema" xmlns:bk="http://www.elsevier.com/xml/bk/schema" xmlns:ce="http://www.elsevier.com/xml/common/schema" xmlns:mml="http://www.w3.org/1998/Math/MathML" xmlns:cals="http://www.elsevier.com/xml/common/cals/schema" xmlns:tb="http://www.elsevier.com/xml/common/table/schema" xmlns:sa="http://www.elsevier.com/xml/common/struct-aff/schema" xmlns:sb="http://www.elsevier.com/xml/common/struct-bib/schema" xmlns:xlink="http://www.w3.org/1999/xlink"><rdf:RDF><rdf:Description rdf:about="http://dx.doi.org/10.1016/j.dib.2021.107508"><dct:format>application/xml</dct:format><dct:title>Dataset of Bessel function [formula omitted] maxima and minima to 600 orders and 10000 extrema</dct:title><dct:creator>Nicholas A. Mecholsky</dct:creator><dct:creator>Sepideh Akhbarifar</dct:creator><dct:creator>Werner Lutze</dct:creator><dct:creator>Marek Brandys</dct:creator><dct:creator>Ian L. Pegg</dct:creator><dct:subject><rdf:Bag><rdf:li>Bessel functions</rdf:li><rdf:li>GCF</rdf:li><rdf:li>Extrema</rdf:li><rdf:li>Minimum</rdf:li><rdf:li>Maximum</rdf:li></rdf:Bag></dct:subject><dct:description>Data in Brief 39 (2021). doi:10.1016/j.dib.2021.107508</dct:description><prism:aggregationType>journal</prism:aggregationType><prism:publicationName>Data in Brief</prism:publicationName><prism:copyright>&#169; 2021 The Authors. Published by Elsevier Inc.</prism:copyright><dct:publisher>Elsevier Inc.</dct:publisher><prism:issn>2352-3409</prism:issn><prism:volume>39</prism:volume><prism:coverDisplayDate>December 2021</prism:coverDisplayDate><prism:doi>10.1016/j.dib.2021.107508</prism:doi><prism:url>http://dx.doi.org/10.1016/j.dib.2021.107508</prism:url><dct:identifier>doi:10.1016/j.dib.2021.107508</dct:identifier><bam:articleNumber>107508</bam:articleNumber><oa:openAccessInformation><oa:openAccessStatus xmlns:xsi="http://www.w3.org/2001/XMLSchema-instance">http://vtw.elsevier.com/data/voc/oa/OpenAccessStatus#Full</oa:openAccessStatus><oa:openAccessEffective xmlns:xsi="http://www.w3.org/2001/XMLSchema-instance">2021-10-20T01:17:37Z</oa:openAccessEffective><oa:sponsor xmlns:xsi="http://www.w3.org/2001/XMLSchema-instance"><oa:sponsorType>http://vtw.elsevier.com/data/voc/oa/SponsorType#Author</oa:sponsorType></oa:sponsor><oa:userLicense xmlns:xsi="http://www.w3.org/2001/XMLSchema-instance">http://creativecommons.org/licenses/by/4.0/</oa:userLicense></oa:openAccessInformation><cp:licenseLine xmlns:xsi="http://www.w3.org/2001/XMLSchema-instance">This is an open access article under the CC BY license.</cp:licenseLine></rdf:Description></rdf:RDF><dp:document-properties><dp:aggregation-type>Journals</dp:aggregation-type><dp:version-number>S300.1</dp:version-number></dp:document-properties><ja:article docsubtype="dat" xml:lang="en" version="5.6"><ja:item-info><ja:jid>DIB</ja:jid><ja:aid>107508</ja:aid><ce:article-number>107508</ce:article-number><ce:pii>S2352-3409(21)00778-2</ce:pii><ce:doi>10.1016/j.dib.2021.107508</ce:doi><ce:document-thread><ce:refers-to-document id="rt1"><ce:pii>S0263-2241(21)00666-7</ce:pii><ce:doi>10.1016/j.measurement.2021.109703</ce:doi></ce:refers-to-document></ce:document-thread><ce:copyright type="other" year="2021">The Authors</ce:copyright></ja:item-info><ja:head><ce:dochead id="dh1"><ce:textfn id="textfn0001">Data Article</ce:textfn></ce:dochead><ce:title id="ct0001">Dataset of Bessel function <mml:math altimg="si5.svg"><mml:msub><mml:mi>J</mml:mi><mml:mi>n</mml:mi></mml:msub></mml:math> maxima and minima to 600 orders and 10000 extrema</ce:title><ce:short-title id="stitle0010">Dataset of Bessel function <mml:math altimg="si5.svg"><mml:msub><mml:mi>J</mml:mi><mml:mi>n</mml:mi></mml:msub></mml:math> maxima and minima to 600 orders and 10000 extrema</ce:short-title><ce:author-group id="aut0001"><ce:author id="au0001" author-id="S2352340921007782-fe512070cecfaf83d1ea0b5e737d620a" orcid="0000-0002-8874-9723"><ce:given-name>Nicholas A.</ce:given-name><ce:surname>Mecholsky</ce:surname><ce:cross-ref refid="cor0001"><ce:sup loc="post">&#x204e;</ce:sup></ce:cross-ref><ce:cross-ref refid="aff0001"><ce:sup loc="post">a</ce:sup></ce:cross-ref><ce:cross-ref refid="aff0002"><ce:sup loc="post">b</ce:sup></ce:cross-ref><ce:e-address type="email" xlink:href="mailto:nmech@vsl.cua.edu" id="ead0001">nmech@vsl.cua.edu</ce:e-address><ce:e-address id="ea3" type="social-media" xlink:href="https://twitter.com/physnick">@physnick</ce:e-address></ce:author><ce:author id="au0002" author-id="S2352340921007782-feb7d5e637315264c6139d8e53a430f5" orcid="0000-0003-2650-2503"><ce:given-name>Sepideh</ce:given-name><ce:surname>Akhbarifar</ce:surname><ce:cross-ref refid="aff0001"><ce:sup loc="post">a</ce:sup></ce:cross-ref><ce:cross-ref refid="aff0002"><ce:sup loc="post">b</ce:sup></ce:cross-ref><ce:e-address id="ea3a" type="social-media" xlink:href="https://twitter.com/physnick">@ak_sepi</ce:e-address></ce:author><ce:author id="au0003" author-id="S2352340921007782-b4423e2b27cee5561a8d7174bf817bf6" orcid="0000-0001-7244-3335"><ce:given-name>Werner</ce:given-name><ce:surname>Lutze</ce:surname><ce:cross-ref refid="aff0001"><ce:sup loc="post">a</ce:sup></ce:cross-ref><ce:cross-ref refid="aff0002"><ce:sup loc="post">b</ce:sup></ce:cross-ref></ce:author><ce:author id="au0004" author-id="S2352340921007782-d21ef072fbb4fcd117bbe346d01b86e0"><ce:given-name>Marek</ce:given-name><ce:surname>Brandys</ce:surname><ce:cross-ref refid="aff0001"><ce:sup loc="post">a</ce:sup></ce:cross-ref><ce:cross-ref refid="aff0002"><ce:sup loc="post">b</ce:sup></ce:cross-ref></ce:author><ce:author id="au0005" author-id="S2352340921007782-b827cf06b5444f01958f7f58c2d7771f"><ce:given-name>Ian L.</ce:given-name><ce:surname>Pegg</ce:surname><ce:cross-ref refid="aff0001"><ce:sup loc="post">a</ce:sup></ce:cross-ref><ce:cross-ref refid="aff0002"><ce:sup loc="post">b</ce:sup></ce:cross-ref></ce:author><ce:affiliation id="aff0001" affiliation-id="S2352340921007782-a2f94603ebe0278277978de7a53c067d"><ce:label>a</ce:label><ce:textfn id="textfn0002">Vitreous State Laboratory, United States</ce:textfn><sa:affiliation><sa:organization>Vitreous State Laboratory</sa:organization><sa:country>United States</sa:country></sa:affiliation><ce:source-text id="st0001">Vitreous State Laboratory, United States</ce:source-text></ce:affiliation><ce:affiliation id="aff0002" affiliation-id="S2352340921007782-82664280f96ac061172262873bfbf7c6"><ce:label>b</ce:label><ce:textfn id="textfn0003">Department of Physics, The Catholic University of America, 620 Michigan Ave NE, Washington, D.C. 20064, United States</ce:textfn><sa:affiliation><sa:organization>Department of Physics</sa:organization><sa:organization>The Catholic University of America</sa:organization><sa:address-line>620 Michigan Ave NE</sa:address-line><sa:city>Washington</sa:city><sa:state>D.C.</sa:state><sa:postal-code>20064</sa:postal-code><sa:country>United States</sa:country></sa:affiliation><ce:source-text id="st0002">Department of Physics, The Catholic University of America, 620 Michigan Ave NE, Washington, D.C. 20064, United States</ce:source-text></ce:affiliation><ce:correspondence id="cor0001"><ce:label>&#x204e;</ce:label><ce:text id="cor1">Corresponding author at: Department of Physics, The Catholic University of America, 620 Michigan Ave NE, Washington, D.C. 20064, United States.</ce:text><sa:affiliation><sa:organization>Department of Physics</sa:organization><sa:organization>The Catholic University of America</sa:organization><sa:address-line>620 Michigan Ave NE</sa:address-line><sa:city>Washington</sa:city><sa:state>D.C.</sa:state><sa:postal-code>20064</sa:postal-code><sa:country>United States</sa:country></sa:affiliation></ce:correspondence></ce:author-group><ce:date-received day="18" month="8" year="2021"/><ce:date-revised day="15" month="10" year="2021"/><ce:date-accepted day="18" month="10" year="2021"/><ce:abstract id="abs0001" class="author" view="all"><ce:section-title id="sctt0001">Abstract</ce:section-title><ce:abstract-sec id="abssec0001" view="all"><ce:simple-para id="sp0001" view="all">Bessel functions of the first kind are ubiquitous in the sciences and engineering in solutions to cylindrical problems including electrostatics, heat flow, and the Schr&#246;dinger equation. The roots of the Bessel functions are often quoted and calculated, but the maxima and minima for each Bessel function, used to match Neumann boundary conditions, have not had the same treatment. Here we compute 10000 extrema for the first 600 orders of the Bessel function <mml:math altimg="si6.svg"><mml:mi>J</mml:mi></mml:math>. To do this, we employ an adaptive root solver bounded by the roots of the Bessel function and solve to an accuracy of <mml:math altimg="si7.svg"><mml:msup><mml:mn>10</mml:mn><mml:mrow><mml:mo>&#x2212;</mml:mo><mml:mn>19</mml:mn></mml:mrow></mml:msup></mml:math>. We compare with the existing literature (to 30 orders and 5 maxima and minima) and the results match exactly. It is hoped that these data provide values needed for orthogonal function expansions and numerical expressions including the calculation of geometric correction factors in the measurement of resistivity of materials, as is done in the original paper using these data.</ce:simple-para></ce:abstract-sec></ce:abstract><ce:keywords id="keys0001" class="keyword" view="all"><ce:section-title id="sctt0002">Keywords</ce:section-title><ce:keyword id="key0002"><ce:text id="txt0001">Bessel functions</ce:text></ce:keyword><ce:keyword id="key0003"><ce:text id="txt0002">GCF</ce:text></ce:keyword><ce:keyword id="key0004"><ce:text id="txt0003">Extrema</ce:text></ce:keyword><ce:keyword id="key0005"><ce:text id="txt0004">Minimum</ce:text></ce:keyword><ce:keyword id="key0006"><ce:text id="txt0005">Maximum</ce:text></ce:keyword></ce:keywords></ja:head></ja:article></doc:document>
