<doc:document xmlns:doc="http://www.elsevier.com/xml/document/schema" xmlns:dp="http://www.elsevier.com/xml/common/doc-properties/schema" xmlns:cps="http://www.elsevier.com/xml/common/consyn-properties/schema" xmlns:rdf="http://www.w3.org/1999/02/22-rdf-syntax-ns#" xmlns:dct="http://purl.org/dc/terms/" xmlns:prism="http://prismstandard.org/namespaces/basic/2.0/" xmlns:oa="http://vtw.elsevier.com/data/ns/properties/OpenAccess-1/" xmlns:bam="http://vtw.elsevier.com/data/voc/ns/bam-vtw-1/" xmlns:cp="http://vtw.elsevier.com/data/ns/properties/Copyright-1/" xmlns:cja="http://www.elsevier.com/xml/cja/schema" xmlns:ja="http://www.elsevier.com/xml/ja/schema" xmlns:bk="http://www.elsevier.com/xml/bk/schema" xmlns:ce="http://www.elsevier.com/xml/common/schema" xmlns:mml="http://www.w3.org/1998/Math/MathML" xmlns:cals="http://www.elsevier.com/xml/common/cals/schema" xmlns:tb="http://www.elsevier.com/xml/common/table/schema" xmlns:sa="http://www.elsevier.com/xml/common/struct-aff/schema" xmlns:sb="http://www.elsevier.com/xml/common/struct-bib/schema" xmlns:xlink="http://www.w3.org/1999/xlink"><rdf:RDF><rdf:Description rdf:about="http://dx.doi.org/10.1016/j.dib.2021.107592"><dct:format>application/xml</dct:format><dct:title>Missing data estimation in extreme rainfall indices for the Metropolitan area of Cali - Colombia: An approach based on artificial neural networks</dct:title><dct:creator>Camilo Ocampo-Marulanda</dct:creator><dct:creator>Wilmar L. Cer&#243;n</dct:creator><dct:creator>Alvaro Avila-Diaz</dct:creator><dct:creator>Teresita Canchala</dct:creator><dct:creator>Wilfredo Alfonso-Morales</dct:creator><dct:creator>Mary T. Kayano</dct:creator><dct:creator>Roger R. Torres</dct:creator><dct:subject><rdf:Bag><rdf:li>Complete missing data</rdf:li><rdf:li>Reconstructs time series</rdf:li><rdf:li>Extreme values of the indices</rdf:li><rdf:li>ETCCDI indices</rdf:li><rdf:li>NLPCA</rdf:li></rdf:Bag></dct:subject><dct:description>Data in Brief 39 (2021). doi:10.1016/j.dib.2021.107592</dct:description><prism:aggregationType>journal</prism:aggregationType><prism:publicationName>Data in Brief</prism:publicationName><prism:copyright>&#169; 2021 The Author(s). Published by Elsevier Inc.</prism:copyright><dct:publisher>Elsevier Inc.</dct:publisher><prism:issn>2352-3409</prism:issn><prism:volume>39</prism:volume><prism:coverDisplayDate>December 2021</prism:coverDisplayDate><prism:doi>10.1016/j.dib.2021.107592</prism:doi><prism:url>http://dx.doi.org/10.1016/j.dib.2021.107592</prism:url><dct:identifier>doi:10.1016/j.dib.2021.107592</dct:identifier><bam:articleNumber>107592</bam:articleNumber><oa:openAccessInformation><oa:openAccessStatus xmlns:xsi="http://www.w3.org/2001/XMLSchema-instance">http://vtw.elsevier.com/data/voc/oa/OpenAccessStatus#Full</oa:openAccessStatus><oa:openAccessEffective xmlns:xsi="http://www.w3.org/2001/XMLSchema-instance">2021-11-16T17:54:01Z</oa:openAccessEffective><oa:sponsor xmlns:xsi="http://www.w3.org/2001/XMLSchema-instance"><oa:sponsorType>http://vtw.elsevier.com/data/voc/oa/SponsorType#Author</oa:sponsorType></oa:sponsor><oa:userLicense xmlns:xsi="http://www.w3.org/2001/XMLSchema-instance">http://creativecommons.org/licenses/by/4.0/</oa:userLicense></oa:openAccessInformation><cp:licenseLine xmlns:xsi="http://www.w3.org/2001/XMLSchema-instance">This is an open access article under the CC BY license.</cp:licenseLine></rdf:Description></rdf:RDF><dp:document-properties><dp:aggregation-type>Journals</dp:aggregation-type><dp:version-number>S300.1</dp:version-number></dp:document-properties><ja:article docsubtype="dat" version="5.6" xml:lang="en"><ja:item-info><ja:jid>DIB</ja:jid><ja:aid>107592</ja:aid><ce:article-number>107592</ce:article-number><ce:pii>S2352-3409(21)00867-2</ce:pii><ce:doi>10.1016/j.dib.2021.107592</ce:doi><ce:copyright type="unknown" year="2021"/></ja:item-info><ja:head><ce:dochead id="dchd0001"><ce:textfn id="dhtxt0001">Data Article</ce:textfn></ce:dochead><ce:title id="tte0002">Missing data estimation in extreme rainfall indices for the Metropolitan area of Cali - Colombia: An approach based on artificial neural networks</ce:title><ce:author-group id="aut0001"><ce:author id="au0001" author-id="S2352340921008672-3cdd854baab651f4314f48be353023df" orcid="0000-0002-3813-8780"><ce:given-name>Camilo</ce:given-name><ce:surname>Ocampo-Marulanda</ce:surname><ce:contributor-role role="http://credit.niso.org/contributor-roles/conceptualization">Conceptualization</ce:contributor-role><ce:contributor-role role="http://credit.niso.org/contributor-roles/methodology">Methodology</ce:contributor-role><ce:contributor-role role="http://credit.niso.org/contributor-roles/software">Software</ce:contributor-role><ce:contributor-role role="http://credit.niso.org/contributor-roles/data-curation">Data curation</ce:contributor-role><ce:contributor-role role="http://credit.niso.org/contributor-roles/writing-original-draft">Writing &#x2013; original draft</ce:contributor-role><ce:contributor-role role="http://credit.niso.org/contributor-roles/visualization">Visualization</ce:contributor-role><ce:contributor-role role="http://credit.niso.org/contributor-roles/investigation">Investigation</ce:contributor-role><ce:cross-ref refid="aff0001"><ce:sup loc="post">a</ce:sup></ce:cross-ref><ce:cross-ref refid="aff0002"><ce:sup loc="post">b</ce:sup></ce:cross-ref><ce:cross-ref refid="cor0001"><ce:sup loc="post">&#x204e;</ce:sup></ce:cross-ref><ce:e-address id="ead0001" type="email" xlink:href="mailto:camilo.ocampo@correounivalle.edu.co">camilo.ocampo@correounivalle.edu.co</ce:e-address></ce:author><ce:author id="au0002" author-id="S2352340921008672-4083a0486a5418685f6d511cf126e105"><ce:given-name>Wilmar L.</ce:given-name><ce:surname>Cer&#243;n</ce:surname><ce:contributor-role role="http://credit.niso.org/contributor-roles/conceptualization">Conceptualization</ce:contributor-role><ce:contributor-role role="http://credit.niso.org/contributor-roles/methodology">Methodology</ce:contributor-role><ce:contributor-role role="http://credit.niso.org/contributor-roles/software">Software</ce:contributor-role><ce:contributor-role role="http://credit.niso.org/contributor-roles/writing-original-draft">Writing &#x2013; original draft</ce:contributor-role><ce:contributor-role role="http://credit.niso.org/contributor-roles/writing-review-editing">Writing &#x2013; review &amp; editing</ce:contributor-role><ce:contributor-role role="http://credit.niso.org/contributor-roles/visualization">Visualization</ce:contributor-role><ce:contributor-role role="http://credit.niso.org/contributor-roles/investigation">Investigation</ce:contributor-role><ce:cross-ref refid="aff0003"><ce:sup loc="post">c</ce:sup></ce:cross-ref></ce:author><ce:author id="au0003" author-id="S2352340921008672-a59f2bc09ccb819986b84a8a12405e36" orcid="0000-0002-0404-4559"><ce:given-name>Alvaro</ce:given-name><ce:surname>Avila-Diaz</ce:surname><ce:contributor-role role="http://credit.niso.org/contributor-roles/conceptualization">Conceptualization</ce:contributor-role><ce:contributor-role role="http://credit.niso.org/contributor-roles/methodology">Methodology</ce:contributor-role><ce:contributor-role role="http://credit.niso.org/contributor-roles/software">Software</ce:contributor-role><ce:contributor-role role="http://credit.niso.org/contributor-roles/data-curation">Data curation</ce:contributor-role><ce:contributor-role role="http://credit.niso.org/contributor-roles/writing-original-draft">Writing &#x2013; original draft</ce:contributor-role><ce:cross-ref refid="aff0004"><ce:sup loc="post">d</ce:sup></ce:cross-ref><ce:cross-ref refid="aff0005"><ce:sup loc="post">e</ce:sup></ce:cross-ref></ce:author><ce:author id="au0004" author-id="S2352340921008672-5a1cde8a4e6b84c2608e41ea74e5d255"><ce:given-name>Teresita</ce:given-name><ce:surname>Canchala</ce:surname><ce:contributor-role role="http://credit.niso.org/contributor-roles/supervision">Supervision</ce:contributor-role><ce:contributor-role role="http://credit.niso.org/contributor-roles/writing-original-draft">Writing &#x2013; original draft</ce:contributor-role><ce:cross-ref refid="aff0002"><ce:sup loc="post">b</ce:sup></ce:cross-ref></ce:author><ce:author id="au0005" author-id="S2352340921008672-c73b47efaa66a1f82a8fb3127f61363b"><ce:given-name>Wilfredo</ce:given-name><ce:surname>Alfonso-Morales</ce:surname><ce:contributor-role role="http://credit.niso.org/contributor-roles/supervision">Supervision</ce:contributor-role><ce:contributor-role role="http://credit.niso.org/contributor-roles/writing-original-draft">Writing &#x2013; original draft</ce:contributor-role><ce:contributor-role role="http://credit.niso.org/contributor-roles/writing-review-editing">Writing &#x2013; review &amp; editing</ce:contributor-role><ce:cross-ref refid="aff0006"><ce:sup loc="post">f</ce:sup></ce:cross-ref></ce:author><ce:author id="au0006" author-id="S2352340921008672-78f91ca8ca75f70dba925a91db3aad32" orcid="0000-0002-2516-295X"><ce:given-name>Mary T.</ce:given-name><ce:surname>Kayano</ce:surname><ce:contributor-role role="http://credit.niso.org/contributor-roles/supervision">Supervision</ce:contributor-role><ce:contributor-role role="http://credit.niso.org/contributor-roles/writing-review-editing">Writing &#x2013; review &amp; editing</ce:contributor-role><ce:cross-ref refid="aff0007"><ce:sup loc="post">g</ce:sup></ce:cross-ref></ce:author><ce:author id="au0007" author-id="S2352340921008672-f01228ae82a1111363933372543adbd7" orcid="0000-0002-5684-3125"><ce:given-name>Roger R.</ce:given-name><ce:surname>Torres</ce:surname><ce:contributor-role role="http://credit.niso.org/contributor-roles/supervision">Supervision</ce:contributor-role><ce:contributor-role role="http://credit.niso.org/contributor-roles/writing-review-editing">Writing &#x2013; review &amp; editing</ce:contributor-role><ce:cross-ref refid="aff0005"><ce:sup loc="post">e</ce:sup></ce:cross-ref></ce:author><ce:affiliation id="aff0001" affiliation-id="S2352340921008672-de77af71584ed3110e6221b0f37f452a"><ce:label>a</ce:label><ce:textfn id="cetextfn0001">Faculty of Natural Sciences and Engineering, Fundaci&#243;n Universitaria de San Gil, Unisangil, Km 2 via Matepantano, Yopal 850001, Colombia</ce:textfn><sa:affiliation><sa:organization>Faculty of Natural Sciences and Engineering</sa:organization><sa:organization>Fundaci&#243;n Universitaria de San Gil</sa:organization><sa:organization>Unisangil</sa:organization><sa:address-line>Km 2 via Matepantano</sa:address-line><sa:city>Yopal</sa:city><sa:postal-code>850001</sa:postal-code><sa:country>Colombia</sa:country></sa:affiliation><ce:source-text id="staff0001">aFaculty of Natural Sciences and Engineering, Fundaci&#243;n Universitaria de San Gil, Unisangil, Km 2 via Matepantano, Yopal 850001, Colombia</ce:source-text></ce:affiliation><ce:affiliation id="aff0002" affiliation-id="S2352340921008672-04443acbcf9504dc8ca421073a9f51a5"><ce:label>b</ce:label><ce:textfn id="cetextfn0002">Water Resources Engineering and Soil (IREHISA) Research Group, School of Natural Resources and Environmental Engineering, Universidad del Valle, Calle 13 # 100-00, Cali 25360, Colombia</ce:textfn><sa:affiliation><sa:organization>Water Resources Engineering and Soil (IREHISA) Research Group</sa:organization><sa:organization>School of Natural Resources and Environmental Engineering</sa:organization><sa:organization>Universidad del Valle</sa:organization><sa:address-line>Calle 13 # 100-00</sa:address-line><sa:city>Cali</sa:city><sa:postal-code>25360</sa:postal-code><sa:country>Colombia</sa:country></sa:affiliation><ce:source-text id="staff0002">bWater Resources Engineering and Soil (IREHISA) Research Group, School of Natural Resources and Environmental Engineering, Universidad del Valle, Calle 13 # 100-00, Cali 25360, Colombia</ce:source-text></ce:affiliation><ce:affiliation id="aff0003" affiliation-id="S2352340921008672-82117cb575c746a77616357a9147f187"><ce:label>c</ce:label><ce:textfn id="cetextfn0003">Department of Geography, Faculty of Humanities, Universidad del Valle, Calle 13 # 100-00, Cali 25360, Colombia</ce:textfn><sa:affiliation><sa:organization>Department of Geography</sa:organization><sa:organization>Faculty of Humanities</sa:organization><sa:organization>Universidad del Valle</sa:organization><sa:address-line>Calle 13 # 100-00</sa:address-line><sa:city>Cali</sa:city><sa:postal-code>25360</sa:postal-code><sa:country>Colombia</sa:country></sa:affiliation><ce:source-text id="staff0003">cDepartment of Geography, Faculty of Humanities, Universidad del Valle, Calle 13 # 100-00, Cali 25360, Colombia</ce:source-text></ce:affiliation><ce:affiliation id="aff0004" affiliation-id="S2352340921008672-cba246fdeba1b24e0a4c4066c0d20aaa"><ce:label>d</ce:label><ce:textfn id="cetextfn0004">Universidad de Ciencias Aplicadas y Ambientales - UDCA, Bogota 111166, Colombia</ce:textfn><sa:affiliation><sa:organization>Universidad de Ciencias Aplicadas y Ambientales - UDCA</sa:organization><sa:city>Bogota</sa:city><sa:postal-code>111166</sa:postal-code><sa:country>Colombia</sa:country></sa:affiliation><ce:source-text id="staff0004">dUniversidad de Ciencias Aplicadas y Ambientales - UDCA, Bogota 111166, Colombia</ce:source-text></ce:affiliation><ce:affiliation id="aff0005" affiliation-id="S2352340921008672-8a68213fd7b9f91e5465a9609f607330"><ce:label>e</ce:label><ce:textfn id="cetextfn0005">Natural Resources Institute, Universidade Federal de Itajub&#225;, Itajub&#225; 36570-900, MG, Brazil</ce:textfn><sa:affiliation><sa:organization>Natural Resources Institute</sa:organization><sa:organization>Universidade Federal de Itajub&#225;</sa:organization><sa:city>Itajub&#225;</sa:city><sa:state>MG</sa:state><sa:postal-code>36570-900</sa:postal-code><sa:country>Brazil</sa:country></sa:affiliation><ce:source-text id="staff0005">eNatural Resources Institute, Universidade Federal de Itajub&#225;, Itajub&#225; 36570-900, MG, Brazil</ce:source-text></ce:affiliation><ce:affiliation id="aff0006" affiliation-id="S2352340921008672-494b1d70b11fe860631fc032b9d355e8"><ce:label>f</ce:label><ce:textfn id="cetextfn0006">Perception and Intelligent Systems (PSI) Research Group, School of Electrical and Electronics Engineering, Universidad del Valle, Calle 13 # 100-00, Cali 25360, Colombia</ce:textfn><sa:affiliation><sa:organization>Perception and Intelligent Systems (PSI) Research Group</sa:organization><sa:organization>School of Electrical and Electronics Engineering</sa:organization><sa:organization>Universidad del Valle</sa:organization><sa:address-line>Calle 13 # 100-00</sa:address-line><sa:city>Cali</sa:city><sa:postal-code>25360</sa:postal-code><sa:country>Colombia</sa:country></sa:affiliation><ce:source-text id="staff0006">fPerception and Intelligent Systems (PSI) Research Group, School of Electrical and Electronics Engineering, Universidad del Valle, Calle 13 # 100-00, Cali 25360, Colombia</ce:source-text></ce:affiliation><ce:affiliation id="aff0007" affiliation-id="S2352340921008672-390a70714327d60544ab722172c00e0f"><ce:label>g</ce:label><ce:textfn id="cetextfn0007">Coordena&#231;&#227;o Geral de Ci&#234;ncias da Terra, Instituto Nacional de Pesquisas Espaciais, Avenida dos Astronautas, 1758, S&#227;o Jos&#233; dos Campos, SP 12227-010, Brazil</ce:textfn><sa:affiliation><sa:organization>Coordena&#231;&#227;o Geral de Ci&#234;ncias da Terra</sa:organization><sa:organization>Instituto Nacional de Pesquisas Espaciais</sa:organization><sa:organization>Avenida dos Astronautas</sa:organization><sa:address-line>1758</sa:address-line><sa:city>S&#227;o Jos&#233; dos Campos</sa:city><sa:state>SP</sa:state><sa:postal-code>12227-010</sa:postal-code><sa:country>Brazil</sa:country></sa:affiliation><ce:source-text id="staff0007">gCoordena&#231;&#227;o Geral de Ci&#234;ncias da Terra, Instituto Nacional de Pesquisas Espaciais, Avenida dos Astronautas, 1758, S&#227;o Jos&#233; dos Campos, SP 12227-010, Brazil</ce:source-text></ce:affiliation><ce:correspondence id="cor0001"><ce:label>&#x204e;</ce:label><ce:text id="cetext0001">Corresponding author at: Faculty of Natural Sciences and Engineering, Fundaci&#243;n Universitaria de San Gil, Unisangil, Km 2 via Matepantano, Yopal 850001, Colombia.</ce:text><sa:affiliation><sa:organization>Faculty of Natural Sciences and Engineering</sa:organization><sa:organization>Fundaci&#243;n Universitaria de San Gil</sa:organization><sa:organization>Unisangil</sa:organization><sa:address-line>Km 2 via Matepantano</sa:address-line><sa:city>Yopal</sa:city><sa:postal-code>850001</sa:postal-code><sa:country>Colombia</sa:country></sa:affiliation></ce:correspondence></ce:author-group><ce:date-received day="14" month="9" year="2021"/><ce:date-revised day="10" month="11" year="2021"/><ce:date-accepted day="15" month="11" year="2021"/><ce:abstract id="abs0001" view="all" class="author"><ce:section-title id="cesectitle0001">Abstract</ce:section-title><ce:abstract-sec id="abss0001" view="all"><ce:simple-para id="spara014" view="all">Changes observed in the current climate and projected for the future significantly concern researchers, decision-makers, and the general public. Climate indices of extreme rainfall events are a trend assessment tool to detect climate variability and change signals, which have an average reliability at least in the short term and given climatic inertia. This paper shows 12 climate indices of extreme rainfall events for annual and seasonal scales for 12 climate stations between 1969 to 2019 in the Metropolitan area of Cali (southwestern Colombia). The construction of the indices starts from daily rainfall time series, which although have between 0.5% and 5.4% of missing data, can affect the estimation of the indices. Here, we propose a methodology to complete missing data of the extreme event indices that model the peaks in the time series. This methodology uses an artificial neural network approach known as Non-Linear Principal Component Analysis (NLPCA). The approach reconstructs the time series by modulating the extreme values of the indices, a fundamental feature when evaluating extreme rainfall events in a region. The accuracy in the indices estimation shows values close to 1 in the Pearson's Correlation Coefficient and in the Bi-weighting Correlation. Moreover, values close to 0 in the percent bias and RMSE-observations standard deviation ratio. The database provided here is an essential input in future evaluation studies of extreme rainfall events in the Metropolitan area of Cali, the third most crucial urban conglomerate in Colombia with more than 3.9 million inhabitants.</ce:simple-para></ce:abstract-sec></ce:abstract><ce:keywords id="keys0001" view="all" class="keyword"><ce:section-title id="cesectitle0002">Keywords</ce:section-title><ce:keyword id="key0001"><ce:text id="cetext0002">Complete missing data</ce:text></ce:keyword><ce:keyword id="key0002"><ce:text id="cetext0003">Reconstructs time series</ce:text></ce:keyword><ce:keyword id="key0003"><ce:text id="cetext0004">Extreme values of the indices</ce:text></ce:keyword><ce:keyword id="key0004"><ce:text id="cetext0005">ETCCDI indices</ce:text></ce:keyword><ce:keyword id="key0005"><ce:text id="cetext0006">NLPCA</ce:text></ce:keyword></ce:keywords></ja:head></ja:article></doc:document>
