<doc:document xmlns:doc="http://www.elsevier.com/xml/document/schema" xmlns:dp="http://www.elsevier.com/xml/common/doc-properties/schema" xmlns:cps="http://www.elsevier.com/xml/common/consyn-properties/schema" xmlns:rdf="http://www.w3.org/1999/02/22-rdf-syntax-ns#" xmlns:dct="http://purl.org/dc/terms/" xmlns:prism="http://prismstandard.org/namespaces/basic/2.0/" xmlns:oa="http://vtw.elsevier.com/data/ns/properties/OpenAccess-1/" xmlns:bam="http://vtw.elsevier.com/data/voc/ns/bam-vtw-1/" xmlns:cp="http://vtw.elsevier.com/data/ns/properties/Copyright-1/" xmlns:cja="http://www.elsevier.com/xml/cja/schema" xmlns:ja="http://www.elsevier.com/xml/ja/schema" xmlns:bk="http://www.elsevier.com/xml/bk/schema" xmlns:ce="http://www.elsevier.com/xml/common/schema" xmlns:mml="http://www.w3.org/1998/Math/MathML" xmlns:cals="http://www.elsevier.com/xml/common/cals/schema" xmlns:tb="http://www.elsevier.com/xml/common/table/schema" xmlns:sa="http://www.elsevier.com/xml/common/struct-aff/schema" xmlns:sb="http://www.elsevier.com/xml/common/struct-bib/schema" xmlns:xlink="http://www.w3.org/1999/xlink"><rdf:RDF><rdf:Description rdf:about="http://dx.doi.org/10.1016/j.dib.2022.107809"><dct:format>application/xml</dct:format><dct:title>Supporting data for the integrated Agent-Based Modelling and Robust Optimization on food supply network design in COVID-19 pandemic</dct:title><dct:creator>Tomy Perdana</dct:creator><dct:creator>Diah Chaerani</dct:creator><dct:creator>Audi Luqmanul Hakim Achmad</dct:creator><dct:subject><rdf:Bag><rdf:li>Food supply chain</rdf:li><rdf:li>Rice production</rdf:li><rdf:li>Uncertainty</rdf:li><rdf:li>Simulation</rdf:li><rdf:li>Optimization</rdf:li><rdf:li>Agent-Based Modelling</rdf:li><rdf:li>Robust Optimization</rdf:li></rdf:Bag></dct:subject><dct:description>Data in Brief 40 (2022). doi:10.1016/j.dib.2022.107809</dct:description><prism:aggregationType>journal</prism:aggregationType><prism:publicationName>Data in Brief</prism:publicationName><prism:copyright>&#169; 2022 The Author(s). Published by Elsevier Inc.</prism:copyright><dct:publisher>Elsevier Inc.</dct:publisher><prism:issn>2352-3409</prism:issn><prism:volume>40</prism:volume><prism:coverDisplayDate>February 2022</prism:coverDisplayDate><prism:doi>10.1016/j.dib.2022.107809</prism:doi><prism:url>http://dx.doi.org/10.1016/j.dib.2022.107809</prism:url><dct:identifier>doi:10.1016/j.dib.2022.107809</dct:identifier><bam:articleNumber>107809</bam:articleNumber><oa:openAccessInformation><oa:openAccessStatus xmlns:xsi="http://www.w3.org/2001/XMLSchema-instance">http://vtw.elsevier.com/data/voc/oa/OpenAccessStatus#Full</oa:openAccessStatus><oa:openAccessEffective xmlns:xsi="http://www.w3.org/2001/XMLSchema-instance">2022-01-06T15:27:03Z</oa:openAccessEffective><oa:sponsor xmlns:xsi="http://www.w3.org/2001/XMLSchema-instance"><oa:sponsorName>Indonesia: LE Tracking</oa:sponsorName><oa:sponsorType>http://vtw.elsevier.com/data/voc/oa/SponsorType#FundingBody</oa:sponsorType></oa:sponsor><oa:userLicense xmlns:xsi="http://www.w3.org/2001/XMLSchema-instance">http://creativecommons.org/licenses/by/4.0/</oa:userLicense></oa:openAccessInformation><cp:licenseLine xmlns:xsi="http://www.w3.org/2001/XMLSchema-instance">This is an open access article under the CC BY license.</cp:licenseLine></rdf:Description></rdf:RDF><dp:document-properties><dp:aggregation-type>Journals</dp:aggregation-type><dp:version-number>S300.1</dp:version-number></dp:document-properties><ja:article docsubtype="dat" version="5.6" xml:lang="en"><ja:item-info><ja:jid>DIB</ja:jid><ja:aid>107809</ja:aid><ce:article-number>107809</ce:article-number><ce:pii>S2352-3409(22)00021-X</ce:pii><ce:doi>10.1016/j.dib.2022.107809</ce:doi><ce:document-thread><ce:refers-to-document id="ref0001"><ce:pii>S2405-8440(21)02551-2</ce:pii><ce:doi>10.1016/j.heliyon.2021.e08448</ce:doi></ce:refers-to-document></ce:document-thread><ce:copyright type="other" year="2022">The Author(s)</ce:copyright></ja:item-info><ja:head><ce:dochead id="dchd0001"><ce:textfn id="dhtxt0001">Data Article</ce:textfn></ce:dochead><ce:title id="tte0002">Supporting data for the integrated Agent-Based Modelling and Robust Optimization on food supply network design in COVID-19 pandemic</ce:title><ce:author-group id="aut0001"><ce:author id="au0001" author-id="S235234092200021X-be7d09bf5b6a2fa9fa2b31c59a64e7b7" orcid="0000-0003-0470-979X"><ce:given-name>Tomy</ce:given-name><ce:surname>Perdana</ce:surname><ce:contributor-role role="http://credit.niso.org/contributor-roles/conceptualization">Conceptualization</ce:contributor-role><ce:contributor-role role="http://credit.niso.org/contributor-roles/methodology">Methodology</ce:contributor-role><ce:contributor-role role="http://credit.niso.org/contributor-roles/validation">Validation</ce:contributor-role><ce:contributor-role role="http://credit.niso.org/contributor-roles/investigation">Investigation</ce:contributor-role><ce:contributor-role role="http://credit.niso.org/contributor-roles/resources">Resources</ce:contributor-role><ce:contributor-role role="http://credit.niso.org/contributor-roles/writing-review-editing">Writing &#x2013; review &amp; editing</ce:contributor-role><ce:contributor-role role="http://credit.niso.org/contributor-roles/supervision">Supervision</ce:contributor-role><ce:contributor-role role="http://credit.niso.org/contributor-roles/project-administration">Project administration</ce:contributor-role><ce:contributor-role role="http://credit.niso.org/contributor-roles/funding-acquisition">Funding acquisition</ce:contributor-role><ce:cross-ref refid="aff0001"><ce:sup loc="post">a</ce:sup></ce:cross-ref><ce:cross-ref refid="cor0001"><ce:sup loc="post">&#x204e;</ce:sup></ce:cross-ref><ce:e-address id="ead0001" type="email" xlink:href="mailto:tomy.perdana@unpad.ac.id">tomy.perdana@unpad.ac.id</ce:e-address></ce:author><ce:author id="au0002" author-id="S235234092200021X-3410716fe5cf6c09fbc2ac2667b6d179"><ce:given-name>Diah</ce:given-name><ce:surname>Chaerani</ce:surname><ce:contributor-role role="http://credit.niso.org/contributor-roles/conceptualization">Conceptualization</ce:contributor-role><ce:contributor-role role="http://credit.niso.org/contributor-roles/methodology">Methodology</ce:contributor-role><ce:contributor-role role="http://credit.niso.org/contributor-roles/validation">Validation</ce:contributor-role><ce:contributor-role role="http://credit.niso.org/contributor-roles/formal-analysis">Formal analysis</ce:contributor-role><ce:contributor-role role="http://credit.niso.org/contributor-roles/investigation">Investigation</ce:contributor-role><ce:contributor-role role="http://credit.niso.org/contributor-roles/writing-review-editing">Writing &#x2013; review &amp; editing</ce:contributor-role><ce:contributor-role role="http://credit.niso.org/contributor-roles/supervision">Supervision</ce:contributor-role><ce:cross-ref refid="aff0002"><ce:sup loc="post">b</ce:sup></ce:cross-ref></ce:author><ce:author id="au0003" author-id="S235234092200021X-204b0c9edb2238b1cfdc9f1511eb6dc2"><ce:given-name>Audi Luqmanul Hakim</ce:given-name><ce:surname>Achmad</ce:surname><ce:contributor-role role="http://credit.niso.org/contributor-roles/conceptualization">Conceptualization</ce:contributor-role><ce:contributor-role role="http://credit.niso.org/contributor-roles/methodology">Methodology</ce:contributor-role><ce:contributor-role role="http://credit.niso.org/contributor-roles/software">Software</ce:contributor-role><ce:contributor-role role="http://credit.niso.org/contributor-roles/validation">Validation</ce:contributor-role><ce:contributor-role role="http://credit.niso.org/contributor-roles/formal-analysis">Formal analysis</ce:contributor-role><ce:contributor-role role="http://credit.niso.org/contributor-roles/investigation">Investigation</ce:contributor-role><ce:contributor-role role="http://credit.niso.org/contributor-roles/data-curation">Data curation</ce:contributor-role><ce:contributor-role role="http://credit.niso.org/contributor-roles/writing-original-draft">Writing &#x2013; original draft</ce:contributor-role><ce:contributor-role role="http://credit.niso.org/contributor-roles/writing-review-editing">Writing &#x2013; review &amp; editing</ce:contributor-role><ce:contributor-role role="http://credit.niso.org/contributor-roles/visualization">Visualization</ce:contributor-role><ce:cross-ref refid="aff0003"><ce:sup loc="post">c</ce:sup></ce:cross-ref></ce:author><ce:affiliation id="aff0001" affiliation-id="S235234092200021X-aae725a72bc31c726ad6996a3b4766bb"><ce:label>a</ce:label><ce:textfn id="cetextfn0001">Department of Agro Socio-Economics, Faculty of Agriculture, Universitas Padjadjaran, Indonesia</ce:textfn><sa:affiliation><sa:organization>Department of Agro Socio-Economics</sa:organization><sa:organization>Faculty of Agriculture</sa:organization><sa:organization>Universitas Padjadjaran</sa:organization><sa:country>Indonesia</sa:country></sa:affiliation><ce:source-text id="staff0001">aDepartment of Agro Socio-Economics, Faculty of Agriculture, Universitas Padjadjaran, Indonesia</ce:source-text></ce:affiliation><ce:affiliation id="aff0002" affiliation-id="S235234092200021X-14302bfa556a32043c1af7a42199915c"><ce:label>b</ce:label><ce:textfn id="cetextfn0002">Department of Mathematics, Faculty of Mathematics and Natural Sciences, Universitas Padjadjaran, Indonesia</ce:textfn><sa:affiliation><sa:organization>Department of Mathematics</sa:organization><sa:organization>Faculty of Mathematics and Natural Sciences</sa:organization><sa:organization>Universitas Padjadjaran</sa:organization><sa:country>Indonesia</sa:country></sa:affiliation><ce:source-text id="staff0002">bDepartment of Mathematics, Faculty of Mathematics and Natural Sciences, Universitas Padjadjaran, Indonesia</ce:source-text></ce:affiliation><ce:affiliation id="aff0003" affiliation-id="S235234092200021X-31d6cdf3620718bf3e37c38efb826719"><ce:label>c</ce:label><ce:textfn id="cetextfn0003">Master of Mathematics Study Program, Faculty of Mathematics and Natural Sciences, Universitas Padjadjaran, Indonesia</ce:textfn><sa:affiliation><sa:organization>Master of Mathematics Study Program</sa:organization><sa:organization>Faculty of Mathematics and Natural Sciences</sa:organization><sa:organization>Universitas Padjadjaran</sa:organization><sa:country>Indonesia</sa:country></sa:affiliation><ce:source-text id="staff0003">cMaster of Mathematics Study Program, Faculty of Mathematics and Natural Sciences, Universitas Padjadjaran, Indonesia</ce:source-text></ce:affiliation><ce:correspondence id="cor0001"><ce:label>&#x204e;</ce:label><ce:text id="cetext0001">Corresponding author.</ce:text></ce:correspondence></ce:author-group><ce:date-received day="11" month="12" year="2021"/><ce:date-revised day="1" month="1" year="2022"/><ce:date-accepted day="5" month="1" year="2022"/><ce:abstract id="abs0001" view="all" class="author"><ce:section-title id="cesectitle0001">Abstract</ce:section-title><ce:abstract-sec id="abss0001" view="all"><ce:simple-para id="spara015" view="all">This article presents the data as a support for &#x201c;Designing a Food Supply Chain Strategy during COVID-19 Pandemic using an Integrated Agent-Based Modelling and Robust Optimization&#x201d; [1]. An integration framework of Agent-Based Modelling (ABM) and Robust Optimization (RO) is proposed to address the food supply network development involving normal and pandemic condition issue regarding the actual food production data availability. In this article, the data associated with the integrated ABM simulation and RO are discussed. Particularly, this article provides the output rice production capacity data from the ABM simulation. This article also discusses how the output data from ABM simulation are processed to construct the polyhedral uncertainty set, which will later used by RO. By showing the output data from the ABM simulation and explaining how it is processed to be used in RO, other researchers and investigators could integrate their own ABM simulation model with RO to address their respective problems considering any uncertainty. Furthermore, the additional data needed for the optimization model are also included, which are mainly retrieved from the reports of government agencies.</ce:simple-para></ce:abstract-sec></ce:abstract><ce:keywords id="keys0001" view="all" class="keyword"><ce:section-title id="cesectitle0002">Keywords</ce:section-title><ce:keyword id="key0001"><ce:text id="cetext0002">Food supply chain</ce:text></ce:keyword><ce:keyword id="key0002"><ce:text id="cetext0003">Rice production</ce:text></ce:keyword><ce:keyword id="key0003"><ce:text id="cetext0004">Uncertainty</ce:text></ce:keyword><ce:keyword id="key0004"><ce:text id="cetext0005">Simulation</ce:text></ce:keyword><ce:keyword id="key0005"><ce:text id="cetext0006">Optimization</ce:text></ce:keyword><ce:keyword id="key0006"><ce:text id="cetext0007">Agent-Based Modelling</ce:text></ce:keyword><ce:keyword id="key0007"><ce:text id="cetext0008">Robust Optimization</ce:text></ce:keyword></ce:keywords></ja:head></ja:article></doc:document>
