<doc:document xmlns:doc="http://www.elsevier.com/xml/document/schema" xmlns:dp="http://www.elsevier.com/xml/common/doc-properties/schema" xmlns:cps="http://www.elsevier.com/xml/common/consyn-properties/schema" xmlns:rdf="http://www.w3.org/1999/02/22-rdf-syntax-ns#" xmlns:dct="http://purl.org/dc/terms/" xmlns:prism="http://prismstandard.org/namespaces/basic/2.0/" xmlns:oa="http://vtw.elsevier.com/data/ns/properties/OpenAccess-1/" xmlns:bam="http://vtw.elsevier.com/data/voc/ns/bam-vtw-1/" xmlns:cp="http://vtw.elsevier.com/data/ns/properties/Copyright-1/" xmlns:cja="http://www.elsevier.com/xml/cja/schema" xmlns:ja="http://www.elsevier.com/xml/ja/schema" xmlns:bk="http://www.elsevier.com/xml/bk/schema" xmlns:ce="http://www.elsevier.com/xml/common/schema" xmlns:mml="http://www.w3.org/1998/Math/MathML" xmlns:cals="http://www.elsevier.com/xml/common/cals/schema" xmlns:tb="http://www.elsevier.com/xml/common/table/schema" xmlns:sa="http://www.elsevier.com/xml/common/struct-aff/schema" xmlns:sb="http://www.elsevier.com/xml/common/struct-bib/schema" xmlns:xlink="http://www.w3.org/1999/xlink"><rdf:RDF><rdf:Description rdf:about="http://dx.doi.org/10.1016/j.dib.2021.107488"><dct:format>application/xml</dct:format><dct:title>Pan-tropical Sentinel-2 cloud-free annual composite datasets</dct:title><dct:creator>D. Simonetti</dct:creator><dct:creator>U. Pimple</dct:creator><dct:creator>A. Langner</dct:creator><dct:creator>A. Marelli</dct:creator><dct:subject><rdf:Bag><rdf:li>Copernicus Sentinel-2</rdf:li><rdf:li>cloud free composite</rdf:li><rdf:li>cloud mask</rdf:li><rdf:li>pixel-based classification</rdf:li><rdf:li>BRDF correction</rdf:li><rdf:li>annual change</rdf:li></rdf:Bag></dct:subject><dct:description>Data in Brief 39 (2021). doi:10.1016/j.dib.2021.107488</dct:description><prism:aggregationType>journal</prism:aggregationType><prism:publicationName>Data in Brief</prism:publicationName><prism:copyright>&#169; 2021 The Authors. Published by Elsevier Inc.</prism:copyright><dct:publisher>Elsevier Inc.</dct:publisher><prism:issn>2352-3409</prism:issn><prism:volume>39</prism:volume><prism:coverDisplayDate>December 2021</prism:coverDisplayDate><prism:doi>10.1016/j.dib.2021.107488</prism:doi><prism:url>http://dx.doi.org/10.1016/j.dib.2021.107488</prism:url><dct:identifier>doi:10.1016/j.dib.2021.107488</dct:identifier><bam:articleNumber>107488</bam:articleNumber><oa:openAccessInformation><oa:openAccessStatus xmlns:xsi="http://www.w3.org/2001/XMLSchema-instance">http://vtw.elsevier.com/data/voc/oa/OpenAccessStatus#Full</oa:openAccessStatus><oa:openAccessEffective xmlns:xsi="http://www.w3.org/2001/XMLSchema-instance">2021-10-14T15:09:48Z</oa:openAccessEffective><oa:sponsor xmlns:xsi="http://www.w3.org/2001/XMLSchema-instance"><oa:sponsorName>Joint Research Centre with PMC deposit</oa:sponsorName><oa:sponsorType>http://vtw.elsevier.com/data/voc/oa/SponsorType#FundingBody</oa:sponsorType></oa:sponsor><oa:userLicense xmlns:xsi="http://www.w3.org/2001/XMLSchema-instance">http://creativecommons.org/licenses/by/4.0/</oa:userLicense></oa:openAccessInformation><cp:licenseLine xmlns:xsi="http://www.w3.org/2001/XMLSchema-instance">This is an open access article under the CC BY license.</cp:licenseLine></rdf:Description></rdf:RDF><dp:document-properties><dp:aggregation-type>Journals</dp:aggregation-type><dp:version-number>S300.1</dp:version-number></dp:document-properties><ja:article docsubtype="dat" version="5.6" xml:lang="en"><ja:item-info><ja:jid>DIB</ja:jid><ja:aid>107488</ja:aid><ce:article-number>107488</ce:article-number><ce:pii>S2352-3409(21)00769-1</ce:pii><ce:doi>10.1016/j.dib.2021.107488</ce:doi><ce:copyright type="unknown" year="2021"/></ja:item-info><ja:head><ce:dochead id="dchd0001"><ce:textfn id="dhtxt0001">Data Article</ce:textfn></ce:dochead><ce:title id="tte0002">Pan-tropical Sentinel-2 cloud-free annual composite datasets</ce:title><ce:author-group id="aut0001"><ce:author id="au0001" author-id="S2352340921007691-bda2c040d90a21df32b60a586baa502a" orcid="0000-0003-3835-6013"><ce:given-name>D.</ce:given-name><ce:surname>Simonetti</ce:surname><ce:cross-ref refid="aff0001"><ce:sup loc="post">a</ce:sup></ce:cross-ref><ce:cross-ref refid="cor0001"><ce:sup loc="post">&#x204e;</ce:sup></ce:cross-ref><ce:e-address id="ead0001" type="email" xlink:href="mailto:dario.simonetti@ext.ec.europa.eu">dario.simonetti@ext.ec.europa.eu</ce:e-address></ce:author><ce:author id="au0002" author-id="S2352340921007691-1439d8bf38eac357441d61b669e852a4" orcid="0000-0003-2282-9058"><ce:given-name>U.</ce:given-name><ce:surname>Pimple</ce:surname><ce:cross-ref refid="aff0002"><ce:sup loc="post">b</ce:sup></ce:cross-ref><ce:e-address id="ead0002" type="email" xlink:href="mailto:uday.pim@kmutt.ac.th">uday.pim@kmutt.ac.th</ce:e-address></ce:author><ce:author id="au0003" author-id="S2352340921007691-7652b1106edaaea26976daa47acf4c89" orcid="0000-0002-8083-3779"><ce:given-name>A.</ce:given-name><ce:surname>Langner</ce:surname><ce:cross-ref refid="aff0001"><ce:sup loc="post">a</ce:sup></ce:cross-ref></ce:author><ce:author id="au0004" author-id="S2352340921007691-eddb7a288bc0a79ec0ec5118ea10799b" orcid="0000-0002-7781-4219"><ce:given-name>A.</ce:given-name><ce:surname>Marelli</ce:surname><ce:cross-ref refid="aff0003"><ce:sup loc="post">c</ce:sup></ce:cross-ref></ce:author><ce:affiliation id="aff0001" affiliation-id="S2352340921007691-6fc23758f8201ba1b8ccdfafad58b492"><ce:label>a</ce:label><ce:textfn id="cetextfn0001">European Commission, Joint Research Centre, Ispra, VA 21027, Italy</ce:textfn><sa:affiliation><sa:organization>European Commission</sa:organization><sa:organization>Joint Research Centre</sa:organization><sa:city>Ispra</sa:city><sa:state>VA</sa:state><sa:postal-code>21027</sa:postal-code><sa:country>Italy</sa:country></sa:affiliation><ce:source-text id="staff0001">aEuropean Commission, Joint Research Centre, Ispra, VA 21027, Italy</ce:source-text></ce:affiliation><ce:affiliation id="aff0002" affiliation-id="S2352340921007691-dadaa156fe7e076785b6f90912a2be70"><ce:label>b</ce:label><ce:textfn id="cetextfn0002">The Joint Graduate School of Energy and Environment (JGSEE) and Centre of Excellence on Energy Technology and Environment, King Mongkut's University of Technology Thonburi, Bangkok 10140, Thailand</ce:textfn><sa:affiliation><sa:organization>The Joint Graduate School of Energy and Environment (JGSEE) and Centre of Excellence on Energy Technology and Environment</sa:organization><sa:organization>King Mongkut's University of Technology Thonburi</sa:organization><sa:city>Bangkok</sa:city><sa:postal-code>10140</sa:postal-code><sa:country>Thailand</sa:country></sa:affiliation><ce:source-text id="staff0002">bThe Joint Graduate School of Energy and Environment (JGSEE) and Centre of Excellence on Energy Technology and Environment, King Mongkut's University of Technology Thonburi, Bangkok 10140, Thailand</ce:source-text></ce:affiliation><ce:affiliation id="aff0003" affiliation-id="S2352340921007691-c562c5dd6fd4efd09223aff24e7555fc"><ce:label>c</ce:label><ce:textfn id="cetextfn0003">Arcadia SIT for European Commission, Joint Research Centre, Ispra, VA 21027, Italy</ce:textfn><sa:affiliation><sa:organization>Arcadia SIT for European Commission</sa:organization><sa:organization>Joint Research Centre</sa:organization><sa:city>Ispra</sa:city><sa:state>VA</sa:state><sa:postal-code>21027</sa:postal-code><sa:country>Italy</sa:country></sa:affiliation><ce:source-text id="staff0003">cArcadia SIT for European Commission, Joint Research Centre, Ispra, VA 21027, Italy</ce:source-text></ce:affiliation><ce:correspondence id="cor0001"><ce:label>&#x204e;</ce:label><ce:text id="cetext0001">Corresponding author.</ce:text></ce:correspondence></ce:author-group><ce:date-received day="15" month="6" year="2021"/><ce:date-revised day="8" month="10" year="2021"/><ce:date-accepted day="13" month="10" year="2021"/><ce:abstract id="abs0001" view="all" class="author"><ce:section-title id="cesectitle0001">Abstract</ce:section-title><ce:abstract-sec id="abss0001" view="all"><ce:simple-para id="spara020" view="all">Sentinel-2 MSI is one of the core missions of the Copernicus Earth Observation programme of the European Union. This mission shows great potential to map the regional high-resolution spatio-temporal dynamics of land use and land cover. In tropical regions, despite the high revisiting time of 5 days including both Sentinel-2A and 2B satellites, the frequent presence of clouds, cloud-shadows, haze and other atmospheric contaminants are precluding the visibility of the Earth surface up to several months. In this paper we present four annual pan-tropical cloud-free composites computed and exported from Google Earth Engine (GEE) by making use of available Sentinel-2 L1C collection for the period spanning from 2015 to 2020. We furthermore propose empirical approaches to reduce the BRDF effect over tropical forest areas by showing pros and cons of image-based versus swath-based methodologies. Additionally, we provide a dedicated web-platform offering a fast and intuitive way to browse and explore the proposed annual composites as well as layers of potential annual changes as a ready-to-use means to visually identify and verify degradation and deforestation activities as well as other land cover changes.</ce:simple-para></ce:abstract-sec></ce:abstract><ce:keywords id="keys0001" view="all" class="keyword"><ce:section-title id="cesectitle0002">Keywords</ce:section-title><ce:keyword id="key0001"><ce:text id="cetext0002">Copernicus Sentinel-2</ce:text></ce:keyword><ce:keyword id="key0002"><ce:text id="cetext0003">cloud free composite</ce:text></ce:keyword><ce:keyword id="key0003"><ce:text id="cetext0004">cloud mask</ce:text></ce:keyword><ce:keyword id="key0004"><ce:text id="cetext0005">pixel-based classification</ce:text></ce:keyword><ce:keyword id="key0005"><ce:text id="cetext0006">BRDF correction</ce:text></ce:keyword><ce:keyword id="key0006"><ce:text id="cetext0007">annual change</ce:text></ce:keyword></ce:keywords></ja:head></ja:article></doc:document>
