<doc:document xmlns:doc="http://www.elsevier.com/xml/document/schema" xmlns:dp="http://www.elsevier.com/xml/common/doc-properties/schema" xmlns:cps="http://www.elsevier.com/xml/common/consyn-properties/schema" xmlns:rdf="http://www.w3.org/1999/02/22-rdf-syntax-ns#" xmlns:dct="http://purl.org/dc/terms/" xmlns:prism="http://prismstandard.org/namespaces/basic/2.0/" xmlns:oa="http://vtw.elsevier.com/data/ns/properties/OpenAccess-1/" xmlns:bam="http://vtw.elsevier.com/data/voc/ns/bam-vtw-1/" xmlns:cp="http://vtw.elsevier.com/data/ns/properties/Copyright-1/" xmlns:cja="http://www.elsevier.com/xml/cja/schema" xmlns:ja="http://www.elsevier.com/xml/ja/schema" xmlns:bk="http://www.elsevier.com/xml/bk/schema" xmlns:ce="http://www.elsevier.com/xml/common/schema" xmlns:mml="http://www.w3.org/1998/Math/MathML" xmlns:cals="http://www.elsevier.com/xml/common/cals/schema" xmlns:tb="http://www.elsevier.com/xml/common/table/schema" xmlns:sa="http://www.elsevier.com/xml/common/struct-aff/schema" xmlns:sb="http://www.elsevier.com/xml/common/struct-bib/schema" xmlns:xlink="http://www.w3.org/1999/xlink"><rdf:RDF><rdf:Description rdf:about="http://dx.doi.org/10.1016/j.dib.2021.107520"><dct:format>application/xml</dct:format><dct:title>Data on host specificity and symbiotic association between indigenous Rhizobium BD1 strain and Vigna radiata (green gram)</dct:title><dct:creator>Sanjeev Kumar K</dct:creator><dct:creator>Pavan Kumar Pindi</dct:creator><dct:subject><rdf:Bag><rdf:li>Green gram</rdf:li><rdf:li>Host specificity</rdf:li><rdf:li>Inoculants</rdf:li><rdf:li>Nodulation</rdf:li><rdf:li>Rhizobium sp. BD1 strain</rdf:li><rdf:li>Vigna radiata</rdf:li></rdf:Bag></dct:subject><dct:description>Data in Brief 39 (2021). doi:10.1016/j.dib.2021.107520</dct:description><prism:aggregationType>journal</prism:aggregationType><prism:publicationName>Data in Brief</prism:publicationName><prism:copyright>&#169; 2021 The Author(s). Published by Elsevier Inc.</prism:copyright><dct:publisher>Elsevier Inc.</dct:publisher><prism:issn>2352-3409</prism:issn><prism:volume>39</prism:volume><prism:coverDisplayDate>December 2021</prism:coverDisplayDate><prism:doi>10.1016/j.dib.2021.107520</prism:doi><prism:url>http://dx.doi.org/10.1016/j.dib.2021.107520</prism:url><dct:identifier>doi:10.1016/j.dib.2021.107520</dct:identifier><bam:articleNumber>107520</bam:articleNumber><oa:openAccessInformation><oa:openAccessStatus xmlns:xsi="http://www.w3.org/2001/XMLSchema-instance">http://vtw.elsevier.com/data/voc/oa/OpenAccessStatus#Full</oa:openAccessStatus><oa:openAccessEffective xmlns:xsi="http://www.w3.org/2001/XMLSchema-instance">2021-10-22T19:22:17Z</oa:openAccessEffective><oa:sponsor xmlns:xsi="http://www.w3.org/2001/XMLSchema-instance"><oa:sponsorType>http://vtw.elsevier.com/data/voc/oa/SponsorType#Author</oa:sponsorType></oa:sponsor><oa:userLicense xmlns:xsi="http://www.w3.org/2001/XMLSchema-instance">http://creativecommons.org/licenses/by/4.0/</oa:userLicense></oa:openAccessInformation><cp:licenseLine xmlns:xsi="http://www.w3.org/2001/XMLSchema-instance">This is an open access article under the CC BY license.</cp:licenseLine></rdf:Description></rdf:RDF><dp:document-properties><dp:aggregation-type>Journals</dp:aggregation-type><dp:version-number>S300.1</dp:version-number></dp:document-properties><ja:article docsubtype="dat" version="5.6" xml:lang="en"><ja:item-info><ja:jid>DIB</ja:jid><ja:aid>107520</ja:aid><ce:article-number>107520</ce:article-number><ce:pii>S2352-3409(21)00796-4</ce:pii><ce:doi>10.1016/j.dib.2021.107520</ce:doi><ce:copyright type="other" year="2021">The Author(s)</ce:copyright></ja:item-info><ja:head><ce:dochead id="dchd0001"><ce:textfn id="dhtxt0001">Data Article</ce:textfn></ce:dochead><ce:title id="tte0002">Data on host specificity and symbiotic association between indigenous <ce:italic>Rhizobium</ce:italic> BD1 strain and <ce:italic>Vigna radiata</ce:italic> (green gram)</ce:title><ce:author-group id="aut0001"><ce:author id="au0001" author-id="S2352340921007964-8d436fe23925568f3e61026d0d968999"><ce:given-name>Sanjeev</ce:given-name><ce:surname>Kumar K</ce:surname><ce:contributor-role role="http://credit.niso.org/contributor-roles/formal-analysis">Formal analysis</ce:contributor-role><ce:contributor-role role="http://credit.niso.org/contributor-roles/writing-review-editing">Writing &#x2013; review &amp; editing</ce:contributor-role></ce:author><ce:author id="au0002" author-id="S2352340921007964-3ebf98f79656ddca8035691aeaf25bd9"><ce:given-name>Pavan Kumar</ce:given-name><ce:surname>Pindi</ce:surname><ce:contributor-role role="http://credit.niso.org/contributor-roles/visualization">Visualization</ce:contributor-role><ce:contributor-role role="http://credit.niso.org/contributor-roles/writing-original-draft">Writing &#x2013; original draft</ce:contributor-role><ce:contributor-role role="http://credit.niso.org/contributor-roles/writing-review-editing">Writing &#x2013; review &amp; editing</ce:contributor-role><ce:cross-ref refid="cor0001"><ce:sup loc="post">&#x204e;</ce:sup></ce:cross-ref><ce:e-address id="ead0001" type="email" xlink:href="mailto:pavankumarpindi@gmail.com">pavankumarpindi@gmail.com</ce:e-address></ce:author><ce:affiliation id="aff0001" affiliation-id="S2352340921007964-5cb53054cb3431f5e79dedb55d99498a"><ce:textfn id="cetextfn0001">Department of Microbiology, Palamuru University, Mahabubnagar, Telangana, India. 509 001</ce:textfn><sa:affiliation><sa:organization>Department of Microbiology</sa:organization><sa:organization>Palamuru University</sa:organization><sa:city>Mahabubnagar</sa:city><sa:state>Telangana</sa:state><sa:postal-code>509 001</sa:postal-code><sa:country>India</sa:country></sa:affiliation><ce:source-text id="staff0001">Department of Microbiology, Palamuru University, Mahabubnagar, Telangana, India. 509 001</ce:source-text></ce:affiliation><ce:correspondence id="cor0001"><ce:label>&#x204e;</ce:label><ce:text id="cetext0001">Corresponding author.</ce:text></ce:correspondence></ce:author-group><ce:date-received day="1" month="10" year="2021"/><ce:date-revised day="13" month="10" year="2021"/><ce:date-accepted day="22" month="10" year="2021"/><ce:abstract id="abs0001" view="all" class="author"><ce:section-title id="cesectitle0001">Abstract</ce:section-title><ce:abstract-sec id="abss0001" view="all"><ce:simple-para id="spara005" view="all">The main objective of this study is to use bio-inoculants in relative to specific legume plant diversity for, enhanced nodulation and plant growth. Method involves organically based selection of 36 rhizobial strains, of which 6 strains were isolated to assess the efficiency of relative host-specific inoculation on nodulation and development in legumes viz. <ce:italic>Vigna radiata.</ce:italic> All promising combinations of the preferred rhizobial strain inoculants were tested under sterile conditions for improving nodulation and to screen the best isolate to be evaluated for its enhanced characteristics through inoculation by field trial in various soils. It was observed that the strains from Bhadrachalam forest BD1 are highly host specific for <ce:italic>Vigna radiata</ce:italic> plants and when inoculated, improved nodulation and enhanced plant growth. Because of the novel characters in BD1, further studies were carried out and was identified as <ce:italic>Rhizobium</ce:italic> sp. BD1 (NCBI Accession no. MT577595). The percentage of nitrogen content in <ce:italic>Vigna radiata</ce:italic> ranged between 1.2% to 2.9%. This <ce:italic>Rhizobium</ce:italic> sp. BD1 was tested for the unraveling and amelioration of crop production in barren, polluted and agricultural soils which showed enhanced characteristics in <ce:italic>Vigna radiata</ce:italic> plants. This method may be employed across the globe of same climatic conditions for the retrieval of plants in soils that carry agriculture unsuccessfully.</ce:simple-para></ce:abstract-sec></ce:abstract><ce:keywords id="keys0001" view="all" class="keyword"><ce:section-title id="cesectitle0002">Keywords</ce:section-title><ce:keyword id="key0001"><ce:text id="cetext0002">Green gram</ce:text></ce:keyword><ce:keyword id="key0002"><ce:text id="cetext0003">Host specificity</ce:text></ce:keyword><ce:keyword id="key0003"><ce:text id="cetext0004">Inoculants</ce:text></ce:keyword><ce:keyword id="key0004"><ce:text id="cetext0005">Nodulation</ce:text></ce:keyword><ce:keyword id="key0005"><ce:text id="cetext0006"><ce:italic>Rhizobium</ce:italic> sp. BD1 strain</ce:text></ce:keyword><ce:keyword id="key0006"><ce:text id="cetext0007"><ce:italic>Vigna radiata</ce:italic></ce:text></ce:keyword></ce:keywords></ja:head></ja:article></doc:document>
