<doc:document xmlns:doc="http://www.elsevier.com/xml/document/schema" xmlns:dp="http://www.elsevier.com/xml/common/doc-properties/schema" xmlns:cps="http://www.elsevier.com/xml/common/consyn-properties/schema" xmlns:rdf="http://www.w3.org/1999/02/22-rdf-syntax-ns#" xmlns:dct="http://purl.org/dc/terms/" xmlns:prism="http://prismstandard.org/namespaces/basic/2.0/" xmlns:oa="http://vtw.elsevier.com/data/ns/properties/OpenAccess-1/" xmlns:bam="http://vtw.elsevier.com/data/voc/ns/bam-vtw-1/" xmlns:cp="http://vtw.elsevier.com/data/ns/properties/Copyright-1/" xmlns:cja="http://www.elsevier.com/xml/cja/schema" xmlns:ja="http://www.elsevier.com/xml/ja/schema" xmlns:bk="http://www.elsevier.com/xml/bk/schema" xmlns:ce="http://www.elsevier.com/xml/common/schema" xmlns:mml="http://www.w3.org/1998/Math/MathML" xmlns:cals="http://www.elsevier.com/xml/common/cals/schema" xmlns:tb="http://www.elsevier.com/xml/common/table/schema" xmlns:sa="http://www.elsevier.com/xml/common/struct-aff/schema" xmlns:sb="http://www.elsevier.com/xml/common/struct-bib/schema" xmlns:xlink="http://www.w3.org/1999/xlink"><rdf:RDF><rdf:Description rdf:about="http://dx.doi.org/10.1016/j.dib.2022.107798"><dct:format>application/xml</dct:format><dct:title>Soil microbiome dataset from Yok Don national park in the Central Highlands region of Vietnam</dct:title><dct:creator>Dinh Minh Tran</dct:creator><dct:creator>To Uyen Huynh</dct:creator><dct:creator>Thi Huyen Nguyen</dct:creator><dct:creator>Tu Oanh Do</dct:creator><dct:creator>Thi Phuong Hanh Tran</dct:creator><dct:creator>Quang-Vinh Nguyen</dct:creator><dct:creator>Anh Dzung Nguyen</dct:creator><dct:subject><rdf:Bag><rdf:li>Soil microbiome</rdf:li><rdf:li>Metagenomic next-generation sequencing</rdf:li><rdf:li>Yok Don national park</rdf:li><rdf:li>The dry deciduous dipterocarp forest</rdf:li></rdf:Bag></dct:subject><dct:description>Data in Brief 40 (2022). doi:10.1016/j.dib.2022.107798</dct:description><prism:aggregationType>journal</prism:aggregationType><prism:publicationName>Data in Brief</prism:publicationName><prism:copyright>&#169; 2022 The Authors. Published by Elsevier Inc.</prism:copyright><dct:publisher>Elsevier Inc.</dct:publisher><prism:issn>2352-3409</prism:issn><prism:volume>40</prism:volume><prism:coverDisplayDate>February 2022</prism:coverDisplayDate><prism:doi>10.1016/j.dib.2022.107798</prism:doi><prism:url>http://dx.doi.org/10.1016/j.dib.2022.107798</prism:url><dct:identifier>doi:10.1016/j.dib.2022.107798</dct:identifier><bam:articleNumber>107798</bam:articleNumber><oa:openAccessInformation><oa:openAccessStatus xmlns:xsi="http://www.w3.org/2001/XMLSchema-instance">http://vtw.elsevier.com/data/voc/oa/OpenAccessStatus#Full</oa:openAccessStatus><oa:openAccessEffective xmlns:xsi="http://www.w3.org/2001/XMLSchema-instance">2022-01-04T12:20:31Z</oa:openAccessEffective><oa:sponsor xmlns:xsi="http://www.w3.org/2001/XMLSchema-instance"><oa:sponsorType>http://vtw.elsevier.com/data/voc/oa/SponsorType#Author</oa:sponsorType></oa:sponsor><oa:userLicense xmlns:xsi="http://www.w3.org/2001/XMLSchema-instance">http://creativecommons.org/licenses/by/4.0/</oa:userLicense></oa:openAccessInformation><cp:licenseLine xmlns:xsi="http://www.w3.org/2001/XMLSchema-instance">This is an open access article under the CC BY license.</cp:licenseLine></rdf:Description></rdf:RDF><dp:document-properties><dp:aggregation-type>Journals</dp:aggregation-type><dp:version-number>S300.1</dp:version-number></dp:document-properties><ja:article docsubtype="dat" version="5.6" xml:lang="en"><ja:item-info><ja:jid>DIB</ja:jid><ja:aid>107798</ja:aid><ce:article-number>107798</ce:article-number><ce:pii>S2352-3409(22)00010-5</ce:pii><ce:doi>10.1016/j.dib.2022.107798</ce:doi><ce:copyright type="other" year="2022">The Authors</ce:copyright></ja:item-info><ja:head><ce:dochead id="dchd0001"><ce:textfn id="dhtxt0001">Data Article</ce:textfn></ce:dochead><ce:title id="tte0002">Soil microbiome dataset from Yok Don national park in the Central Highlands region of Vietnam</ce:title><ce:author-group id="aut0001"><ce:author id="au0001" author-id="S2352340922000105-d012e6ba79be6d333780a2908580e955" orcid="0000-0002-6371-6132"><ce:given-name>Dinh Minh</ce:given-name><ce:surname>Tran</ce:surname><ce:contributor-role role="http://credit.niso.org/contributor-roles/conceptualization">Conceptualization</ce:contributor-role><ce:contributor-role role="http://credit.niso.org/contributor-roles/methodology">Methodology</ce:contributor-role><ce:contributor-role role="http://credit.niso.org/contributor-roles/software">Software</ce:contributor-role><ce:contributor-role role="http://credit.niso.org/contributor-roles/data-curation">Data curation</ce:contributor-role><ce:contributor-role role="http://credit.niso.org/contributor-roles/writing-original-draft">Writing &#x2013; original draft</ce:contributor-role><ce:contributor-role role="http://credit.niso.org/contributor-roles/investigation">Investigation</ce:contributor-role><ce:contributor-role role="http://credit.niso.org/contributor-roles/formal-analysis">Formal analysis</ce:contributor-role><ce:contributor-role role="http://credit.niso.org/contributor-roles/validation">Validation</ce:contributor-role><ce:contributor-role role="http://credit.niso.org/contributor-roles/visualization">Visualization</ce:contributor-role><ce:contributor-role role="http://credit.niso.org/contributor-roles/writing-review-editing">Writing &#x2013; review &amp; editing</ce:contributor-role><ce:cross-ref refid="aff0001"><ce:sup loc="post">a</ce:sup></ce:cross-ref><ce:cross-ref refid="cor0001"><ce:sup loc="post">&#x204e;</ce:sup></ce:cross-ref><ce:e-address id="ead0001" type="email" xlink:href="mailto:tmdinh@ttn.edu.vn">tmdinh@ttn.edu.vn</ce:e-address></ce:author><ce:author id="au0002" author-id="S2352340922000105-17f81da2d9489a878f8a78d6c46c5389"><ce:given-name>To Uyen</ce:given-name><ce:surname>Huynh</ce:surname><ce:contributor-role role="http://credit.niso.org/contributor-roles/investigation">Investigation</ce:contributor-role><ce:contributor-role role="http://credit.niso.org/contributor-roles/formal-analysis">Formal analysis</ce:contributor-role><ce:cross-ref refid="aff0001"><ce:sup loc="post">a</ce:sup></ce:cross-ref></ce:author><ce:author id="au0003" author-id="S2352340922000105-326be1478a6f0633e6c6a3afe708996d"><ce:given-name>Thi Huyen</ce:given-name><ce:surname>Nguyen</ce:surname><ce:contributor-role role="http://credit.niso.org/contributor-roles/investigation">Investigation</ce:contributor-role><ce:contributor-role role="http://credit.niso.org/contributor-roles/formal-analysis">Formal analysis</ce:contributor-role><ce:cross-ref refid="aff0001"><ce:sup loc="post">a</ce:sup></ce:cross-ref></ce:author><ce:author id="au0004" author-id="S2352340922000105-94583d7891b3000afcecaa1a38f529c3"><ce:given-name>Tu Oanh</ce:given-name><ce:surname>Do</ce:surname><ce:contributor-role role="http://credit.niso.org/contributor-roles/investigation">Investigation</ce:contributor-role><ce:contributor-role role="http://credit.niso.org/contributor-roles/formal-analysis">Formal analysis</ce:contributor-role><ce:cross-ref refid="aff0001"><ce:sup loc="post">a</ce:sup></ce:cross-ref></ce:author><ce:author id="au0005" author-id="S2352340922000105-038d8bdc4f4d09df63811a30d62c6048"><ce:given-name>Thi Phuong Hanh</ce:given-name><ce:surname>Tran</ce:surname><ce:contributor-role role="http://credit.niso.org/contributor-roles/investigation">Investigation</ce:contributor-role><ce:contributor-role role="http://credit.niso.org/contributor-roles/formal-analysis">Formal analysis</ce:contributor-role><ce:cross-ref refid="aff0002"><ce:sup loc="post">b</ce:sup></ce:cross-ref></ce:author><ce:author id="au0006" author-id="S2352340922000105-007843a1a2c9b26f35603ff7da3f477b"><ce:given-name>Quang-Vinh</ce:given-name><ce:surname>Nguyen</ce:surname><ce:contributor-role role="http://credit.niso.org/contributor-roles/investigation">Investigation</ce:contributor-role><ce:contributor-role role="http://credit.niso.org/contributor-roles/formal-analysis">Formal analysis</ce:contributor-role><ce:contributor-role role="http://credit.niso.org/contributor-roles/validation">Validation</ce:contributor-role><ce:contributor-role role="http://credit.niso.org/contributor-roles/visualization">Visualization</ce:contributor-role><ce:cross-ref refid="aff0001"><ce:sup loc="post">a</ce:sup></ce:cross-ref></ce:author><ce:author id="au0007" author-id="S2352340922000105-d0997fa3ca9bfe35830b40e1c0149b9c"><ce:given-name>Anh Dzung</ce:given-name><ce:surname>Nguyen</ce:surname><ce:contributor-role role="http://credit.niso.org/contributor-roles/investigation">Investigation</ce:contributor-role><ce:contributor-role role="http://credit.niso.org/contributor-roles/formal-analysis">Formal analysis</ce:contributor-role><ce:contributor-role role="http://credit.niso.org/contributor-roles/validation">Validation</ce:contributor-role><ce:contributor-role role="http://credit.niso.org/contributor-roles/visualization">Visualization</ce:contributor-role><ce:contributor-role role="http://credit.niso.org/contributor-roles/writing-review-editing">Writing &#x2013; review &amp; editing</ce:contributor-role><ce:cross-ref refid="aff0001"><ce:sup loc="post">a</ce:sup></ce:cross-ref></ce:author><ce:affiliation id="aff0001" affiliation-id="S2352340922000105-837382bbfb1a2406c9775121eac3632c"><ce:label>a</ce:label><ce:textfn id="cetextfn0001">Institute of Biotechnology and Environment, Tay Nguyen University, Buon Ma Thuot, Dak Lak 630000, Viet Nam</ce:textfn><sa:affiliation><sa:organization>Institute of Biotechnology and Environment</sa:organization><sa:organization>Tay Nguyen University</sa:organization><sa:city>Buon Ma Thuot</sa:city><sa:state>Dak Lak</sa:state><sa:postal-code>630000</sa:postal-code><sa:country>Viet Nam</sa:country></sa:affiliation><ce:source-text id="staff0001">aInstitute of Biotechnology and Environment, Tay Nguyen University, Buon Ma Thuot, Dak Lak 630000, Viet Nam</ce:source-text></ce:affiliation><ce:affiliation id="aff0002" affiliation-id="S2352340922000105-00f2d4e27ddb572a64135ac599211d5d"><ce:label>b</ce:label><ce:textfn id="cetextfn0002">Faculty of Natural Science and Technology, Tay Nguyen University, Buon Ma Thuot, Dak Lak 630000, Viet Nam</ce:textfn><sa:affiliation><sa:organization>Faculty of Natural Science and Technology</sa:organization><sa:organization>Tay Nguyen University</sa:organization><sa:city>Buon Ma Thuot</sa:city><sa:state>Dak Lak</sa:state><sa:postal-code>630000</sa:postal-code><sa:country>Viet Nam</sa:country></sa:affiliation><ce:source-text id="staff0002">bFaculty of Natural Science and Technology, Tay Nguyen University, Buon Ma Thuot, Dak Lak 630000, Viet Nam</ce:source-text></ce:affiliation><ce:correspondence id="cor0001"><ce:label>&#x204e;</ce:label><ce:text id="cetext0001">Corresponding author.</ce:text></ce:correspondence></ce:author-group><ce:date-received day="27" month="11" year="2021"/><ce:date-revised day="18" month="12" year="2021"/><ce:date-accepted day="3" month="1" year="2022"/><ce:abstract id="abs0001" view="all" class="author"><ce:section-title id="cesectitle0001">Abstract</ce:section-title><ce:abstract-sec id="abss0001" view="all"><ce:simple-para id="spara006" view="all">The Central Highlands region contains most of the national parks in Vietnam with different ecosystems, including the national parks of Kon Ka Kinh, Chu Mon Ray, Chu Yang Sin, Yok Don, Bidoup-Nui Ba, and Ta Dung. Thus, this region is considered a center with the highest biodiversity in Vietnam [1]. Among the national parks, Yok Don is unique in its conservation of the dry deciduous dipterocarp forest. Furthermore, Yok Don is the second-largest park in Vietnam; it has the most different ecosystem compared with other national parks in this region [2]. Although some studies have investigated biodiversity preservation in the region, some other studies have only dealt with medicinal plants, lichens, and the rhizospheric bacteria of cultivated black pepper [1,3&#x2013;5]. To the best of our knowledge, no research on the microbial communities in Yok Don national park and in the Central Highlands has been reported. At present, global warming and a decrease in the forest area in the Central Highlands have led to the ongoing reduction in biodiversity and microbial resources.</ce:simple-para><ce:simple-para id="spara007" view="all">The current study reports the microbiome dataset from the soil sample collected in Yok Don national park. Metagenomic next-generation sequencing was used to characterize the microbial communities in the sample. The metagenome dataset generated provides information on microbial diversity and its functionality and can be useful for further studies on the conservation and use of microbial genetic resources in this region.</ce:simple-para></ce:abstract-sec></ce:abstract><ce:keywords id="keys0001" view="all" class="keyword"><ce:section-title id="cesectitle0002">Keywords</ce:section-title><ce:keyword id="key0001"><ce:text id="cetext0002">Soil microbiome</ce:text></ce:keyword><ce:keyword id="key0002"><ce:text id="cetext0003">Metagenomic next-generation sequencing</ce:text></ce:keyword><ce:keyword id="key0003"><ce:text id="cetext0004">Yok Don national park</ce:text></ce:keyword><ce:keyword id="key0004"><ce:text id="cetext0005">The dry deciduous dipterocarp forest</ce:text></ce:keyword></ce:keywords></ja:head></ja:article></doc:document>
