<doc:document xmlns:doc="http://www.elsevier.com/xml/document/schema" xmlns:dp="http://www.elsevier.com/xml/common/doc-properties/schema" xmlns:cps="http://www.elsevier.com/xml/common/consyn-properties/schema" xmlns:rdf="http://www.w3.org/1999/02/22-rdf-syntax-ns#" xmlns:dct="http://purl.org/dc/terms/" xmlns:prism="http://prismstandard.org/namespaces/basic/2.0/" xmlns:oa="http://vtw.elsevier.com/data/ns/properties/OpenAccess-1/" xmlns:bam="http://vtw.elsevier.com/data/voc/ns/bam-vtw-1/" xmlns:cp="http://vtw.elsevier.com/data/ns/properties/Copyright-1/" xmlns:cja="http://www.elsevier.com/xml/cja/schema" xmlns:ja="http://www.elsevier.com/xml/ja/schema" xmlns:bk="http://www.elsevier.com/xml/bk/schema" xmlns:ce="http://www.elsevier.com/xml/common/schema" xmlns:mml="http://www.w3.org/1998/Math/MathML" xmlns:cals="http://www.elsevier.com/xml/common/cals/schema" xmlns:tb="http://www.elsevier.com/xml/common/table/schema" xmlns:sa="http://www.elsevier.com/xml/common/struct-aff/schema" xmlns:sb="http://www.elsevier.com/xml/common/struct-bib/schema" xmlns:xlink="http://www.w3.org/1999/xlink"><rdf:RDF><rdf:Description rdf:about="http://dx.doi.org/10.1016/j.prmcm.2022.100048"><dct:format>application/xml</dct:format><dct:title>Nanoparticles derived from Scutellaria barbata and Hedytois diffusa herb pair and their anti-cancer activity</dct:title><dct:creator>Jiaxin Zhu</dct:creator><dct:creator>Zhongtao Zhang</dct:creator><dct:creator>Ruyi Wang</dct:creator><dct:creator>Xiaoxian Huang</dct:creator><dct:creator>Ya Zhou</dct:creator><dct:creator>Kexin Zhang</dct:creator><dct:creator>Keke Zhong</dct:creator><dct:creator>Liangping Gong</dct:creator><dct:creator>Yuan Li</dct:creator><dct:creator>Wenyuan Liu</dct:creator><dct:creator>Feng Feng</dct:creator><dct:creator>Wei Qu</dct:creator><dct:subject><rdf:Bag><rdf:li>Scutellaria barbata</rdf:li><rdf:li>Hedyotis diffusa</rdf:li><rdf:li>Herb pair</rdf:li><rdf:li>Nanoparticles</rdf:li><rdf:li>Anti-cancer</rdf:li></rdf:Bag></dct:subject><dct:description>Pharmacological Research - Modern Chinese Medicine 2 (2022). doi:10.1016/j.prmcm.2022.100048</dct:description><prism:aggregationType>journal</prism:aggregationType><prism:publicationName>Pharmacological Research - Modern Chinese Medicine</prism:publicationName><prism:copyright>&#169; 2022 The Authors. Published by Elsevier B.V.</prism:copyright><dct:publisher>Elsevier B.V.</dct:publisher><prism:issn>2667-1425</prism:issn><prism:volume>2</prism:volume><prism:coverDisplayDate>March 2022</prism:coverDisplayDate><prism:doi>10.1016/j.prmcm.2022.100048</prism:doi><prism:url>http://dx.doi.org/10.1016/j.prmcm.2022.100048</prism:url><dct:identifier>doi:10.1016/j.prmcm.2022.100048</dct:identifier><bam:articleNumber>100048</bam:articleNumber><oa:openAccessInformation><oa:openAccessStatus xmlns:xsi="http://www.w3.org/2001/XMLSchema-instance">http://vtw.elsevier.com/data/voc/oa/OpenAccessStatus#Full</oa:openAccessStatus><oa:openAccessEffective xmlns:xsi="http://www.w3.org/2001/XMLSchema-instance">2022-01-11T09:46:46Z</oa:openAccessEffective><oa:sponsor xmlns:xsi="http://www.w3.org/2001/XMLSchema-instance"><oa:sponsorName>China Institutes Tracking agreement</oa:sponsorName><oa:sponsorType>http://vtw.elsevier.com/data/voc/oa/SponsorType#Author</oa:sponsorType></oa:sponsor><oa:userLicense xmlns:xsi="http://www.w3.org/2001/XMLSchema-instance">http://creativecommons.org/licenses/by-nc-nd/4.0/</oa:userLicense></oa:openAccessInformation><cp:licenseLine xmlns:xsi="http://www.w3.org/2001/XMLSchema-instance">This is an open access article under the CC BY-NC-ND license.</cp:licenseLine></rdf:Description></rdf:RDF><dp:document-properties><dp:aggregation-type>Journals</dp:aggregation-type><dp:version-number>S250.1</dp:version-number></dp:document-properties><ja:article docsubtype="fla" version="5.6" xml:lang="en"><ja:item-info><ja:jid>PRMCM</ja:jid><ja:aid>100048</ja:aid><ce:article-number>100048</ce:article-number><ce:pii>S2667-1425(22)00009-4</ce:pii><ce:doi>10.1016/j.prmcm.2022.100048</ce:doi><ce:copyright type="unknown" year="2022"/></ja:item-info><ja:head><ce:title id="tte0002">Nanoparticles derived from <ce:italic>Scutellaria barbata</ce:italic> and <ce:italic>Hedytois diffusa</ce:italic> herb pair and their anti-cancer activity</ce:title><ce:author-group id="aut0001"><ce:author id="au0001" author-id="S2667142522000094-59977c6c5b21e721571569452bb56554"><ce:given-name>Jiaxin</ce:given-name><ce:surname>Zhu</ce:surname><ce:cross-ref refid="aff0001"><ce:sup loc="post">a</ce:sup></ce:cross-ref></ce:author><ce:author id="au0002" author-id="S2667142522000094-6f1cbc8ec44bc22fee131da706966e77"><ce:given-name>Zhongtao</ce:given-name><ce:surname>Zhang</ce:surname><ce:cross-ref refid="aff0001"><ce:sup loc="post">a</ce:sup></ce:cross-ref></ce:author><ce:author id="au0003" author-id="S2667142522000094-75b3fb5e9ad51766916073297c6f17ac"><ce:given-name>Ruyi</ce:given-name><ce:surname>Wang</ce:surname><ce:cross-ref refid="aff0001"><ce:sup loc="post">a</ce:sup></ce:cross-ref></ce:author><ce:author id="au0004" author-id="S2667142522000094-7508691d2d14c6aee3cdd8bfd401dd78"><ce:given-name>Xiaoxian</ce:given-name><ce:surname>Huang</ce:surname><ce:cross-ref refid="aff0001"><ce:sup loc="post">a</ce:sup></ce:cross-ref></ce:author><ce:author id="au0005" author-id="S2667142522000094-f25963d34763d1bfcbb2d9422d2d5c04"><ce:given-name>Ya</ce:given-name><ce:surname>Zhou</ce:surname><ce:cross-ref refid="aff0001"><ce:sup loc="post">a</ce:sup></ce:cross-ref></ce:author><ce:author id="au0006" author-id="S2667142522000094-51978ceef2519e8caf64c80f2485f338"><ce:given-name>Kexin</ce:given-name><ce:surname>Zhang</ce:surname><ce:cross-ref refid="aff0001"><ce:sup loc="post">a</ce:sup></ce:cross-ref></ce:author><ce:author id="au0007" author-id="S2667142522000094-6b468e7d025e8c09d2552f861c22aa15"><ce:given-name>Keke</ce:given-name><ce:surname>Zhong</ce:surname><ce:cross-ref refid="aff0001"><ce:sup loc="post">a</ce:sup></ce:cross-ref></ce:author><ce:author id="au0008" author-id="S2667142522000094-d4cbf56f303da31fa86dd1580d36aedb"><ce:given-name>Liangping</ce:given-name><ce:surname>Gong</ce:surname><ce:cross-ref refid="aff0001"><ce:sup loc="post">a</ce:sup></ce:cross-ref></ce:author><ce:author id="au0009" author-id="S2667142522000094-a7675c0f8cd2c36483474719acef00c5"><ce:given-name>Yuan</ce:given-name><ce:surname>Li</ce:surname><ce:cross-ref refid="aff0004"><ce:sup loc="post">d</ce:sup></ce:cross-ref></ce:author><ce:author id="au0010" author-id="S2667142522000094-7d4057f44e21fabb76f5236ac365a836"><ce:given-name>Wenyuan</ce:given-name><ce:surname>Liu</ce:surname><ce:cross-ref refid="aff0002"><ce:sup loc="post">b</ce:sup></ce:cross-ref></ce:author><ce:author id="au0011" author-id="S2667142522000094-983a51300368087582a540850ddd2482"><ce:given-name>Feng</ce:given-name><ce:surname>Feng</ce:surname><ce:cross-ref refid="aff0001"><ce:sup loc="post">a</ce:sup></ce:cross-ref><ce:cross-ref refid="aff0003"><ce:sup loc="post">c</ce:sup></ce:cross-ref><ce:cross-ref refid="cor0002"><ce:sup loc="post">&#x204e;&#x204e;</ce:sup></ce:cross-ref><ce:e-address id="ead0001" type="email" xlink:href="mailto:fengfeng@cpu.edu.cn">fengfeng@cpu.edu.cn</ce:e-address></ce:author><ce:author id="au0012" author-id="S2667142522000094-28146045627ba63edcfc789690d3c131"><ce:given-name>Wei</ce:given-name><ce:surname>Qu</ce:surname><ce:cross-ref refid="aff0001"><ce:sup loc="post">a</ce:sup></ce:cross-ref><ce:cross-ref refid="cor0001"><ce:sup loc="post">&#x204e;</ce:sup></ce:cross-ref><ce:e-address id="ead0002" type="email" xlink:href="mailto:popoqzh@126.com">popoqzh@126.com</ce:e-address></ce:author><ce:affiliation id="aff0001" affiliation-id="S2667142522000094-9c3dc6429e57d8b1138fa59470709924"><ce:label>a</ce:label><ce:textfn id="cetextfn0001">Department of Natural Medicinal Chemistry, China Pharmaceutical University, Nanjing 211198, People's Republic of China</ce:textfn><sa:affiliation><sa:organization>Department of Natural Medicinal Chemistry</sa:organization><sa:organization>China Pharmaceutical University</sa:organization><sa:city>Nanjing</sa:city><sa:postal-code>211198</sa:postal-code><sa:country>People's Republic of China</sa:country></sa:affiliation><ce:source-text id="staff0001">aDepartment of Natural Medicinal Chemistry, China Pharmaceutical University, Nanjing 211198, People's Republic of China</ce:source-text></ce:affiliation><ce:affiliation id="aff0002" affiliation-id="S2667142522000094-1368885cbc853846e61bd2fcdcdb692e"><ce:label>b</ce:label><ce:textfn id="cetextfn0002">Department of Pharmaceutical Analysis, China Pharmaceutical University, Nanjing 210009, People's Republic of China</ce:textfn><sa:affiliation><sa:organization>Department of Pharmaceutical Analysis,</sa:organization><sa:organization>China Pharmaceutical University</sa:organization><sa:city>Nanjing</sa:city><sa:postal-code>210009</sa:postal-code><sa:country>People's Republic of China</sa:country></sa:affiliation><ce:source-text id="staff0002">bDepartment of Pharmaceutical Analysis, China Pharmaceutical University, Nanjing 210009, People's Republic of China</ce:source-text></ce:affiliation><ce:affiliation id="aff0003" affiliation-id="S2667142522000094-5c3a62278e2cfd0ad8a44f5cb39b9a70"><ce:label>c</ce:label><ce:textfn id="cetextfn0003">Jiangsu Food and Pharmaceutical Science College, Huaian, Jiangsu 223003, People's Republic of China</ce:textfn><sa:affiliation><sa:organization>Jiangsu Food and Pharmaceutical Science College</sa:organization><sa:city>Huaian</sa:city><sa:state>Jiangsu</sa:state><sa:postal-code>223003</sa:postal-code><sa:country>People's Republic of China</sa:country></sa:affiliation><ce:source-text id="staff0003">cJiangsu Food and Pharmaceutical Science College, Huaian, Jiangsu 223003, People's Republic of China</ce:source-text></ce:affiliation><ce:affiliation id="aff0004" affiliation-id="S2667142522000094-19e97ff4f2017e00e4818e71bff61341"><ce:label>d</ce:label><ce:textfn id="cetextfn0004">School of Pharmaceutical Engineering, Jiangsu Food and Pharmaceutical Science College, Huaian, Jiangsu 223003, People's Republic of China</ce:textfn><sa:affiliation><sa:organization>School of Pharmaceutical Engineering</sa:organization><sa:organization>Jiangsu Food and Pharmaceutical Science College</sa:organization><sa:city>Huaian</sa:city><sa:state>Jiangsu</sa:state><sa:postal-code>223003</sa:postal-code><sa:country>People's Republic of China</sa:country></sa:affiliation><ce:source-text id="staff0004">dSchool of Pharmaceutical Engineering, Jiangsu Food and Pharmaceutical Science College, Huaian, Jiangsu 223003, People's Republic of China</ce:source-text></ce:affiliation><ce:correspondence id="cor0001"><ce:label>&#x204e;</ce:label><ce:text id="cetext0001">Corresponding author.</ce:text></ce:correspondence><ce:correspondence id="cor0002"><ce:label>&#x204e;&#x204e;</ce:label><ce:text id="cetext0002">Corresponding author at: Department of Natural Medicinal Chemistry, China Pharmaceutical University, Nanjing 211198, People's Republic of China.</ce:text><sa:affiliation><sa:organization>Department of Natural Medicinal Chemistry</sa:organization><sa:organization>China Pharmaceutical University</sa:organization><sa:city>Nanjing</sa:city><sa:postal-code>211198</sa:postal-code><sa:country>People's Republic of China</sa:country></sa:affiliation></ce:correspondence></ce:author-group><ce:date-received day="20" month="12" year="2021"/><ce:date-revised day="10" month="1" year="2022"/><ce:date-accepted day="11" month="1" year="2022"/><ce:abstract id="abs0001" class="author" view="all"><ce:section-title id="cesectitle0001">Abstract</ce:section-title><ce:abstract-sec id="abss0001" view="all"><ce:section-title id="cesectitle0002">Ethnopharmacological relevance</ce:section-title><ce:simple-para id="spara020" view="all">The <ce:italic>Scutellaria barbata</ce:italic> D.Don and <ce:italic>Hedyotis diffusa</ce:italic> Willd. (SH) herb pair is extensively used in Traditional Chinese medicine for treating cancer, which has a long history in clinical empirical prescriptions, such as "kang ai ping wan (&#x6297;&#x764c;&#x5e73;&#x4e38;)", "er ban er bai decoction (&#x4e8c;&#x534a;&#x4e8c;&#x767d;&#x6c64;)". The ambiguous pharmacological ingredients and compatibility mechanism of SH herb pair promoted the exploration.</ce:simple-para></ce:abstract-sec><ce:abstract-sec id="abss0002" view="all"><ce:section-title id="cesectitle0003">Aim of the study</ce:section-title><ce:simple-para id="spara021" view="all">The characteristics of phytochemicals self-recognition and self-assembly is used to quickly find the active nanoparticles in SH herb pair. And it provides a new strategy for the developing new drugs of TCM.</ce:simple-para></ce:abstract-sec><ce:abstract-sec id="abss0003" role="materials-methods" view="all"><ce:section-title id="cesectitle0004">Methods</ce:section-title><ce:simple-para id="spara022" view="all">The SH-extracted nanoparticles (NPs) were gained by centrifugating from the 70% fractionated that the biological activity-guided by D101 macroporous resin column. The micromorphology of active NPs was observed with transmission electron microscopy (TEM). Dynamic light scattering (DLS), Ultraviolet&#x2212;visible (UV-vis) spectroscopy, Fourier transform infrared (FT-IR) spectroscopy, X-ray diffraction (XRD) and element analysis (EA) were applied for characterizing NPs. The main components were identified by high performance liquid chromatography (HPLC) and HPLC-Q-TOF-MS/MS. Proliferation and migration experiments <ce:italic>in vitro</ce:italic> as well as tumor growth <ce:italic>in vivo</ce:italic> were performed to evaluate NPs on triple negative breast cancer (TNBC).</ce:simple-para></ce:abstract-sec><ce:abstract-sec id="abss0004" role="results" view="all"><ce:section-title id="cesectitle0005">Results</ce:section-title><ce:simple-para id="spara023" view="all">The present article quickly discovered the key active ingredients from SH herb pair<ce:glyph name="sbnd"/>70%SH-NPs, which were mainly composed of aurantiamide acetate (from HD), scutebarbatine A (from SB) and palmitin (from HD). <ce:glyph name="sbnd"/>70%SH-NPs significantly inhibited proliferation and migration of breast cancer cells <ce:italic>in vitro</ce:italic> together with tumor growth in nude mice.</ce:simple-para></ce:abstract-sec><ce:abstract-sec id="abss0005" role="conclusion" view="all"><ce:section-title id="cesectitle0006">Conclusions</ce:section-title><ce:simple-para id="spara024" view="all">The results maybe explain the wisdom of SH herb pair compatibility, that is, the active ingredients of the two single drugs self-assemble to form NPs <ce:italic>via</ce:italic> supramolecular chemical bonds during the decoction process. In summary, the present article might inspire the studies of the relationship between active phytochemicals and NPs in herbs, and the corresponding pharmacological implications.</ce:simple-para></ce:abstract-sec></ce:abstract><ce:abstract id="abs0002" class="graphical" view="all"><ce:section-title id="cesectitle0007">Graphical abstract</ce:section-title><ce:abstract-sec id="abss0007" view="all"><ce:simple-para id="spara025" view="all">Inspired by supramolecular self-assembly, the present article quickly discovered the key active ingredients from SH herb pair <ce:glyph name="sbnd"/>70%SH-NPs, which were mainly composed of aurantiamide acetate, scutebarbatine A and palmitin. The <ce:glyph name="sbnd"/>70%SH-NPs significantly inhibited proliferation and migration of breast cancer cells <ce:italic>in vitro</ce:italic> together with tumor growth in nude mice compared to SH total extract  [Display omitted] .</ce:simple-para></ce:abstract-sec></ce:abstract><ce:keywords id="keys0001" view="all" class="keyword"><ce:section-title id="cesectitle0008">Keywords</ce:section-title><ce:keyword id="key0001"><ce:text id="cetext0003"><ce:italic>Scutellaria barbata</ce:italic></ce:text></ce:keyword><ce:keyword id="key0002"><ce:text id="cetext0004"><ce:italic>Hedyotis diffusa</ce:italic></ce:text></ce:keyword><ce:keyword id="key0003"><ce:text id="cetext0005">Herb pair</ce:text></ce:keyword><ce:keyword id="key0004"><ce:text id="cetext0006">Nanoparticles</ce:text></ce:keyword><ce:keyword id="key0005"><ce:text id="cetext0007">Anti-cancer</ce:text></ce:keyword></ce:keywords></ja:head></ja:article></doc:document>
