<doc:document xmlns:doc="http://www.elsevier.com/xml/document/schema" xmlns:dp="http://www.elsevier.com/xml/common/doc-properties/schema" xmlns:cps="http://www.elsevier.com/xml/common/consyn-properties/schema" xmlns:rdf="http://www.w3.org/1999/02/22-rdf-syntax-ns#" xmlns:dct="http://purl.org/dc/terms/" xmlns:prism="http://prismstandard.org/namespaces/basic/2.0/" xmlns:oa="http://vtw.elsevier.com/data/ns/properties/OpenAccess-1/" xmlns:bam="http://vtw.elsevier.com/data/voc/ns/bam-vtw-1/" xmlns:cp="http://vtw.elsevier.com/data/ns/properties/Copyright-1/" xmlns:cja="http://www.elsevier.com/xml/cja/schema" xmlns:ja="http://www.elsevier.com/xml/ja/schema" xmlns:bk="http://www.elsevier.com/xml/bk/schema" xmlns:ce="http://www.elsevier.com/xml/common/schema" xmlns:mml="http://www.w3.org/1998/Math/MathML" xmlns:cals="http://www.elsevier.com/xml/common/cals/schema" xmlns:tb="http://www.elsevier.com/xml/common/table/schema" xmlns:sa="http://www.elsevier.com/xml/common/struct-aff/schema" xmlns:sb="http://www.elsevier.com/xml/common/struct-bib/schema" xmlns:xlink="http://www.w3.org/1999/xlink"><rdf:RDF><rdf:Description rdf:about="http://dx.doi.org/10.1016/j.dib.2021.107482"><dct:format>application/xml</dct:format><dct:title>Readiness for digital transformation of higher education in the Covid-19 context: The dataset of Vietnam's students</dct:title><dct:creator>Huyen Pham</dct:creator><dct:creator>Que-Nhi Tran</dct:creator><dct:creator>Gia-Long La</dct:creator><dct:creator>Ha-My Doan</dct:creator><dct:creator>Tien-Duc Vu</dct:creator><dct:subject><rdf:Bag><rdf:li>Digital transformation</rdf:li><rdf:li>Covid19</rdf:li><rdf:li>Awareness</rdf:li><rdf:li>Attitude</rdf:li><rdf:li>Self-study</rdf:li><rdf:li>TAM model</rdf:li></rdf:Bag></dct:subject><dct:description>Data in Brief 39 (2021). doi:10.1016/j.dib.2021.107482</dct:description><prism:aggregationType>journal</prism:aggregationType><prism:publicationName>Data in Brief</prism:publicationName><prism:copyright>&#169; 2021 The Author(s). Published by Elsevier Inc.</prism:copyright><dct:publisher>Elsevier Inc.</dct:publisher><prism:issn>2352-3409</prism:issn><prism:volume>39</prism:volume><prism:coverDisplayDate>December 2021</prism:coverDisplayDate><prism:doi>10.1016/j.dib.2021.107482</prism:doi><prism:url>http://dx.doi.org/10.1016/j.dib.2021.107482</prism:url><dct:identifier>doi:10.1016/j.dib.2021.107482</dct:identifier><bam:articleNumber>107482</bam:articleNumber><oa:openAccessInformation><oa:openAccessStatus xmlns:xsi="http://www.w3.org/2001/XMLSchema-instance">http://vtw.elsevier.com/data/voc/oa/OpenAccessStatus#Full</oa:openAccessStatus><oa:openAccessEffective xmlns:xsi="http://www.w3.org/2001/XMLSchema-instance">2021-10-12T14:50:57Z</oa:openAccessEffective><oa:sponsor xmlns:xsi="http://www.w3.org/2001/XMLSchema-instance"><oa:sponsorType>http://vtw.elsevier.com/data/voc/oa/SponsorType#Author</oa:sponsorType></oa:sponsor><oa:userLicense xmlns:xsi="http://www.w3.org/2001/XMLSchema-instance">http://creativecommons.org/licenses/by/4.0/</oa:userLicense></oa:openAccessInformation><cp:licenseLine xmlns:xsi="http://www.w3.org/2001/XMLSchema-instance">This is an open access article under the CC BY license.</cp:licenseLine></rdf:Description></rdf:RDF><dp:document-properties><dp:aggregation-type>Journals</dp:aggregation-type><dp:version-number>S300.1</dp:version-number></dp:document-properties><ja:article docsubtype="dat" version="5.6" xml:lang="en"><ja:item-info><ja:jid>DIB</ja:jid><ja:aid>107482</ja:aid><ce:article-number>107482</ce:article-number><ce:pii>S2352-3409(21)00763-0</ce:pii><ce:doi>10.1016/j.dib.2021.107482</ce:doi><ce:copyright type="unknown" year="2021"/></ja:item-info><ja:head><ce:dochead id="dchd0001"><ce:textfn id="dhtxt0001">Data Article</ce:textfn></ce:dochead><ce:title id="tte0002">Readiness for digital transformation of higher education in the Covid-19 context: The dataset of Vietnam's students</ce:title><ce:author-group id="aut0001"><ce:author id="au0001" author-id="S2352340921007630-881026d917cba2b29166adcc530df3fe"><ce:given-name>Huyen</ce:given-name><ce:surname>Pham</ce:surname><ce:contributor-role role="http://credit.niso.org/contributor-roles/conceptualization">Conceptualization</ce:contributor-role><ce:contributor-role role="http://credit.niso.org/contributor-roles/methodology">Methodology</ce:contributor-role><ce:contributor-role role="http://credit.niso.org/contributor-roles/project-administration">Project administration</ce:contributor-role><ce:cross-ref refid="cor0001"><ce:sup loc="post">&#x204e;</ce:sup></ce:cross-ref><ce:e-address id="ead0001" type="email" xlink:href="mailto:huyenpt@neu.edu.vn">huyenpt@neu.edu.vn</ce:e-address></ce:author><ce:author id="au0002" author-id="S2352340921007630-e5a13395d7ccd30a9a7d3026aaf4fdab"><ce:given-name>Que-Nhi</ce:given-name><ce:surname>Tran</ce:surname><ce:contributor-role role="http://credit.niso.org/contributor-roles/formal-analysis">Formal analysis</ce:contributor-role><ce:contributor-role role="http://credit.niso.org/contributor-roles/writing-original-draft">Writing &#x2013; original draft</ce:contributor-role><ce:contributor-role role="http://credit.niso.org/contributor-roles/supervision">Supervision</ce:contributor-role></ce:author><ce:author id="au0003" author-id="S2352340921007630-313709d2916cc0abb65a58c81442cea7"><ce:given-name>Gia-Long</ce:given-name><ce:surname>La</ce:surname><ce:contributor-role role="http://credit.niso.org/contributor-roles/data-curation">Data curation</ce:contributor-role><ce:contributor-role role="http://credit.niso.org/contributor-roles/writing-original-draft">Writing &#x2013; original draft</ce:contributor-role><ce:contributor-role role="http://credit.niso.org/contributor-roles/visualization">Visualization</ce:contributor-role></ce:author><ce:author id="au0004" author-id="S2352340921007630-9923472ce068cf152a4433a5de6292c3" orcid="0000-0002-1494-9247"><ce:given-name>Ha-My</ce:given-name><ce:surname>Doan</ce:surname><ce:contributor-role role="http://credit.niso.org/contributor-roles/validation">Validation</ce:contributor-role><ce:contributor-role role="http://credit.niso.org/contributor-roles/writing-review-editing">Writing &#x2013; review &amp; editing</ce:contributor-role></ce:author><ce:author id="au0005" author-id="S2352340921007630-acca6ee7b66d54757dfc43591a2d9572" orcid="0000-0003-0790-403X"><ce:given-name>Tien-Duc</ce:given-name><ce:surname>Vu</ce:surname><ce:contributor-role role="http://credit.niso.org/contributor-roles/resources">Resources</ce:contributor-role><ce:contributor-role role="http://credit.niso.org/contributor-roles/writing-review-editing">Writing &#x2013; review &amp; editing</ce:contributor-role></ce:author><ce:affiliation id="aff0001" affiliation-id="S2352340921007630-737340faf562e7c687b7d3da82543148"><ce:textfn id="cetextfn0001">Marketing Faculty, National Economics University, Hanoi 100000, Viet Nam</ce:textfn><sa:affiliation><sa:organization>Marketing Faculty</sa:organization><sa:organization>National Economics University</sa:organization><sa:city>Hanoi</sa:city><sa:postal-code>100000</sa:postal-code><sa:country>Viet Nam</sa:country></sa:affiliation><ce:source-text id="staff0001">Marketing Faculty, National Economics University, Hanoi 100000, Viet Nam</ce:source-text></ce:affiliation><ce:correspondence id="cor0001"><ce:label>&#x204e;</ce:label><ce:text id="cetext0001">Corresponding author.</ce:text></ce:correspondence></ce:author-group><ce:date-received day="15" month="6" year="2021"/><ce:date-revised day="7" month="10" year="2021"/><ce:date-accepted day="11" month="10" year="2021"/><ce:abstract id="abs0001" view="all" class="author"><ce:section-title id="cesectitle0001">Abstract</ce:section-title><ce:abstract-sec id="abss0001" view="all"><ce:simple-para id="spara012" view="all">With the development of digital technology, Vietnam's education has been undergoing significant changes. This is considered one of the eight important fields of the National Digital Transformation, so it needs to take advantage of opportunities to be able to train high-quality human resources according to international standards. Beside, the Covid-19 pandemic has quickly put pressure on the previously predicted trends in education such as the &#x201c;Future University&#x201d;. This paper shows the data of an investigation on the factors affecting the readiness of Vietnamese students for digital transformation in the above context. The data is built based on the TAM model and sociological investigation method to collect multidimensional information from many perspectives of different individuals to have a basis for assessing the level of influence. The survey includes the main questions corresponding to the independent variables in the model: Self-study ability, Attitude, Perceived Usefulness, Perceived Ease of Use, and Covid-19. The authors distributed the questionnaire online and collected 913 valid responses.</ce:simple-para></ce:abstract-sec></ce:abstract><ce:keywords id="keys0001" view="all" class="keyword"><ce:section-title id="cesectitle0002">Keywords</ce:section-title><ce:keyword id="key0001"><ce:text id="cetext0002">Digital transformation</ce:text></ce:keyword><ce:keyword id="key0002"><ce:text id="cetext0003">Covid19</ce:text></ce:keyword><ce:keyword id="key0003"><ce:text id="cetext0004">Awareness</ce:text></ce:keyword><ce:keyword id="key0004"><ce:text id="cetext0005">Attitude</ce:text></ce:keyword><ce:keyword id="key0005"><ce:text id="cetext0006">Self-study</ce:text></ce:keyword><ce:keyword id="key0006"><ce:text id="cetext0007">TAM model</ce:text></ce:keyword></ce:keywords></ja:head></ja:article></doc:document>
