<doc:document xmlns:doc="http://www.elsevier.com/xml/document/schema" xmlns:dp="http://www.elsevier.com/xml/common/doc-properties/schema" xmlns:cps="http://www.elsevier.com/xml/common/consyn-properties/schema" xmlns:rdf="http://www.w3.org/1999/02/22-rdf-syntax-ns#" xmlns:dct="http://purl.org/dc/terms/" xmlns:prism="http://prismstandard.org/namespaces/basic/2.0/" xmlns:oa="http://vtw.elsevier.com/data/ns/properties/OpenAccess-1/" xmlns:bam="http://vtw.elsevier.com/data/voc/ns/bam-vtw-1/" xmlns:cp="http://vtw.elsevier.com/data/ns/properties/Copyright-1/" xmlns:cja="http://www.elsevier.com/xml/cja/schema" xmlns:ja="http://www.elsevier.com/xml/ja/schema" xmlns:bk="http://www.elsevier.com/xml/bk/schema" xmlns:ce="http://www.elsevier.com/xml/common/schema" xmlns:mml="http://www.w3.org/1998/Math/MathML" xmlns:cals="http://www.elsevier.com/xml/common/cals/schema" xmlns:tb="http://www.elsevier.com/xml/common/table/schema" xmlns:sa="http://www.elsevier.com/xml/common/struct-aff/schema" xmlns:sb="http://www.elsevier.com/xml/common/struct-bib/schema" xmlns:xlink="http://www.w3.org/1999/xlink"><rdf:RDF><rdf:Description rdf:about="http://dx.doi.org/10.1016/j.dib.2022.107844"><dct:format>application/xml</dct:format><dct:title>Problem instances dataset of a real-world sequencing problem with transition constraints and asymmetric costs</dct:title><dct:creator>Nicol&#225;s &#193;lvarez-Gil</dct:creator><dct:creator>Segundo &#193;lvarez Garc&#237;a</dct:creator><dct:creator>Rafael Rosillo</dct:creator><dct:creator>David de la Fuente</dct:creator><dct:subject><rdf:Bag><rdf:li>Steel industry</rdf:li><rdf:li>Combinatorial optimization</rdf:li><rdf:li>Manufacturing scheduling</rdf:li><rdf:li>Metaheuristics</rdf:li></rdf:Bag></dct:subject><dct:description>Data in Brief 41 (2022). doi:10.1016/j.dib.2022.107844</dct:description><prism:aggregationType>journal</prism:aggregationType><prism:publicationName>Data in Brief</prism:publicationName><prism:copyright>&#169; 2022 The Authors. Published by Elsevier Inc.</prism:copyright><dct:publisher>Elsevier Inc.</dct:publisher><prism:issn>2352-3409</prism:issn><prism:volume>41</prism:volume><prism:coverDisplayDate>April 2022</prism:coverDisplayDate><prism:doi>10.1016/j.dib.2022.107844</prism:doi><prism:url>http://dx.doi.org/10.1016/j.dib.2022.107844</prism:url><dct:identifier>doi:10.1016/j.dib.2022.107844</dct:identifier><bam:articleNumber>107844</bam:articleNumber><oa:openAccessInformation><oa:openAccessStatus xmlns:xsi="http://www.w3.org/2001/XMLSchema-instance">http://vtw.elsevier.com/data/voc/oa/OpenAccessStatus#Full</oa:openAccessStatus><oa:openAccessEffective xmlns:xsi="http://www.w3.org/2001/XMLSchema-instance">2022-01-16T13:44:26Z</oa:openAccessEffective><oa:sponsor xmlns:xsi="http://www.w3.org/2001/XMLSchema-instance"><oa:sponsorName>Spain OA journals discount: 2021</oa:sponsorName><oa:sponsorType>http://vtw.elsevier.com/data/voc/oa/SponsorType#FundingBody</oa:sponsorType></oa:sponsor><oa:userLicense xmlns:xsi="http://www.w3.org/2001/XMLSchema-instance">http://creativecommons.org/licenses/by-nc-nd/4.0/</oa:userLicense></oa:openAccessInformation><cp:licenseLine xmlns:xsi="http://www.w3.org/2001/XMLSchema-instance">This is an open access article under the CC BY-NC-ND license.</cp:licenseLine></rdf:Description></rdf:RDF><dp:document-properties><dp:aggregation-type>Journals</dp:aggregation-type><dp:version-number>S250.1</dp:version-number></dp:document-properties><ja:article docsubtype="dat" version="5.6" xml:lang="en"><ja:item-info><ja:jid>DIB</ja:jid><ja:aid>107844</ja:aid><ce:article-number>107844</ce:article-number><ce:pii>S2352-3409(22)00056-7</ce:pii><ce:doi>10.1016/j.dib.2022.107844</ce:doi><ce:document-thread><ce:refers-to-document id="ref0001"><ce:pii>S0360-8352(21)00812-3</ce:pii><ce:doi>10.1016/j.cie.2021.107908</ce:doi></ce:refers-to-document></ce:document-thread><ce:copyright type="unknown" year="2022"/></ja:item-info><ja:head><ce:dochead id="dchd0001"><ce:textfn id="dhtxt0001">Data Article</ce:textfn></ce:dochead><ce:title id="tte0002">Problem instances dataset of a real-world sequencing problem with transition constraints and asymmetric costs</ce:title><ce:author-group id="aut0001"><ce:author id="au0001" author-id="S2352340922000567-0b5bdd8aed2693ad9f8194c64518c617"><ce:given-name>Nicol&#225;s</ce:given-name><ce:surname>&#193;lvarez-Gil</ce:surname><ce:contributor-role role="http://credit.niso.org/contributor-roles/conceptualization">Conceptualization</ce:contributor-role><ce:contributor-role role="http://credit.niso.org/contributor-roles/methodology">Methodology</ce:contributor-role><ce:contributor-role role="http://credit.niso.org/contributor-roles/software">Software</ce:contributor-role><ce:contributor-role role="http://credit.niso.org/contributor-roles/formal-analysis">Formal analysis</ce:contributor-role><ce:contributor-role role="http://credit.niso.org/contributor-roles/investigation">Investigation</ce:contributor-role><ce:contributor-role role="http://credit.niso.org/contributor-roles/resources">Resources</ce:contributor-role><ce:contributor-role role="http://credit.niso.org/contributor-roles/writing-original-draft">Writing &#x2013; original draft</ce:contributor-role><ce:contributor-role role="http://credit.niso.org/contributor-roles/writing-review-editing">Writing &#x2013; review &amp; editing</ce:contributor-role><ce:contributor-role role="http://credit.niso.org/contributor-roles/data-curation">Data curation</ce:contributor-role><ce:cross-ref refid="aff0001"><ce:sup loc="post">a</ce:sup></ce:cross-ref><ce:cross-ref refid="cor0001"><ce:sup loc="post">&#x204e;</ce:sup></ce:cross-ref><ce:e-address id="ead0001" type="email" xlink:href="mailto:alvareznicolas@uniovi.es">alvareznicolas@uniovi.es</ce:e-address></ce:author><ce:author id="au0002" author-id="S2352340922000567-e1a2bdcafe4608f4d47bcab25c0ec3e4"><ce:given-name>Segundo &#193;lvarez</ce:given-name><ce:surname>Garc&#237;a</ce:surname><ce:contributor-role role="http://credit.niso.org/contributor-roles/conceptualization">Conceptualization</ce:contributor-role><ce:contributor-role role="http://credit.niso.org/contributor-roles/methodology">Methodology</ce:contributor-role><ce:contributor-role role="http://credit.niso.org/contributor-roles/software">Software</ce:contributor-role><ce:contributor-role role="http://credit.niso.org/contributor-roles/formal-analysis">Formal analysis</ce:contributor-role><ce:contributor-role role="http://credit.niso.org/contributor-roles/investigation">Investigation</ce:contributor-role><ce:contributor-role role="http://credit.niso.org/contributor-roles/resources">Resources</ce:contributor-role><ce:contributor-role role="http://credit.niso.org/contributor-roles/writing-review-editing">Writing &#x2013; review &amp; editing</ce:contributor-role><ce:contributor-role role="http://credit.niso.org/contributor-roles/data-curation">Data curation</ce:contributor-role><ce:cross-ref refid="aff0002"><ce:sup loc="post">b</ce:sup></ce:cross-ref></ce:author><ce:author id="au0003" author-id="S2352340922000567-45f3dff315453405735dbac9e5021747"><ce:given-name>Rafael</ce:given-name><ce:surname>Rosillo</ce:surname><ce:contributor-role role="http://credit.niso.org/contributor-roles/conceptualization">Conceptualization</ce:contributor-role><ce:contributor-role role="http://credit.niso.org/contributor-roles/methodology">Methodology</ce:contributor-role><ce:contributor-role role="http://credit.niso.org/contributor-roles/visualization">Visualization</ce:contributor-role><ce:contributor-role role="http://credit.niso.org/contributor-roles/investigation">Investigation</ce:contributor-role><ce:contributor-role role="http://credit.niso.org/contributor-roles/supervision">Supervision</ce:contributor-role><ce:contributor-role role="http://credit.niso.org/contributor-roles/writing-review-editing">Writing &#x2013; review &amp; editing</ce:contributor-role><ce:cross-ref refid="aff0001"><ce:sup loc="post">a</ce:sup></ce:cross-ref></ce:author><ce:author id="au0004" author-id="S2352340922000567-1752ee86b14c48b36eac3c3f817b8b3c"><ce:given-name>David</ce:given-name><ce:surname>de la Fuente</ce:surname><ce:contributor-role role="http://credit.niso.org/contributor-roles/conceptualization">Conceptualization</ce:contributor-role><ce:contributor-role role="http://credit.niso.org/contributor-roles/investigation">Investigation</ce:contributor-role><ce:contributor-role role="http://credit.niso.org/contributor-roles/supervision">Supervision</ce:contributor-role><ce:cross-ref refid="aff0001"><ce:sup loc="post">a</ce:sup></ce:cross-ref></ce:author><ce:affiliation id="aff0001" affiliation-id="S2352340922000567-8e0894d3c2be37bf5eb34b7e8dc6f624"><ce:label>a</ce:label><ce:textfn id="cetextfn0001">Department of Business Administration, University of Oviedo, C\ Luis Ortiz Berrocal s/n Campus de Gij&#243;n, Gij&#243;n, Asturias 33203, Spain</ce:textfn><sa:affiliation><sa:organization>Department of Business Administration</sa:organization><sa:organization>University of Oviedo</sa:organization><sa:address-line>C\ Luis Ortiz Berrocal s/n Campus de Gij&#243;n</sa:address-line><sa:city>Gij&#243;n</sa:city><sa:state>Asturias</sa:state><sa:postal-code>33203</sa:postal-code><sa:country>Spain</sa:country></sa:affiliation><ce:source-text id="staff0001">aDepartment of Business Administration, University of Oviedo, C\ Luis Ortiz Berrocal s/n Campus de Gij&#243;n, Gij&#243;n, Asturias 33203, Spain</ce:source-text></ce:affiliation><ce:affiliation id="aff0002" affiliation-id="S2352340922000567-1203a7e1b36297c05c4b21074f403804"><ce:label>b</ce:label><ce:textfn id="cetextfn0002">ArcelorMittal Global R&amp;D Asturias, P.O. Box 90, Avil&#233;s, Asturias 33400, Spain</ce:textfn><sa:affiliation><sa:organization>ArcelorMittal Global R&amp;D Asturias</sa:organization><sa:address-line>P.O. Box 90</sa:address-line><sa:city>Avil&#233;s</sa:city><sa:state>Asturias</sa:state><sa:postal-code>33400</sa:postal-code><sa:country>Spain</sa:country></sa:affiliation><ce:source-text id="staff0002">bArcelorMittal Global R&amp;D Asturias, P.O. Box 90, Avil&#233;s, Asturias 33400, Spain</ce:source-text></ce:affiliation><ce:correspondence id="cor0001"><ce:label>&#x204e;</ce:label><ce:text id="cetext0001">Corresponding author.</ce:text></ce:correspondence></ce:author-group><ce:date-received day="24" month="12" year="2021"/><ce:date-revised day="11" month="1" year="2022"/><ce:date-accepted day="14" month="1" year="2022"/><ce:abstract id="abs0001" view="all" class="author"><ce:section-title id="cesectitle0001">Abstract</ce:section-title><ce:abstract-sec id="abss0001" view="all"><ce:simple-para id="spara003" view="all">This data article describes 30 instances of the real-world problem of sequencing steel coils in a continuous galvanizing line. Each instance is represented by a cost matrix that gives information of the cost of sequencing each pair of coils or items together (e.g. a transition). Some transitions are forbidden due to technical limitations of the line and/or because of the properties of the coils, what makes the problem more challenging. These costs were previously obtained by a cost model that estimates the final cost of each transition for a set of coils to be sequenced in the line. Although the instances come from this real context, the problem can be theoretically seen as finding a minimum cost Hamiltonian path (e.g. a minimum cost feasible production sequence with all the coils appearing just once). It is a well-known NP-Hard combinatorial optimization problem. Since these instances represent real challenges found in the industry, they can be very useful for algorithm development and testing. Due to the cost distributions obtained for the given coils, just finding a feasible sequence can be a challenging task, especially for some types of approximate algorithms (Alvarez-Gil et&#160;al., 2022).</ce:simple-para></ce:abstract-sec></ce:abstract><ce:keywords id="keys0001" view="all" class="keyword"><ce:section-title id="cesectitle0002">Keywords</ce:section-title><ce:keyword id="key0001"><ce:text id="cetext0002">Steel industry</ce:text></ce:keyword><ce:keyword id="key0002"><ce:text id="cetext0003">Combinatorial optimization</ce:text></ce:keyword><ce:keyword id="key0003"><ce:text id="cetext0004">Manufacturing scheduling</ce:text></ce:keyword><ce:keyword id="key0004"><ce:text id="cetext0005">Metaheuristics</ce:text></ce:keyword></ce:keywords></ja:head></ja:article></doc:document>
