<doc:document xmlns:doc="http://www.elsevier.com/xml/document/schema" xmlns:dp="http://www.elsevier.com/xml/common/doc-properties/schema" xmlns:cps="http://www.elsevier.com/xml/common/consyn-properties/schema" xmlns:rdf="http://www.w3.org/1999/02/22-rdf-syntax-ns#" xmlns:dct="http://purl.org/dc/terms/" xmlns:prism="http://prismstandard.org/namespaces/basic/2.0/" xmlns:oa="http://vtw.elsevier.com/data/ns/properties/OpenAccess-1/" xmlns:bam="http://vtw.elsevier.com/data/voc/ns/bam-vtw-1/" xmlns:cp="http://vtw.elsevier.com/data/ns/properties/Copyright-1/" xmlns:cja="http://www.elsevier.com/xml/cja/schema" xmlns:ja="http://www.elsevier.com/xml/ja/schema" xmlns:bk="http://www.elsevier.com/xml/bk/schema" xmlns:ce="http://www.elsevier.com/xml/common/schema" xmlns:mml="http://www.w3.org/1998/Math/MathML" xmlns:cals="http://www.elsevier.com/xml/common/cals/schema" xmlns:tb="http://www.elsevier.com/xml/common/table/schema" xmlns:sa="http://www.elsevier.com/xml/common/struct-aff/schema" xmlns:sb="http://www.elsevier.com/xml/common/struct-bib/schema" xmlns:xlink="http://www.w3.org/1999/xlink"><rdf:RDF><rdf:Description rdf:about="http://dx.doi.org/10.1016/j.dib.2021.107504"><dct:format>application/xml</dct:format><dct:title>Wind tunnel measurement dataset of 3D turbulent flow around a group of generic buildings with and without a high-rise building</dct:title><dct:creator>Yoshihide Tominaga</dct:creator><dct:creator>Mohammadreza Shirzadi</dct:creator><dct:subject><rdf:Bag><rdf:li>Wind tunnel experiment</rdf:li><rdf:li>Velocity magnitude</rdf:li><rdf:li>Turbulent statistics</rdf:li><rdf:li>Gust factor</rdf:li><rdf:li>Urban blocks</rdf:li><rdf:li>High-rise building</rdf:li><rdf:li>Wind pressure coefficient</rdf:li><rdf:li>Pedestrian wind environment</rdf:li></rdf:Bag></dct:subject><dct:description>Data in Brief 39 (2021). doi:10.1016/j.dib.2021.107504</dct:description><prism:aggregationType>journal</prism:aggregationType><prism:publicationName>Data in Brief</prism:publicationName><prism:copyright>&#169; 2021 The Authors. Published by Elsevier Inc.</prism:copyright><dct:publisher>Elsevier Inc.</dct:publisher><prism:issn>2352-3409</prism:issn><prism:volume>39</prism:volume><prism:coverDisplayDate>December 2021</prism:coverDisplayDate><prism:doi>10.1016/j.dib.2021.107504</prism:doi><prism:url>http://dx.doi.org/10.1016/j.dib.2021.107504</prism:url><dct:identifier>doi:10.1016/j.dib.2021.107504</dct:identifier><bam:articleNumber>107504</bam:articleNumber><oa:openAccessInformation><oa:openAccessStatus xmlns:xsi="http://www.w3.org/2001/XMLSchema-instance">http://vtw.elsevier.com/data/voc/oa/OpenAccessStatus#Full</oa:openAccessStatus><oa:openAccessEffective xmlns:xsi="http://www.w3.org/2001/XMLSchema-instance">2021-10-20T14:07:10Z</oa:openAccessEffective><oa:sponsor xmlns:xsi="http://www.w3.org/2001/XMLSchema-instance"><oa:sponsorType>http://vtw.elsevier.com/data/voc/oa/SponsorType#Author</oa:sponsorType></oa:sponsor><oa:userLicense xmlns:xsi="http://www.w3.org/2001/XMLSchema-instance">http://creativecommons.org/licenses/by/4.0/</oa:userLicense></oa:openAccessInformation><cp:licenseLine xmlns:xsi="http://www.w3.org/2001/XMLSchema-instance">This is an open access article under the CC BY license.</cp:licenseLine></rdf:Description></rdf:RDF><dp:document-properties><dp:aggregation-type>Journals</dp:aggregation-type><dp:version-number>S300.1</dp:version-number></dp:document-properties><ja:article docsubtype="dat" version="5.6" xml:lang="en"><ja:item-info><ja:jid>DIB</ja:jid><ja:aid>107504</ja:aid><ce:article-number>107504</ce:article-number><ce:pii>S2352-3409(21)00785-X</ce:pii><ce:doi>10.1016/j.dib.2021.107504</ce:doi><ce:document-thread><ce:refers-to-document id="ref0001"><ce:pii>S0360-1323(21)00786-1</ce:pii><ce:doi>10.1016/j.buildenv.2021.108389</ce:doi></ce:refers-to-document></ce:document-thread><ce:copyright type="other" year="2021">The Authors</ce:copyright></ja:item-info><ja:head><ce:dochead id="dchd0001"><ce:textfn id="dhtxt0001">Data Article</ce:textfn></ce:dochead><ce:title id="tte0002">Wind tunnel measurement dataset of 3D turbulent flow around a group of generic buildings with and without a high-rise building</ce:title><ce:author-group id="aut0001"><ce:author id="au0001" author-id="S235234092100785X-71e4444fd07f184a34fb106335bdc4ad" orcid="0000-0002-4329-0787"><ce:given-name>Yoshihide</ce:given-name><ce:surname>Tominaga</ce:surname><ce:contributor-role role="http://credit.niso.org/contributor-roles/conceptualization">Conceptualization</ce:contributor-role><ce:contributor-role role="http://credit.niso.org/contributor-roles/methodology">Methodology</ce:contributor-role><ce:contributor-role role="http://credit.niso.org/contributor-roles/resources">Resources</ce:contributor-role><ce:contributor-role role="http://credit.niso.org/contributor-roles/funding-acquisition">Funding acquisition</ce:contributor-role><ce:cross-ref refid="aff0001"><ce:sup loc="post">a</ce:sup></ce:cross-ref></ce:author><ce:author id="au0002" author-id="S235234092100785X-e4af7197b583947a72d5ae228e7c37db"><ce:given-name>Mohammadreza</ce:given-name><ce:surname>Shirzadi</ce:surname><ce:contributor-role role="http://credit.niso.org/contributor-roles/methodology">Methodology</ce:contributor-role><ce:contributor-role role="http://credit.niso.org/contributor-roles/validation">Validation</ce:contributor-role><ce:contributor-role role="http://credit.niso.org/contributor-roles/formal-analysis">Formal analysis</ce:contributor-role><ce:contributor-role role="http://credit.niso.org/contributor-roles/investigation">Investigation</ce:contributor-role><ce:contributor-role role="http://credit.niso.org/contributor-roles/writing-original-draft">Writing &#x2013; original draft</ce:contributor-role><ce:cross-ref refid="aff0002"><ce:sup loc="post">b</ce:sup></ce:cross-ref><ce:cross-ref refid="cor0001"><ce:sup loc="post">&#x204e;</ce:sup></ce:cross-ref><ce:e-address id="ead0001" type="email" xlink:href="mailto:shirzadi@hiroshima-u.ac.jp">shirzadi@hiroshima-u.ac.jp</ce:e-address></ce:author><ce:affiliation id="aff0001" affiliation-id="S235234092100785X-0818e5b5205123267407991ce0500f49"><ce:label>a</ce:label><ce:textfn id="cetextfn0001">Wind and Fluid Engineering Research Center, Niigata Institute of Technology, 1719 Fujihashi, Kashiwazaki, Japan</ce:textfn><sa:affiliation><sa:organization>Wind and Fluid Engineering Research Center</sa:organization><sa:organization>Niigata Institute of Technology</sa:organization><sa:address-line>1719 Fujihashi</sa:address-line><sa:city>Kashiwazaki</sa:city><sa:country>Japan</sa:country></sa:affiliation><ce:source-text id="staff0001">aWind and Fluid Engineering Research Center, Niigata Institute of Technology, 1719 Fujihashi, Kashiwazaki, Japan</ce:source-text></ce:affiliation><ce:affiliation id="aff0002" affiliation-id="S235234092100785X-08a72161f2f5a639ea7ac0e0ab4fecb6"><ce:label>b</ce:label><ce:textfn id="cetextfn0002">Chemical Engineering Department, Graduate School of Advanced Science and Engineering, Hiroshima University, 1-4-1, Kagamiyama, Higashi Hiroshima, Japan</ce:textfn><sa:affiliation><sa:organization>Chemical Engineering Department, Graduate School of Advanced Science and Engineering</sa:organization><sa:organization>Hiroshima University</sa:organization><sa:city>Higashi Hiroshima</sa:city><sa:postal-code>1-4-1, Kagamiyama</sa:postal-code><sa:country>Japan</sa:country></sa:affiliation><ce:source-text id="staff0002">bChemical Engineering Department, Graduate School of Advanced Science and Engineering, Hiroshima University, 1-4-1, Kagamiyama, Higashi Hiroshima, Japan</ce:source-text></ce:affiliation><ce:correspondence id="cor0001"><ce:label>&#x204e;</ce:label><ce:text id="cetext0001">Corresponding author.</ce:text></ce:correspondence></ce:author-group><ce:date-received day="2" month="10" year="2021"/><ce:date-revised day="15" month="10" year="2021"/><ce:date-accepted day="19" month="10" year="2021"/><ce:abstract id="abs0001" view="all" class="author"><ce:section-title id="cesectitle0001">Abstract</ce:section-title><ce:abstract-sec id="abss0001" view="all"><ce:simple-para id="spara004" view="all">This paper presents a high tempo-spatial resolution dataset of the three-dimensional (3D) turbulent flow over a group of generic buildings with and without a high-rise building measured in an atmospheric boundary layer wind tunnel. This dataset is the basis of the study reported in the research article entitled &#x201c;Wind tunnel measurement of three-dimensional turbulent flow structures around a building group: Impact of high-rise buildings on pedestrian wind environment&#x201d; by Tominaga and Shirzadi (2021), which investigates the effect of a high-rise building on the pedestrian wind environment formed around the surrounding buildings and its interaction mechanism with the street flow at the pedestrian height. The instantaneous velocity vectors over a vertical central plane and a horizontal plane and the time-averaged surface pressure over the central building were measured for two cases consisting of a low-rise (Case 1H) and high-rise (Case 3H) buildings, which are in the center of a group of eight low-rise cubic buildings at a regular arrangement with an urban planar area density of 0.25. Data acquisition procedure and measurements details are explained in this paper. Time-averaged values of three velocity components and surface pressure coefficients, and turbulent statistics, i.e. turbulent kinetic energy and normal component of the Reynolds stresses are presented. Furthermore, the time-averaged two-dimensional (2D) velocity magnitude over the pedestrian height are presented for evaluating the gust factor. The presented database is useful for the validation of computational fluid dynamics (CFD) models and turbulent model developments for urban and building-related studies.</ce:simple-para></ce:abstract-sec></ce:abstract><ce:keywords id="keys0001" view="all" class="keyword"><ce:section-title id="cesectitle0002">Keywords</ce:section-title><ce:keyword id="key0001"><ce:text id="cetext0002">Wind tunnel experiment</ce:text></ce:keyword><ce:keyword id="key0002"><ce:text id="cetext0003">Velocity magnitude</ce:text></ce:keyword><ce:keyword id="key0003"><ce:text id="cetext0004">Turbulent statistics</ce:text></ce:keyword><ce:keyword id="key0004"><ce:text id="cetext0005">Gust factor</ce:text></ce:keyword><ce:keyword id="key0005"><ce:text id="cetext0006">Urban blocks</ce:text></ce:keyword><ce:keyword id="key0006"><ce:text id="cetext0007">High-rise building</ce:text></ce:keyword><ce:keyword id="key0007"><ce:text id="cetext0008">Wind pressure coefficient</ce:text></ce:keyword><ce:keyword id="key0008"><ce:text id="cetext0009">Pedestrian wind environment</ce:text></ce:keyword></ce:keywords></ja:head></ja:article></doc:document>
