<doc:document xmlns:doc="http://www.elsevier.com/xml/document/schema" xmlns:dp="http://www.elsevier.com/xml/common/doc-properties/schema" xmlns:cps="http://www.elsevier.com/xml/common/consyn-properties/schema" xmlns:rdf="http://www.w3.org/1999/02/22-rdf-syntax-ns#" xmlns:dct="http://purl.org/dc/terms/" xmlns:prism="http://prismstandard.org/namespaces/basic/2.0/" xmlns:oa="http://vtw.elsevier.com/data/ns/properties/OpenAccess-1/" xmlns:bam="http://vtw.elsevier.com/data/voc/ns/bam-vtw-1/" xmlns:cp="http://vtw.elsevier.com/data/ns/properties/Copyright-1/" xmlns:cja="http://www.elsevier.com/xml/cja/schema" xmlns:ja="http://www.elsevier.com/xml/ja/schema" xmlns:bk="http://www.elsevier.com/xml/bk/schema" xmlns:ce="http://www.elsevier.com/xml/common/schema" xmlns:mml="http://www.w3.org/1998/Math/MathML" xmlns:cals="http://www.elsevier.com/xml/common/cals/schema" xmlns:tb="http://www.elsevier.com/xml/common/table/schema" xmlns:sa="http://www.elsevier.com/xml/common/struct-aff/schema" xmlns:sb="http://www.elsevier.com/xml/common/struct-bib/schema" xmlns:xlink="http://www.w3.org/1999/xlink"><rdf:RDF><rdf:Description rdf:about="http://dx.doi.org/10.1016/j.dib.2022.107857"><dct:format>application/xml</dct:format><dct:title>Draft genome sequence data of Indian rhinoceros, Rhinoceros unicornis</dct:title><dct:creator>Kei Nabeshima</dct:creator><dct:creator>Nobuyoshi Nakajima</dct:creator><dct:creator>Mitsuaki Ogata</dct:creator><dct:creator>Manabu Onuma</dct:creator><dct:subject><rdf:Bag><rdf:li>Indian rhinoceros</rdf:li><rdf:li>Whole-genome sequence</rdf:li><rdf:li>Wildlife</rdf:li><rdf:li>Hybrid sequencing</rdf:li></rdf:Bag></dct:subject><dct:description>Data in Brief 41 (2022). doi:10.1016/j.dib.2022.107857</dct:description><prism:aggregationType>journal</prism:aggregationType><prism:publicationName>Data in Brief</prism:publicationName><prism:copyright>&#169; 2022 The Authors. Published by Elsevier Inc.</prism:copyright><dct:publisher>Elsevier Inc.</dct:publisher><prism:issn>2352-3409</prism:issn><prism:volume>41</prism:volume><prism:coverDisplayDate>April 2022</prism:coverDisplayDate><prism:doi>10.1016/j.dib.2022.107857</prism:doi><prism:url>http://dx.doi.org/10.1016/j.dib.2022.107857</prism:url><dct:identifier>doi:10.1016/j.dib.2022.107857</dct:identifier><bam:articleNumber>107857</bam:articleNumber><oa:openAccessInformation><oa:openAccessStatus xmlns:xsi="http://www.w3.org/2001/XMLSchema-instance">http://vtw.elsevier.com/data/voc/oa/OpenAccessStatus#Full</oa:openAccessStatus><oa:openAccessEffective xmlns:xsi="http://www.w3.org/2001/XMLSchema-instance">2022-01-19T14:27:52Z</oa:openAccessEffective><oa:sponsor xmlns:xsi="http://www.w3.org/2001/XMLSchema-instance"><oa:sponsorName>Japan:LE Tracking</oa:sponsorName><oa:sponsorType>http://vtw.elsevier.com/data/voc/oa/SponsorType#FundingBody</oa:sponsorType></oa:sponsor><oa:userLicense xmlns:xsi="http://www.w3.org/2001/XMLSchema-instance">http://creativecommons.org/licenses/by-nc-nd/4.0/</oa:userLicense></oa:openAccessInformation><cp:licenseLine xmlns:xsi="http://www.w3.org/2001/XMLSchema-instance">This is an open access article under the CC BY-NC-ND license.</cp:licenseLine></rdf:Description></rdf:RDF><dp:document-properties><dp:aggregation-type>Journals</dp:aggregation-type><dp:version-number>S250.1</dp:version-number></dp:document-properties><ja:article docsubtype="dat" version="5.6" xml:lang="en"><ja:item-info><ja:jid>DIB</ja:jid><ja:aid>107857</ja:aid><ce:article-number>107857</ce:article-number><ce:pii>S2352-3409(22)00069-5</ce:pii><ce:doi>10.1016/j.dib.2022.107857</ce:doi><ce:copyright type="other" year="2022">The Authors</ce:copyright></ja:item-info><ja:head><ce:dochead id="dchd0001"><ce:textfn id="dhtxt0001">Data Article</ce:textfn></ce:dochead><ce:title id="tte0002">Draft genome sequence data of Indian rhinoceros, <ce:italic>Rhinoceros unicornis</ce:italic></ce:title><ce:author-group id="aut0001"><ce:author id="au0001" author-id="S2352340922000695-7b9143982dfdd57a1c0a5a4434c6daf2" orcid="0000-0003-1217-0544"><ce:given-name>Kei</ce:given-name><ce:surname>Nabeshima</ce:surname><ce:cross-ref refid="aff0001"><ce:sup loc="post">a</ce:sup></ce:cross-ref></ce:author><ce:author id="au0002" author-id="S2352340922000695-10a761f4c350d3a0719548376ae31841"><ce:given-name>Nobuyoshi</ce:given-name><ce:surname>Nakajima</ce:surname><ce:cross-ref refid="aff0002"><ce:sup loc="post">b</ce:sup></ce:cross-ref></ce:author><ce:author id="au0003" author-id="S2352340922000695-6f71243c57dd4e759604b38b1ec6eccc"><ce:given-name>Mitsuaki</ce:given-name><ce:surname>Ogata</ce:surname><ce:cross-ref refid="aff0003"><ce:sup loc="post">c</ce:sup></ce:cross-ref></ce:author><ce:author id="au0004" author-id="S2352340922000695-a42e65a66e291398d7b6e0ebbfd5a5c1"><ce:given-name>Manabu</ce:given-name><ce:surname>Onuma</ce:surname><ce:cross-ref refid="aff0001"><ce:sup loc="post">a</ce:sup></ce:cross-ref><ce:cross-ref refid="cor0001"><ce:sup loc="post">&#x204e;</ce:sup></ce:cross-ref><ce:e-address id="ead0001" type="email" xlink:href="mailto:monuma@nies.go.jp">monuma@nies.go.jp</ce:e-address></ce:author><ce:affiliation id="aff0001" affiliation-id="S2352340922000695-6bc9015479af528228a706bd0723e8ba"><ce:label>a</ce:label><ce:textfn id="cetextfn0001">Ecological Risk Assessment and Control Section Center for Environmental Biology and Ecosystem, National Institute for Environmental Studies, 16-2 Onogawa, Tsukuba, Ibaraki 305-8506, Japan</ce:textfn><sa:affiliation><sa:organization>Ecological Risk Assessment and Control Section Center for Environmental Biology and Ecosystem</sa:organization><sa:organization>National Institute for Environmental Studies</sa:organization><sa:address-line>16-2 Onogawa</sa:address-line><sa:city>Tsukuba</sa:city><sa:state>Ibaraki</sa:state><sa:postal-code>305-8506</sa:postal-code><sa:country>Japan</sa:country></sa:affiliation><ce:source-text id="staff0001">aEcological Risk Assessment and Control Section Center for Environmental Biology and Ecosystem, National Institute for Environmental Studies, 16-2 Onogawa, Tsukuba, Ibaraki 305-8506, Japan</ce:source-text></ce:affiliation><ce:affiliation id="aff0002" affiliation-id="S2352340922000695-e96f9675955f683cd9894d1a56d18778"><ce:label>b</ce:label><ce:textfn id="cetextfn0002">Environmental Genomics Office Center for Environmental Biology and Ecosystem, National Institute for Environmental Studies, 16-2 Onogawa, Tsukuba, Ibaraki 305-8506, Japan</ce:textfn><sa:affiliation><sa:organization>Environmental Genomics Office Center for Environmental Biology and Ecosystem</sa:organization><sa:organization>National Institute for Environmental Studies</sa:organization><sa:address-line>16-2 Onogawa</sa:address-line><sa:city>Tsukuba</sa:city><sa:state>Ibaraki</sa:state><sa:postal-code>305-8506</sa:postal-code><sa:country>Japan</sa:country></sa:affiliation><ce:source-text id="staff0002">bEnvironmental Genomics Office Center for Environmental Biology and Ecosystem, National Institute for Environmental Studies, 16-2 Onogawa, Tsukuba, Ibaraki 305-8506, Japan</ce:source-text></ce:affiliation><ce:affiliation id="aff0003" affiliation-id="S2352340922000695-11c561e8b83be8bdce3c9be6c2fac972"><ce:label>c</ce:label><ce:textfn id="cetextfn0003">Preservation and Research Center of Yokohama City, 155&#x2212;1 Kawaisyuku, Asahi&#x2212;ku, Yokohama, Kanagawa 241&#x2212;0804, Japan</ce:textfn><sa:affiliation><sa:organization>Preservation and Research Center of Yokohama City</sa:organization><sa:address-line>155&#x2212;1 KawaisyukuAsahi&#x2212;ku</sa:address-line><sa:city>Yokohama</sa:city><sa:state>Kanagawa</sa:state><sa:postal-code>241&#x2212;0804</sa:postal-code><sa:country>Japan</sa:country></sa:affiliation><ce:source-text id="staff0003">cPreservation and Research Center of Yokohama City, 155&#x2212;1 Kawaisyuku, Asahi&#x2212;ku, Yokohama, Kanagawa 241&#x2212;0804, Japan</ce:source-text></ce:affiliation><ce:correspondence id="cor0001"><ce:label>&#x204e;</ce:label><ce:text id="cetext0001">Corresponding author.</ce:text></ce:correspondence></ce:author-group><ce:date-received day="5" month="11" year="2021"/><ce:date-revised day="13" month="1" year="2022"/><ce:date-accepted day="18" month="1" year="2022"/><ce:abstract id="abs0001" view="all" class="author"><ce:section-title id="cesectitle0001">Abstract</ce:section-title><ce:abstract-sec id="abss0001" view="all"><ce:simple-para id="spara003" view="all">The Indian rhinoceros (<ce:italic>Rhinoceros unicornis</ce:italic>) is a large herbivore found in northern India and southern Nepal. It is a critically endangered species, with an estimated population of approximately 3,600 in the wild. Genetic factors, such as the loss of genetic diversity and the accumulation of deleterious variations, are critical risk factors for the extinction of endangered species, such as the Indian rhinoceros. To support the conservation efforts of the Indian rhinoceros, we assembled its draft genome. The new genomic data will enable the study of functional genes associated with the ecological and physiological characteristics of Indian rhinoceros and help us establish more effective conservation measures. The muscles of an Indian rhinoceros that died from prostration at a zoo were collected, and the samples were stored at the National Institute for Environmental Studies (Tsukuba, Japan). Sequence data were obtained using an Illumina NovaSeq 6000 platform for short reads and an Oxford Nanopore Technologies PromethION for long reads. We generated approximately 235.2 Gbp of data. From these sequences, we assembled a 2,375,051,758 bp genome consisting of 7,615 contigs. The genome data are available from the National Center Biotechnology Information BioProject database under accession number BOSQ00000000.</ce:simple-para></ce:abstract-sec></ce:abstract><ce:keywords id="keys0001" view="all" class="keyword"><ce:section-title id="cesectitle0002">Keywords</ce:section-title><ce:keyword id="key0001"><ce:text id="cetext0002">Indian rhinoceros</ce:text></ce:keyword><ce:keyword id="key0002a"><ce:text id="cetext0003a">Whole-genome sequence</ce:text></ce:keyword><ce:keyword id="key0002b"><ce:text id="cetext0003b">Wildlife</ce:text></ce:keyword><ce:keyword id="key0002c"><ce:text id="cetext0003c">Hybrid sequencing</ce:text></ce:keyword></ce:keywords></ja:head></ja:article></doc:document>
