<doc:document xmlns:doc="http://www.elsevier.com/xml/document/schema" xmlns:dp="http://www.elsevier.com/xml/common/doc-properties/schema" xmlns:cps="http://www.elsevier.com/xml/common/consyn-properties/schema" xmlns:rdf="http://www.w3.org/1999/02/22-rdf-syntax-ns#" xmlns:dct="http://purl.org/dc/terms/" xmlns:prism="http://prismstandard.org/namespaces/basic/2.0/" xmlns:oa="http://vtw.elsevier.com/data/ns/properties/OpenAccess-1/" xmlns:bam="http://vtw.elsevier.com/data/voc/ns/bam-vtw-1/" xmlns:cp="http://vtw.elsevier.com/data/ns/properties/Copyright-1/" xmlns:cja="http://www.elsevier.com/xml/cja/schema" xmlns:ja="http://www.elsevier.com/xml/ja/schema" xmlns:bk="http://www.elsevier.com/xml/bk/schema" xmlns:ce="http://www.elsevier.com/xml/common/schema" xmlns:mml="http://www.w3.org/1998/Math/MathML" xmlns:cals="http://www.elsevier.com/xml/common/cals/schema" xmlns:tb="http://www.elsevier.com/xml/common/table/schema" xmlns:sa="http://www.elsevier.com/xml/common/struct-aff/schema" xmlns:sb="http://www.elsevier.com/xml/common/struct-bib/schema" xmlns:xlink="http://www.w3.org/1999/xlink"><rdf:RDF><rdf:Description rdf:about="http://dx.doi.org/10.1016/j.dib.2021.107645"><dct:format>application/xml</dct:format><dct:title>Experimental measurements of Xe and Kr releases from UO2 and determination of their migration mechanisms &#x2013; Release rate data</dct:title><dct:creator>M. G&#233;rardin</dct:creator><dct:creator>E. Gilabert</dct:creator><dct:creator>D. Horlait</dct:creator><dct:creator>M-F. Barthe</dct:creator><dct:creator>G. Carlot</dct:creator><dct:subject><rdf:Bag><rdf:li>Uranium dioxide</rdf:li><rdf:li>Xenon and krypton release</rdf:li><rdf:li>Diffusion</rdf:li><rdf:li>Radiation induced defects</rdf:li></rdf:Bag></dct:subject><dct:description>Data in Brief 39 (2021). doi:10.1016/j.dib.2021.107645</dct:description><prism:aggregationType>journal</prism:aggregationType><prism:publicationName>Data in Brief</prism:publicationName><prism:copyright>&#169; 2021 The Authors. Published by Elsevier Inc.</prism:copyright><dct:publisher>Elsevier Inc.</dct:publisher><prism:issn>2352-3409</prism:issn><prism:volume>39</prism:volume><prism:coverDisplayDate>December 2021</prism:coverDisplayDate><prism:doi>10.1016/j.dib.2021.107645</prism:doi><prism:url>http://dx.doi.org/10.1016/j.dib.2021.107645</prism:url><dct:identifier>doi:10.1016/j.dib.2021.107645</dct:identifier><bam:articleNumber>107645</bam:articleNumber><oa:openAccessInformation><oa:openAccessStatus xmlns:xsi="http://www.w3.org/2001/XMLSchema-instance">http://vtw.elsevier.com/data/voc/oa/OpenAccessStatus#Full</oa:openAccessStatus><oa:openAccessEffective xmlns:xsi="http://www.w3.org/2001/XMLSchema-instance">2021-11-25T16:32:19Z</oa:openAccessEffective><oa:sponsor xmlns:xsi="http://www.w3.org/2001/XMLSchema-instance"><oa:sponsorName>France: LE Tracking</oa:sponsorName><oa:sponsorType>http://vtw.elsevier.com/data/voc/oa/SponsorType#FundingBody</oa:sponsorType></oa:sponsor><oa:userLicense xmlns:xsi="http://www.w3.org/2001/XMLSchema-instance">http://creativecommons.org/licenses/by/4.0/</oa:userLicense></oa:openAccessInformation><cp:licenseLine xmlns:xsi="http://www.w3.org/2001/XMLSchema-instance">This is an open access article under the CC BY license.</cp:licenseLine></rdf:Description></rdf:RDF><dp:document-properties><dp:aggregation-type>Journals</dp:aggregation-type><dp:version-number>S300.1</dp:version-number></dp:document-properties><ja:article docsubtype="dat" version="5.6" xml:lang="en"><ja:item-info><ja:jid>DIB</ja:jid><ja:aid>107645</ja:aid><ce:article-number>107645</ce:article-number><ce:pii>S2352-3409(21)00920-3</ce:pii><ce:doi>10.1016/j.dib.2021.107645</ce:doi><ce:document-thread><ce:refers-to-document id="ref0001"><ce:pii>S0022-3115(21)00397-4</ce:pii><ce:doi>10.1016/j.jnucmat.2021.153174</ce:doi></ce:refers-to-document></ce:document-thread><ce:copyright type="unknown" year="2021"/></ja:item-info><ja:head><ce:dochead id="dchd0001"><ce:textfn id="dhtxt0001">Data Article</ce:textfn></ce:dochead><ce:title id="tte0002">Experimental measurements of Xe and Kr releases from UO<ce:inf loc="post">2</ce:inf> and determination of their migration mechanisms &#x2013; Release rate data</ce:title><ce:author-group id="aut0001"><ce:author id="au0001" author-id="S2352340921009203-060d6024234e2256b7450a0a39d43862"><ce:given-name>M.</ce:given-name><ce:surname>G&#233;rardin</ce:surname><ce:cross-ref refid="aff0001"><ce:sup loc="post">a</ce:sup></ce:cross-ref><ce:cross-ref refid="aff0002"><ce:sup loc="post">b</ce:sup></ce:cross-ref><ce:cross-ref refid="cor0001"><ce:sup loc="post">&#x204e;</ce:sup></ce:cross-ref><ce:e-address id="ead0001" type="email" xlink:href="mailto:marie.gerardin@univ-lorraine.fr">marie.gerardin@univ-lorraine.fr</ce:e-address></ce:author><ce:author id="au0002" author-id="S2352340921009203-c65f014cc2d65c189da20a3cfd1d09aa" orcid="0000-0003-0692-8718"><ce:given-name>E.</ce:given-name><ce:surname>Gilabert</ce:surname><ce:cross-ref refid="aff0003"><ce:sup loc="post">c</ce:sup></ce:cross-ref></ce:author><ce:author id="au0003" author-id="S2352340921009203-ff540e303dec0300cc06771193e18de3" orcid="0000-0002-2645-6896"><ce:given-name>D.</ce:given-name><ce:surname>Horlait</ce:surname><ce:cross-ref refid="aff0003"><ce:sup loc="post">c</ce:sup></ce:cross-ref></ce:author><ce:author id="au0004" author-id="S2352340921009203-0445f27a1dc96c3c1cda804c4242a430"><ce:given-name>M-F.</ce:given-name><ce:surname>Barthe</ce:surname><ce:cross-ref refid="aff0004"><ce:sup loc="post">d</ce:sup></ce:cross-ref></ce:author><ce:author id="au0005" author-id="S2352340921009203-664b515365cac8182b994b683e0739a5"><ce:given-name>G.</ce:given-name><ce:surname>Carlot</ce:surname><ce:cross-ref refid="aff0001"><ce:sup loc="post">a</ce:sup></ce:cross-ref></ce:author><ce:affiliation id="aff0001" affiliation-id="S2352340921009203-062cc8889f0fa39974a92428b03f25f4"><ce:label>a</ce:label><ce:textfn id="cetextfn0001">CEA, DEN, DEC, F-13108 Saint Paul lez Durance Cedex, France</ce:textfn><sa:affiliation><sa:organization>CEA</sa:organization><sa:organization>DEN</sa:organization><sa:organization>DEC</sa:organization><sa:address-line>F-13108 Saint Paul lez Durance Cedex</sa:address-line><sa:country>France</sa:country></sa:affiliation><ce:source-text id="staff0001">aCEA, DEN, DEC, F-13108 Saint Paul lez Durance Cedex, France</ce:source-text></ce:affiliation><ce:affiliation id="aff0002" affiliation-id="S2352340921009203-061373470713f24ed3f4a52479dd16a0"><ce:label>b</ce:label><ce:textfn id="cetextfn0002">Universit&#233; de Lorraine, GeoRessources, CNRS, F54000 Nancy, France</ce:textfn><sa:affiliation><sa:organization>Universit&#233; de Lorraine</sa:organization><sa:organization>GeoRessources</sa:organization><sa:organization>CNRS</sa:organization><sa:city>Nancy</sa:city><sa:postal-code>F54000</sa:postal-code><sa:country>France</sa:country></sa:affiliation><ce:source-text id="staff0002">bUniversit&#233; de Lorraine, GeoRessources, CNRS, F54000 Nancy, France</ce:source-text></ce:affiliation><ce:affiliation id="aff0003" affiliation-id="S2352340921009203-cb8fcdd382bcc874055d33cd93dacff9"><ce:label>c</ce:label><ce:textfn id="cetextfn0003">Universit&#233; de Bordeaux, CNRS, CENBG-IN2P3, F-33170 Gradignan, France</ce:textfn><sa:affiliation><sa:organization>Universit&#233; de Bordeaux</sa:organization><sa:organization>CNRS</sa:organization><sa:organization>CENBG-IN2P3</sa:organization><sa:city>Gradignan</sa:city><sa:postal-code>F-33170</sa:postal-code><sa:country>France</sa:country></sa:affiliation><ce:source-text id="staff0003">cUniversit&#233; de Bordeaux, CNRS, CENBG-IN2P3, F-33170 Gradignan, France</ce:source-text></ce:affiliation><ce:affiliation id="aff0004" affiliation-id="S2352340921009203-aee8f871f0c30108de511bd0578e1984"><ce:label>d</ce:label><ce:textfn id="cetextfn0004">CEMHTI/CNRS, Universit&#233; d'Orl&#233;ans, 3A rue de La F&#233;rollerie, 45071 Orl&#233;ans CEDEX 2, France</ce:textfn><sa:affiliation><sa:organization>CEMHTI/CNRS</sa:organization><sa:organization>Universit&#233; d'Orl&#233;ans</sa:organization><sa:address-line>3A rue de La F&#233;rollerie</sa:address-line><sa:city>Orl&#233;ans CEDEX 2</sa:city><sa:postal-code>45071</sa:postal-code><sa:country>France</sa:country></sa:affiliation><ce:source-text id="staff0004">dCEMHTI/CNRS, Universit&#233; d'Orl&#233;ans, 3A rue de La F&#233;rollerie, 45071 Orl&#233;ans CEDEX 2, France</ce:source-text></ce:affiliation><ce:correspondence id="cor0001"><ce:label>&#x204e;</ce:label><ce:text id="cetext0001">Corresponding author.</ce:text></ce:correspondence></ce:author-group><ce:date-received day="24" month="9" year="2021"/><ce:date-accepted day="24" month="11" year="2021"/><ce:abstract id="abs0001" view="all" class="author"><ce:section-title id="cesectitle0001">Abstract</ce:section-title><ce:abstract-sec id="abss0001" view="all"><ce:simple-para id="spara001" view="all">We present the raw data obtained from release rate at 1300&#176;C of Xe and Kr implanted in UO<ce:inf loc="post">2</ce:inf>, related to [1]. We performed different sample preparation (polishing treatment) on polycrystalline and monocrystalline UO<ce:inf loc="post">2</ce:inf>. Ion implantation were performed at various fluences between 9.5&#160;&#215;&#160;10<ce:sup loc="post">10</ce:sup> to 5&#160;&#215;&#160;10<ce:sup loc="post">14</ce:sup> i/cm<ce:sup loc="post">2</ce:sup> in UO<ce:inf loc="post">2</ce:inf> samples. Release rate of Xe and Kr are obtained at 1300&#176;C under vacuum from desorption experiments performed on the PIAGARA plateform at the CENBG (Centre d'Etudes Nucl&#233;aires de Bordeaux-Gradignan). Since we made a variety of samples depending on multiple parameters (sample type, sample preparation, ion implantation type and fluence), these data represent a serious amount of work that could be saved for the scientific community that might use them for other purposes such as burst modelling.</ce:simple-para></ce:abstract-sec></ce:abstract><ce:keywords id="keys0001" view="all" class="keyword"><ce:section-title id="cesectitle0002">Keywords</ce:section-title><ce:keyword id="key0001"><ce:text id="cetext0002">Uranium dioxide</ce:text></ce:keyword><ce:keyword id="key0002"><ce:text id="cetext0003">Xenon and krypton release</ce:text></ce:keyword><ce:keyword id="key0003"><ce:text id="cetext0004">Diffusion</ce:text></ce:keyword><ce:keyword id="key0004"><ce:text id="cetext0005">Radiation induced defects</ce:text></ce:keyword></ce:keywords></ja:head></ja:article></doc:document>
