<doc:document xmlns:doc="http://www.elsevier.com/xml/document/schema" xmlns:dp="http://www.elsevier.com/xml/common/doc-properties/schema" xmlns:cps="http://www.elsevier.com/xml/common/consyn-properties/schema" xmlns:rdf="http://www.w3.org/1999/02/22-rdf-syntax-ns#" xmlns:dct="http://purl.org/dc/terms/" xmlns:prism="http://prismstandard.org/namespaces/basic/2.0/" xmlns:oa="http://vtw.elsevier.com/data/ns/properties/OpenAccess-1/" xmlns:bam="http://vtw.elsevier.com/data/voc/ns/bam-vtw-1/" xmlns:cp="http://vtw.elsevier.com/data/ns/properties/Copyright-1/" xmlns:cja="http://www.elsevier.com/xml/cja/schema" xmlns:ja="http://www.elsevier.com/xml/ja/schema" xmlns:bk="http://www.elsevier.com/xml/bk/schema" xmlns:ce="http://www.elsevier.com/xml/common/schema" xmlns:mml="http://www.w3.org/1998/Math/MathML" xmlns:cals="http://www.elsevier.com/xml/common/cals/schema" xmlns:tb="http://www.elsevier.com/xml/common/table/schema" xmlns:sa="http://www.elsevier.com/xml/common/struct-aff/schema" xmlns:sb="http://www.elsevier.com/xml/common/struct-bib/schema" xmlns:xlink="http://www.w3.org/1999/xlink"><rdf:RDF><rdf:Description rdf:about="http://dx.doi.org/10.1016/j.dib.2022.107830"><dct:format>application/xml</dct:format><dct:title>Data on estimation of health hazards associated with pesticide residues in drinking water</dct:title><dct:creator>Ibrahim El-Nahhal</dct:creator><dct:creator>Yasser El-Nahhal</dct:creator><dct:subject><rdf:Bag><rdf:li>Pesticide</rdf:li><rdf:li>Health hazards</rdf:li><rdf:li>Reference average</rdf:li><rdf:li>Relative average</rdf:li><rdf:li>Reference standard deviation</rdf:li><rdf:li>Relative standard deviation</rdf:li></rdf:Bag></dct:subject><dct:description>Data in Brief 41 (2022). doi:10.1016/j.dib.2022.107830</dct:description><prism:aggregationType>journal</prism:aggregationType><prism:publicationName>Data in Brief</prism:publicationName><prism:copyright>&#169; 2022 The Author(s). Published by Elsevier Inc.</prism:copyright><dct:publisher>Elsevier Inc.</dct:publisher><prism:issn>2352-3409</prism:issn><prism:volume>41</prism:volume><prism:coverDisplayDate>April 2022</prism:coverDisplayDate><prism:doi>10.1016/j.dib.2022.107830</prism:doi><prism:url>http://dx.doi.org/10.1016/j.dib.2022.107830</prism:url><dct:identifier>doi:10.1016/j.dib.2022.107830</dct:identifier><bam:articleNumber>107830</bam:articleNumber><oa:openAccessInformation><oa:openAccessStatus xmlns:xsi="http://www.w3.org/2001/XMLSchema-instance">http://vtw.elsevier.com/data/voc/oa/OpenAccessStatus#Full</oa:openAccessStatus><oa:openAccessEffective xmlns:xsi="http://www.w3.org/2001/XMLSchema-instance">2022-01-12T12:29:57Z</oa:openAccessEffective><oa:sponsor xmlns:xsi="http://www.w3.org/2001/XMLSchema-instance"><oa:sponsorType>http://vtw.elsevier.com/data/voc/oa/SponsorType#Author</oa:sponsorType></oa:sponsor><oa:userLicense xmlns:xsi="http://www.w3.org/2001/XMLSchema-instance">http://creativecommons.org/licenses/by/4.0/</oa:userLicense></oa:openAccessInformation><cp:licenseLine xmlns:xsi="http://www.w3.org/2001/XMLSchema-instance">This is an open access article under the CC BY license.</cp:licenseLine></rdf:Description></rdf:RDF><dp:document-properties><dp:aggregation-type>Journals</dp:aggregation-type><dp:version-number>S250.1</dp:version-number></dp:document-properties><ja:article docsubtype="dat" version="5.6" xml:lang="en"><ja:item-info><ja:jid>DIB</ja:jid><ja:aid>107830</ja:aid><ce:article-number>107830</ce:article-number><ce:pii>S2352-3409(22)00042-7</ce:pii><ce:doi>10.1016/j.dib.2022.107830</ce:doi><ce:copyright type="unknown" year="2022"/></ja:item-info><ja:head><ce:dochead id="dchd0001"><ce:textfn id="dhtxt0001">Data Article</ce:textfn></ce:dochead><ce:title id="tte0002">Data on estimation of health hazards associated with pesticide residues in drinking water</ce:title><ce:author-group id="aut0001"><ce:author id="au0001" author-id="S2352340922000427-37aca0332c98916e3475260bcad4fd48" orcid="0000-0002-3321-7359"><ce:given-name>Ibrahim</ce:given-name><ce:surname>El-Nahhal</ce:surname><ce:contributor-role role="http://credit.niso.org/contributor-roles/data-curation">Data curation</ce:contributor-role><ce:contributor-role role="http://credit.niso.org/contributor-roles/writing-original-draft">Writing &#x2013; original draft</ce:contributor-role><ce:cross-ref refid="aff0001"><ce:sup loc="post">a</ce:sup></ce:cross-ref></ce:author><ce:author id="au0002" author-id="S2352340922000427-7a719b646d76e8a789510c075eaacb41" orcid="0000-0002-4806-0016"><ce:given-name>Yasser</ce:given-name><ce:surname>El-Nahhal</ce:surname><ce:contributor-role role="http://credit.niso.org/contributor-roles/supervision">Supervision</ce:contributor-role><ce:contributor-role role="http://credit.niso.org/contributor-roles/visualization">Visualization</ce:contributor-role><ce:contributor-role role="http://credit.niso.org/contributor-roles/formal-analysis">Formal analysis</ce:contributor-role><ce:contributor-role role="http://credit.niso.org/contributor-roles/writing-review-editing">Writing &#x2013; review &amp; editing</ce:contributor-role><ce:cross-ref refid="aff0002"><ce:sup loc="post">b</ce:sup></ce:cross-ref><ce:cross-ref refid="cor0001"><ce:sup loc="post">&#x204e;</ce:sup></ce:cross-ref><ce:e-address id="ead0001" type="email" xlink:href="mailto:ynahhal@iugaza.edu.ps">ynahhal@iugaza.edu.ps</ce:e-address><ce:e-address id="ead0002" type="email" xlink:href="mailto:y_el_nahhal@hotmail.com">y_el_nahhal@hotmail.com</ce:e-address></ce:author><ce:affiliation id="aff0001" affiliation-id="S2352340922000427-e7bc3fd650280486ea3982458bab8cb5"><ce:label>a</ce:label><ce:textfn id="cetextfn0001">Universit&#233; de Toulon, CS 60584, France</ce:textfn><sa:affiliation><sa:organization>Universit&#233; de Toulon, CS 60584</sa:organization><sa:country>France</sa:country></sa:affiliation><ce:source-text id="staff0001">aUniversit&#233; de Toulon, CS 60584, France</ce:source-text></ce:affiliation><ce:affiliation id="aff0002" affiliation-id="S2352340922000427-d68c7832c69b53b6a71eb004404f9952"><ce:label>b</ce:label><ce:textfn id="cetextfn0002">Department of Earth and Environmental Science Faculty of Science, The Islamic University-Gaza, Palestine</ce:textfn><sa:affiliation><sa:organization>Department of Earth and Environmental Science Faculty of Science</sa:organization><sa:organization>The Islamic University-Gaza</sa:organization><sa:country>Palestine</sa:country></sa:affiliation><ce:source-text id="staff0002">bDepartment of Earth and Environmental Science Faculty of Science, The Islamic University-Gaza, Palestine</ce:source-text></ce:affiliation><ce:correspondence id="cor0001"><ce:label>&#x204e;</ce:label><ce:text id="cetext0001">Corresponding author.</ce:text></ce:correspondence></ce:author-group><ce:date-received day="31" month="12" year="2021"/><ce:date-revised day="10" month="1" year="2022"/><ce:date-accepted day="11" month="1" year="2022"/><ce:abstract id="abs0001" view="all" class="author"><ce:section-title id="cesectitle0001">Abstract</ce:section-title><ce:abstract-sec id="abss0001" view="all"><ce:simple-para id="spara014" view="all">The dataset presents the occurrence of 113 pesticide residues (PR) in drinking water samples from 31 counties worldwide and correlates their concentrates with human health. The dataset classifies PRs to four toxicity classes. Class IA (extremely toxic), includes four residues with an LD<ce:inf loc="post">50</ce:inf> value &lt;&#160;5&#160;mg/kg. b. w.; class IB (highly toxic compounds), includes 14 residues with an LD<ce:inf loc="post">50</ce:inf> value in the range of 5-&lt;50&#160;mg/kg b w.); Class II, (moderately toxic) includes 55 residues with an LD<ce:inf loc="post">50</ce:inf> value in the range of 50-&lt;500&#160;mg/kg b w.); Class III, (slightly toxic compounds) includes 17 residues with an LD<ce:inf loc="post">50</ce:inf> value in the range of 500-&lt;2000&#160;mg/kg bw. and class IV (less toxic compound) includes 23 residues with an LD<ce:inf loc="post">50</ce:inf> value &gt;&#160;2000&#160;mg/kg bw. The dataset provides a new statistical method that link all PRs together throughout using reference average (Ref Aver), reference standard deviation (Ref Stdev), country average and country standard deviation to show the statistical variations among them. Furthermore, the dataset calculates hazard indices (HIs) and shows its distribution among 31 countries. Noteworthy, the dataset provides advanced techniques to clean water from PRs. Detailed explanation and discussion of the present dataset can be found in the article entitled &#x201c;Pesticide residues in drinking water, their potential risk to human health and removal options&#x201d; under article doi: <ce:inter-ref id="interref0001" xlink:href="http://10.1016/j.jenvman.2021.113611" xlink:type="simple">10.1016/j.jenvman.2021.113611</ce:inter-ref> (El-Nahhal and El-Nahhal, 2021). To the best of our knowledge, this is the first dataset that describes the use of Ref Aver and Ref Stdev to link the averages of all PRs of countries together to show the differences of occurrence and provides several cleaning options of PRs from drinking water.</ce:simple-para></ce:abstract-sec></ce:abstract><ce:keywords id="keys0001" view="all" class="keyword"><ce:section-title id="cesectitle0002">Keywords</ce:section-title><ce:keyword id="key0001"><ce:text id="cetext0002">Pesticide</ce:text></ce:keyword><ce:keyword id="key0002"><ce:text id="cetext0003">Health hazards</ce:text></ce:keyword><ce:keyword id="key0003"><ce:text id="cetext0004">Reference average</ce:text></ce:keyword><ce:keyword id="key0004"><ce:text id="cetext0005">Relative average</ce:text></ce:keyword><ce:keyword id="key0005"><ce:text id="cetext0006">Reference standard deviation</ce:text></ce:keyword><ce:keyword id="key0006"><ce:text id="cetext0007">Relative standard deviation</ce:text></ce:keyword></ce:keywords></ja:head></ja:article></doc:document>
