<doc:document xmlns:doc="http://www.elsevier.com/xml/document/schema" xmlns:dp="http://www.elsevier.com/xml/common/doc-properties/schema" xmlns:cps="http://www.elsevier.com/xml/common/consyn-properties/schema" xmlns:rdf="http://www.w3.org/1999/02/22-rdf-syntax-ns#" xmlns:dct="http://purl.org/dc/terms/" xmlns:prism="http://prismstandard.org/namespaces/basic/2.0/" xmlns:oa="http://vtw.elsevier.com/data/ns/properties/OpenAccess-1/" xmlns:bam="http://vtw.elsevier.com/data/voc/ns/bam-vtw-1/" xmlns:cp="http://vtw.elsevier.com/data/ns/properties/Copyright-1/" xmlns:cja="http://www.elsevier.com/xml/cja/schema" xmlns:ja="http://www.elsevier.com/xml/ja/schema" xmlns:bk="http://www.elsevier.com/xml/bk/schema" xmlns:ce="http://www.elsevier.com/xml/common/schema" xmlns:mml="http://www.w3.org/1998/Math/MathML" xmlns:cals="http://www.elsevier.com/xml/common/cals/schema" xmlns:tb="http://www.elsevier.com/xml/common/table/schema" xmlns:sa="http://www.elsevier.com/xml/common/struct-aff/schema" xmlns:sb="http://www.elsevier.com/xml/common/struct-bib/schema" xmlns:xlink="http://www.w3.org/1999/xlink"><rdf:RDF><rdf:Description rdf:about="http://dx.doi.org/10.1016/j.dib.2021.107564"><dct:format>application/xml</dct:format><dct:title>Steel benchmark frames for structural analysis and validation studies: Finite element models and numerical simulation data</dct:title><dct:creator>Constance W. Ziemian</dct:creator><dct:creator>Ronald D. Ziemian</dct:creator><dct:subject><rdf:Bag><rdf:li>Benchmark frames</rdf:li><rdf:li>Frame stability</rdf:li><rdf:li>Structural analysis</rdf:li><rdf:li>Numerical modelling</rdf:li></rdf:Bag></dct:subject><dct:description>Data in Brief 39 (2021). doi:10.1016/j.dib.2021.107564</dct:description><prism:aggregationType>journal</prism:aggregationType><prism:publicationName>Data in Brief</prism:publicationName><prism:copyright>&#169; 2021 The Author(s). Published by Elsevier Inc.</prism:copyright><dct:publisher>Elsevier Inc.</dct:publisher><prism:issn>2352-3409</prism:issn><prism:volume>39</prism:volume><prism:coverDisplayDate>December 2021</prism:coverDisplayDate><prism:doi>10.1016/j.dib.2021.107564</prism:doi><prism:url>http://dx.doi.org/10.1016/j.dib.2021.107564</prism:url><dct:identifier>doi:10.1016/j.dib.2021.107564</dct:identifier><bam:articleNumber>107564</bam:articleNumber><oa:openAccessInformation><oa:openAccessStatus xmlns:xsi="http://www.w3.org/2001/XMLSchema-instance">http://vtw.elsevier.com/data/voc/oa/OpenAccessStatus#Full</oa:openAccessStatus><oa:openAccessEffective xmlns:xsi="http://www.w3.org/2001/XMLSchema-instance">2021-11-09T08:12:10Z</oa:openAccessEffective><oa:sponsor xmlns:xsi="http://www.w3.org/2001/XMLSchema-instance"><oa:sponsorType>http://vtw.elsevier.com/data/voc/oa/SponsorType#Author</oa:sponsorType></oa:sponsor><oa:userLicense xmlns:xsi="http://www.w3.org/2001/XMLSchema-instance">http://creativecommons.org/licenses/by/4.0/</oa:userLicense></oa:openAccessInformation><cp:licenseLine xmlns:xsi="http://www.w3.org/2001/XMLSchema-instance">This is an open access article under the CC BY license.</cp:licenseLine></rdf:Description></rdf:RDF><dp:document-properties><dp:aggregation-type>Journals</dp:aggregation-type><dp:version-number>S300.1</dp:version-number></dp:document-properties><ja:article docsubtype="dat" version="5.6" xml:lang="en"><ja:item-info><ja:jid>DIB</ja:jid><ja:aid>107564</ja:aid><ce:article-number>107564</ce:article-number><ce:pii>S2352-3409(21)00840-4</ce:pii><ce:doi>10.1016/j.dib.2021.107564</ce:doi><ce:copyright type="other" year="2021">The Author(s)</ce:copyright></ja:item-info><ja:head><ce:dochead id="dchd0001"><ce:textfn id="dhtxt0001">Data Article</ce:textfn></ce:dochead><ce:title id="tte0002">Steel benchmark frames for structural analysis and validation studies: Finite element models and numerical simulation data</ce:title><ce:author-group id="aut0001"><ce:author id="au0001" author-id="S2352340921008404-bd001a3d62f3f5fd707e5e3ae0670d76" orcid="0000-0003-2705-4263"><ce:given-name>Constance W.</ce:given-name><ce:surname>Ziemian</ce:surname><ce:cross-ref refid="aff0001"><ce:sup loc="post">a</ce:sup></ce:cross-ref><ce:cross-ref refid="cor0001"><ce:sup loc="post">&#x204e;</ce:sup></ce:cross-ref><ce:e-address id="ead0001" type="email" xlink:href="mailto:cziemian@bucknell.edu">cziemian@bucknell.edu</ce:e-address></ce:author><ce:author id="au0002" author-id="S2352340921008404-eda8fcee24d060a120e8300da7646984"><ce:given-name>Ronald D.</ce:given-name><ce:surname>Ziemian</ce:surname><ce:cross-ref refid="aff0002"><ce:sup loc="post">b</ce:sup></ce:cross-ref></ce:author><ce:affiliation id="aff0001" affiliation-id="S2352340921008404-c87a601839e715d51466908f1d1a9e33"><ce:label>a</ce:label><ce:textfn id="cetextfn0001">Department of Mechanical Engineering, Bucknell University, PA, Lewisburg, USA</ce:textfn><sa:affiliation><sa:organization>Department of Mechanical Engineering</sa:organization><sa:organization>Bucknell University</sa:organization><sa:address-line>PA</sa:address-line><sa:city>Lewisburg</sa:city><sa:country>USA</sa:country></sa:affiliation><ce:source-text id="staff0001">aDepartment of Mechanical Engineering, Bucknell University, PA, Lewisburg, USA</ce:source-text></ce:affiliation><ce:affiliation id="aff0002" affiliation-id="S2352340921008404-f5c912ba7d0dd3bdde22e2a3a4bb899d"><ce:label>b</ce:label><ce:textfn id="cetextfn0002">Department of Civil and Environmental Engineering, Bucknell University, PA, Lewisburg, USA</ce:textfn><sa:affiliation><sa:organization>Department of Civil and Environmental Engineering</sa:organization><sa:organization>Bucknell University</sa:organization><sa:address-line>PA</sa:address-line><sa:city>Lewisburg</sa:city><sa:country>USA</sa:country></sa:affiliation><ce:source-text id="staff0002">bDepartment of Civil and Environmental Engineering, Bucknell University, PA, Lewisburg, USA</ce:source-text></ce:affiliation><ce:correspondence id="cor0001"><ce:label>&#x204e;</ce:label><ce:text id="cetext0001">Corresponding author.</ce:text></ce:correspondence></ce:author-group><ce:date-received day="28" month="7" year="2021"/><ce:date-revised day="13" month="10" year="2021"/><ce:date-accepted day="8" month="11" year="2021"/><ce:abstract id="abs0001" view="all" class="author"><ce:section-title id="cesectitle0001">Abstract</ce:section-title><ce:abstract-sec id="abss0001" view="all"><ce:simple-para id="spara008" view="all">A sample of twenty-two steel benchmark frames was formed and used to investigate the accuracy of a single increment predictor-corrector (SIPC) solution scheme; an approximate method of second-order elastic analysis. Each of the frames is based on a structure from the literature and, as a collection, the set includes a diverse assortment of practical planar geometries and a wide range of sensitivities to second-order effects. This data article presents the details of these frames, including finite element models, relevant nodal coordinates and element connectivity, and detailed information regarding member sizes, support conditions, and applied loading. In addition, this article presents simulation data obtained from testing the SIPC method using the benchmark frames, and assessing its accuracy and precision. Error analysis results, based on comparisons of joint displacements and member design moments simulated using the SIPC method with those obtained using the more exact and computationally expensive work-control (WC) method, are summarized. The finite element modelling and subsequent structural analysis utilized the software package MASTAN2, which provides user-friendly features to execute both SIPC and WC methods. A detailed description of these analysis methods and the algorithms used to generate data is provided in &#x201c;Efficient geometric nonlinear elastic analysis for design of steel structures: Benchmark studies&#x201d; Ziemian and Ziemian [1]. The benchmark frame models are more generally useful for any researcher interested in testing and validating structural analysis and design methods, and the simulation data allow for comparisons with the results of other proposed solution schemes.</ce:simple-para></ce:abstract-sec></ce:abstract><ce:keywords id="keys0001" view="all" class="keyword"><ce:section-title id="cesectitle0002">Keywords</ce:section-title><ce:keyword id="key0001"><ce:text id="cetext0002">Benchmark frames</ce:text></ce:keyword><ce:keyword id="key0002"><ce:text id="cetext0003">Frame stability</ce:text></ce:keyword><ce:keyword id="key0003"><ce:text id="cetext0004">Structural analysis</ce:text></ce:keyword><ce:keyword id="key0004"><ce:text id="cetext0005">Numerical modelling</ce:text></ce:keyword></ce:keywords></ja:head></ja:article></doc:document>
