<doc:document xmlns:doc="http://www.elsevier.com/xml/document/schema" xmlns:dp="http://www.elsevier.com/xml/common/doc-properties/schema" xmlns:cps="http://www.elsevier.com/xml/common/consyn-properties/schema" xmlns:rdf="http://www.w3.org/1999/02/22-rdf-syntax-ns#" xmlns:dct="http://purl.org/dc/terms/" xmlns:prism="http://prismstandard.org/namespaces/basic/2.0/" xmlns:oa="http://vtw.elsevier.com/data/ns/properties/OpenAccess-1/" xmlns:bam="http://vtw.elsevier.com/data/voc/ns/bam-vtw-1/" xmlns:cp="http://vtw.elsevier.com/data/ns/properties/Copyright-1/" xmlns:cja="http://www.elsevier.com/xml/cja/schema" xmlns:ja="http://www.elsevier.com/xml/ja/schema" xmlns:bk="http://www.elsevier.com/xml/bk/schema" xmlns:ce="http://www.elsevier.com/xml/common/schema" xmlns:mml="http://www.w3.org/1998/Math/MathML" xmlns:cals="http://www.elsevier.com/xml/common/cals/schema" xmlns:tb="http://www.elsevier.com/xml/common/table/schema" xmlns:sa="http://www.elsevier.com/xml/common/struct-aff/schema" xmlns:sb="http://www.elsevier.com/xml/common/struct-bib/schema" xmlns:xlink="http://www.w3.org/1999/xlink"><rdf:RDF><rdf:Description rdf:about="http://dx.doi.org/10.1016/j.dib.2021.107779"><dct:format>application/xml</dct:format><dct:title>The role of local wisdom ``Ugahari'' and the impact of internet and mobile technology on work-life-balance during COVID-19 outbreak: Data set from malaysian workers</dct:title><dct:creator>Suhal Kusairi</dct:creator><dct:creator>Suriyani Muhamad</dct:creator><dct:creator>Norizan Abdul Razak</dct:creator><dct:creator>Aji Purba Trapsila</dct:creator><dct:subject><rdf:Bag><rdf:li>Work-life balance</rdf:li><rdf:li>Flexibility and permeability</rdf:li><rdf:li>Work autonomy</rdf:li><rdf:li>ICT</rdf:li><rdf:li>Local wisdom</rdf:li></rdf:Bag></dct:subject><dct:description>Data in Brief 40 (2022). doi:10.1016/j.dib.2021.107779</dct:description><prism:aggregationType>journal</prism:aggregationType><prism:publicationName>Data in Brief</prism:publicationName><prism:copyright>&#169; 2022 The Author(s). Published by Elsevier Inc.</prism:copyright><dct:publisher>Elsevier Inc.</dct:publisher><prism:issn>2352-3409</prism:issn><prism:volume>40</prism:volume><prism:coverDisplayDate>February 2022</prism:coverDisplayDate><prism:doi>10.1016/j.dib.2021.107779</prism:doi><prism:url>http://dx.doi.org/10.1016/j.dib.2021.107779</prism:url><dct:identifier>doi:10.1016/j.dib.2021.107779</dct:identifier><bam:articleNumber>107779</bam:articleNumber><oa:openAccessInformation><oa:openAccessStatus xmlns:xsi="http://www.w3.org/2001/XMLSchema-instance">http://vtw.elsevier.com/data/voc/oa/OpenAccessStatus#Full</oa:openAccessStatus><oa:openAccessEffective xmlns:xsi="http://www.w3.org/2001/XMLSchema-instance">2021-12-30T13:30:09Z</oa:openAccessEffective><oa:sponsor xmlns:xsi="http://www.w3.org/2001/XMLSchema-instance"><oa:sponsorType>http://vtw.elsevier.com/data/voc/oa/SponsorType#Author</oa:sponsorType></oa:sponsor><oa:userLicense xmlns:xsi="http://www.w3.org/2001/XMLSchema-instance">http://creativecommons.org/licenses/by/4.0/</oa:userLicense></oa:openAccessInformation><cp:licenseLine xmlns:xsi="http://www.w3.org/2001/XMLSchema-instance">This is an open access article under the CC BY license.</cp:licenseLine></rdf:Description></rdf:RDF><dp:document-properties><dp:aggregation-type>Journals</dp:aggregation-type><dp:version-number>S300.1</dp:version-number></dp:document-properties><ja:article docsubtype="dat" version="5.6" xml:lang="en"><ja:item-info><ja:jid>DIB</ja:jid><ja:aid>107779</ja:aid><ce:article-number>107779</ce:article-number><ce:pii>S2352-3409(21)01053-2</ce:pii><ce:doi>10.1016/j.dib.2021.107779</ce:doi><ce:copyright type="other" year="2022">The Author(s)</ce:copyright></ja:item-info><ja:head><ce:dochead id="dchd0001"><ce:textfn id="dhtxt0001">Data Article</ce:textfn></ce:dochead><ce:title id="tte0002">The role of local wisdom ``Ugahari'' and the impact of internet and mobile technology on work-life-balance during COVID-19 outbreak: Data set from malaysian workers</ce:title><ce:author-group id="aut0001"><ce:author id="au0001" author-id="S2352340921010532-4e4409d53ebc3af3ba1508bb7c36ffeb" orcid="0000-0002-9156-6741"><ce:given-name>Suhal</ce:given-name><ce:surname>Kusairi</ce:surname><ce:contributor-role role="http://credit.niso.org/contributor-roles/conceptualization">Conceptualization</ce:contributor-role><ce:contributor-role role="http://credit.niso.org/contributor-roles/methodology">Methodology</ce:contributor-role><ce:cross-ref refid="aff0001"><ce:sup loc="post">a</ce:sup></ce:cross-ref><ce:cross-ref refid="cor0001"><ce:sup loc="post">&#x204e;</ce:sup></ce:cross-ref><ce:e-address id="ead0001" type="email" xlink:href="mailto:suhal@umt.edu.my">suhal@umt.edu.my</ce:e-address></ce:author><ce:author id="au0002" author-id="S2352340921010532-d2d87766fae842623fe51ffdfeda8356" orcid="0000-0002-9928-8993"><ce:given-name>Suriyani</ce:given-name><ce:surname>Muhamad</ce:surname><ce:contributor-role>Supervision</ce:contributor-role><ce:cross-ref refid="aff0002"><ce:sup loc="post">b</ce:sup></ce:cross-ref></ce:author><ce:author id="au0003" author-id="S2352340921010532-6b22c10f16b147d055123b532f27607b" orcid="0000-0002-0899-4359"><ce:given-name>Norizan Abdul</ce:given-name><ce:surname>Razak</ce:surname><ce:contributor-role>Supervision</ce:contributor-role><ce:cross-ref refid="aff0003"><ce:sup loc="post">c</ce:sup></ce:cross-ref></ce:author><ce:author id="au0004" author-id="S2352340921010532-6262045e9ed89c9a1d175683e52ee65f" orcid="0000-0002-1331-8718"><ce:given-name>Aji Purba</ce:given-name><ce:surname>Trapsila</ce:surname><ce:contributor-role role="http://credit.niso.org/contributor-roles/data-curation">Data curation</ce:contributor-role><ce:contributor-role role="http://credit.niso.org/contributor-roles/writing-original-draft">Writing &#x2013; original draft</ce:contributor-role><ce:cross-ref refid="aff0004"><ce:sup loc="post">d</ce:sup></ce:cross-ref></ce:author><ce:affiliation id="aff0001" affiliation-id="S2352340921010532-17b0595a5dcfa42e862f338203f211d2"><ce:label>a</ce:label><ce:textfn id="cetextfn0001">Faculty of Business, Economics and Social Development, Universiti Malaysia Terengganu, Malaysia and Faculty of Economics and Business, Telkom University, Bandung Indonesia</ce:textfn><sa:affiliation><sa:organization>Faculty of Business, Economics and Social Development</sa:organization><sa:organization>Universiti Malaysia Terengganu and Faculty of Economics and Business</sa:organization><sa:city>Bandung</sa:city><sa:country>Malaysia</sa:country></sa:affiliation><ce:source-text id="staff0001">aFaculty of Business, Economics and Social Development, Universiti Malaysia Terengganu, Malaysia and Faculty of Economics and Business, Telkom University, Bandung Indonesi</ce:source-text></ce:affiliation><ce:affiliation id="aff0002" affiliation-id="S2352340921010532-60ae00997686fe253ed5aa4c5a522c3e"><ce:label>b</ce:label><ce:textfn id="cetextfn0002">Faculty of Business, Economics and Social Development, Universiti Malaysia Terengganu, Malaysia</ce:textfn><sa:affiliation><sa:organization>Faculty of Business, Economics and Social Development</sa:organization><sa:organization>Universiti Malaysia Terengganu</sa:organization><sa:country>Malaysia</sa:country></sa:affiliation><ce:source-text id="staff0002">bFaculty of Business, Economics and Social Development, Universiti Malaysia Terengganu, Malaysia</ce:source-text></ce:affiliation><ce:affiliation id="aff0003" affiliation-id="S2352340921010532-3c68c0b7330b7a706bfdda4fcd2d3a6a"><ce:label>c</ce:label><ce:textfn id="cetextfn0003">Faculty of Social Sciences and Humanity, Universiti Kebangsaan Malaysia, Malaysia</ce:textfn><sa:affiliation><sa:organization>Faculty of Social Sciences and Humanity</sa:organization><sa:organization>Universiti Kebangsaan Malaysia</sa:organization><sa:country>Malaysia</sa:country></sa:affiliation><ce:source-text id="staff0003">cFaculty of Social Sciences and Humanity, Universiti Kebangsaan Malaysia, Malaysia</ce:source-text></ce:affiliation><ce:affiliation id="aff0004" affiliation-id="S2352340921010532-60ae00997686fe253ed5aa4c5a522c3e"><ce:label>d</ce:label><ce:textfn id="cetextfn0004">Faculty of Business, Economics and Social Development, Universiti Malaysia Terengganu, Malaysia</ce:textfn><sa:affiliation><sa:organization>Faculty of Business, Economics and Social Development</sa:organization><sa:organization>Universiti Malaysia Terengganu</sa:organization><sa:country>Malaysia</sa:country></sa:affiliation><ce:source-text id="staff0004">dFaculty of Business, Economics and Social Development, Universiti Malaysia Terengganu, Malaysia</ce:source-text></ce:affiliation><ce:correspondence id="cor0001"><ce:label>&#x204e;</ce:label><ce:text id="cetext0001">Corresponding author.</ce:text></ce:correspondence></ce:author-group><ce:date-received day="11" month="11" year="2021"/><ce:date-revised day="24" month="12" year="2021"/><ce:date-accepted day="30" month="12" year="2021"/><ce:abstract id="abs0001" view="all" class="author"><ce:section-title id="cesectitle0001">Abstract</ce:section-title><ce:abstract-sec id="abss0001" view="all"><ce:simple-para id="spara005" view="all">This article presents internet and mobile technology (IMT) usage during the pandemic and examines its impact on Malaysian workers' work-life balance. This study also included the Malaysian local value, namely Ugahari, and its role in shaping individual work and personal/family life behavior. The operationalization of variables was developed based on the work-life balance from permeability and flexibility, type of work-life balance consequences, and the theory of planned behavior utilized for local wisdom to characterize the respondents. Data were collected through online surveys and distributed to industries and government agencies in the Urban Area of Malaysia. There are 466 valid and complete questionnaires. The data set has been collected as a reference source for further research regarding the role of local value "Ugahari, especially on work-life balance.</ce:simple-para></ce:abstract-sec></ce:abstract><ce:keywords id="keys0001" view="all" class="keyword"><ce:section-title id="cesectitle0002">Keywords</ce:section-title><ce:keyword id="key0001"><ce:text id="cetext0002">Work-life balance</ce:text></ce:keyword><ce:keyword id="key0002"><ce:text id="cetext0003">Flexibility and permeability</ce:text></ce:keyword><ce:keyword id="key0003"><ce:text id="cetext0004">Work autonomy</ce:text></ce:keyword><ce:keyword id="key0004"><ce:text id="cetext0005">ICT</ce:text></ce:keyword><ce:keyword id="key0005"><ce:text id="cetext0006">Local wisdom</ce:text></ce:keyword></ce:keywords></ja:head></ja:article></doc:document>
