<doc:document xmlns:doc="http://www.elsevier.com/xml/document/schema" xmlns:dp="http://www.elsevier.com/xml/common/doc-properties/schema" xmlns:cps="http://www.elsevier.com/xml/common/consyn-properties/schema" xmlns:rdf="http://www.w3.org/1999/02/22-rdf-syntax-ns#" xmlns:dct="http://purl.org/dc/terms/" xmlns:prism="http://prismstandard.org/namespaces/basic/2.0/" xmlns:oa="http://vtw.elsevier.com/data/ns/properties/OpenAccess-1/" xmlns:bam="http://vtw.elsevier.com/data/voc/ns/bam-vtw-1/" xmlns:cp="http://vtw.elsevier.com/data/ns/properties/Copyright-1/" xmlns:cja="http://www.elsevier.com/xml/cja/schema" xmlns:ja="http://www.elsevier.com/xml/ja/schema" xmlns:bk="http://www.elsevier.com/xml/bk/schema" xmlns:ce="http://www.elsevier.com/xml/common/schema" xmlns:mml="http://www.w3.org/1998/Math/MathML" xmlns:cals="http://www.elsevier.com/xml/common/cals/schema" xmlns:tb="http://www.elsevier.com/xml/common/table/schema" xmlns:sa="http://www.elsevier.com/xml/common/struct-aff/schema" xmlns:sb="http://www.elsevier.com/xml/common/struct-bib/schema" xmlns:xlink="http://www.w3.org/1999/xlink"><rdf:RDF><rdf:Description rdf:about="http://dx.doi.org/10.1016/j.dib.2021.107629"><dct:format>application/xml</dct:format><dct:title>PFuji-Size dataset: A collection of images and photogrammetry-derived 3D point clouds with ground truth annotations for Fuji apple detection and size estimation in field conditions</dct:title><dct:creator>Jordi Gen&#233;-Mola</dct:creator><dct:creator>Ricardo Sanz-Cortiella</dct:creator><dct:creator>Joan R. Rosell-Polo</dct:creator><dct:creator>Alexandre Escol&#224;</dct:creator><dct:creator>Eduard Gregorio</dct:creator><dct:subject><rdf:Bag><rdf:li>Fruit detection</rdf:li><rdf:li>Fruit size</rdf:li><rdf:li>3D object detection</rdf:li><rdf:li>Structure-from-motion</rdf:li><rdf:li>Multi-view stereo</rdf:li><rdf:li>Agricultural robotics</rdf:li><rdf:li>Precision agriculture</rdf:li></rdf:Bag></dct:subject><dct:description>Data in Brief 39 (2021). doi:10.1016/j.dib.2021.107629</dct:description><prism:aggregationType>journal</prism:aggregationType><prism:publicationName>Data in Brief</prism:publicationName><prism:copyright>&#169; 2021 The Author(s). Published by Elsevier Inc.</prism:copyright><dct:publisher>Elsevier Inc.</dct:publisher><prism:issn>2352-3409</prism:issn><prism:volume>39</prism:volume><prism:coverDisplayDate>December 2021</prism:coverDisplayDate><prism:doi>10.1016/j.dib.2021.107629</prism:doi><prism:url>http://dx.doi.org/10.1016/j.dib.2021.107629</prism:url><dct:identifier>doi:10.1016/j.dib.2021.107629</dct:identifier><bam:articleNumber>107629</bam:articleNumber><oa:openAccessInformation><oa:openAccessStatus xmlns:xsi="http://www.w3.org/2001/XMLSchema-instance">http://vtw.elsevier.com/data/voc/oa/OpenAccessStatus#Full</oa:openAccessStatus><oa:openAccessEffective xmlns:xsi="http://www.w3.org/2001/XMLSchema-instance">2021-11-20T12:24:30Z</oa:openAccessEffective><oa:sponsor xmlns:xsi="http://www.w3.org/2001/XMLSchema-instance"><oa:sponsorName>Spain OA journals discount: 2021</oa:sponsorName><oa:sponsorType>http://vtw.elsevier.com/data/voc/oa/SponsorType#FundingBody</oa:sponsorType></oa:sponsor><oa:userLicense xmlns:xsi="http://www.w3.org/2001/XMLSchema-instance">http://creativecommons.org/licenses/by/4.0/</oa:userLicense></oa:openAccessInformation><cp:licenseLine xmlns:xsi="http://www.w3.org/2001/XMLSchema-instance">This is an open access article under the CC BY license.</cp:licenseLine></rdf:Description></rdf:RDF><dp:document-properties><dp:aggregation-type>Journals</dp:aggregation-type><dp:version-number>S300.1</dp:version-number></dp:document-properties><ja:article docsubtype="dat" version="5.6" xml:lang="en"><ja:item-info><ja:jid>DIB</ja:jid><ja:aid>107629</ja:aid><ce:article-number>107629</ce:article-number><ce:pii>S2352-3409(21)00904-5</ce:pii><ce:doi>10.1016/j.dib.2021.107629</ce:doi><ce:document-thread><ce:refers-to-document id="ref0001"><ce:pii>S0168-1699(21)00360-4</ce:pii><ce:doi>10.1016/j.compag.2021.106343</ce:doi></ce:refers-to-document></ce:document-thread><ce:copyright type="unknown" year="2021"/></ja:item-info><ja:head><ce:dochead id="dchd0001"><ce:textfn id="dhtxt0001">Data Article</ce:textfn></ce:dochead><ce:title id="tte0002">PFuji-Size dataset: A collection of images and photogrammetry-derived 3D point clouds with ground truth annotations for Fuji apple detection and size estimation in field conditions</ce:title><ce:author-group id="aut0001"><ce:author id="au0001" author-id="S2352340921009045-a99cecf7d832b42836b1a6da95f416ff" orcid="0000-0003-3915-3584"><ce:given-name>Jordi</ce:given-name><ce:surname>Gen&#233;-Mola</ce:surname><ce:contributor-role role="http://credit.niso.org/contributor-roles/conceptualization">Conceptualization</ce:contributor-role><ce:contributor-role role="http://credit.niso.org/contributor-roles/methodology">Methodology</ce:contributor-role><ce:contributor-role role="http://credit.niso.org/contributor-roles/formal-analysis">Formal analysis</ce:contributor-role><ce:contributor-role role="http://credit.niso.org/contributor-roles/investigation">Investigation</ce:contributor-role><ce:contributor-role role="http://credit.niso.org/contributor-roles/data-curation">Data curation</ce:contributor-role><ce:contributor-role role="http://credit.niso.org/contributor-roles/writing-original-draft">Writing &#x2013; original draft</ce:contributor-role><ce:contributor-role role="http://credit.niso.org/contributor-roles/visualization">Visualization</ce:contributor-role><ce:cross-ref refid="cor0001"><ce:sup loc="post">&#x204e;</ce:sup></ce:cross-ref><ce:e-address id="ead0001" type="email" xlink:href="mailto:jordi.genemola@udl.cat">jordi.genemola@udl.cat</ce:e-address></ce:author><ce:author id="au0002" author-id="S2352340921009045-dd03d24101224848d94e71b2fc580b38" orcid="0000-0001-8211-7306"><ce:given-name>Ricardo</ce:given-name><ce:surname>Sanz-Cortiella</ce:surname><ce:contributor-role role="http://credit.niso.org/contributor-roles/conceptualization">Conceptualization</ce:contributor-role><ce:contributor-role role="http://credit.niso.org/contributor-roles/investigation">Investigation</ce:contributor-role><ce:contributor-role role="http://credit.niso.org/contributor-roles/resources">Resources</ce:contributor-role><ce:contributor-role role="http://credit.niso.org/contributor-roles/writing-review-editing">Writing &#x2013; review &amp; editing</ce:contributor-role></ce:author><ce:author id="au0003" author-id="S2352340921009045-96efba21e403b41db649d59ea719cb36" orcid="0000-0001-6746-2830"><ce:given-name>Joan R.</ce:given-name><ce:surname>Rosell-Polo</ce:surname><ce:contributor-role role="http://credit.niso.org/contributor-roles/investigation">Investigation</ce:contributor-role><ce:contributor-role role="http://credit.niso.org/contributor-roles/writing-review-editing">Writing &#x2013; review &amp; editing</ce:contributor-role><ce:contributor-role role="http://credit.niso.org/contributor-roles/project-administration">Project administration</ce:contributor-role><ce:contributor-role role="http://credit.niso.org/contributor-roles/funding-acquisition">Funding acquisition</ce:contributor-role></ce:author><ce:author id="au0004" author-id="S2352340921009045-0c509cf99b02314c2840f070acc2aa5c" orcid="0000-0002-9775-5471"><ce:given-name>Alexandre</ce:given-name><ce:surname>Escol&#224;</ce:surname><ce:contributor-role role="http://credit.niso.org/contributor-roles/investigation">Investigation</ce:contributor-role><ce:contributor-role role="http://credit.niso.org/contributor-roles/writing-review-editing">Writing &#x2013; review &amp; editing</ce:contributor-role><ce:contributor-role role="http://credit.niso.org/contributor-roles/project-administration">Project administration</ce:contributor-role><ce:contributor-role role="http://credit.niso.org/contributor-roles/funding-acquisition">Funding acquisition</ce:contributor-role><ce:e-address id="ea3a" type="social-media" xlink:href="https://twitter.com/AlexEscolaAg">@AlexEscolaAg</ce:e-address></ce:author><ce:author id="au0005" author-id="S2352340921009045-0e69457b6e69c1d9680005c873301019" orcid="0000-0003-0553-1006"><ce:given-name>Eduard</ce:given-name><ce:surname>Gregorio</ce:surname><ce:contributor-role role="http://credit.niso.org/contributor-roles/investigation">Investigation</ce:contributor-role><ce:contributor-role role="http://credit.niso.org/contributor-roles/writing-review-editing">Writing &#x2013; review &amp; editing</ce:contributor-role><ce:contributor-role role="http://credit.niso.org/contributor-roles/supervision">Supervision</ce:contributor-role></ce:author><ce:affiliation id="aff0001" affiliation-id="S2352340921009045-153802942b2ef4422cc02752d5f8a55d"><ce:textfn id="cetextfn0001">Research Group in AgroICT &amp; Precision Agriculture - GRAP<ce:cross-ref refid="afn1"><ce:sup loc="post">1</ce:sup></ce:cross-ref>, Department of Agricultural and Forest Engineering, Universitat de Lleida (UdL) &#x2013; Agrotecnio-CERCA Center, Lleida, Catalonia, Spain</ce:textfn><sa:affiliation><sa:organization>Research Group in AgroICT &amp; Precision Agriculture - GRAP</sa:organization><sa:organization>Department of Agricultural and Forest Engineering</sa:organization><sa:organization>Universitat de Lleida (UdL) &#x2013; Agrotecnio-CERCA Center</sa:organization><sa:city>Lleida</sa:city><sa:state>Catalonia</sa:state><sa:country>Spain</sa:country></sa:affiliation><ce:source-text id="staff0001">Research Group in AgroICT &amp; Precision Agriculture - GRAP, Department of Agricultural and Forest Engineering, Universitat de Lleida (UdL) &#x2013; Agrotecnio-CERCA Center, Lleida, Catalonia, Spain</ce:source-text></ce:affiliation><ce:correspondence id="cor0001"><ce:label>&#x204e;</ce:label><ce:text id="cetext0001">Corresponding author. Jordi Gen&#233;-Mola</ce:text></ce:correspondence><ce:footnote id="afn1"><ce:label>1</ce:label><ce:note-para id="np001a" view="all"><ce:inter-ref id="interref0002ba" xlink:href="https://twitter.com/grapudl" xlink:type="simple">@grapudl</ce:inter-ref></ce:note-para></ce:footnote></ce:author-group><ce:date-received day="22" month="9" year="2021"/><ce:date-revised day="12" month="11" year="2021"/><ce:date-accepted day="19" month="11" year="2021"/><ce:abstract id="abs0001" view="all" class="author"><ce:section-title id="cesectitle0001">Abstract</ce:section-title><ce:abstract-sec id="abss0001" view="all"><ce:simple-para id="spara007" view="all">The PFuji-Size dataset is comprised of a collection of 3D point clouds of Fuji apple trees (<ce:italic>Malus domestica</ce:italic> Borkh. cv. Fuji) scanned at different maturity stages and annotated for fruit detection and size estimation. Structure-from-motion and multi-view stereo techniques were used to generate the 3D point clouds of 6 complete Fuji apple trees containing a total of 615 apples. The resulting point clouds were 3D segmented by identifying the 3D points corresponding to each apple (3D instance segmentation), obtaining a single point cloud for each apple. All segmented apples were labelled with ground truth diameter annotations. Since the data was acquired in field conditions and at different maturity stages, the set includes different fruit diameters -from 26.9&#160;mm to 94.8&#160;mm- and different fruit occlusion percentages due to foliage. In addition, 25 apples were photographed 360&#176; in laboratory conditions, obtaining high resolution 3D point clouds of this sub-set. To the best of the authors&#x2019; knowledge, this is the first publicly available dataset for apple size estimation in field conditions. This dataset was used to evaluate different fruit size estimation methods in the research article titled &#x201c;In-field apple size estimation using photogrammetry-derived 3D point clouds: comparison of 4 different methods considering fruit occlusion&#x201d; (Gen&#233;-Mola et&#160;al., 2021).</ce:simple-para></ce:abstract-sec></ce:abstract><ce:keywords id="keys0001" view="all" class="keyword"><ce:section-title id="cesectitle0002">Keywords</ce:section-title><ce:keyword id="key0001"><ce:text id="cetext0002">Fruit detection</ce:text></ce:keyword><ce:keyword id="key0002"><ce:text id="cetext0003">Fruit size</ce:text></ce:keyword><ce:keyword id="key0003"><ce:text id="cetext0004">3D object detection</ce:text></ce:keyword><ce:keyword id="key0004"><ce:text id="cetext0005">Structure-from-motion</ce:text></ce:keyword><ce:keyword id="key0005"><ce:text id="cetext0006">Multi-view stereo</ce:text></ce:keyword><ce:keyword id="key0006"><ce:text id="cetext0007">Agricultural robotics</ce:text></ce:keyword><ce:keyword id="key0007"><ce:text id="cetext0008">Precision agriculture</ce:text></ce:keyword></ce:keywords></ja:head></ja:article></doc:document>
