<doc:document xmlns:doc="http://www.elsevier.com/xml/document/schema"
    xmlns:dp="http://www.elsevier.com/xml/common/doc-properties/schema"
    xmlns:cps="http://www.elsevier.com/xml/common/consyn-properties/schema"
    xmlns:rdf="http://www.w3.org/1999/02/22-rdf-syntax-ns#" xmlns:dct="http://purl.org/dc/terms/"
    xmlns:prism="http://prismstandard.org/namespaces/basic/2.0/"
    xmlns:oa="http://vtw.elsevier.com/data/ns/properties/OpenAccess-1/"
    xmlns:bam="http://vtw.elsevier.com/data/voc/ns/bam-vtw-1/"
    xmlns:cp="http://vtw.elsevier.com/data/ns/properties/Copyright-1/"
    xmlns:cja="http://www.elsevier.com/xml/cja/schema"
    xmlns:ja="http://www.elsevier.com/xml/ja/schema"
    xmlns:bk="http://www.elsevier.com/xml/bk/schema"
    xmlns:ce="http://www.elsevier.com/xml/common/schema"
    xmlns:mml="http://www.w3.org/1998/Math/MathML"
    xmlns:cals="http://www.elsevier.com/xml/common/cals/schema"
    xmlns:tb="http://www.elsevier.com/xml/common/table/schema"
    xmlns:sa="http://www.elsevier.com/xml/common/struct-aff/schema"
    xmlns:sb="http://www.elsevier.com/xml/common/struct-bib/schema"
    xmlns:xlink="http://www.w3.org/1999/xlink">
    <rdf:RDF>
        <rdf:Description rdf:about="http://dx.doi.org/10.1016/j.dib.2021.107542">
            <dct:format>application/xml</dct:format>
            <dct:title>Optimization of inter-row spacing as influenced by genotype by environment
                interaction (G&#215;E): A dataset on frontiers of malt barley (Hordeum Distichum L.)
                productivity</dct:title>
            <dct:creator>Amare Assefa Bogale</dct:creator>
            <dct:creator>Anteneh Agezew Melash</dct:creator>
            <dct:creator>Awoke Wasae Argaw</dct:creator>
            <dct:subject>
                <rdf:Bag>
                    <rdf:li>Dataset</rdf:li>
                    <rdf:li>Growing environment</rdf:li>
                    <rdf:li>Phenological traits</rdf:li>
                    <rdf:li>Malt barley varieties</rdf:li>
                    <rdf:li>Yield components, Yield</rdf:li>
                </rdf:Bag>
            </dct:subject>
            <dct:description>Data in Brief 39 (2021).
                doi:10.1016/j.dib.2021.107542</dct:description>
            <prism:aggregationType>journal</prism:aggregationType>
            <prism:publicationName>Data in Brief</prism:publicationName>
            <prism:copyright>&#169; 2021 The Author(s). Published by Elsevier Inc.</prism:copyright>
            <dct:publisher>Elsevier Inc.</dct:publisher>
            <prism:issn>2352-3409</prism:issn>
            <prism:volume>39</prism:volume>
            <prism:coverDisplayDate>December 2021</prism:coverDisplayDate>
            <prism:doi>10.1016/j.dib.2021.107542</prism:doi>
            <prism:url>http://dx.doi.org/10.1016/j.dib.2021.107542</prism:url>
            <dct:identifier>doi:10.1016/j.dib.2021.107542</dct:identifier>
            <bam:articleNumber>107542</bam:articleNumber>
            <oa:openAccessInformation>
                <oa:openAccessStatus xmlns:xsi="http://www.w3.org/2001/XMLSchema-instance"
                    >http://vtw.elsevier.com/data/voc/oa/OpenAccessStatus#Full</oa:openAccessStatus>
                <oa:openAccessEffective xmlns:xsi="http://www.w3.org/2001/XMLSchema-instance"
                    >2021-11-01T12:44:46Z</oa:openAccessEffective>
                <oa:sponsor xmlns:xsi="http://www.w3.org/2001/XMLSchema-instance">
                    <oa:sponsorType>http://vtw.elsevier.com/data/voc/oa/SponsorType#Author</oa:sponsorType>
                </oa:sponsor>
                <oa:userLicense xmlns:xsi="http://www.w3.org/2001/XMLSchema-instance"
                    >http://creativecommons.org/licenses/by-nd/4.0/</oa:userLicense>
            </oa:openAccessInformation>
            <cp:licenseLine xmlns:xsi="http://www.w3.org/2001/XMLSchema-instance">This is an open
                access article under the CC BY-ND license.</cp:licenseLine>
        </rdf:Description>
    </rdf:RDF>
    <dp:document-properties>
        <dp:aggregation-type>Journals</dp:aggregation-type>
        <dp:version-number>S300.1</dp:version-number>
    </dp:document-properties>
    <ja:article docsubtype="dat" version="5.6" xml:lang="en">
        <ja:item-info>
            <ja:jid>DIB</ja:jid>
            <ja:aid>107542</ja:aid>
            <ce:article-number>107542</ce:article-number>
            <ce:pii>S2352-3409(21)00818-0</ce:pii>
            <ce:doi>10.1016/j.dib.2021.107542</ce:doi>
            <ce:copyright type="unknown" year="2021"/>
        </ja:item-info>
        <ja:head>
            <ce:dochead id="dchd0001">
                <ce:textfn id="dhtxt0001">Data Article</ce:textfn>
            </ce:dochead>
            <ce:title id="tte0002">Optimization of inter-row spacing as influenced by genotype by
                environment interaction (G&#215;E): A dataset on frontiers of malt barley
                    <ce:italic>(Hordeum Distichum L.)</ce:italic> productivity</ce:title>
            <ce:author-group id="aut0001">
                <ce:author id="au0001"
                    author-id="S2352340921008180-3c0b7c3128774db576066b2acd97a53f">
                    <ce:given-name>Amare Assefa</ce:given-name>
                    <ce:surname>Bogale</ce:surname>
                    <ce:contributor-role
                        role="http://credit.niso.org/contributor-roles/conceptualization"
                        >Conceptualization</ce:contributor-role>
                    <ce:contributor-role role="http://credit.niso.org/contributor-roles/methodology"
                        >Methodology</ce:contributor-role>
                    <ce:contributor-role
                        role="http://credit.niso.org/contributor-roles/visualization"
                        >Visualization</ce:contributor-role>
                    <ce:contributor-role
                        role="http://credit.niso.org/contributor-roles/data-curation">Data
                        curation</ce:contributor-role>
                    <ce:contributor-role
                        role="http://credit.niso.org/contributor-roles/writing-original-draft"
                        >Writing &#x2013; original draft</ce:contributor-role>
                    <ce:contributor-role
                        role="http://credit.niso.org/contributor-roles/investigation"
                        >Investigation</ce:contributor-role>
                    <ce:contributor-role
                        role="http://credit.niso.org/contributor-roles/formal-analysis">Formal
                        analysis</ce:contributor-role>
                    <ce:cross-ref refid="aff0001">
                        <ce:sup loc="post">a</ce:sup>
                    </ce:cross-ref>
                </ce:author>
                <ce:author id="au0002"
                    author-id="S2352340921008180-193e77d28b51546b65ffaf3276b8d3e1"
                    orcid="0000-0002-0139-6516">
                    <ce:given-name>Anteneh Agezew</ce:given-name>
                    <ce:surname>Melash</ce:surname>
                    <ce:contributor-role
                        role="http://credit.niso.org/contributor-roles/writing-original-draft"
                        >Writing &#x2013; original draft</ce:contributor-role>
                    <ce:contributor-role role="http://credit.niso.org/contributor-roles/validation"
                        >Validation</ce:contributor-role>
                    <ce:contributor-role
                        role="http://credit.niso.org/contributor-roles/formal-analysis">Formal
                        analysis</ce:contributor-role>
                    <ce:contributor-role
                        role="http://credit.niso.org/contributor-roles/writing-review-editing"
                        >Writing &#x2013; review &amp; editing</ce:contributor-role>
                    <ce:cross-ref refid="aff0001">
                        <ce:sup loc="post">a</ce:sup>
                    </ce:cross-ref>
                    <ce:cross-ref refid="cor0001">
                        <ce:sup loc="post">&#x204e;</ce:sup>
                    </ce:cross-ref>
                    <ce:e-address id="ead0001" type="email"
                        xlink:href="mailto:antenehagezew@dku.edu.et"
                        >antenehagezew@dku.edu.et</ce:e-address>
                </ce:author>
                <ce:author id="au0003"
                    author-id="S2352340921008180-ea9c373f3675365b657c51e3fa394fc2"
                    orcid="0000-0003-4396-8284">
                    <ce:given-name>Awoke Wasae</ce:given-name>
                    <ce:surname>Argaw</ce:surname>
                    <ce:contributor-role
                        role="http://credit.niso.org/contributor-roles/writing-original-draft"
                        >Writing &#x2013; original draft</ce:contributor-role>
                    <ce:contributor-role role="http://credit.niso.org/contributor-roles/validation"
                        >Validation</ce:contributor-role>
                    <ce:contributor-role
                        role="http://credit.niso.org/contributor-roles/formal-analysis">Formal
                        analysis</ce:contributor-role>
                    <ce:contributor-role
                        role="http://credit.niso.org/contributor-roles/writing-review-editing"
                        >Writing &#x2013; review &amp; editing</ce:contributor-role>
                    <ce:cross-ref refid="aff0002">
                        <ce:sup loc="post">b</ce:sup>
                    </ce:cross-ref>
                </ce:author>
                <ce:affiliation id="aff0001"
                    affiliation-id="S2352340921008180-a2aad0ae5d8343688d0fb53590222c9b">
                    <ce:label>a</ce:label>
                    <ce:textfn id="cetextfn0001">College of Agriculture and Environmental Science,
                        Department of Horticulture, Debark University, P.O.Box, 90, North Gondar,
                        Debark, Ethiopia</ce:textfn>
                    <sa:affiliation>
                        <sa:organization>College of Agriculture and Environmental
                            Science</sa:organization>
                        <sa:organization>Department of Horticulture</sa:organization>
                        <sa:organization>Debark University</sa:organization>
                        <sa:address-line>P.O.Box, 90, North Gondar</sa:address-line>
                        <sa:city>Debark</sa:city>
                        <sa:country>Ethiopia</sa:country>
                    </sa:affiliation>
                    <ce:source-text id="staff0001">aCollege of Agriculture and Environmental
                        Science, Department of Horticulture, Debark University, P.O.Box, 90, North
                        Gondar, Debark, Ethiopia</ce:source-text>
                </ce:affiliation>
                <ce:affiliation id="aff0002"
                    affiliation-id="S2352340921008180-5a22468ddbc612101aa7b52652d098e4">
                    <ce:label>b</ce:label>
                    <ce:textfn id="cetextfn0002">College of Agriculture and Environmental Science,
                        Department of Plant Science, Debark University, P.O.Box, 90, North Gondar,
                        Debark, Ethiopia</ce:textfn>
                    <sa:affiliation>
                        <sa:organization>College of Agriculture and Environmental
                            Science</sa:organization>
                        <sa:organization>Department of Plant Science</sa:organization>
                        <sa:organization>Debark University</sa:organization>
                        <sa:address-line>P.O.Box, 90, North Gondar</sa:address-line>
                        <sa:city>Debark</sa:city>
                        <sa:country>Ethiopia</sa:country>
                    </sa:affiliation>
                    <ce:source-text id="staff0002">bCollege of Agriculture and Environmental
                        Science, Department of Plant Science, Debark University, P.O.Box, 90, North
                        Gondar, Debark, Ethiopia</ce:source-text>
                </ce:affiliation>
                <ce:correspondence id="cor0001">
                    <ce:label>&#x204e;</ce:label>
                    <ce:text id="cetext0001">Correspondence author.</ce:text>
                </ce:correspondence>
            </ce:author-group>
            <ce:date-received day="22" month="8" year="2021"/>
            <ce:date-revised day="8" month="10" year="2021"/>
            <ce:date-accepted day="25" month="10" year="2021"/>
            <ce:abstract id="abs0001" view="all" class="author">
                <ce:section-title id="cesectitle0001">Abstract</ce:section-title>
                <ce:abstract-sec id="abss0001" view="all">
                    <ce:simple-para id="spara012" view="all">Ethiopia is one of the major producers
                        of barley in Sub-Saharan Africa and has a growing malt beverage sector. Yet,
                        despite a favourable bio-physical environment, malt barley productivity is
                        much lower than the potential yield due to traditional land management
                        systems, poor agro-technical crop management practices, and lack of
                        high-quality seeds. Field experiments were therefore conducted to evaluate
                        the improved malt barley varieties under a range of inter-row spacing in two
                        different growing locations, for their yield and other associated traits.
                        The treatments were arranged in randomized complete block design consisting
                        of six malt barley varieties (i.e. Holker, HB1963, Sabine, Ibone174/03,
                        EH1847, and Freygebse), and three levels of inter-row spacing (i.e. 20, 25,
                        and 30&#160;cm) in two divergence growing locations (i.e. Miligebsa and
                        Kino). Agronomic practices such as weeding, fertilizer application,
                        harvesting, and threshing were uniformly applied for all experimental units.
                        The data presented under this dataset article includes phenological traits
                        (i.e. days to 50% heading, and days to 90% physiological maturity), seed
                        yield and yield components (i.e. seeds spike<ce:sup loc="post"
                            >&#x2212;1</ce:sup>, spike length, number of effective tillers,
                        1000-seed weight, total aboveground biomass, and straw yield). All the
                        collected data were subjected to a statistical analysis software package
                        using the general linear model (GLM) procedure of the SAS 9.2 version. This
                        dataset article therefore provides information about how optimization of
                        inter-row spacing varied variety to variety. Additionally, it provides how
                        the environment diverges the efficiency of inter-row spacing for maximum
                        potential yield. Hence, this information can allow other researchers to
                        review the supplement data, methods, and make detailed analysis, which
                        possibly giving rise to new lines of inquiry. This can also give rise to new
                        collaborations and boost the reputation of the present research results
                        within the scientific community. This dataset article is aimed to provide a
                        dataset collected from an intensive malt barley field experiment for public
                        use and to make it available to everyone around the subject matter to use as
                        they wish.</ce:simple-para>
                </ce:abstract-sec>
            </ce:abstract>
            <ce:keywords id="keys0001" view="all" class="keyword">
                <ce:section-title id="cesectitle0002">Keywords</ce:section-title>
                <ce:keyword id="key0001">
                    <ce:text id="cetext0002">Dataset</ce:text>
                </ce:keyword>
                <ce:keyword id="key0002">
                    <ce:text id="cetext0003">Growing environment</ce:text>
                </ce:keyword>
                <ce:keyword id="key0003">
                    <ce:text id="cetext0004">Phenological traits</ce:text>
                </ce:keyword>
                <ce:keyword id="key0004">
                    <ce:text id="cetext0005">Malt barley varieties</ce:text>
                </ce:keyword>
                <ce:keyword id="key0005">
                    <ce:text id="cetext0006">Yield components, Yield</ce:text>
                </ce:keyword>
            </ce:keywords>
        </ja:head>
    </ja:article>
</doc:document>
