<doc:document xmlns:doc="http://www.elsevier.com/xml/document/schema"
    xmlns:dp="http://www.elsevier.com/xml/common/doc-properties/schema"
    xmlns:cps="http://www.elsevier.com/xml/common/consyn-properties/schema"
    xmlns:rdf="http://www.w3.org/1999/02/22-rdf-syntax-ns#" xmlns:dct="http://purl.org/dc/terms/"
    xmlns:prism="http://prismstandard.org/namespaces/basic/2.0/"
    xmlns:oa="http://vtw.elsevier.com/data/ns/properties/OpenAccess-1/"
    xmlns:bam="http://vtw.elsevier.com/data/voc/ns/bam-vtw-1/"
    xmlns:cp="http://vtw.elsevier.com/data/ns/properties/Copyright-1/"
    xmlns:cja="http://www.elsevier.com/xml/cja/schema"
    xmlns:ja="http://www.elsevier.com/xml/ja/schema"
    xmlns:bk="http://www.elsevier.com/xml/bk/schema"
    xmlns:ce="http://www.elsevier.com/xml/common/schema"
    xmlns:mml="http://www.w3.org/1998/Math/MathML"
    xmlns:cals="http://www.elsevier.com/xml/common/cals/schema"
    xmlns:tb="http://www.elsevier.com/xml/common/table/schema"
    xmlns:sa="http://www.elsevier.com/xml/common/struct-aff/schema"
    xmlns:sb="http://www.elsevier.com/xml/common/struct-bib/schema"
    xmlns:xlink="http://www.w3.org/1999/xlink">
    <rdf:RDF>
        <rdf:Description rdf:about="http://dx.doi.org/10.1016/j.dib.2021.107458">
            <dct:format>application/xml</dct:format>
            <dct:title>Enhanced visible/near-infrared spectroscopic data for prediction of quality
                attributes in Cucurbitaceae commodities</dct:title>
            <dct:creator>Kusumiyati Kusumiyati</dct:creator>
            <dct:creator>Yuda Hadiwijaya</dct:creator>
            <dct:creator>Ine Elisa Putri</dct:creator>
            <dct:creator>Agus Arip Munawar</dct:creator>
            <dct:subject>
                <rdf:Bag>
                    <rdf:li>Calibration model</rdf:li>
                    <rdf:li>Post-harvest</rdf:li>
                    <rdf:li>Prediction</rdf:li>
                    <rdf:li>Spectral data</rdf:li>
                    <rdf:li>Spectroscopy</rdf:li>
                    <rdf:li>Technology</rdf:li>
                </rdf:Bag>
            </dct:subject>
            <dct:description>Data in Brief 39 (2021).
                doi:10.1016/j.dib.2021.107458</dct:description>
            <prism:aggregationType>journal</prism:aggregationType>
            <prism:publicationName>Data in Brief</prism:publicationName>
            <prism:copyright>&#169; 2021 The Authors. Published by Elsevier Inc.</prism:copyright>
            <dct:publisher>Elsevier Inc.</dct:publisher>
            <prism:issn>2352-3409</prism:issn>
            <prism:volume>39</prism:volume>
            <prism:coverDisplayDate>December 2021</prism:coverDisplayDate>
            <prism:doi>10.1016/j.dib.2021.107458</prism:doi>
            <prism:url>http://dx.doi.org/10.1016/j.dib.2021.107458</prism:url>
            <dct:identifier>doi:10.1016/j.dib.2021.107458</dct:identifier>
            <bam:articleNumber>107458</bam:articleNumber>
            <oa:openAccessInformation>
                <oa:openAccessStatus xmlns:xsi="http://www.w3.org/2001/XMLSchema-instance"
                    >http://vtw.elsevier.com/data/voc/oa/OpenAccessStatus#Full</oa:openAccessStatus>
                <oa:openAccessEffective xmlns:xsi="http://www.w3.org/2001/XMLSchema-instance"
                    >2021-10-05T18:18:07Z</oa:openAccessEffective>
                <oa:sponsor xmlns:xsi="http://www.w3.org/2001/XMLSchema-instance">
                    <oa:sponsorType>http://vtw.elsevier.com/data/voc/oa/SponsorType#Author</oa:sponsorType>
                </oa:sponsor>
                <oa:userLicense xmlns:xsi="http://www.w3.org/2001/XMLSchema-instance"
                    >http://creativecommons.org/licenses/by-sa/4.0/</oa:userLicense>
            </oa:openAccessInformation>
            <cp:licenseLine xmlns:xsi="http://www.w3.org/2001/XMLSchema-instance">This is an open
                access article under the CC BY-SA license.</cp:licenseLine>
        </rdf:Description>
    </rdf:RDF>
    <dp:document-properties>
        <dp:aggregation-type>Journals</dp:aggregation-type>
        <dp:version-number>S300.1</dp:version-number>
    </dp:document-properties>
    <ja:article docsubtype="dat" version="5.6" xml:lang="en">
        <ja:item-info>
            <ja:jid>DIB</ja:jid>
            <ja:aid>107458</ja:aid>
            <ce:article-number>107458</ce:article-number>
            <ce:pii>S2352-3409(21)00740-X</ce:pii>
            <ce:doi>10.1016/j.dib.2021.107458</ce:doi>
            <ce:document-thread>
                <ce:refers-to-document id="ref0001">
                    <ce:pii>S2405-8440(21)01780-1</ce:pii>
                    <ce:doi>10.1016/j.heliyon.2021.e07677</ce:doi>
                </ce:refers-to-document>
            </ce:document-thread>
            <ce:copyright type="unknown" year="2021"/>
        </ja:item-info>
        <ja:head>
            <ce:dochead id="dchd0001">
                <ce:textfn id="dhtxt0001">Data Article</ce:textfn>
            </ce:dochead>
            <ce:title id="tte0002">Enhanced visible/near-infrared spectroscopic data for prediction
                of quality attributes in Cucurbitaceae commodities</ce:title>
            <ce:author-group id="aut0001">
                <ce:author id="au0001"
                    author-id="S235234092100740X-3d0473f7fde931f582e184b7b68bb475">
                    <ce:given-name>Kusumiyati</ce:given-name>
                    <ce:surname>Kusumiyati</ce:surname>
                    <ce:contributor-role
                        role="http://credit.niso.org/contributor-roles/visualization"
                        >Visualization</ce:contributor-role>
                    <ce:contributor-role
                        role="http://credit.niso.org/contributor-roles/formal-analysis">Formal
                        analysis</ce:contributor-role>
                    <ce:contributor-role role="http://credit.niso.org/contributor-roles/supervision"
                        >Supervision</ce:contributor-role>
                    <ce:contributor-role
                        role="http://credit.niso.org/contributor-roles/writing-original-draft"
                        >Writing &#x2013; original draft</ce:contributor-role>
                    <ce:cross-ref refid="aff0001">
                        <ce:sup loc="post">a</ce:sup>
                    </ce:cross-ref>
                    <ce:cross-ref refid="cor0001">
                        <ce:sup loc="post">&#x204e;</ce:sup>
                    </ce:cross-ref>
                    <ce:e-address id="ead0001" type="email"
                        xlink:href="mailto:kusumiyati@unpad.ac.id"
                        >kusumiyati@unpad.ac.id</ce:e-address>
                </ce:author>
                <ce:author id="au0002"
                    author-id="S235234092100740X-4802923551b88e81acc132fa4a7421d3"
                    orcid="0000-0002-7808-2494">
                    <ce:given-name>Yuda</ce:given-name>
                    <ce:surname>Hadiwijaya</ce:surname>
                    <ce:contributor-role
                        role="http://credit.niso.org/contributor-roles/writing-original-draft"
                        >Writing &#x2013; original draft</ce:contributor-role>
                    <ce:contributor-role
                        role="http://credit.niso.org/contributor-roles/formal-analysis">Formal
                        analysis</ce:contributor-role>
                    <ce:cross-ref refid="aff0001">
                        <ce:sup loc="post">a</ce:sup>
                    </ce:cross-ref>
                </ce:author>
                <ce:author id="au0003"
                    author-id="S235234092100740X-ed749354208c34573495c0151263a582">
                    <ce:given-name>Ine Elisa</ce:given-name>
                    <ce:surname>Putri</ce:surname>
                    <ce:contributor-role
                        role="http://credit.niso.org/contributor-roles/writing-original-draft"
                        >Writing &#x2013; original draft</ce:contributor-role>
                    <ce:contributor-role
                        role="http://credit.niso.org/contributor-roles/formal-analysis">Formal
                        analysis</ce:contributor-role>
                    <ce:cross-ref refid="aff0001">
                        <ce:sup loc="post">a</ce:sup>
                    </ce:cross-ref>
                </ce:author>
                <ce:author id="au0004"
                    author-id="S235234092100740X-b1d21313ca942fe1f92035ae46d0c848">
                    <ce:given-name>Agus Arip</ce:given-name>
                    <ce:surname>Munawar</ce:surname>
                    <ce:contributor-role
                        role="http://credit.niso.org/contributor-roles/writing-original-draft"
                        >Writing &#x2013; original draft</ce:contributor-role>
                    <ce:contributor-role
                        role="http://credit.niso.org/contributor-roles/formal-analysis">Formal
                        analysis</ce:contributor-role>
                    <ce:cross-ref refid="aff0002">
                        <ce:sup loc="post">b</ce:sup>
                    </ce:cross-ref>
                </ce:author>
                <ce:affiliation id="aff0001"
                    affiliation-id="S235234092100740X-d763358d542c3cfab91f8be51bc03c09">
                    <ce:label>a</ce:label>
                    <ce:textfn id="cetextfn0001">Department of Agronomy, Faculty of Agriculture,
                        Universitas Padjadjaran, Sumedang 45363, Indonesia</ce:textfn>
                    <sa:affiliation>
                        <sa:organization>Department of Agronomy</sa:organization>
                        <sa:organization>Faculty of Agriculture</sa:organization>
                        <sa:organization>Universitas Padjadjaran</sa:organization>
                        <sa:city>Sumedang</sa:city>
                        <sa:postal-code>45363</sa:postal-code>
                        <sa:country>Indonesia</sa:country>
                    </sa:affiliation>
                    <ce:source-text id="staff0001">aDepartment of Agronomy, Faculty of Agriculture,
                        Universitas Padjadjaran, Sumedang 45363, Indonesia</ce:source-text>
                </ce:affiliation>
                <ce:affiliation id="aff0002"
                    affiliation-id="S235234092100740X-1ff9d3405b7b39936143a45fb08bf494">
                    <ce:label>b</ce:label>
                    <ce:textfn id="cetextfn0002">Department of Agricultural Engineering, Faculty of
                        Agriculture, Universitas Syiah Kuala, Banda Aceh 23111,
                        Indonesia</ce:textfn>
                    <sa:affiliation>
                        <sa:organization>Department of Agricultural Engineering</sa:organization>
                        <sa:organization>Faculty of Agriculture</sa:organization>
                        <sa:organization>Universitas Syiah Kuala</sa:organization>
                        <sa:city>Banda Aceh</sa:city>
                        <sa:postal-code>23111</sa:postal-code>
                        <sa:country>Indonesia</sa:country>
                    </sa:affiliation>
                    <ce:source-text id="staff0002">bDepartment of Agricultural Engineering, Faculty
                        of Agriculture, Universitas Syiah Kuala, Banda Aceh 23111,
                        Indonesia</ce:source-text>
                </ce:affiliation>
                <ce:correspondence id="cor0001">
                    <ce:label>&#x204e;</ce:label>
                    <ce:text id="cetext0001">Corresponding author.</ce:text>
                </ce:correspondence>
            </ce:author-group>
            <ce:date-received day="27" month="9" year="2021"/>
            <ce:date-accepted day="4" month="10" year="2021"/>
            <ce:abstract id="abs0001" view="all" class="author">
                <ce:section-title id="cesectitle0001">Abstract</ce:section-title>
                <ce:abstract-sec id="abss0001" view="all">
                    <ce:simple-para id="spara006" view="all">Spectra data of 300 samples from 6
                        Cucurbitaceae commodities, including zucchini, bitter gourd, ridge gourd,
                        melon, chayote, and cucumber, were recorded using a handheld
                        visible/near-infrared (Vis/NIR) instrument. Vis/NIR data were obtained in
                        the form of absorbance spectra data at a wavelength of
                        381&#x2013;1065&#160;nm. The spectral data has the potential to be reused to
                        predict quality attributes in the form of soluble solids and water content
                        on several Cucurbitaceae commodities. The accuracy of the Vis/NIR
                        calibration model can be increased by applying spectra preprocessing, for
                        example, second derivative savitzky-golay (dg2). The calibration model was
                        developed using the principal component regression (PCR) method on RAW and
                        dg2 spectra. The enhanced Vis/NIR dataset can be used to evaluate the inner
                        quality attributes of intact fruits in a rapid, non-destructive
                        manner.</ce:simple-para>
                </ce:abstract-sec>
            </ce:abstract>
            <ce:keywords id="keys0001" view="all" class="keyword">
                <ce:section-title id="cesectitle0002">Keywords</ce:section-title>
                <ce:keyword id="key0001">
                    <ce:text id="cetext0002">Calibration model</ce:text>
                </ce:keyword>
                <ce:keyword id="key0002">
                    <ce:text id="cetext0003">Post-harvest</ce:text>
                </ce:keyword>
                <ce:keyword id="key0003">
                    <ce:text id="cetext0004">Prediction</ce:text>
                </ce:keyword>
                <ce:keyword id="key0004">
                    <ce:text id="cetext0005">Spectral data</ce:text>
                </ce:keyword>
                <ce:keyword id="key0005">
                    <ce:text id="cetext0006">Spectroscopy</ce:text>
                </ce:keyword>
                <ce:keyword id="key0006">
                    <ce:text id="cetext0007">Technology</ce:text>
                </ce:keyword>
            </ce:keywords>
        </ja:head>
    </ja:article>
</doc:document>
