<doc:document xmlns:doc="http://www.elsevier.com/xml/document/schema" xmlns:dp="http://www.elsevier.com/xml/common/doc-properties/schema" xmlns:cps="http://www.elsevier.com/xml/common/consyn-properties/schema" xmlns:rdf="http://www.w3.org/1999/02/22-rdf-syntax-ns#" xmlns:dct="http://purl.org/dc/terms/" xmlns:prism="http://prismstandard.org/namespaces/basic/2.0/" xmlns:oa="http://vtw.elsevier.com/data/ns/properties/OpenAccess-1/" xmlns:bam="http://vtw.elsevier.com/data/voc/ns/bam-vtw-1/" xmlns:cp="http://vtw.elsevier.com/data/ns/properties/Copyright-1/" xmlns:cja="http://www.elsevier.com/xml/cja/schema" xmlns:ja="http://www.elsevier.com/xml/ja/schema" xmlns:bk="http://www.elsevier.com/xml/bk/schema" xmlns:ce="http://www.elsevier.com/xml/common/schema" xmlns:mml="http://www.w3.org/1998/Math/MathML" xmlns:cals="http://www.elsevier.com/xml/common/cals/schema" xmlns:tb="http://www.elsevier.com/xml/common/table/schema" xmlns:sa="http://www.elsevier.com/xml/common/struct-aff/schema" xmlns:sb="http://www.elsevier.com/xml/common/struct-bib/schema" xmlns:xlink="http://www.w3.org/1999/xlink"><rdf:RDF><rdf:Description rdf:about="http://dx.doi.org/10.1016/j.dib.2021.107656"><dct:format>application/xml</dct:format><dct:title>Human exome sequence data in support of somatic mosaicism in carotid atherosclerosis</dct:title><dct:creator>Alexei A. Sleptcov</dct:creator><dct:creator>Alexei A. Zarubin</dct:creator><dct:creator>Polina M. Bogaychuk</dct:creator><dct:creator>Mikhail S. Kuznetsov</dct:creator><dct:creator>Boris N. Kozlov</dct:creator><dct:creator>Maria S. Nazarenko</dct:creator><dct:subject><rdf:Bag><rdf:li>Atherosclerosis</rdf:li><rdf:li>Carotid plaque</rdf:li><rdf:li>Exome sequencing</rdf:li><rdf:li>HiSeq</rdf:li></rdf:Bag></dct:subject><dct:description>Data in Brief 39 (2021). doi:10.1016/j.dib.2021.107656</dct:description><prism:aggregationType>journal</prism:aggregationType><prism:publicationName>Data in Brief</prism:publicationName><prism:copyright>&#169; 2021 The Author(s). Published by Elsevier Inc.</prism:copyright><dct:publisher>Elsevier Inc.</dct:publisher><prism:issn>2352-3409</prism:issn><prism:volume>39</prism:volume><prism:coverDisplayDate>December 2021</prism:coverDisplayDate><prism:doi>10.1016/j.dib.2021.107656</prism:doi><prism:url>http://dx.doi.org/10.1016/j.dib.2021.107656</prism:url><dct:identifier>doi:10.1016/j.dib.2021.107656</dct:identifier><bam:articleNumber>107656</bam:articleNumber><oa:openAccessInformation><oa:openAccessStatus xmlns:xsi="http://www.w3.org/2001/XMLSchema-instance">http://vtw.elsevier.com/data/voc/oa/OpenAccessStatus#Full</oa:openAccessStatus><oa:openAccessEffective xmlns:xsi="http://www.w3.org/2001/XMLSchema-instance">2021-11-27T10:21:09Z</oa:openAccessEffective><oa:sponsor xmlns:xsi="http://www.w3.org/2001/XMLSchema-instance"><oa:sponsorType>http://vtw.elsevier.com/data/voc/oa/SponsorType#Author</oa:sponsorType></oa:sponsor><oa:userLicense xmlns:xsi="http://www.w3.org/2001/XMLSchema-instance">http://creativecommons.org/licenses/by/4.0/</oa:userLicense></oa:openAccessInformation><cp:licenseLine xmlns:xsi="http://www.w3.org/2001/XMLSchema-instance">This is an open access article under the CC BY license.</cp:licenseLine></rdf:Description></rdf:RDF><dp:document-properties><dp:aggregation-type>Journals</dp:aggregation-type><dp:version-number>S300.1</dp:version-number></dp:document-properties><ja:article docsubtype="dat" version="5.6" xml:lang="en"><ja:item-info><ja:jid>DIB</ja:jid><ja:aid>107656</ja:aid><ce:article-number>107656</ce:article-number><ce:pii>S2352-3409(21)00931-8</ce:pii><ce:doi>10.1016/j.dib.2021.107656</ce:doi><ce:copyright type="unknown" year="2021"/></ja:item-info><ja:head><ce:dochead id="dchd0001"><ce:textfn id="dhtxt0001">Data Article</ce:textfn></ce:dochead><ce:title id="tte0002">Human exome sequence data in support of somatic mosaicism in carotid atherosclerosis</ce:title><ce:author-group id="aut0001"><ce:author id="au0001" author-id="S2352340921009318-af2d613f7e5ad94f563c2cb01e1ea1af" orcid="0000-0003-3226-1750"><ce:given-name>Alexei A.</ce:given-name><ce:surname>Sleptcov</ce:surname><ce:contributor-role role="http://credit.niso.org/contributor-roles/data-curation">Data curation</ce:contributor-role><ce:contributor-role role="http://credit.niso.org/contributor-roles/investigation">Investigation</ce:contributor-role><ce:contributor-role role="http://credit.niso.org/contributor-roles/supervision">Supervision</ce:contributor-role><ce:contributor-role role="http://credit.niso.org/contributor-roles/writing-original-draft">Writing &#x2013; original draft</ce:contributor-role><ce:cross-ref refid="aff0001"><ce:sup loc="post">a</ce:sup></ce:cross-ref><ce:cross-ref refid="aff0003"><ce:sup loc="post">c</ce:sup></ce:cross-ref><ce:cross-ref refid="cor0001"><ce:sup loc="post">&#x204e;</ce:sup></ce:cross-ref><ce:e-address id="ead0001" type="email" xlink:href="mailto:alexei.sleptcov@medgenetics.ru">alexei.sleptcov@medgenetics.ru</ce:e-address><ce:e-address id="ea1" type="social-media" xlink:href="https://twitter.com/Nicanoricon">@Nicanoricon</ce:e-address><ce:e-address id="ea2" type="social-media" xlink:href="https://twitter.com/TomskNIMC">@TomskNIMC</ce:e-address></ce:author><ce:author id="au0002" author-id="S2352340921009318-4499db78ea82afc1acea29b4bc9346a2" orcid="0000-0001-6568-6339"><ce:given-name>Alexei A.</ce:given-name><ce:surname>Zarubin</ce:surname><ce:contributor-role role="http://credit.niso.org/contributor-roles/software">Software</ce:contributor-role><ce:contributor-role role="http://credit.niso.org/contributor-roles/validation">Validation</ce:contributor-role><ce:cross-ref refid="aff0001"><ce:sup loc="post">a</ce:sup></ce:cross-ref></ce:author><ce:author id="au0003" author-id="S2352340921009318-e716550cade2f7b45e748e0572e79dfb" orcid="0000-0001-6494-1916"><ce:given-name>Polina M.</ce:given-name><ce:surname>Bogaychuk</ce:surname><ce:contributor-role role="http://credit.niso.org/contributor-roles/software">Software</ce:contributor-role><ce:contributor-role role="http://credit.niso.org/contributor-roles/formal-analysis">Formal analysis</ce:contributor-role><ce:cross-ref refid="aff0001"><ce:sup loc="post">a</ce:sup></ce:cross-ref></ce:author><ce:author id="au0004" author-id="S2352340921009318-eaaa3ada3a6c999c7a8f6aca17a80268"><ce:given-name>Mikhail S.</ce:given-name><ce:surname>Kuznetsov</ce:surname><ce:contributor-role role="http://credit.niso.org/contributor-roles/resources">Resources</ce:contributor-role><ce:cross-ref refid="aff0002"><ce:sup loc="post">b</ce:sup></ce:cross-ref></ce:author><ce:author id="au0005" author-id="S2352340921009318-c2777a44b13025232fcd463a7d14fa73"><ce:given-name>Boris N.</ce:given-name><ce:surname>Kozlov</ce:surname><ce:contributor-role role="http://credit.niso.org/contributor-roles/data-curation">Data curation</ce:contributor-role><ce:cross-ref refid="aff0002"><ce:sup loc="post">b</ce:sup></ce:cross-ref></ce:author><ce:author id="au0006" author-id="S2352340921009318-4974b6daccee29eff29ef64c327472ef"><ce:given-name>Maria S.</ce:given-name><ce:surname>Nazarenko</ce:surname><ce:contributor-role role="http://credit.niso.org/contributor-roles/conceptualization">Conceptualization</ce:contributor-role><ce:contributor-role role="http://credit.niso.org/contributor-roles/writing-review-editing">Writing &#x2013; review &amp; editing</ce:contributor-role><ce:cross-ref refid="aff0001"><ce:sup loc="post">a</ce:sup></ce:cross-ref></ce:author><ce:affiliation id="aff0001" affiliation-id="S2352340921009318-21f7cdaf35a2b14f0db0211aa3bbef90"><ce:label>a</ce:label><ce:textfn id="cetextfn0001">Research Institute of Medical Genetics, Tomsk National Research Medical Center, 10 Ushayka Embankment, Tomsk 634050, Russia</ce:textfn><sa:affiliation><sa:organization>Research Institute of Medical Genetics</sa:organization><sa:organization>Tomsk National Research Medical Center</sa:organization><sa:address-line>10 Ushayka Embankment</sa:address-line><sa:city>Tomsk</sa:city><sa:postal-code>634050</sa:postal-code><sa:country>Russia</sa:country></sa:affiliation><ce:source-text id="staff0001">aResearch Institute of Medical Genetics, Tomsk National Research Medical Center, 10 Ushayka Embankment, Tomsk 634050, Russia</ce:source-text></ce:affiliation><ce:affiliation id="aff0002" affiliation-id="S2352340921009318-beb33a4f4dd77ddbbadfb0ce700f4bab"><ce:label>b</ce:label><ce:textfn id="cetextfn0002">Cardiology Research Institute, Tomsk National Research Medical Center, 111-A Kievskaja Str, Tomsk 634012, Russia</ce:textfn><sa:affiliation><sa:organization>Cardiology Research Institute</sa:organization><sa:organization>Tomsk National Research Medical Center</sa:organization><sa:address-line>111-A Kievskaja Str</sa:address-line><sa:city>Tomsk</sa:city><sa:postal-code>634012</sa:postal-code><sa:country>Russia</sa:country></sa:affiliation><ce:source-text id="staff0002">bCardiology Research Institute, Tomsk National Research Medical Center, 111-A Kievskaja Str, Tomsk 634012, Russia</ce:source-text></ce:affiliation><ce:affiliation id="aff0003" affiliation-id="S2352340921009318-c811cdae0faea777849ef69661096917"><ce:label>c</ce:label><ce:textfn id="cetextfn0003">National Research Tomsk State University, 36 Lenin Ave, Tomsk 634050, Russia</ce:textfn><sa:affiliation><sa:organization>National Research Tomsk State University</sa:organization><sa:address-line>36 Lenin Ave</sa:address-line><sa:city>Tomsk</sa:city><sa:postal-code>634050</sa:postal-code><sa:country>Russia</sa:country></sa:affiliation><ce:source-text id="staff0003">cNational Research Tomsk State University, 36 Lenin Ave, Tomsk 634050, Russia</ce:source-text></ce:affiliation><ce:correspondence id="cor0001"><ce:label>&#x204e;</ce:label><ce:text id="cetext0001">Corresponding author.</ce:text></ce:correspondence></ce:author-group><ce:date-received day="28" month="10" year="2021"/><ce:date-revised day="24" month="11" year="2021"/><ce:date-accepted day="26" month="11" year="2021"/><ce:abstract id="abs0001" view="all" class="author"><ce:section-title id="cesectitle0001">Abstract</ce:section-title><ce:abstract-sec id="abss0001" view="all"><ce:simple-para id="spara005" view="all">Understanding the mechanisms underlying the connection between somatic mosaicism and cardiovascular disease is likely essential for the future of personalized medicine. This article is aimed at providing data on somatic mosaicism in human carotid atherosclerosis. An advanced carotid atherosclerotic plaque and white blood cells were collected simultaneously from each patient (eight Slavic males, aged 67 &#177; 3.8 years [mean &#177; SD]) to assess the spectrum of germline and somatic genetic variants. Exome sequencing of DNA from the samples was performed with the SureSelect Clinical Research Exome Enrichment Kit (Agilent Technologies) and HiSeq 1500 (Illumina). The dataset contains germline and somatic single-nucleotide variants and small indels identified in the advanced carotid atherosclerotic plaque and white blood cells of each patient. This dataset does not include copy number variants owing to a lack of suitable tools for reliable calculation of copy numbers from exome sequencing data on cancer-unrelated samples. The dataset should help to understand somatic mosaicism in cardiovascular diseases and to identify copy number variants by means of more appropriate newer tools in the future.</ce:simple-para></ce:abstract-sec></ce:abstract><ce:keywords id="keys0001" view="all" class="keyword"><ce:section-title id="cesectitle0002">Keywords</ce:section-title><ce:keyword id="key0001"><ce:text id="cetext0002">Atherosclerosis</ce:text></ce:keyword><ce:keyword id="key0002"><ce:text id="cetext0003">Carotid plaque</ce:text></ce:keyword><ce:keyword id="key0003"><ce:text id="cetext0004">Exome sequencing</ce:text></ce:keyword><ce:keyword id="key0004"><ce:text id="cetext0005">HiSeq</ce:text></ce:keyword></ce:keywords></ja:head></ja:article></doc:document>
