<doc:document xmlns:doc="http://www.elsevier.com/xml/document/schema" xmlns:dp="http://www.elsevier.com/xml/common/doc-properties/schema" xmlns:cps="http://www.elsevier.com/xml/common/consyn-properties/schema" xmlns:rdf="http://www.w3.org/1999/02/22-rdf-syntax-ns#" xmlns:dct="http://purl.org/dc/terms/" xmlns:prism="http://prismstandard.org/namespaces/basic/2.0/" xmlns:oa="http://vtw.elsevier.com/data/ns/properties/OpenAccess-1/" xmlns:bam="http://vtw.elsevier.com/data/voc/ns/bam-vtw-1/" xmlns:cp="http://vtw.elsevier.com/data/ns/properties/Copyright-1/" xmlns:cja="http://www.elsevier.com/xml/cja/schema" xmlns:ja="http://www.elsevier.com/xml/ja/schema" xmlns:bk="http://www.elsevier.com/xml/bk/schema" xmlns:ce="http://www.elsevier.com/xml/common/schema" xmlns:mml="http://www.w3.org/1998/Math/MathML" xmlns:cals="http://www.elsevier.com/xml/common/cals/schema" xmlns:tb="http://www.elsevier.com/xml/common/table/schema" xmlns:sa="http://www.elsevier.com/xml/common/struct-aff/schema" xmlns:sb="http://www.elsevier.com/xml/common/struct-bib/schema" xmlns:xlink="http://www.w3.org/1999/xlink"><rdf:RDF><rdf:Description rdf:about="http://dx.doi.org/10.1016/j.dib.2021.107544"><dct:format>application/xml</dct:format><dct:title>Intra- and interspecific toxicity testing methods and data for nematodes exposed to metals</dct:title><dct:creator>Scott Glaberman</dct:creator><dct:creator>Andrew Heaton</dct:creator><dct:creator>Scott Weir</dct:creator><dct:subject><rdf:Bag><rdf:li>C. elegans</rdf:li><rdf:li>Toxicology</rdf:li><rdf:li>Copper</rdf:li><rdf:li>Zinc</rdf:li></rdf:Bag></dct:subject><dct:description>Data in Brief 39 (2021). doi:10.1016/j.dib.2021.107544</dct:description><prism:aggregationType>journal</prism:aggregationType><prism:publicationName>Data in Brief</prism:publicationName><prism:copyright>&#169; 2021 The Author(s). Published by Elsevier Inc.</prism:copyright><dct:publisher>Elsevier Inc.</dct:publisher><prism:issn>2352-3409</prism:issn><prism:volume>39</prism:volume><prism:coverDisplayDate>December 2021</prism:coverDisplayDate><prism:doi>10.1016/j.dib.2021.107544</prism:doi><prism:url>http://dx.doi.org/10.1016/j.dib.2021.107544</prism:url><dct:identifier>doi:10.1016/j.dib.2021.107544</dct:identifier><bam:articleNumber>107544</bam:articleNumber><oa:openAccessInformation><oa:openAccessStatus xmlns:xsi="http://www.w3.org/2001/XMLSchema-instance">http://vtw.elsevier.com/data/voc/oa/OpenAccessStatus#Full</oa:openAccessStatus><oa:openAccessEffective xmlns:xsi="http://www.w3.org/2001/XMLSchema-instance">2021-11-02T14:38:59Z</oa:openAccessEffective><oa:sponsor xmlns:xsi="http://www.w3.org/2001/XMLSchema-instance"><oa:sponsorType>http://vtw.elsevier.com/data/voc/oa/SponsorType#Author</oa:sponsorType></oa:sponsor><oa:userLicense xmlns:xsi="http://www.w3.org/2001/XMLSchema-instance">http://creativecommons.org/licenses/by/4.0/</oa:userLicense></oa:openAccessInformation><cp:licenseLine xmlns:xsi="http://www.w3.org/2001/XMLSchema-instance">This is an open access article under the CC BY license.</cp:licenseLine></rdf:Description></rdf:RDF><dp:document-properties><dp:aggregation-type>Journals</dp:aggregation-type><dp:version-number>S300.1</dp:version-number></dp:document-properties><ja:article docsubtype="dat" version="5.6" xml:lang="en"><ja:item-info><ja:jid>DIB</ja:jid><ja:aid>107544</ja:aid><ce:article-number>107544</ce:article-number><ce:pii>S2352-3409(21)00820-9</ce:pii><ce:doi>10.1016/j.dib.2021.107544</ce:doi><ce:document-thread><ce:refers-to-document id="ref0001"><ce:pii>S0045-6535(21)02355-9</ce:pii><ce:doi>10.1016/j.chemosphere.2021.131883</ce:doi></ce:refers-to-document></ce:document-thread><ce:copyright type="unknown" year="2021"/></ja:item-info><ja:head><ce:dochead id="dchd0001"><ce:textfn id="dhtxt0001">Data Article</ce:textfn></ce:dochead><ce:title id="tte0002">Intra- and interspecific toxicity testing methods and data for nematodes exposed to metals</ce:title><ce:author-group id="aut0001"><ce:author id="au0001" author-id="S2352340921008209-7146fccf66a8b133478c04e6cb8e1318" orcid="0000-0003-0594-4732"><ce:given-name>Scott</ce:given-name><ce:surname>Glaberman</ce:surname><ce:contributor-role role="http://credit.niso.org/contributor-roles/conceptualization">Conceptualization</ce:contributor-role><ce:contributor-role role="http://credit.niso.org/contributor-roles/methodology">Methodology</ce:contributor-role><ce:contributor-role role="http://credit.niso.org/contributor-roles/formal-analysis">Formal analysis</ce:contributor-role><ce:contributor-role role="http://credit.niso.org/contributor-roles/writing-original-draft">Writing &#x2013; original draft</ce:contributor-role><ce:contributor-role role="http://credit.niso.org/contributor-roles/supervision">Supervision</ce:contributor-role><ce:cross-ref refid="aff0001"><ce:sup loc="post">a</ce:sup></ce:cross-ref><ce:cross-ref refid="cor0001"><ce:sup loc="post">&#x204e;</ce:sup></ce:cross-ref><ce:e-address id="ead0001" type="email" xlink:href="mailto:sglaberm@gmu.edu">sglaberm@gmu.edu</ce:e-address><ce:e-address id="ea3" type="social-media" xlink:href="https://twitter.com/PhyloTox">@PhyloTox</ce:e-address></ce:author><ce:author id="au0002" author-id="S2352340921008209-52326515c705ce4292220fe88fe16892"><ce:given-name>Andrew</ce:given-name><ce:surname>Heaton</ce:surname><ce:contributor-role role="http://credit.niso.org/contributor-roles/investigation">Investigation</ce:contributor-role><ce:contributor-role role="http://credit.niso.org/contributor-roles/writing-review-editing">Writing &#x2013; review &amp; editing</ce:contributor-role><ce:cross-ref refid="aff0002"><ce:sup loc="post">b</ce:sup></ce:cross-ref><ce:e-address id="ea4" type="social-media" xlink:href="https://twitter.com/Drousaphone">@Drousaphone</ce:e-address></ce:author><ce:author id="au0003" author-id="S2352340921008209-6de575f30a6b1a9c27a3dd03d1c4ca37"><ce:given-name>Scott</ce:given-name><ce:surname>Weir</ce:surname><ce:contributor-role role="http://credit.niso.org/contributor-roles/formal-analysis">Formal analysis</ce:contributor-role><ce:contributor-role role="http://credit.niso.org/contributor-roles/software">Software</ce:contributor-role><ce:cross-ref refid="aff0003"><ce:sup loc="post">c</ce:sup></ce:cross-ref></ce:author><ce:affiliation id="aff0001" affiliation-id="S2352340921008209-dcf7a2243cfe8d5694ed5d557bd7e323"><ce:label>a</ce:label><ce:textfn id="cetextfn0001">Department of Environmental Science &amp; Policy, George Mason University, Fairfax, VA, USA</ce:textfn><sa:affiliation><sa:organization>Department of Environmental Science &amp; Policy</sa:organization><sa:organization>George Mason University</sa:organization><sa:city>Fairfax</sa:city><sa:state>VA</sa:state><sa:country>USA</sa:country></sa:affiliation><ce:source-text id="staff0001">aDepartment of Environmental Science &amp; Policy, George Mason University, Fairfax, VA 22030, USA</ce:source-text></ce:affiliation><ce:affiliation id="aff0002" affiliation-id="S2352340921008209-c2d9cf641592bd18ae670e38ea06892f"><ce:label>b</ce:label><ce:textfn id="cetextfn0002">Grand Bay National Estuarine Research Reserve, Moss Point, MS, USA</ce:textfn><sa:affiliation><sa:organization>Grand Bay National Estuarine Research Reserve</sa:organization><sa:city>Moss Point</sa:city><sa:state>MS</sa:state><sa:country>USA</sa:country></sa:affiliation><ce:source-text id="staff0002">bGrand Bay National Estuarine Research Reserve, Moss Point, MS, USA</ce:source-text></ce:affiliation><ce:affiliation id="aff0003" affiliation-id="S2352340921008209-cd29f83dfb0fc42818ce97b9e13ac5e7"><ce:label>c</ce:label><ce:textfn id="cetextfn0003">Department of Biology, Queens University of Charlotte, Charlotte, NC, USA</ce:textfn><sa:affiliation><sa:organization>Department of Biology</sa:organization><sa:organization>Queens University of Charlotte</sa:organization><sa:city>Charlotte</sa:city><sa:state>NC</sa:state><sa:country>USA</sa:country></sa:affiliation><ce:source-text id="staff0003">cDepartment of Biology, Queens University of Charlotte, Charlotte, NC, USA</ce:source-text></ce:affiliation><ce:correspondence id="cor0001"><ce:label>&#x204e;</ce:label><ce:text id="cetext0001">Corresponding author.</ce:text></ce:correspondence></ce:author-group><ce:date-received day="7" month="9" year="2021"/><ce:date-revised day="28" month="10" year="2021"/><ce:date-accepted day="1" month="11" year="2021"/><ce:abstract id="abs0001" view="all" class="author"><ce:section-title id="cesectitle0001">Abstract</ce:section-title><ce:abstract-sec id="abss0001" view="all"><ce:simple-para id="spara001" view="all">Twenty-four hour median lethal concentration (LC50) toxicity tests were performed with five species of nematodes (<ce:italic>Caenorhabditis elegans, Caenorhabditis briggsae, Pristionchus pacificus, Oscheius tipulae</ce:italic>, and <ce:italic>Oscheius myriophila</ce:italic>) in response to copper chloride and zinc chloride. In addition, lethality tests were also performed with seven strains of <ce:italic>C. elegans</ce:italic> (N2&#160;&gt;&#160;1 year in culture, N2 newly acquired, N2 ancestral, ED3053, JU258, JU1171, and MY1) exposed to copper chloride. Nominal chemical concentrations were validated and analyzed according to U.S. Environmental Protection Agency method 6010 using inductively coupled plasma&#x2013;atomic emission spectroscopy (ICP-AES). This paper combines the datasets previously published separately by Heaton et&#160;al. (2020, 2022). The goal is to catalog all raw and analyzed toxicity data collected from both studies in a single consistent information source for use by the scientific community.</ce:simple-para></ce:abstract-sec></ce:abstract><ce:keywords id="keys0001" view="all" class="keyword"><ce:section-title id="cesectitle0002">Keywords</ce:section-title><ce:keyword id="key0001"><ce:text id="cetext0002">C. elegans</ce:text></ce:keyword><ce:keyword id="key0002"><ce:text id="cetext0003">Toxicology</ce:text></ce:keyword><ce:keyword id="key0003"><ce:text id="cetext0004">Copper</ce:text></ce:keyword><ce:keyword id="key0004"><ce:text id="cetext0005">Zinc</ce:text></ce:keyword></ce:keywords></ja:head></ja:article></doc:document>
