<doc:document xmlns:doc="http://www.elsevier.com/xml/document/schema" xmlns:dp="http://www.elsevier.com/xml/common/doc-properties/schema" xmlns:cps="http://www.elsevier.com/xml/common/consyn-properties/schema" xmlns:rdf="http://www.w3.org/1999/02/22-rdf-syntax-ns#" xmlns:dct="http://purl.org/dc/terms/" xmlns:prism="http://prismstandard.org/namespaces/basic/2.0/" xmlns:oa="http://vtw.elsevier.com/data/ns/properties/OpenAccess-1/" xmlns:bam="http://vtw.elsevier.com/data/voc/ns/bam-vtw-1/" xmlns:cp="http://vtw.elsevier.com/data/ns/properties/Copyright-1/" xmlns:cja="http://www.elsevier.com/xml/cja/schema" xmlns:ja="http://www.elsevier.com/xml/ja/schema" xmlns:bk="http://www.elsevier.com/xml/bk/schema" xmlns:ce="http://www.elsevier.com/xml/common/schema" xmlns:mml="http://www.w3.org/1998/Math/MathML" xmlns:cals="http://www.elsevier.com/xml/common/cals/schema" xmlns:tb="http://www.elsevier.com/xml/common/table/schema" xmlns:sa="http://www.elsevier.com/xml/common/struct-aff/schema" xmlns:sb="http://www.elsevier.com/xml/common/struct-bib/schema" xmlns:xlink="http://www.w3.org/1999/xlink"><rdf:RDF><rdf:Description rdf:about="http://dx.doi.org/10.1016/j.dib.2022.107806"><dct:format>application/xml</dct:format><dct:title>Data on annotated approximate bilaterally symmetric leaf-off trees based on particle flow simulation and predefined tree crown shape</dct:title><dct:creator>&#x0160;tefan Kohek</dct:creator><dct:creator>Niko Luka&#x010d;</dct:creator><dct:creator>Damjan Strnad</dct:creator><dct:creator>Ivana Kolingerova</dct:creator><dct:creator>Borut &#x017d;alik</dct:creator><dct:subject><rdf:Bag><rdf:li>Approximate symmetry</rdf:li><rdf:li>Symmetry detection</rdf:li><rdf:li>Tree synthesis</rdf:li><rdf:li>3D tree modeling</rdf:li></rdf:Bag></dct:subject><dct:description>Data in Brief 40 (2022). doi:10.1016/j.dib.2022.107806</dct:description><prism:aggregationType>journal</prism:aggregationType><prism:publicationName>Data in Brief</prism:publicationName><prism:copyright>&#169; 2022 The Author(s). Published by Elsevier Inc.</prism:copyright><dct:publisher>Elsevier Inc.</dct:publisher><prism:issn>2352-3409</prism:issn><prism:volume>40</prism:volume><prism:coverDisplayDate>February 2022</prism:coverDisplayDate><prism:doi>10.1016/j.dib.2022.107806</prism:doi><prism:url>http://dx.doi.org/10.1016/j.dib.2022.107806</prism:url><dct:identifier>doi:10.1016/j.dib.2022.107806</dct:identifier><bam:articleNumber>107806</bam:articleNumber><oa:openAccessInformation><oa:openAccessStatus xmlns:xsi="http://www.w3.org/2001/XMLSchema-instance">http://vtw.elsevier.com/data/voc/oa/OpenAccessStatus#Full</oa:openAccessStatus><oa:openAccessEffective xmlns:xsi="http://www.w3.org/2001/XMLSchema-instance">2022-01-06T14:04:25Z</oa:openAccessEffective><oa:sponsor xmlns:xsi="http://www.w3.org/2001/XMLSchema-instance"><oa:sponsorType>http://vtw.elsevier.com/data/voc/oa/SponsorType#Author</oa:sponsorType></oa:sponsor><oa:userLicense xmlns:xsi="http://www.w3.org/2001/XMLSchema-instance">http://creativecommons.org/licenses/by/4.0/</oa:userLicense></oa:openAccessInformation><cp:licenseLine xmlns:xsi="http://www.w3.org/2001/XMLSchema-instance">This is an open access article under the CC BY license.</cp:licenseLine></rdf:Description></rdf:RDF><dp:document-properties><dp:aggregation-type>Journals</dp:aggregation-type><dp:version-number>S300.1</dp:version-number></dp:document-properties><ja:article docsubtype="dat" xml:lang="en" version="5.6"><ja:item-info><ja:jid>DIB</ja:jid><ja:aid>107806</ja:aid><ce:article-number>107806</ce:article-number><ce:pii>S2352-3409(22)00018-X</ce:pii><ce:doi>10.1016/j.dib.2022.107806</ce:doi><ce:copyright type="other" year="2022">The Author(s)</ce:copyright></ja:item-info><ja:head><ce:article-footnote><ce:label>&#x2606;</ce:label><ce:note-para id="notep9001" view="all">Given his role as Section Editor of this journal, Niko Luka&#x010d; had no involvement in the peer-review of this article and has no access to information regarding its peer-review.</ce:note-para></ce:article-footnote><ce:dochead id="dh1"><ce:textfn id="textfn0001">Data Article</ce:textfn></ce:dochead><ce:title id="ct0001">Data on annotated approximate bilaterally symmetric leaf-off trees based on particle flow simulation and predefined tree crown shape</ce:title><ce:short-title id="stitle0010">Data on annotated approximate bilaterally symmetric leaf-off trees based on particle flow simulation and predefined tree crown shape</ce:short-title><ce:author-group id="aut0001"><ce:author id="au0001" author-id="S235234092200018X-ceb75a4a2dbe8b6cb0120db208717ada" orcid="0000-0002-6210-0889"><ce:given-name>&#x0160;tefan</ce:given-name><ce:surname>Kohek</ce:surname><ce:contributor-role role="http://credit.niso.org/contributor-roles/conceptualization">Conceptualization</ce:contributor-role><ce:contributor-role role="http://credit.niso.org/contributor-roles/writing-original-draft">Writing &#x2013; original draft</ce:contributor-role><ce:contributor-role role="http://credit.niso.org/contributor-roles/methodology">Methodology</ce:contributor-role><ce:contributor-role role="http://credit.niso.org/contributor-roles/software">Software</ce:contributor-role><ce:contributor-role role="http://credit.niso.org/contributor-roles/data-curation">Data curation</ce:contributor-role><ce:cross-ref refid="aff0001"><ce:sup loc="post">a</ce:sup></ce:cross-ref><ce:cross-ref refid="cor0001"><ce:sup loc="post">&#x204e;</ce:sup></ce:cross-ref><ce:e-address type="email" xlink:href="mailto:stefan.kohek@um.si" id="ead0001">stefan.kohek@um.si</ce:e-address></ce:author><ce:author id="au0002" author-id="S235234092200018X-f144fd881671a00b51bcf6fdd2c6cc79"><ce:given-name>Niko</ce:given-name><ce:surname>Luka&#x010d;</ce:surname><ce:contributor-role role="http://credit.niso.org/contributor-roles/conceptualization">Conceptualization</ce:contributor-role><ce:contributor-role role="http://credit.niso.org/contributor-roles/writing-review-editing">Writing &#x2013; review &amp; editing</ce:contributor-role><ce:contributor-role role="http://credit.niso.org/contributor-roles/methodology">Methodology</ce:contributor-role><ce:contributor-role role="http://credit.niso.org/contributor-roles/project-administration">Project administration</ce:contributor-role><ce:cross-ref refid="aff0001"><ce:sup loc="post">a</ce:sup></ce:cross-ref></ce:author><ce:author id="au0003" author-id="S235234092200018X-6bbe2315976f1ca58ab3d7a6fba21b1a" orcid="0000-0003-4468-0290"><ce:given-name>Damjan</ce:given-name><ce:surname>Strnad</ce:surname><ce:contributor-role role="http://credit.niso.org/contributor-roles/conceptualization">Conceptualization</ce:contributor-role><ce:contributor-role role="http://credit.niso.org/contributor-roles/writing-review-editing">Writing &#x2013; review &amp; editing</ce:contributor-role><ce:contributor-role role="http://credit.niso.org/contributor-roles/methodology">Methodology</ce:contributor-role><ce:cross-ref refid="aff0001"><ce:sup loc="post">a</ce:sup></ce:cross-ref></ce:author><ce:author id="au0004" author-id="S235234092200018X-7ac3bffc66bf35232aadf7264e295a92"><ce:given-name>Ivana</ce:given-name><ce:surname>Kolingerova</ce:surname><ce:contributor-role role="http://credit.niso.org/contributor-roles/conceptualization">Conceptualization</ce:contributor-role><ce:contributor-role role="http://credit.niso.org/contributor-roles/writing-review-editing">Writing &#x2013; review &amp; editing</ce:contributor-role><ce:contributor-role role="http://credit.niso.org/contributor-roles/funding-acquisition">Funding acquisition</ce:contributor-role><ce:cross-ref refid="aff0002"><ce:sup loc="post">b</ce:sup></ce:cross-ref></ce:author><ce:author id="au0005" author-id="S235234092200018X-310930737256e3591f7cd54829089286" orcid="0000-0003-4372-5020"><ce:given-name>Borut</ce:given-name><ce:surname>&#x017d;alik</ce:surname><ce:contributor-role role="http://credit.niso.org/contributor-roles/conceptualization">Conceptualization</ce:contributor-role><ce:contributor-role role="http://credit.niso.org/contributor-roles/writing-review-editing">Writing &#x2013; review &amp; editing</ce:contributor-role><ce:contributor-role role="http://credit.niso.org/contributor-roles/funding-acquisition">Funding acquisition</ce:contributor-role><ce:contributor-role role="http://credit.niso.org/contributor-roles/supervision">Supervision</ce:contributor-role><ce:cross-ref refid="aff0001"><ce:sup loc="post">a</ce:sup></ce:cross-ref></ce:author><ce:affiliation id="aff0001" affiliation-id="S235234092200018X-aed92eb9b96e5bbf3c95e3d426c671b3"><ce:label>a</ce:label><ce:textfn id="textfn0002">Faculty of Electrical Engineering and Computer Science, University of Maribor, Maribor, Slovenia</ce:textfn><sa:affiliation><sa:organization>Faculty of Electrical Engineering and Computer Science</sa:organization><sa:organization>University of Maribor</sa:organization><sa:city>Maribor</sa:city><sa:country>Slovenia</sa:country></sa:affiliation><ce:source-text id="st0001">Faculty of Electrical Engineering and Computer Science, University of Maribor, Maribor, Slovenia</ce:source-text></ce:affiliation><ce:affiliation id="aff0002" affiliation-id="S235234092200018X-612e4a494ac583f581544551d159867b"><ce:label>b</ce:label><ce:textfn id="textfn0003">Faculty of Applied Sciences, University of West Bohemia, Plzen, Czech Republic</ce:textfn><sa:affiliation><sa:organization>Faculty of Applied Sciences</sa:organization><sa:organization>University of West Bohemia</sa:organization><sa:city>Plzen</sa:city><sa:country>Czech Republic</sa:country></sa:affiliation><ce:source-text id="st0002">Faculty of Applied Sciences, University of West Bohemia, Plzen, Czech Republic</ce:source-text></ce:affiliation><ce:correspondence id="cor0001"><ce:label>&#x204e;</ce:label><ce:text id="cor1">Corresponding author.</ce:text></ce:correspondence></ce:author-group><ce:date-received day="23" month="7" year="2021"/><ce:date-revised day="15" month="12" year="2021"/><ce:date-accepted day="4" month="1" year="2022"/><ce:abstract id="abs0001" class="author" view="all"><ce:section-title id="sctt0001">Abstract</ce:section-title><ce:abstract-sec id="abssec0001" view="all"><ce:simple-para id="sp0001" view="all">Trees are natural objects, where deviations through the branches amplify geometric data for 3D representation and bring challenges to various applications dealing with 3D models, such as compression, visualization, symmetry detection, and radiative transfer simulation. This data article describes dataset of approximately symmetric 3D tree models with manually identified predominant symmetry plane in each tree model. Parameters for procedural tree synthesis were manually adjusted to produce approximately bilaterally symmetric trees which are grouped into species with distinct features. In the last step, each tree was manually annotated with approximate symmetry plane. This dataset contains geometric data of branches, manually defined parameters for tree synthesis method, point clouds, and a division plane with a score of bilateral symmetry strength. The generated trees can be used as benchmark data for verification of approximate reflectional symmetry detection methods. Additionally, generated 3D tree models can be used for other applications requiring pregenerated trees, such as compression of tree models, instancing, decimation methods, and radiative transfer simulation and modeling.</ce:simple-para></ce:abstract-sec></ce:abstract><ce:keywords id="keys0001" class="keyword" view="all"><ce:section-title id="sctt0002">Keywords</ce:section-title><ce:keyword id="key0002"><ce:text id="txt0001">Approximate symmetry</ce:text></ce:keyword><ce:keyword id="key0003"><ce:text id="txt0002">Symmetry detection</ce:text></ce:keyword><ce:keyword id="key0004"><ce:text id="txt0003">Tree synthesis</ce:text></ce:keyword><ce:keyword id="key0005"><ce:text id="txt0004">3D tree modeling</ce:text></ce:keyword></ce:keywords></ja:head></ja:article></doc:document>
