<doc:document xmlns:doc="http://www.elsevier.com/xml/document/schema" xmlns:dp="http://www.elsevier.com/xml/common/doc-properties/schema" xmlns:cps="http://www.elsevier.com/xml/common/consyn-properties/schema" xmlns:rdf="http://www.w3.org/1999/02/22-rdf-syntax-ns#" xmlns:dct="http://purl.org/dc/terms/" xmlns:prism="http://prismstandard.org/namespaces/basic/2.0/" xmlns:oa="http://vtw.elsevier.com/data/ns/properties/OpenAccess-1/" xmlns:bam="http://vtw.elsevier.com/data/voc/ns/bam-vtw-1/" xmlns:cp="http://vtw.elsevier.com/data/ns/properties/Copyright-1/" xmlns:cja="http://www.elsevier.com/xml/cja/schema" xmlns:ja="http://www.elsevier.com/xml/ja/schema" xmlns:bk="http://www.elsevier.com/xml/bk/schema" xmlns:ce="http://www.elsevier.com/xml/common/schema" xmlns:mml="http://www.w3.org/1998/Math/MathML" xmlns:cals="http://www.elsevier.com/xml/common/cals/schema" xmlns:tb="http://www.elsevier.com/xml/common/table/schema" xmlns:sa="http://www.elsevier.com/xml/common/struct-aff/schema" xmlns:sb="http://www.elsevier.com/xml/common/struct-bib/schema" xmlns:xlink="http://www.w3.org/1999/xlink"><rdf:RDF><rdf:Description rdf:about="http://dx.doi.org/10.1016/j.dib.2022.107879"><dct:format>application/xml</dct:format><dct:title>A comprehensive dataset of board of directors attributes of Pakistan stock exchange listed non-financial firms</dct:title><dct:creator>Sattar Khan</dct:creator><dct:creator>Yasir Kamal</dct:creator><dct:subject><rdf:Bag><rdf:li>Board of directors</rdf:li><rdf:li>Audit committee</rdf:li><rdf:li>Corporate governance</rdf:li><rdf:li>Panel data</rdf:li><rdf:li>Non-financial firms</rdf:li><rdf:li>Pakistan stock exchange</rdf:li></rdf:Bag></dct:subject><dct:description>Data in Brief, Uncorrected proof. doi:10.1016/j.dib.2022.107879</dct:description><prism:aggregationType>journal</prism:aggregationType><prism:publicationName>Data in Brief</prism:publicationName><prism:copyright>&#169; 2022 The Author(s). Published by Elsevier Inc.</prism:copyright><dct:publisher>Elsevier Inc.</dct:publisher><prism:issn>2352-3409</prism:issn><prism:doi>10.1016/j.dib.2022.107879</prism:doi><prism:url>http://dx.doi.org/10.1016/j.dib.2022.107879</prism:url><dct:identifier>doi:10.1016/j.dib.2022.107879</dct:identifier><bam:articleNumber>107879</bam:articleNumber><oa:openAccessInformation><oa:openAccessStatus xmlns:xsi="http://www.w3.org/2001/XMLSchema-instance">http://vtw.elsevier.com/data/voc/oa/OpenAccessStatus#Full</oa:openAccessStatus><oa:openAccessEffective xmlns:xsi="http://www.w3.org/2001/XMLSchema-instance">2022-01-25T10:58:08Z</oa:openAccessEffective><oa:sponsor xmlns:xsi="http://www.w3.org/2001/XMLSchema-instance"><oa:sponsorType>http://vtw.elsevier.com/data/voc/oa/SponsorType#Author</oa:sponsorType></oa:sponsor><oa:userLicense xmlns:xsi="http://www.w3.org/2001/XMLSchema-instance">http://creativecommons.org/licenses/by/4.0/</oa:userLicense></oa:openAccessInformation><cp:licenseLine xmlns:xsi="http://www.w3.org/2001/XMLSchema-instance">This is an open access article under the CC BY license.</cp:licenseLine></rdf:Description></rdf:RDF><dp:document-properties><dp:aggregation-type>Journals</dp:aggregation-type><dp:version-number>S100.1</dp:version-number></dp:document-properties><ja:article docsubtype="dat" version="5.6" xml:lang="en"><ja:item-info><ja:jid>DIB</ja:jid><ja:aid>107879</ja:aid><ce:article-number>107879</ce:article-number><ce:pii>S2352-3409(22)00091-9</ce:pii><ce:doi>10.1016/j.dib.2022.107879</ce:doi><ce:copyright type="unknown" year="2022"/></ja:item-info><ja:head><ce:dochead id="dchd0001"><ce:textfn id="dhtxt0001">Data Article</ce:textfn></ce:dochead><ce:title id="tte0002">A comprehensive dataset of board of directors attributes of Pakistan stock exchange listed non-financial firms</ce:title><ce:author-group id="aut0001"><ce:author id="au0001" author-id="S2352340922000919-866f753a0eb313221f645b97477f7b48" orcid="0000-0001-9180-8336"><ce:given-name>Sattar</ce:given-name><ce:surname>Khan</ce:surname><ce:cross-ref refid="aff0001"><ce:sup loc="post">a</ce:sup></ce:cross-ref><ce:cross-ref refid="cor0001"><ce:sup loc="post">&#x204e;</ce:sup></ce:cross-ref><ce:e-address id="ead0001" type="email" xlink:href="mailto:phd181811439@imsciences.edu.pk">phd181811439@imsciences.edu.pk</ce:e-address></ce:author><ce:author id="au0002" author-id="S2352340922000919-aa6a1f38c26e8adf80c840b01cc64d3b"><ce:given-name>Yasir</ce:given-name><ce:surname>Kamal</ce:surname><ce:cross-ref refid="aff0002"><ce:sup loc="post">b</ce:sup></ce:cross-ref><ce:e-address id="ead0002" type="email" xlink:href="mailto:yasir.kamal@imsciences.edu.pk">yasir.kamal@imsciences.edu.pk</ce:e-address></ce:author><ce:affiliation id="aff0001" affiliation-id="S2352340922000919-64b54d1663ce706f762f5f5687bf5105"><ce:label>a</ce:label><ce:textfn id="cetextfn0001">Scholar at Institute of Management Sciences Peshawar, Pakistan</ce:textfn><sa:affiliation><sa:organization>Scholar at Institute of Management Sciences Peshawar</sa:organization><sa:country>Pakistan</sa:country></sa:affiliation><ce:source-text id="staff0001">aScholar at Institute of Management Sciences Peshawar, Pakistan</ce:source-text></ce:affiliation><ce:affiliation id="aff0002" affiliation-id="S2352340922000919-4435fd78d57363c91bf09c3649169850"><ce:label>b</ce:label><ce:textfn id="cetextfn0002">Associate Professor, at Institute of Management Sciences Peshawar, Pakistan</ce:textfn><sa:affiliation><sa:organization>Associate Professor</sa:organization><sa:organization>at Institute of Management Sciences Peshawar</sa:organization><sa:country>Pakistan</sa:country></sa:affiliation><ce:source-text id="staff0002">bAssociate Professor, at Institute of Management Sciences Peshawar, Pakistan</ce:source-text></ce:affiliation><ce:correspondence id="cor0001"><ce:label>&#x204e;</ce:label><ce:text id="cetext0001">Corresponding Author. Postal Address: Scholar Room Institute of Management Sciences, 1-A, Sector E-5, Phase VII, Hayatabad, Peshawar, Khyber Pakhtunkhwa 25000, Pakistan.</ce:text><sa:affiliation><sa:organization>Scholar Room Institute of Management Sciences</sa:organization><sa:address-line>1-A Sector E-5 Phase VII Hayatabad</sa:address-line><sa:city>Peshawar</sa:city><sa:state>Khyber Pakhtunkhwa</sa:state><sa:postal-code>25000</sa:postal-code><sa:country>Pakistan</sa:country></sa:affiliation></ce:correspondence><ce:footnote id="fn1"><ce:label>1</ce:label><ce:note-para id="notep0001a" view="all"><ce:inter-ref id="interref0001" xlink:href="https://markets.brecorder.com/" xlink:type="simple">https://markets.brecorder.com/</ce:inter-ref>.</ce:note-para></ce:footnote><ce:footnote id="fn2"><ce:label>2</ce:label><ce:note-para id="notep0001b" view="all"><ce:inter-ref id="interref0002" xlink:href="https://dps.psx.com.pk/" xlink:type="simple">https://dps.psx.com.pk/</ce:inter-ref>.</ce:note-para></ce:footnote></ce:author-group><ce:date-received day="16" month="8" year="2021"/><ce:date-revised day="4" month="1" year="2022"/><ce:date-accepted day="24" month="1" year="2022"/><ce:abstract id="abs0001" view="all" class="author"><ce:section-title id="cesectitle0001">Abstract</ce:section-title><ce:abstract-sec id="abss0001" view="all"><ce:simple-para id="spara005" view="all">The data set of this article is related to the paper &#x201c;Do Board of Directors&#x2019; Characteristics Matter in Restraining Earnings Manipulation? Empirical Evidence from Pakistan Stock Exchange&#x201d; Khan and Kamal, (2021) [1]. This data article presents the raw data of 315 non-financial listed firms of the Pakistan Stock Exchange (hereafter, PSX). The data relating to the Board of Directors has been manually extracted from 1890 annual reports of the concerned companies and the financial data were extracted from SBP sources, business-recorder<ce:cross-ref refid="fn1"><ce:sup loc="post">1</ce:sup></ce:cross-ref> and PSX Data portal<ce:cross-ref refid="fn2"><ce:sup loc="post">2</ce:sup></ce:cross-ref>. The dataset is an unbalanced panel data consisting of 1882 firms&#x2019; year's observations from 2014 to 2019 based on 315 non-financial listed firms consists of 20 variables. This paper's dataset is valid and useful for researchers/scholars in many ways such as linking the board of directors to corporate governance, internal governance vs external governance, audit quality, financial reporting quality, firm performance, industry performance, corporate social responsibility and government regulation.</ce:simple-para></ce:abstract-sec></ce:abstract><ce:keywords id="keys0001" view="all" class="keyword"><ce:section-title id="cesectitle0002">Keywords</ce:section-title><ce:keyword id="key0001"><ce:text id="cetext0002">Board of directors</ce:text></ce:keyword><ce:keyword id="key0002"><ce:text id="cetext0003">Audit committee</ce:text></ce:keyword><ce:keyword id="key0003"><ce:text id="cetext0004">Corporate governance</ce:text></ce:keyword><ce:keyword id="key0004"><ce:text id="cetext0005">Panel data</ce:text></ce:keyword><ce:keyword id="key0005"><ce:text id="cetext0006">Non-financial firms</ce:text></ce:keyword><ce:keyword id="key0006"><ce:text id="cetext0007">Pakistan stock exchange</ce:text></ce:keyword></ce:keywords></ja:head></ja:article></doc:document>
