<doc:document xmlns:doc="http://www.elsevier.com/xml/document/schema" xmlns:dp="http://www.elsevier.com/xml/common/doc-properties/schema" xmlns:cps="http://www.elsevier.com/xml/common/consyn-properties/schema" xmlns:rdf="http://www.w3.org/1999/02/22-rdf-syntax-ns#" xmlns:dct="http://purl.org/dc/terms/" xmlns:prism="http://prismstandard.org/namespaces/basic/2.0/" xmlns:oa="http://vtw.elsevier.com/data/ns/properties/OpenAccess-1/" xmlns:bam="http://vtw.elsevier.com/data/voc/ns/bam-vtw-1/" xmlns:cp="http://vtw.elsevier.com/data/ns/properties/Copyright-1/" xmlns:cja="http://www.elsevier.com/xml/cja/schema" xmlns:ja="http://www.elsevier.com/xml/ja/schema" xmlns:bk="http://www.elsevier.com/xml/bk/schema" xmlns:ce="http://www.elsevier.com/xml/common/schema" xmlns:mml="http://www.w3.org/1998/Math/MathML" xmlns:cals="http://www.elsevier.com/xml/common/cals/schema" xmlns:tb="http://www.elsevier.com/xml/common/table/schema" xmlns:sa="http://www.elsevier.com/xml/common/struct-aff/schema" xmlns:sb="http://www.elsevier.com/xml/common/struct-bib/schema" xmlns:xlink="http://www.w3.org/1999/xlink"><rdf:RDF><rdf:Description rdf:about="http://dx.doi.org/10.1016/j.dib.2022.107868"><dct:format>application/xml</dct:format><dct:title>Data validating the use of rubidium as a non-radioactive tracer for the localised proliferation of wheat roots in acidic or limed subsoil</dct:title><dct:creator>Paul M. Damon</dct:creator><dct:creator>Gaus Azam</dct:creator><dct:creator>Chris Gazey</dct:creator><dct:creator>Craig A. Scanlan</dct:creator><dct:creator>Zed Rengel</dct:creator><dct:subject><rdf:Bag><rdf:li>Root distribution</rdf:li><rdf:li>Heterogeneous soil</rdf:li><rdf:li>Aluminium toxicity</rdf:li><rdf:li>Liming</rdf:li><rdf:li>K/Rb ratio</rdf:li><rdf:li>Root activity</rdf:li></rdf:Bag></dct:subject><dct:description>Data in Brief 41 (2022). doi:10.1016/j.dib.2022.107868</dct:description><prism:aggregationType>journal</prism:aggregationType><prism:publicationName>Data in Brief</prism:publicationName><prism:copyright>Crown Copyright &#169; 2022 Published by Elsevier Inc.</prism:copyright><dct:publisher>Elsevier Inc.</dct:publisher><prism:issn>2352-3409</prism:issn><prism:volume>41</prism:volume><prism:coverDisplayDate>April 2022</prism:coverDisplayDate><prism:doi>10.1016/j.dib.2022.107868</prism:doi><prism:url>http://dx.doi.org/10.1016/j.dib.2022.107868</prism:url><dct:identifier>doi:10.1016/j.dib.2022.107868</dct:identifier><bam:articleNumber>107868</bam:articleNumber><oa:openAccessInformation><oa:openAccessStatus xmlns:xsi="http://www.w3.org/2001/XMLSchema-instance">http://vtw.elsevier.com/data/voc/oa/OpenAccessStatus#Full</oa:openAccessStatus><oa:openAccessEffective xmlns:xsi="http://www.w3.org/2001/XMLSchema-instance">2022-01-21T08:52:12Z</oa:openAccessEffective><oa:sponsor xmlns:xsi="http://www.w3.org/2001/XMLSchema-instance"><oa:sponsorName>Australian and New Zealand Institutes</oa:sponsorName><oa:sponsorType>http://vtw.elsevier.com/data/voc/oa/SponsorType#Author</oa:sponsorType></oa:sponsor><oa:userLicense xmlns:xsi="http://www.w3.org/2001/XMLSchema-instance">http://creativecommons.org/licenses/by-nc-nd/4.0/</oa:userLicense></oa:openAccessInformation><cp:licenseLine xmlns:xsi="http://www.w3.org/2001/XMLSchema-instance">This is an open access article under the CC BY-NC-ND license.</cp:licenseLine></rdf:Description></rdf:RDF><dp:document-properties><dp:aggregation-type>Journals</dp:aggregation-type><dp:version-number>S250.1</dp:version-number></dp:document-properties><ja:article docsubtype="dat" version="5.6" xml:lang="en"><ja:item-info><ja:jid>DIB</ja:jid><ja:aid>107868</ja:aid><ce:article-number>107868</ce:article-number><ce:pii>S2352-3409(22)00080-4</ce:pii><ce:doi>10.1016/j.dib.2022.107868</ce:doi><ce:document-thread><ce:refers-to-document id="ref0001"><ce:pii>S0167-1987(21)00342-1</ce:pii><ce:doi>10.1016/j.still.2021.105269</ce:doi></ce:refers-to-document></ce:document-thread><ce:copyright type="unknown" year="2022"/></ja:item-info><ja:head><ce:dochead id="dchd0001"><ce:textfn id="dhtxt0001">Data Article</ce:textfn></ce:dochead><ce:title id="tte0002">Data validating the use of rubidium as a non-radioactive tracer for the localised proliferation of wheat roots in acidic or limed subsoil</ce:title><ce:author-group id="aut0001"><ce:author id="au0001" author-id="S2352340922000804-417240596c1594c706c55474d4ba291c" orcid="0000-0001-5620-1571"><ce:given-name>Paul M.</ce:given-name><ce:surname>Damon</ce:surname><ce:cross-ref refid="aff0001"><ce:sup loc="post">a</ce:sup></ce:cross-ref><ce:cross-ref refid="aff0003"><ce:sup loc="post">c</ce:sup></ce:cross-ref><ce:cross-ref refid="cor0001"><ce:sup loc="post">&#x204e;</ce:sup></ce:cross-ref><ce:e-address id="ead0001" type="email" xlink:href="mailto:paul.damon@uwa.edu.au">paul.damon@uwa.edu.au</ce:e-address></ce:author><ce:author id="au0002" author-id="S2352340922000804-5634e500c53931979522e523ed74595c"><ce:given-name>Gaus</ce:given-name><ce:surname>Azam</ce:surname><ce:cross-ref refid="aff0002"><ce:sup loc="post">b</ce:sup></ce:cross-ref><ce:cross-ref refid="aff0003"><ce:sup loc="post">c</ce:sup></ce:cross-ref></ce:author><ce:author id="au0003" author-id="S2352340922000804-950c0c9571c52985ecd0bb02878cc82e"><ce:given-name>Chris</ce:given-name><ce:surname>Gazey</ce:surname><ce:cross-ref refid="aff0002"><ce:sup loc="post">b</ce:sup></ce:cross-ref><ce:cross-ref refid="aff0003"><ce:sup loc="post">c</ce:sup></ce:cross-ref></ce:author><ce:author id="au0004" author-id="S2352340922000804-06091ab1a7315339bfc1c9d29a15518a"><ce:given-name>Craig A.</ce:given-name><ce:surname>Scanlan</ce:surname><ce:cross-ref refid="aff0001"><ce:sup loc="post">a</ce:sup></ce:cross-ref><ce:cross-ref refid="aff0002"><ce:sup loc="post">b</ce:sup></ce:cross-ref><ce:cross-ref refid="aff0003"><ce:sup loc="post">c</ce:sup></ce:cross-ref></ce:author><ce:author id="au0005" author-id="S2352340922000804-ad41cb6c101c41a150848961815f38e1"><ce:given-name>Zed</ce:given-name><ce:surname>Rengel</ce:surname><ce:cross-ref refid="aff0001"><ce:sup loc="post">a</ce:sup></ce:cross-ref><ce:cross-ref refid="aff0003"><ce:sup loc="post">c</ce:sup></ce:cross-ref></ce:author><ce:affiliation id="aff0001" affiliation-id="S2352340922000804-678032d621a4c34062385e33148fbff9"><ce:label>a</ce:label><ce:textfn id="cetextfn0001">The University of Western Australia, Crawley, 6009, Western Australia</ce:textfn><sa:affiliation><sa:organization>The University of Western Australia</sa:organization><sa:city>Crawley</sa:city><sa:postal-code>6009</sa:postal-code><sa:country>Western Australia</sa:country></sa:affiliation><ce:source-text id="staff0001">aThe University of Western Australia, Crawley, 6009, Western Australia</ce:source-text></ce:affiliation><ce:affiliation id="aff0002" affiliation-id="S2352340922000804-0b0d04ca81a203c99e6c9e1e0b768b07"><ce:label>b</ce:label><ce:textfn id="cetextfn0002">Department Primary Industries and Regional Development, Northam, 6401, Western Australia</ce:textfn><sa:affiliation><sa:organization>Department Primary Industries and Regional Development</sa:organization><sa:city>Northam</sa:city><sa:state>Western</sa:state><sa:postal-code>6401</sa:postal-code><sa:country>Australia</sa:country></sa:affiliation><ce:source-text id="staff0002">bDepartment Primary Industries and Regional Development, Northam, 6401, Western Australia</ce:source-text></ce:affiliation><ce:affiliation id="aff0003" affiliation-id="S2352340922000804-1eac6acfa65492d8eac166c294fcbd59"><ce:label>c</ce:label><ce:textfn id="cetextfn0003">Soils West, The University of Western Australia, Crawley, 6009, Western Australia</ce:textfn><sa:affiliation><sa:organization>Soils West</sa:organization><sa:organization>The University of Western Australia</sa:organization><sa:city>Crawley</sa:city><sa:state>Western</sa:state><sa:postal-code>6009</sa:postal-code><sa:country>Australia</sa:country></sa:affiliation><ce:source-text id="staff0003">cSoils West, The University of Western Australia, Crawley, 6009, Western Australia</ce:source-text></ce:affiliation><ce:correspondence id="cor0001"><ce:label>&#x204e;</ce:label><ce:text id="cetext0001">Corresponding author:</ce:text></ce:correspondence></ce:author-group><ce:date-received day="7" month="12" year="2021"/><ce:date-revised day="19" month="1" year="2022"/><ce:date-accepted day="20" month="1" year="2022"/><ce:abstract id="abs0001" view="all" class="author"><ce:section-title id="cesectitle0001">Abstract</ce:section-title><ce:abstract-sec id="abss0001" view="all"><ce:simple-para id="spara007" view="all">Existing technologies for lime (CaCO<ce:inf loc="post">3</ce:inf>) incorporation into acidic field soils result in the heterogeneous distribution of limed and acidic soil sections. In a study characterising the response of wheat (<ce:italic>Triticum aestivum</ce:italic> L.) to the amendment of an acidic soil profile with vertically limed slots [1], elucidation of the dynamics of root proliferation within the acidic and limed soil sections was a prerequisite to understanding the mechanisms driving the above-ground responses. Rubidium (Rb) has been used widely as a non-radioactive tracer for root activity [2] in soil. However, the contrasting pH in a heterogeneously limed soil profile and related aluminium toxicity effects to roots can influence the availability and uptake of Rb, and quantitative data relating Rb uptake to root phenology in this scenario are lacking. To validate the use of Rb as a tracer for root activity within vertically limed slots in an acidic soil profile, its uptake by wheat roots from acidic or limed sections of subsoil, and its relation to root architecture was assessed.</ce:simple-para><ce:simple-para id="spara008" view="all">Wheat plants were grown in a glasshouse in 29 cm deep, vertically split soil columns with acidic (pH 3.9), Al-toxic subsoil on one side and the same soil amended with lime on the other side. Rubidium chloride was applied at 5, 10 or 20 mg Rb kg<ce:sup loc="post">&#x2212;1</ce:sup> to either limed or acidic soil sections. Wheat plants were grown for 28 days, after which the Rb content in shoots and the root length and diameter in each of the discrete soil sections was measured.</ce:simple-para><ce:simple-para id="spara009" view="all">Foremost, the Rb amendments (5, 10 or 20 mg Rb kg<ce:sup loc="post">&#x2212;1</ce:sup> soil) did not induce any toxic effects; shoot dry weight and root length in the limed and acidic sections of the subsoil were not statistically different among the rubidium-amended and non-amended treatments, regardless of its placement (limed vs. acidic sections). Average root lengths in the limed sections of the subsoil (69.5 m section<ce:sup loc="post">&#x2212;1</ce:sup>) were approximately 10-fold greater than in the acidic sections (6.3 m section<ce:sup loc="post">&#x2212;1</ce:sup>). Likewise, the concentration of Rb in shoots was, on average, 7-fold greater where Rb was applied to the limed (vs. acidic) subsoil section and was positively influenced by the rate of Rb amendment in the limed (<ce:italic>p</ce:italic>&#160;&#x2264;&#160;0.05), but not the acidic section of the subsoil. Rubidium uptake into shoots was significantly correlated (<ce:italic>p</ce:italic>&#160;&#x2264;&#160;0.05) with the length of roots within the Rb-amended subsoil section. The uptake of Rb from acidic or limed subsoil sections was determined by the root length in the Rb-amended subsoil section, regardless of the rate of Rb amendment. The uptake of Rb per unit of root length from acidic or limed sections of subsoil was not significantly different.</ce:simple-para><ce:simple-para id="spara010" view="all">The data validate the use of Rb as a tracer for the dynamics of root length proliferation in limed subsoil sections in a heterogeneously limed acidic soil profile.</ce:simple-para></ce:abstract-sec></ce:abstract><ce:keywords id="keys0001" view="all" class="keyword"><ce:section-title id="cesectitle0002">Keywords</ce:section-title><ce:keyword id="key0001"><ce:text id="cetext0002">Root distribution</ce:text></ce:keyword><ce:keyword id="key0002"><ce:text id="cetext0003">Heterogeneous soil</ce:text></ce:keyword><ce:keyword id="key0003"><ce:text id="cetext0004">Aluminium toxicity</ce:text></ce:keyword><ce:keyword id="key0004"><ce:text id="cetext0005">Liming</ce:text></ce:keyword><ce:keyword id="key0005"><ce:text id="cetext0006">K/Rb ratio</ce:text></ce:keyword><ce:keyword id="key0006"><ce:text id="cetext0007">Root activity</ce:text></ce:keyword></ce:keywords></ja:head></ja:article></doc:document>
