<doc:document xmlns:doc="http://www.elsevier.com/xml/document/schema" xmlns:dp="http://www.elsevier.com/xml/common/doc-properties/schema" xmlns:cps="http://www.elsevier.com/xml/common/consyn-properties/schema" xmlns:rdf="http://www.w3.org/1999/02/22-rdf-syntax-ns#" xmlns:dct="http://purl.org/dc/terms/" xmlns:prism="http://prismstandard.org/namespaces/basic/2.0/" xmlns:oa="http://vtw.elsevier.com/data/ns/properties/OpenAccess-1/" xmlns:bam="http://vtw.elsevier.com/data/voc/ns/bam-vtw-1/" xmlns:cp="http://vtw.elsevier.com/data/ns/properties/Copyright-1/" xmlns:cja="http://www.elsevier.com/xml/cja/schema" xmlns:ja="http://www.elsevier.com/xml/ja/schema" xmlns:bk="http://www.elsevier.com/xml/bk/schema" xmlns:ce="http://www.elsevier.com/xml/common/schema" xmlns:mml="http://www.w3.org/1998/Math/MathML" xmlns:cals="http://www.elsevier.com/xml/common/cals/schema" xmlns:tb="http://www.elsevier.com/xml/common/table/schema" xmlns:sa="http://www.elsevier.com/xml/common/struct-aff/schema" xmlns:sb="http://www.elsevier.com/xml/common/struct-bib/schema" xmlns:xlink="http://www.w3.org/1999/xlink"><rdf:RDF><rdf:Description rdf:about="http://dx.doi.org/10.1016/j.dib.2021.107682"><dct:format>application/xml</dct:format><dct:title>Data on physicochemical properties of natural clay and natural clay/multiwalled carbon nanotubes composite materials for various applications possibilities</dct:title><dct:creator>Mukuna P. Mubiayi</dct:creator><dct:creator>Adolph A. Muleja</dct:creator><dct:creator>Bhekie B. Mamba</dct:creator><dct:subject><rdf:Bag><rdf:li>Composites</rdf:li><rdf:li>Natural clay</rdf:li><rdf:li>Multiwalled carbon nanotubes (MWCNTs)</rdf:li><rdf:li>XRF</rdf:li><rdf:li>FTIR</rdf:li><rdf:li>TGA</rdf:li><rdf:li>UV-vis</rdf:li></rdf:Bag></dct:subject><dct:description>Data in Brief 39 (2021). doi:10.1016/j.dib.2021.107682</dct:description><prism:aggregationType>journal</prism:aggregationType><prism:publicationName>Data in Brief</prism:publicationName><prism:copyright>&#169; 2021 The Authors. Published by Elsevier Inc.</prism:copyright><dct:publisher>Elsevier Inc.</dct:publisher><prism:issn>2352-3409</prism:issn><prism:volume>39</prism:volume><prism:coverDisplayDate>December 2021</prism:coverDisplayDate><prism:doi>10.1016/j.dib.2021.107682</prism:doi><prism:url>http://dx.doi.org/10.1016/j.dib.2021.107682</prism:url><dct:identifier>doi:10.1016/j.dib.2021.107682</dct:identifier><bam:articleNumber>107682</bam:articleNumber><oa:openAccessInformation><oa:openAccessStatus xmlns:xsi="http://www.w3.org/2001/XMLSchema-instance">http://vtw.elsevier.com/data/voc/oa/OpenAccessStatus#Full</oa:openAccessStatus><oa:openAccessEffective xmlns:xsi="http://www.w3.org/2001/XMLSchema-instance">2021-12-03T19:19:32Z</oa:openAccessEffective><oa:sponsor xmlns:xsi="http://www.w3.org/2001/XMLSchema-instance"><oa:sponsorType>http://vtw.elsevier.com/data/voc/oa/SponsorType#Author</oa:sponsorType></oa:sponsor><oa:userLicense xmlns:xsi="http://www.w3.org/2001/XMLSchema-instance">http://creativecommons.org/licenses/by/4.0/</oa:userLicense></oa:openAccessInformation><cp:licenseLine xmlns:xsi="http://www.w3.org/2001/XMLSchema-instance">This is an open access article under the CC BY license.</cp:licenseLine></rdf:Description></rdf:RDF><dp:document-properties><dp:aggregation-type>Journals</dp:aggregation-type><dp:version-number>S300.1</dp:version-number></dp:document-properties><ja:article docsubtype="dat" version="5.6" xml:lang="en"><ja:item-info><ja:jid>DIB</ja:jid><ja:aid>107682</ja:aid><ce:article-number>107682</ce:article-number><ce:pii>S2352-3409(21)00957-4</ce:pii><ce:doi>10.1016/j.dib.2021.107682</ce:doi><ce:copyright type="unknown" year="2021"/></ja:item-info><ja:head><ce:dochead id="dchd0001"><ce:textfn id="dhtxt0001">Data Article</ce:textfn></ce:dochead><ce:title id="tte0002">Data on physicochemical properties of natural clay and natural clay/multiwalled carbon nanotubes composite materials for various applications possibilities</ce:title><ce:author-group id="aut0001"><ce:author id="au0001" author-id="S2352340921009574-8aa6b1a5d349990734969a4d3af8b24e" orcid="0000-0001-9839-245X"><ce:given-name>Mukuna P.</ce:given-name><ce:surname>Mubiayi</ce:surname><ce:contributor-role role="http://credit.niso.org/contributor-roles/investigation">Investigation</ce:contributor-role><ce:contributor-role role="http://credit.niso.org/contributor-roles/visualization">Visualization</ce:contributor-role><ce:contributor-role role="http://credit.niso.org/contributor-roles/writing-review-editing">Writing &#x2013; review &amp; editing</ce:contributor-role><ce:cross-ref refid="aff0001"><ce:sup loc="post">a</ce:sup></ce:cross-ref><ce:cross-ref refid="cor0001"><ce:sup loc="post">&#x204e;</ce:sup></ce:cross-ref><ce:e-address id="ead0001" type="email" xlink:href="mailto:emubiamp@unisa.ac.za">emubiamp@unisa.ac.za</ce:e-address><ce:e-address id="ea4" type="social-media" xlink:href="https://twitter.com/patrickmukuna">@patrickmukuna</ce:e-address></ce:author><ce:author id="au0002" author-id="S2352340921009574-b389307f600a44471f5900149c734516" orcid="0000-0003-2031-0455"><ce:given-name>Adolph A.</ce:given-name><ce:surname>Muleja</ce:surname><ce:contributor-role role="http://credit.niso.org/contributor-roles/investigation">Investigation</ce:contributor-role><ce:contributor-role role="http://credit.niso.org/contributor-roles/writing-review-editing">Writing &#x2013; review &amp; editing</ce:contributor-role><ce:cross-ref refid="aff0002"><ce:sup loc="post">b</ce:sup></ce:cross-ref></ce:author><ce:author id="au0003" author-id="S2352340921009574-4f6acd6501af9de4a1547bc1f5d8853d"><ce:given-name>Bhekie B.</ce:given-name><ce:surname>Mamba</ce:surname><ce:contributor-role role="http://credit.niso.org/contributor-roles/validation">Validation</ce:contributor-role><ce:cross-ref refid="aff0002"><ce:sup loc="post">b</ce:sup></ce:cross-ref></ce:author><ce:affiliation id="aff0001" affiliation-id="S2352340921009574-a0f378310f0237fe71f03c2af162e8ef"><ce:label>a</ce:label><ce:textfn id="cetextfn0001">Mechanical Engineering Department, College of Science, Engineering and Technology, University of South Africa, Florida Campus, Johannesburg 1710, South Africa</ce:textfn><sa:affiliation><sa:organization>Mechanical Engineering Department</sa:organization><sa:organization>College of Science</sa:organization><sa:organization>Engineering and Technology</sa:organization><sa:organization>University of South Africa</sa:organization><sa:organization>Florida Campus</sa:organization><sa:city>Johannesburg</sa:city><sa:postal-code>1710</sa:postal-code><sa:country>South Africa</sa:country></sa:affiliation><ce:source-text id="staff0001">aMechanical Engineering Department, College of Science, Engineering and Technology, University of South Africa, Florida Campus, Johannesburg 1710, South Africa</ce:source-text></ce:affiliation><ce:affiliation id="aff0002" affiliation-id="S2352340921009574-67961ee6b9b1bb0da09bf01f75ba5672"><ce:label>b</ce:label><ce:textfn id="cetextfn0002">Institute for Nanotechnology and Water Sustainability (iNanoWS), College of Science, Engineering and Technology, University of South Africa, Florida Campus, Johannesburg 1710, South Africa</ce:textfn><sa:affiliation><sa:organization>Institute for Nanotechnology and Water Sustainability (iNanoWS)</sa:organization><sa:organization>College of Science</sa:organization><sa:organization>Engineering and Technology</sa:organization><sa:organization>University of South Africa</sa:organization><sa:organization>Florida Campus</sa:organization><sa:city>Johannesburg</sa:city><sa:postal-code>1710</sa:postal-code><sa:country>South Africa</sa:country></sa:affiliation><ce:source-text id="staff0002">bInstitute for Nanotechnology and Water Sustainability (iNanoWS), College of Science, Engineering and Technology, University of South Africa, Florida Campus, Johannesburg 1710, South Africa</ce:source-text></ce:affiliation><ce:correspondence id="cor0001"><ce:label>&#x204e;</ce:label><ce:text id="cetext0001">Corresponding author.</ce:text></ce:correspondence></ce:author-group><ce:date-received day="27" month="9" year="2021"/><ce:date-revised day="31" month="10" year="2021"/><ce:date-accepted day="2" month="12" year="2021"/><ce:abstract id="abs0001" view="all" class="author"><ce:section-title id="cesectitle0001">Abstract</ce:section-title><ce:abstract-sec id="abss0001" view="all"><ce:simple-para id="spara009" view="all">Natural materials can provide cost-effective way in the development of various products for specific applications. On the hand, physicochemical properties of composite materials can be enhanced to perform a specific process of interest such as wastewater treatment. Clay materials have been used for many applications including brick making and wastewater treatment. To enhance the properties of natural materials such as clay, multiwalled carbon nanotubes (MWCNTs) were used to enhance the properties of natural clays. Natural clays and MWCNTs composites were characterized to provide insights as a starting point for various applications. There are two sets of data presented in this study: i) raw material, unheated and heated (at 900&#160;&#176;C); ii) natural clay, MWCNTs and natural clay/MWCNTs composites. The chemical composition and phase identification analyzes were carried out using X-ray Fluorescence (XRF) and X-Ray Diffraction (XRD), respectively. A Fourier-transform infrared (FTIR) spectrometer was used to determine the functional groups of the samples. The UV-vis analyzes were carried out to investigate the reflectance percentage of the natural clays and the composites samples. The Thermogravimetric analysis (TGA) analyzes were performed to investigate the weight loss and dehydration process of the samples. The presented data showed that natural clays and natural clays/MWCNTs composites can be used for various applications such as construction industry, for cosmetic usages and for the removal of pollutants in aqueous solutions.</ce:simple-para></ce:abstract-sec></ce:abstract><ce:keywords id="keys0001" class="keyword" view="all"><ce:section-title id="cesectitle0002">Keywords</ce:section-title><ce:keyword id="key0001"><ce:text id="cetext0002">Composites</ce:text></ce:keyword><ce:keyword id="key0002"><ce:text id="cetext0003">Natural clay</ce:text></ce:keyword><ce:keyword id="key0003"><ce:text id="cetext0004">Multiwalled carbon nanotubes (MWCNTs)</ce:text></ce:keyword><ce:keyword id="key0004"><ce:text id="cetext0005">XRF</ce:text></ce:keyword><ce:keyword id="key0006"><ce:text id="cetext0007">FTIR</ce:text></ce:keyword><ce:keyword id="key0007"><ce:text id="cetext0008">TGA</ce:text></ce:keyword><ce:keyword id="key0008"><ce:text id="cetext0009">UV-vis</ce:text></ce:keyword></ce:keywords></ja:head></ja:article></doc:document>
