<doc:document xmlns:doc="http://www.elsevier.com/xml/document/schema" xmlns:dp="http://www.elsevier.com/xml/common/doc-properties/schema" xmlns:cps="http://www.elsevier.com/xml/common/consyn-properties/schema" xmlns:rdf="http://www.w3.org/1999/02/22-rdf-syntax-ns#" xmlns:dct="http://purl.org/dc/terms/" xmlns:prism="http://prismstandard.org/namespaces/basic/2.0/" xmlns:oa="http://vtw.elsevier.com/data/ns/properties/OpenAccess-1/" xmlns:bam="http://vtw.elsevier.com/data/voc/ns/bam-vtw-1/" xmlns:cp="http://vtw.elsevier.com/data/ns/properties/Copyright-1/" xmlns:cja="http://www.elsevier.com/xml/cja/schema" xmlns:ja="http://www.elsevier.com/xml/ja/schema" xmlns:bk="http://www.elsevier.com/xml/bk/schema" xmlns:ce="http://www.elsevier.com/xml/common/schema" xmlns:mml="http://www.w3.org/1998/Math/MathML" xmlns:cals="http://www.elsevier.com/xml/common/cals/schema" xmlns:tb="http://www.elsevier.com/xml/common/table/schema" xmlns:sa="http://www.elsevier.com/xml/common/struct-aff/schema" xmlns:sb="http://www.elsevier.com/xml/common/struct-bib/schema" xmlns:xlink="http://www.w3.org/1999/xlink"><rdf:RDF><rdf:Description rdf:about="http://dx.doi.org/10.1016/j.dib.2022.107853"><dct:format>application/xml</dct:format><dct:title>Numerical simulation data and FORTRAN code to compare the stress response of two transversely isotropic hyperelastic models in ABAQUS</dct:title><dct:creator>Carlos Castillo-M&#233;ndez</dct:creator><dct:creator>Armando Ortiz</dct:creator><dct:subject><rdf:Bag><rdf:li>Finite element</rdf:li><rdf:li>UMAT subroutine</rdf:li><rdf:li>Hyperelasticity</rdf:li><rdf:li>Anisotropic invariants</rdf:li></rdf:Bag></dct:subject><dct:description>Data in Brief 41 (2022). doi:10.1016/j.dib.2022.107853</dct:description><prism:aggregationType>journal</prism:aggregationType><prism:publicationName>Data in Brief</prism:publicationName><prism:copyright>&#169; 2022 The Authors. Published by Elsevier Inc.</prism:copyright><dct:publisher>Elsevier Inc.</dct:publisher><prism:issn>2352-3409</prism:issn><prism:volume>41</prism:volume><prism:coverDisplayDate>April 2022</prism:coverDisplayDate><prism:doi>10.1016/j.dib.2022.107853</prism:doi><prism:url>http://dx.doi.org/10.1016/j.dib.2022.107853</prism:url><dct:identifier>doi:10.1016/j.dib.2022.107853</dct:identifier><bam:articleNumber>107853</bam:articleNumber><oa:openAccessInformation><oa:openAccessStatus xmlns:xsi="http://www.w3.org/2001/XMLSchema-instance">http://vtw.elsevier.com/data/voc/oa/OpenAccessStatus#Full</oa:openAccessStatus><oa:openAccessEffective xmlns:xsi="http://www.w3.org/2001/XMLSchema-instance">2022-01-18T14:57:07Z</oa:openAccessEffective><oa:sponsor xmlns:xsi="http://www.w3.org/2001/XMLSchema-instance"><oa:sponsorName>Mexico: LE Tracking</oa:sponsorName><oa:sponsorType>http://vtw.elsevier.com/data/voc/oa/SponsorType#FundingBody</oa:sponsorType></oa:sponsor><oa:userLicense xmlns:xsi="http://www.w3.org/2001/XMLSchema-instance">http://creativecommons.org/licenses/by-nc-nd/4.0/</oa:userLicense></oa:openAccessInformation><cp:licenseLine xmlns:xsi="http://www.w3.org/2001/XMLSchema-instance">This is an open access article under the CC BY-NC-ND license.</cp:licenseLine></rdf:Description></rdf:RDF><dp:document-properties><dp:aggregation-type>Journals</dp:aggregation-type><dp:version-number>S250.1</dp:version-number></dp:document-properties><ja:article docsubtype="dat" version="5.6" xml:lang="en"><ja:item-info><ja:jid>DIB</ja:jid><ja:aid>107853</ja:aid><ce:article-number>107853</ce:article-number><ce:pii>S2352-3409(22)00065-8</ce:pii><ce:doi>10.1016/j.dib.2022.107853</ce:doi><ce:document-thread><ce:refers-to-document id="ref0001"><ce:pii>S0020-7462(21)00167-0</ce:pii><ce:doi>10.1016/j.ijnonlinmec.2021.103833</ce:doi></ce:refers-to-document></ce:document-thread><ce:copyright type="other" year="2022">The Authors</ce:copyright></ja:item-info><ja:head><ce:dochead id="dchd0001"><ce:textfn id="dhtxt0001">Data Article</ce:textfn></ce:dochead><ce:title id="tte0002">Numerical simulation data and FORTRAN code to compare the stress response of two transversely isotropic hyperelastic models in ABAQUS</ce:title><ce:author-group id="aut0001"><ce:author id="au0001" author-id="S2352340922000658-8e28dffe5c00ba5fc6102bfae35d0e64" orcid="0000-0002-7192-3983"><ce:given-name>Carlos</ce:given-name><ce:surname>Castillo-M&#233;ndez</ce:surname><ce:contributor-role role="http://credit.niso.org/contributor-roles/conceptualization">Conceptualization</ce:contributor-role><ce:contributor-role role="http://credit.niso.org/contributor-roles/methodology">Methodology</ce:contributor-role><ce:contributor-role role="http://credit.niso.org/contributor-roles/software">Software</ce:contributor-role><ce:contributor-role role="http://credit.niso.org/contributor-roles/validation">Validation</ce:contributor-role><ce:contributor-role role="http://credit.niso.org/contributor-roles/formal-analysis">Formal analysis</ce:contributor-role><ce:contributor-role role="http://credit.niso.org/contributor-roles/writing-original-draft">Writing &#x2013; original draft</ce:contributor-role><ce:cross-ref refid="cor0001"><ce:sup loc="post">&#x204e;</ce:sup></ce:cross-ref><ce:e-address id="ead0001" type="email" xlink:href="mailto:jcastillo7@comunidad.unam.mx">jcastillo7@comunidad.unam.mx</ce:e-address></ce:author><ce:author id="au0002" author-id="S2352340922000658-05741165d33da58dd18f9ef1a4f10514"><ce:given-name>Armando</ce:given-name><ce:surname>Ortiz</ce:surname><ce:contributor-role role="http://credit.niso.org/contributor-roles/resources">Resources</ce:contributor-role><ce:contributor-role role="http://credit.niso.org/contributor-roles/supervision">Supervision</ce:contributor-role><ce:contributor-role role="http://credit.niso.org/contributor-roles/writing-review-editing">Writing &#x2013; review &amp; editing</ce:contributor-role><ce:contributor-role role="http://credit.niso.org/contributor-roles/project-administration">Project administration</ce:contributor-role><ce:e-address id="ead0002" type="email" xlink:href="mailto:armandoo@unam.mx">armandoo@unam.mx</ce:e-address></ce:author><ce:affiliation id="aff0001" affiliation-id="S2352340922000658-fca8fd6a8771468b80a1091a11322b86"><ce:textfn id="cetextfn0001">Departamento de Dise&#241;o y Manufactura, Facultad de Ingenier&#237;a Edif. O, Universidad Nacional Aut&#243;noma de M&#233;xico, Av. Universidad 3000, Delegaci&#243;n Coyoac&#225;n, CP 04510, Ciudad de M&#233;xico, M&#233;xico</ce:textfn><sa:affiliation><sa:organization>Departamento de Dise&#241;o y Manufactura</sa:organization><sa:organization>Facultad de Ingenier&#237;a Edif. O, Universidad Nacional Aut&#243;noma de M&#233;xico</sa:organization><sa:address-line>Av. Universidad 3000, Delegaci&#243;n Coyoac&#225;n</sa:address-line><sa:city>Ciudad de M&#233;xico</sa:city><sa:postal-code>CP 04510</sa:postal-code><sa:country>M&#233;xico</sa:country></sa:affiliation><ce:source-text id="staff0001">Departamento de Dise&#241;o y Manufactura, Facultad de Ingenier&#237;a Edif. O, Universidad Nacional Aut&#243;noma de M&#233;xico, Av. Universidad 3000, Delegaci&#243;n Coyoac&#225;n, CP 04510, Ciudad de M&#233;xico, M&#233;xico</ce:source-text></ce:affiliation><ce:correspondence id="cor0001"><ce:label>&#x204e;</ce:label><ce:text id="cetext0001">Corresponding author.</ce:text></ce:correspondence></ce:author-group><ce:date-received day="17" month="11" year="2021"/><ce:date-revised day="19" month="12" year="2021"/><ce:date-accepted day="17" month="1" year="2022"/><ce:abstract id="abs0001" view="all" class="author"><ce:section-title id="cesectitle0001">Abstract</ce:section-title><ce:abstract-sec id="abss0001" view="all"><ce:simple-para id="spara009" view="all">We present the numerical simulation data obtained by implementing a user material subroutine (UMAT) in the finite element commercial package ABAQUS. The simulation data correspond to the stress response of two transversely isotropic hyperelastic models on homogeneous and non-homogeneous deformations. First model is proposed in the co-submitted article [1] and depends on both anisotropic invariants (<mml:math altimg="si14.svg"><mml:msub><mml:mover accent="true"><mml:mi>I</mml:mi><mml:mo>&#175;</mml:mo></mml:mover><mml:mn>4</mml:mn></mml:msub></mml:math> and <mml:math altimg="si15.svg"><mml:msub><mml:mover accent="true"><mml:mi>I</mml:mi><mml:mo>&#175;</mml:mo></mml:mover><mml:mn>5</mml:mn></mml:msub></mml:math>) to describe the fiber reinforcement. The second model is the Holzapfel-Gaser-Ogden (HGO) model described in [2], that only depends on the anisotropic invariant <mml:math altimg="si14.svg"><mml:msub><mml:mover accent="true"><mml:mi>I</mml:mi><mml:mo>&#175;</mml:mo></mml:mover><mml:mn>4</mml:mn></mml:msub></mml:math>. Since the first model is not found in the ABAQUS material library, we present a FORTRAN code for a UMAT subroutine. In addition, we introduce in detail the steps to implement the material models using the attached files in ABAQUS.</ce:simple-para></ce:abstract-sec></ce:abstract><ce:keywords id="keys0001" view="all" class="keyword"><ce:section-title id="cesectitle0002">Keywords</ce:section-title><ce:keyword id="key0001"><ce:text id="cetext0002">Finite element</ce:text></ce:keyword><ce:keyword id="key0002"><ce:text id="cetext0002a">UMAT subroutine</ce:text></ce:keyword><ce:keyword id="key0003"><ce:text id="cetext0002b">Hyperelasticity</ce:text></ce:keyword><ce:keyword id="key0004"><ce:text id="cetext0002c">Anisotropic invariants</ce:text></ce:keyword></ce:keywords></ja:head></ja:article></doc:document>
